pokedex_id,species_name,name,generation,type1,type2,type_count,abilities,hidden_abilities,hp,hp_ratio,attack,attack_ratio,defense,defense_ratio,sp_attack,sp_attack_ratio,sp_defense,sp_defense_ratio,speed,speed_ratio,base_stat_total,dominant_stat,offense,bulk,speed_tier,stat_variance,stat_variance_quantile,stat_specialization,bst_percentile_gen,bst_gen_class,bst_percentile_all,bst_all_class,weakness_count,resistance_count,immunity_count,typing_defense_score,typing_defense_class,battle_archetypes,combat_profile,height_m,weight_kg,mass_index,mass_index_class,is_genderless,female_ratio,pokemon_class,base_experience,moves_count,capture_rate,base_happiness,hatch_counter,egg_groups,growth_rate,shape,color,genus,flavor_text,evolution_line,evolution_chain_length,evolution_stage,is_final_evolution,against_normal,against_fire,against_water,against_electric,against_grass,against_ice,against_fighting,against_poison,against_ground,against_flying,against_psychic,against_bug,against_rock,against_ghost,against_dragon,against_dark,against_steel,against_fairy
810,grookey,grookey,8,grass,,1,overgrow,grassy-surge,50,0.16,65,0.21,50,0.16,40,0.13,40,0.13,65,0.21,310,attack,105,140,average,105.56,1,balanced,0.11,bottom_tier,0.11,bottom_tier,5,4,0,-3.0,uniform,fragile,uniform-fragile,0.3,5.0,55.56,heavy,0,0.125,normal,62.0,58,45,50,20,"ground, plant",medium-slow,upright,green,Chimp Pokémon,"When it uses its special stick to strike up a beat, the sound waves produced carry revitalizing energy to the plants and flowers in the area.",grookey --> thwackey --> rillaboom,3,1,0,1.0,2.0,0.5,0.5,0.5,2.0,1.0,2.0,0.5,2.0,1.0,2.0,1.0,1.0,1.0,1.0,1.0,1.0
811,thwackey,thwackey,8,grass,,1,overgrow,grassy-surge,70,0.17,85,0.2,70,0.17,55,0.13,60,0.14,80,0.19,420,attack,140,200,average,108.33,1,balanced,0.18,bottom_tier,0.18,bottom_tier,5,4,0,-3.0,uniform,fragile,uniform-fragile,0.7,14.0,28.57,average,0,0.125,normal,147.0,60,45,50,20,"ground, plant",medium-slow,upright,green,Beat Pokémon,"The faster a Thwackey can beat out a rhythm with its two sticks, the more respect it wins from its peers.",grookey --> thwackey --> rillaboom,3,2,0,1.0,2.0,0.5,0.5,0.5,2.0,1.0,2.0,0.5,2.0,1.0,2.0,1.0,1.0,1.0,1.0,1.0,1.0
812,rillaboom,rillaboom,8,grass,,1,overgrow,grassy-surge,100,0.19,125,0.24,90,0.17,60,0.11,70,0.13,85,0.16,530,attack,185,260,average,438.89,2,slightly_specialized,0.85,top_tier,0.85,top_tier,5,4,0,-3.0,uniform,sweeper,uniform-sweeper,2.1,90.0,20.41,average,0,0.125,normal,265.0,83,45,50,20,"ground, plant",medium-slow,humanoid,green,Drummer Pokémon,"By drumming, it taps into the power of its special tree stump. The roots of the stump follow its direction in battle.",grookey --> thwackey --> rillaboom,3,3,1,1.0,2.0,0.5,0.5,0.5,2.0,1.0,2.0,0.5,2.0,1.0,2.0,1.0,1.0,1.0,1.0,1.0,1.0
812,rillaboom,rillaboom-gmax,8,grass,,1,overgrow,grassy-surge,100,0.19,125,0.24,90,0.17,60,0.11,70,0.13,85,0.16,530,attack,185,260,average,438.89,2,slightly_specialized,0.85,top_tier,0.85,top_tier,5,4,0,-3.0,uniform,sweeper,uniform-sweeper,28.0,1000.0,1.28,very_light,0,0.125,normal,265.0,0,45,50,20,"ground, plant",medium-slow,humanoid,green,Drummer Pokémon,"By drumming, it taps into the power of its special tree stump. The roots of the stump follow its direction in battle.",grookey --> thwackey --> rillaboom,3,3,1,1.0,2.0,0.5,0.5,0.5,2.0,1.0,2.0,0.5,2.0,1.0,2.0,1.0,1.0,1.0,1.0,1.0,1.0
813,scorbunny,scorbunny,8,fire,,1,blaze,libero,50,0.16,71,0.23,40,0.13,40,0.13,40,0.13,69,0.22,310,attack,111,130,average,180.89,1,balanced,0.11,bottom_tier,0.11,bottom_tier,3,6,0,0.0,uniform,fragile,uniform-fragile,0.3,4.5,50.0,heavy,0,0.125,normal,62.0,56,45,50,20,"ground, humanshape",medium-slow,upright,white,Rabbit Pokémon,"A warm-up of running around gets fire energy coursing through this Pokémon’s body. Once that happens, it’s ready to fight at full power.",scorbunny --> raboot --> cinderace,3,1,0,1.0,0.5,2.0,1.0,0.5,0.5,1.0,1.0,2.0,1.0,1.0,0.5,2.0,1.0,1.0,1.0,0.5,0.5
814,raboot,raboot,8,fire,,1,blaze,libero,65,0.15,86,0.2,60,0.14,55,0.13,60,0.14,94,0.22,420,speed,141,185,average,213.67,1,slightly_specialized,0.18,bottom_tier,0.18,bottom_tier,3,6,0,0.0,uniform,fragile,uniform-fragile,0.6,9.0,25.0,average,0,0.125,normal,147.0,59,45,50,20,"ground, humanshape",medium-slow,upright,gray,Rabbit Pokémon,Its thick and fluffy fur protects it from the cold and enables it to use hotter fire moves.,scorbunny --> raboot --> cinderace,3,2,0,1.0,0.5,2.0,1.0,0.5,0.5,1.0,1.0,2.0,1.0,1.0,0.5,2.0,1.0,1.0,1.0,0.5,0.5
815,cinderace,cinderace,8,fire,,1,blaze,libero,80,0.15,116,0.22,75,0.14,65,0.12,75,0.14,119,0.22,530,speed,181,230,fast,445.89,2,slightly_specialized,0.85,top_tier,0.85,top_tier,3,6,0,0.0,uniform,sweeper,uniform-sweeper,1.4,33.0,16.84,average,0,0.125,normal,265.0,78,45,50,20,"ground, humanshape",medium-slow,upright,white,Striker Pokémon,"It juggles a pebble with its feet, turning it into a burning soccer ball. Its shots strike opponents hard and leave them scorched.",scorbunny --> raboot --> cinderace,3,3,1,1.0,0.5,2.0,1.0,0.5,0.5,1.0,1.0,2.0,1.0,1.0,0.5,2.0,1.0,1.0,1.0,0.5,0.5
815,cinderace,cinderace-gmax,8,fire,,1,blaze,libero,80,0.15,116,0.22,75,0.14,65,0.12,75,0.14,119,0.22,530,speed,181,230,fast,445.89,2,slightly_specialized,0.85,top_tier,0.85,top_tier,3,6,0,0.0,uniform,sweeper,uniform-sweeper,27.0,1000.0,1.37,very_light,0,0.125,normal,265.0,0,45,50,20,"ground, humanshape",medium-slow,upright,white,Striker Pokémon,"It juggles a pebble with its feet, turning it into a burning soccer ball. Its shots strike opponents hard and leave them scorched.",scorbunny --> raboot --> cinderace,3,3,1,1.0,0.5,2.0,1.0,0.5,0.5,1.0,1.0,2.0,1.0,1.0,0.5,2.0,1.0,1.0,1.0,0.5,0.5
816,sobble,sobble,8,water,,1,torrent,sniper,50,0.16,40,0.13,40,0.13,70,0.23,40,0.13,70,0.23,310,sp_attack,110,130,average,180.56,1,balanced,0.11,bottom_tier,0.11,bottom_tier,2,4,0,0.0,uniform,fragile,uniform-fragile,0.3,4.0,44.44,heavy,0,0.125,normal,62.0,46,45,50,20,"water1, ground",medium-slow,quadruped,blue,Water Lizard Pokémon,"When scared, this Pokémon cries. Its tears pack the chemical punch of 100 onions, and attackers won’t be able to resist weeping.",sobble --> drizzile --> inteleon,3,1,0,1.0,0.5,0.5,2.0,2.0,0.5,1.0,1.0,1.0,1.0,1.0,1.0,1.0,1.0,1.0,1.0,0.5,1.0
817,drizzile,drizzile,8,water,,1,torrent,sniper,65,0.15,60,0.14,55,0.13,95,0.23,55,0.13,90,0.21,420,sp_attack,155,175,average,266.67,2,slightly_specialized,0.18,bottom_tier,0.18,bottom_tier,2,4,0,0.0,uniform,fragile,uniform-fragile,0.7,11.5,23.47,average,0,0.125,normal,147.0,47,45,50,20,"water1, ground",medium-slow,upright,blue,Water Lizard Pokémon,"A clever combatant, this Pokémon battles using water balloons created with moisture secreted from its palms.",sobble --> drizzile --> inteleon,3,2,0,1.0,0.5,0.5,2.0,2.0,0.5,1.0,1.0,1.0,1.0,1.0,1.0,1.0,1.0,1.0,1.0,0.5,1.0
818,inteleon,inteleon,8,water,,1,torrent,sniper,70,0.13,85,0.16,65,0.12,125,0.24,65,0.12,120,0.23,530,sp_attack,210,200,fast,630.56,5,specialized,0.85,top_tier,0.85,top_tier,2,4,0,0.0,uniform,sweeper,uniform-sweeper,1.9,45.2,12.52,light,0,0.125,normal,265.0,74,45,50,20,"water1, ground",medium-slow,upright,blue,Secret Agent Pokémon,"It has many hidden capabilities, such as fingertips that can shoot water and a membrane on its back that it can use to glide through the air.",sobble --> drizzile --> inteleon,3,3,1,1.0,0.5,0.5,2.0,2.0,0.5,1.0,1.0,1.0,1.0,1.0,1.0,1.0,1.0,1.0,1.0,0.5,1.0
818,inteleon,inteleon-gmax,8,water,,1,torrent,sniper,70,0.13,85,0.16,65,0.12,125,0.24,65,0.12,120,0.23,530,sp_attack,210,200,fast,630.56,5,specialized,0.85,top_tier,0.85,top_tier,2,4,0,0.0,uniform,sweeper,uniform-sweeper,40.0,1000.0,0.62,very_light,0,0.125,normal,265.0,0,45,50,20,"water1, ground",medium-slow,upright,blue,Secret Agent Pokémon,"It has many hidden capabilities, such as fingertips that can shoot water and a membrane on its back that it can use to glide through the air.",sobble --> drizzile --> inteleon,3,3,1,1.0,0.5,0.5,2.0,2.0,0.5,1.0,1.0,1.0,1.0,1.0,1.0,1.0,1.0,1.0,1.0,0.5,1.0
819,skwovet,skwovet,8,normal,,1,cheek-pouch,gluttony,70,0.25,55,0.2,55,0.2,35,0.13,35,0.13,25,0.09,275,hp,90,160,slow,236.81,2,slightly_specialized,0.08,bottom_tier,0.08,bottom_tier,1,0,1,0.5,uniform,weak_slow,uniform-weak_slow,0.3,2.5,27.78,average,0,0.5,normal,55.0,47,255,50,20,ground,medium,upright,brown,Cheeky Pokémon,"Found throughout the Galar region, this Pokémon becomes uneasy if its cheeks are ever completely empty of berries.",skwovet --> greedent,2,1,0,1.0,1.0,1.0,1.0,1.0,1.0,2.0,1.0,1.0,1.0,1.0,1.0,1.0,0.0,1.0,1.0,1.0,1.0
820,greedent,greedent,8,normal,,1,cheek-pouch,gluttony,120,0.26,95,0.21,95,0.21,55,0.12,75,0.16,20,0.04,460,hp,150,290,slow,1038.89,5,highly_specialized,0.22,lower_mid_tier,0.22,lower_mid_tier,1,0,1,0.5,uniform,tank,uniform-tank,0.6,6.0,16.67,average,0,0.5,normal,161.0,60,90,50,20,ground,medium,upright,brown,Greedy Pokémon,"It stashes berries in its tail—so many berries that they fall out constantly. But this Pokémon is a bit slow-witted, so it doesn’t notice the loss.",skwovet --> greedent,2,2,1,1.0,1.0,1.0,1.0,1.0,1.0,2.0,1.0,1.0,1.0,1.0,1.0,1.0,0.0,1.0,1.0,1.0,1.0
821,rookidee,rookidee,8,flying,,1,"keen-eye, unnerve",big-pecks,38,0.16,47,0.19,35,0.14,33,0.13,35,0.14,57,0.23,245,speed,80,108,slow,72.81,1,balanced,0.03,bottom_tier,0.03,bottom_tier,3,3,1,0.0,uniform,weak_slow,uniform-weak_slow,0.2,1.8,45.0,heavy,0,0.5,normal,49.0,47,255,50,15,flying,medium-slow,wings,blue,Tiny Bird Pokémon,"It will bravely challenge any opponent, no matter how powerful. This Pokémon benefits from every battle—even a defeat increases its strength a bit.",rookidee --> corvisquire --> corviknight,3,1,0,1.0,1.0,1.0,2.0,0.5,2.0,0.5,1.0,0.0,1.0,1.0,0.5,2.0,1.0,1.0,1.0,1.0,1.0
822,corvisquire,corvisquire,8,flying,,1,"keen-eye, unnerve",big-pecks,68,0.19,67,0.18,55,0.15,43,0.12,55,0.15,77,0.21,365,speed,110,178,average,122.81,1,balanced,0.14,bottom_tier,0.14,bottom_tier,3,3,1,0.0,uniform,fragile,uniform-fragile,0.8,16.0,25.0,average,0,0.5,normal,128.0,44,120,50,15,flying,medium-slow,wings,blue,Raven Pokémon,"Smart enough to use tools in battle, these Pokémon have been seen picking up rocks and flinging them or using ropes to wrap up enemies.",rookidee --> corvisquire --> corviknight,3,2,0,1.0,1.0,1.0,2.0,0.5,2.0,0.5,1.0,0.0,1.0,1.0,0.5,2.0,1.0,1.0,1.0,1.0,1.0
823,corviknight,corviknight,8,flying,steel,2,"pressure, unnerve",mirror-armor,98,0.2,87,0.18,105,0.21,53,0.11,85,0.17,67,0.14,495,defense,140,288,average,313.92,2,slightly_specialized,0.49,mid_tier,0.49,mid_tier,2,8,2,5.0,uniform,support,uniform-support,2.2,75.0,15.5,light,0,0.5,normal,248.0,68,45,50,15,flying,medium-slow,wings,purple,Raven Pokémon,This Pokémon reigns supreme in the skies of the Galar region. The black luster of its steel body could drive terror into the heart of any foe.,rookidee --> corvisquire --> corviknight,3,3,1,0.5,2.0,1.0,2.0,0.25,1.0,1.0,0.0,0.0,0.5,0.5,0.25,1.0,1.0,0.5,1.0,0.5,0.5
823,corviknight,corviknight-gmax,8,flying,steel,2,"pressure, unnerve",mirror-armor,98,0.2,87,0.18,105,0.21,53,0.11,85,0.17,67,0.14,495,defense,140,288,average,313.92,2,slightly_specialized,0.49,mid_tier,0.49,mid_tier,2,8,2,5.0,uniform,support,uniform-support,14.0,1000.0,5.1,very_light,0,0.5,normal,248.0,0,45,50,15,flying,medium-slow,wings,purple,Raven Pokémon,This Pokémon reigns supreme in the skies of the Galar region. The black luster of its steel body could drive terror into the heart of any foe.,rookidee --> corvisquire --> corviknight,3,3,1,0.5,2.0,1.0,2.0,0.25,1.0,1.0,0.0,0.0,0.5,0.5,0.25,1.0,1.0,0.5,1.0,0.5,0.5
824,blipbug,blipbug,8,bug,,1,"swarm, compound-eyes",telepathy,25,0.14,20,0.11,20,0.11,25,0.14,45,0.25,45,0.25,180,sp_defense,45,90,slow,116.67,1,balanced,0.01,bottom_tier,0.01,bottom_tier,3,3,0,-1.5,uniform,weak_slow,uniform-weak_slow,0.4,8.0,50.0,heavy,0,0.5,normal,36.0,5,255,50,15,bug,medium,armor,blue,Larva Pokémon,"A constant collector of information, this Pokémon is very smart. Very strong is what it isn’t.",blipbug --> dottler --> orbeetle,3,1,0,1.0,2.0,1.0,1.0,0.5,1.0,0.5,1.0,0.5,2.0,1.0,1.0,2.0,1.0,1.0,1.0,1.0,1.0
825,dottler,dottler,8,bug,psychic,2,"swarm, compound-eyes",telepathy,50,0.15,35,0.1,80,0.24,50,0.15,90,0.27,30,0.09,335,sp_defense,85,220,slow,486.81,3,slightly_specialized,0.14,bottom_tier,0.14,bottom_tier,6,4,0,-4.0,uniform,weak_slow,uniform-weak_slow,0.4,19.5,121.87,heavy,0,0.5,normal,117.0,40,120,50,15,bug,medium,armor,yellow,Radome Pokémon,"It barely moves, but it’s still alive. Hiding in its shell without food or water seems to have awakened its psychic powers.",blipbug --> dottler --> orbeetle,3,2,0,1.0,2.0,1.0,1.0,0.5,1.0,0.25,1.0,0.5,2.0,0.5,2.0,2.0,2.0,1.0,2.0,1.0,1.0
826,orbeetle,orbeetle,8,bug,psychic,2,"swarm, frisk",telepathy,60,0.12,45,0.09,110,0.22,80,0.16,120,0.24,90,0.18,505,sp_defense,125,290,average,686.81,5,specialized,0.72,upper_mid_tier,0.72,upper_mid_tier,6,4,0,-4.0,uniform,bulky_speedster,uniform-bulky_speedster,0.4,40.8,255.0,heavy,0,0.5,normal,253.0,53,45,50,15,bug,medium,wings,red,Seven Spot Pokémon,"It’s famous for its high level of intelligence, and the large size of its brain is proof that it also possesses immense psychic power.",blipbug --> dottler --> orbeetle,3,3,1,1.0,2.0,1.0,1.0,0.5,1.0,0.25,1.0,0.5,2.0,0.5,2.0,2.0,2.0,1.0,2.0,1.0,1.0
826,orbeetle,orbeetle-gmax,8,bug,psychic,2,"swarm, frisk",telepathy,60,0.12,45,0.09,110,0.22,80,0.16,120,0.24,90,0.18,505,sp_defense,125,290,average,686.81,5,specialized,0.72,upper_mid_tier,0.72,upper_mid_tier,6,4,0,-4.0,uniform,bulky_speedster,uniform-bulky_speedster,14.0,1000.0,5.1,very_light,0,0.5,normal,253.0,0,45,50,15,bug,medium,wings,red,Seven Spot Pokémon,"It’s famous for its high level of intelligence, and the large size of its brain is proof that it also possesses immense psychic power.",blipbug --> dottler --> orbeetle,3,3,1,1.0,2.0,1.0,1.0,0.5,1.0,0.25,1.0,0.5,2.0,0.5,2.0,2.0,2.0,1.0,2.0,1.0,1.0
827,nickit,nickit,8,dark,,1,"run-away, unburden",stakeout,40,0.16,28,0.11,28,0.11,47,0.19,52,0.21,50,0.2,245,sp_defense,75,120,slow,96.14,1,balanced,0.03,bottom_tier,0.03,bottom_tier,3,2,1,-0.5,uniform,weak_slow,uniform-weak_slow,0.6,8.9,24.72,average,0,0.5,normal,49.0,35,255,50,15,ground,fast,quadruped,brown,Fox Pokémon,"Aided by the soft pads on its feet, it silently raids the food stores of other Pokémon. It survives off its ill-gotten gains.",nickit --> thievul,2,1,0,1.0,1.0,1.0,1.0,1.0,1.0,2.0,1.0,1.0,1.0,0.0,2.0,1.0,0.5,1.0,0.5,1.0,2.0
828,thievul,thievul,8,dark,,1,"run-away, unburden",stakeout,70,0.15,58,0.13,58,0.13,87,0.19,92,0.2,90,0.2,455,sp_defense,145,220,average,209.47,1,slightly_specialized,0.21,lower_mid_tier,0.21,lower_mid_tier,3,2,1,-0.5,uniform,fragile,uniform-fragile,1.2,19.9,13.82,light,0,0.5,normal,159.0,46,127,50,15,ground,fast,quadruped,brown,Fox Pokémon,"It secretly marks potential targets with a scent. By following the scent, it stalks its targets and steals from them when they least expect it.",nickit --> thievul,2,2,1,1.0,1.0,1.0,1.0,1.0,1.0,2.0,1.0,1.0,1.0,0.0,2.0,1.0,0.5,1.0,0.5,1.0,2.0
829,gossifleur,gossifleur,8,grass,,1,"cotton-down, regenerator",effect-spore,40,0.16,40,0.16,60,0.24,40,0.16,60,0.24,10,0.04,250,defense,80,160,slow,280.56,2,slightly_specialized,0.04,bottom_tier,0.04,bottom_tier,5,4,0,-3.0,uniform,weak_slow,uniform-weak_slow,0.4,2.2,13.75,light,0,0.5,normal,50.0,38,190,50,20,plant,medium,blob,green,Flowering Pokémon,"It anchors itself in the ground with its single leg, then basks in the sun. After absorbing enough sunlight, its petals spread as it blooms brilliantly.",gossifleur --> eldegoss,2,1,0,1.0,2.0,0.5,0.5,0.5,2.0,1.0,2.0,0.5,2.0,1.0,2.0,1.0,1.0,1.0,1.0,1.0,1.0
830,eldegoss,eldegoss,8,grass,,1,"cotton-down, regenerator",effect-spore,60,0.13,50,0.11,90,0.2,80,0.17,120,0.26,60,0.13,460,sp_defense,130,270,average,555.56,3,specialized,0.22,lower_mid_tier,0.22,lower_mid_tier,5,4,0,-3.0,uniform,tank,uniform-tank,0.5,2.5,10.0,light,0,0.5,normal,161.0,38,75,50,20,plant,medium,blob,green,Cotton Bloom Pokémon,The seeds attached to its cotton fluff are full of nutrients. It spreads them on the wind so that plants and other Pokémon can benefit from them.,gossifleur --> eldegoss,2,2,1,1.0,2.0,0.5,0.5,0.5,2.0,1.0,2.0,0.5,2.0,1.0,2.0,1.0,1.0,1.0,1.0,1.0,1.0
831,wooloo,wooloo,8,normal,,1,"fluffy, run-away",bulletproof,42,0.16,40,0.15,55,0.2,40,0.15,45,0.17,48,0.18,270,defense,80,142,slow,28.0,1,balanced,0.06,bottom_tier,0.06,bottom_tier,1,0,1,0.5,uniform,weak_slow,uniform-weak_slow,0.6,6.0,16.67,average,0,0.5,normal,122.0,30,255,50,15,ground,medium,quadruped,white,Sheep Pokémon,"Its curly fleece is such an effective cushion that this Pokémon could fall off a cliff and stand right back up at the bottom, unharmed.",wooloo --> dubwool,2,1,0,1.0,1.0,1.0,1.0,1.0,1.0,2.0,1.0,1.0,1.0,1.0,1.0,1.0,0.0,1.0,1.0,1.0,1.0
832,dubwool,dubwool,8,normal,,1,"fluffy, steadfast",bulletproof,72,0.15,80,0.16,100,0.2,60,0.12,90,0.18,88,0.18,490,defense,140,262,average,168.56,1,balanced,0.32,lower_mid_tier,0.32,lower_mid_tier,1,0,1,0.5,uniform,bulky_speedster,uniform-bulky_speedster,1.3,43.0,25.44,average,0,0.5,normal,172.0,38,127,50,15,ground,medium,quadruped,white,Sheep Pokémon,"Weave a carpet from its springy wool, and you end up with something closer to a trampoline. You’ll start to bounce the moment you set foot on it.",wooloo --> dubwool,2,2,1,1.0,1.0,1.0,1.0,1.0,1.0,2.0,1.0,1.0,1.0,1.0,1.0,1.0,0.0,1.0,1.0,1.0,1.0
833,chewtle,chewtle,8,water,,1,"strong-jaw, shell-armor",swift-swim,50,0.18,64,0.23,50,0.18,38,0.13,38,0.13,44,0.15,284,attack,102,138,slow,79.56,1,balanced,0.09,bottom_tier,0.09,bottom_tier,2,4,0,0.0,uniform,weak_slow,uniform-weak_slow,0.3,8.5,94.44,heavy,0,0.5,normal,57.0,43,255,50,20,"monster, water1",medium,quadruped,green,Snapping Pokémon,Apparently the itch of its teething impels it to snap its jaws at anything in front of it.,chewtle --> drednaw,2,1,0,1.0,0.5,0.5,2.0,2.0,0.5,1.0,1.0,1.0,1.0,1.0,1.0,1.0,1.0,1.0,1.0,0.5,1.0
834,drednaw,drednaw,8,water,rock,2,"strong-jaw, shell-armor",swift-swim,90,0.19,115,0.24,90,0.19,48,0.1,68,0.14,74,0.15,485,attack,163,248,average,437.47,2,slightly_specialized,0.3,lower_mid_tier,0.3,lower_mid_tier,4,5,0,-1.5,uniform,midrange,uniform-midrange,1.0,115.5,115.5,heavy,0,0.5,normal,170.0,72,75,50,20,"monster, water1",medium,quadruped,green,Bite Pokémon,"With jaws that can shear through steel rods, this highly aggressive Pokémon chomps down on its unfortunate prey.",chewtle --> drednaw,2,2,1,0.5,0.25,1.0,2.0,4.0,0.5,2.0,0.5,2.0,0.5,1.0,1.0,1.0,1.0,1.0,1.0,1.0,1.0
834,drednaw,drednaw-gmax,8,water,rock,2,"strong-jaw, shell-armor",swift-swim,90,0.19,115,0.24,90,0.19,48,0.1,68,0.14,74,0.15,485,attack,163,248,average,437.47,2,slightly_specialized,0.3,lower_mid_tier,0.3,lower_mid_tier,4,5,0,-1.5,uniform,midrange,uniform-midrange,24.0,1000.0,1.74,very_light,0,0.5,normal,170.0,0,75,50,20,"monster, water1",medium,quadruped,green,Bite Pokémon,"With jaws that can shear through steel rods, this highly aggressive Pokémon chomps down on its unfortunate prey.",chewtle --> drednaw,2,2,1,0.5,0.25,1.0,2.0,4.0,0.5,2.0,0.5,2.0,0.5,1.0,1.0,1.0,1.0,1.0,1.0,1.0,1.0
835,yamper,yamper,8,electric,,1,ball-fetch,rattled,59,0.22,45,0.17,50,0.19,40,0.15,50,0.19,26,0.1,270,hp,85,159,slow,105.33,1,balanced,0.06,bottom_tier,0.06,bottom_tier,1,3,0,0.5,uniform,weak_slow,uniform-weak_slow,0.3,13.5,150.0,heavy,0,0.5,normal,54.0,38,255,50,20,ground,fast,quadruped,yellow,Puppy Pokémon,"This Pokémon is very popular as a herding dog in the Galar region. As it runs, it generates electricity from the base of its tail.",yamper --> boltund,2,1,0,1.0,1.0,1.0,0.5,1.0,1.0,1.0,1.0,2.0,0.5,1.0,1.0,1.0,1.0,1.0,1.0,0.5,1.0
836,boltund,boltund,8,electric,,1,strong-jaw,competitive,69,0.14,90,0.18,60,0.12,90,0.18,60,0.12,121,0.25,490,speed,180,189,fast,464.22,3,slightly_specialized,0.32,lower_mid_tier,0.32,lower_mid_tier,1,3,0,0.5,uniform,sweeper,uniform-sweeper,1.0,34.0,34.0,heavy,0,0.5,normal,172.0,43,45,50,20,ground,fast,quadruped,yellow,Dog Pokémon,This Pokémon generates electricity and channels it into its legs to keep them going strong. Boltund can run nonstop for three full days.,yamper --> boltund,2,2,1,1.0,1.0,1.0,0.5,1.0,1.0,1.0,1.0,2.0,0.5,1.0,1.0,1.0,1.0,1.0,1.0,0.5,1.0
837,rolycoly,rolycoly,8,rock,,1,"steam-engine, heatproof",flash-fire,30,0.12,40,0.17,50,0.21,40,0.17,50,0.21,30,0.12,240,defense,80,130,slow,66.67,1,balanced,0.02,bottom_tier,0.02,bottom_tier,5,4,0,-3.0,uniform,weak_slow,uniform-weak_slow,0.3,12.0,133.33,heavy,0,0.5,normal,48.0,43,255,50,15,mineral,medium-slow,ball,black,Coal Pokémon,"Most of its body has the same composition as coal. Fittingly, this Pokémon was first discovered in coal mines about 400 years ago.",rolycoly --> carkol --> coalossal,3,1,0,0.5,0.5,2.0,1.0,2.0,1.0,2.0,0.5,2.0,0.5,1.0,1.0,1.0,1.0,1.0,1.0,2.0,1.0
838,carkol,carkol,8,rock,fire,2,"steam-engine, flame-body",flash-fire,80,0.2,60,0.15,90,0.22,60,0.15,70,0.17,50,0.12,410,defense,120,240,slow,180.56,1,balanced,0.16,bottom_tier,0.16,bottom_tier,4,7,0,-0.5,uniform,slow_attacker,uniform-slow_attacker,1.1,78.0,64.46,heavy,0,0.5,normal,144.0,55,120,50,15,mineral,medium-slow,legs,black,Coal Pokémon,It forms coal inside its body. Coal dropped by this Pokémon once helped fuel the lives of people in the Galar region.,rolycoly --> carkol --> coalossal,3,2,0,0.5,0.25,4.0,1.0,1.0,0.5,2.0,0.5,4.0,0.5,1.0,0.5,2.0,1.0,1.0,1.0,1.0,0.5
839,coalossal,coalossal,8,rock,fire,2,"steam-engine, flame-body",flash-fire,110,0.22,80,0.16,120,0.24,80,0.16,90,0.18,30,0.06,510,defense,160,320,slow,825.0,5,specialized,0.78,upper_mid_tier,0.78,upper_mid_tier,4,7,0,-0.5,uniform,tank,uniform-tank,2.8,310.5,39.6,heavy,0,0.5,normal,255.0,63,45,50,15,mineral,medium-slow,humanoid,black,Coal Pokémon,"It’s usually peaceful, but the vandalism of mines enrages it. Offenders will be incinerated with flames that reach 2,700 degrees Fahrenheit.",rolycoly --> carkol --> coalossal,3,3,1,0.5,0.25,4.0,1.0,1.0,0.5,2.0,0.5,4.0,0.5,1.0,0.5,2.0,1.0,1.0,1.0,1.0,0.5
839,coalossal,coalossal-gmax,8,rock,fire,2,"steam-engine, flame-body",flash-fire,110,0.22,80,0.16,120,0.24,80,0.16,90,0.18,30,0.06,510,defense,160,320,slow,825.0,5,specialized,0.78,upper_mid_tier,0.78,upper_mid_tier,4,7,0,-0.5,uniform,tank,uniform-tank,42.0,1000.0,0.57,very_light,0,0.5,normal,255.0,0,45,50,15,mineral,medium-slow,humanoid,black,Coal Pokémon,"It’s usually peaceful, but the vandalism of mines enrages it. Offenders will be incinerated with flames that reach 2,700 degrees Fahrenheit.",rolycoly --> carkol --> coalossal,3,3,1,0.5,0.25,4.0,1.0,1.0,0.5,2.0,0.5,4.0,0.5,1.0,0.5,2.0,1.0,1.0,1.0,1.0,0.5
840,applin,applin,8,grass,dragon,2,"ripen, gluttony",bulletproof,40,0.15,40,0.15,80,0.31,40,0.15,40,0.15,20,0.08,260,defense,80,160,slow,322.22,2,slightly_specialized,0.04,bottom_tier,0.04,bottom_tier,6,4,0,-4.0,uniform,weak_slow,uniform-weak_slow,0.2,0.5,12.5,light,0,0.5,normal,52.0,11,255,50,20,"plant, dragon",slow-then-very-fast,squiggle,green,Apple Core Pokémon,"It spends its entire life inside an apple. It hides from its natural enemies, bird Pokémon, by pretending it’s just an apple and nothing more.",applin --> flapple,3,1,0,1.0,1.0,0.25,0.25,0.25,4.0,1.0,2.0,0.5,2.0,1.0,2.0,1.0,1.0,2.0,1.0,1.0,2.0
841,flapple,flapple,8,grass,dragon,2,"ripen, gluttony",hustle,70,0.14,110,0.23,80,0.16,95,0.2,60,0.12,70,0.14,485,attack,205,210,average,286.81,2,slightly_specialized,0.3,lower_mid_tier,0.3,lower_mid_tier,6,4,0,-4.0,uniform,glass_cannon,uniform-glass_cannon,0.3,1.0,11.11,light,0,0.5,normal,170.0,52,45,50,20,"plant, dragon",slow-then-very-fast,wings,green,Apple Wing Pokémon,"It ate a sour apple, and that induced its evolution. In its cheeks, it stores an acid capable of causing chemical burns.",applin --> flapple,3,2,0,1.0,1.0,0.25,0.25,0.25,4.0,1.0,2.0,0.5,2.0,1.0,2.0,1.0,1.0,2.0,1.0,1.0,2.0
841,flapple,flapple-gmax,8,grass,dragon,2,"ripen, gluttony",hustle,70,0.14,110,0.23,80,0.16,95,0.2,60,0.12,70,0.14,485,attack,205,210,average,286.81,2,slightly_specialized,0.3,lower_mid_tier,0.3,lower_mid_tier,6,4,0,-4.0,uniform,glass_cannon,uniform-glass_cannon,24.0,1000.0,1.74,very_light,0,0.5,normal,170.0,0,45,50,20,"plant, dragon",slow-then-very-fast,wings,green,Apple Wing Pokémon,"It ate a sour apple, and that induced its evolution. In its cheeks, it stores an acid capable of causing chemical burns.",applin --> flapple,3,2,0,1.0,1.0,0.25,0.25,0.25,4.0,1.0,2.0,0.5,2.0,1.0,2.0,1.0,1.0,2.0,1.0,1.0,2.0
842,appletun,appletun,8,grass,dragon,2,"ripen, gluttony",thick-fat,110,0.23,85,0.18,80,0.16,100,0.21,80,0.16,30,0.06,485,hp,185,270,slow,636.81,5,specialized,0.3,lower_mid_tier,0.3,lower_mid_tier,6,4,0,-4.0,uniform,bulky_attacker,uniform-bulky_attacker,0.4,13.0,81.25,heavy,0,0.5,normal,170.0,60,45,50,20,"plant, dragon",slow-then-very-fast,quadruped,green,Apple Nectar Pokémon,"Eating a sweet apple caused its evolution. A nectarous scent wafts from its body, luring in the bug Pokémon it preys on.",applin --> flapple,3,2,0,1.0,1.0,0.25,0.25,0.25,4.0,1.0,2.0,0.5,2.0,1.0,2.0,1.0,1.0,2.0,1.0,1.0,2.0
842,appletun,appletun-gmax,8,grass,dragon,2,"ripen, gluttony",thick-fat,110,0.23,85,0.18,80,0.16,100,0.21,80,0.16,30,0.06,485,hp,185,270,slow,636.81,5,specialized,0.3,lower_mid_tier,0.3,lower_mid_tier,6,4,0,-4.0,uniform,bulky_attacker,uniform-bulky_attacker,24.0,1000.0,1.74,very_light,0,0.5,normal,170.0,0,45,50,20,"plant, dragon",slow-then-very-fast,quadruped,green,Apple Nectar Pokémon,"Eating a sweet apple caused its evolution. A nectarous scent wafts from its body, luring in the bug Pokémon it preys on.",applin --> flapple,3,2,0,1.0,1.0,0.25,0.25,0.25,4.0,1.0,2.0,0.5,2.0,1.0,2.0,1.0,1.0,2.0,1.0,1.0,2.0
843,silicobra,silicobra,8,ground,,1,"sand-spit, shed-skin",sand-veil,52,0.17,57,0.18,75,0.24,35,0.11,50,0.16,46,0.15,315,defense,92,177,slow,146.92,1,balanced,0.13,bottom_tier,0.13,bottom_tier,3,2,1,-0.5,uniform,weak_slow,uniform-weak_slow,2.2,7.6,1.57,very_light,0,0.5,normal,63.0,43,255,50,20,"ground, dragon",medium,squiggle,green,Sand Snake Pokémon,"As it digs, it swallows sand and stores it in its neck pouch. The pouch can hold more than 17 pounds of sand.",silicobra --> sandaconda,2,1,0,1.0,1.0,2.0,0.0,2.0,2.0,1.0,0.5,1.0,1.0,1.0,1.0,0.5,1.0,1.0,1.0,1.0,1.0
844,sandaconda,sandaconda,8,ground,,1,"sand-spit, shed-skin",sand-veil,72,0.14,107,0.21,125,0.25,65,0.13,70,0.14,71,0.14,510,defense,172,267,average,512.33,3,specialized,0.78,upper_mid_tier,0.78,upper_mid_tier,3,2,1,-0.5,uniform,bulky_speedster,uniform-bulky_speedster,3.8,65.5,4.54,very_light,0,0.5,normal,179.0,53,120,50,20,"ground, dragon",medium,squiggle,green,Sand Snake Pokémon,"When it contracts its body, over 220 pounds of sand sprays from its nose. If it ever runs out of sand, it becomes disheartened.",silicobra --> sandaconda,2,2,1,1.0,1.0,2.0,0.0,2.0,2.0,1.0,0.5,1.0,1.0,1.0,1.0,0.5,1.0,1.0,1.0,1.0,1.0
844,sandaconda,sandaconda-gmax,8,ground,,1,"sand-spit, shed-skin",sand-veil,72,0.14,107,0.21,125,0.25,65,0.13,70,0.14,71,0.14,510,defense,172,267,average,512.33,3,specialized,0.78,upper_mid_tier,0.78,upper_mid_tier,3,2,1,-0.5,uniform,bulky_speedster,uniform-bulky_speedster,22.0,1000.0,2.07,very_light,0,0.5,normal,179.0,0,120,50,20,"ground, dragon",medium,squiggle,green,Sand Snake Pokémon,"When it contracts its body, over 220 pounds of sand sprays from its nose. If it ever runs out of sand, it becomes disheartened.",silicobra --> sandaconda,2,2,1,1.0,1.0,2.0,0.0,2.0,2.0,1.0,0.5,1.0,1.0,1.0,1.0,0.5,1.0,1.0,1.0,1.0,1.0
845,cramorant,cramorant,8,flying,water,2,gulp-missile,,70,0.15,85,0.18,55,0.12,85,0.18,95,0.2,85,0.18,475,sp_defense,170,220,average,170.14,1,balanced,0.26,lower_mid_tier,0.26,lower_mid_tier,2,5,1,2.0,uniform,fragile,uniform-fragile,0.8,18.0,28.12,average,0,0.5,normal,166.0,61,45,50,20,"water1, flying",medium,wings,blue,Gulp Pokémon,"It’s so strong that it can knock out some opponents in a single hit, but it also may forget what it’s battling midfight.",cramorant,1,0,0,1.0,0.5,0.5,4.0,1.0,1.0,0.5,1.0,0.0,1.0,1.0,0.5,2.0,1.0,1.0,1.0,0.5,1.0
845,cramorant,cramorant-gulping,8,flying,water,2,gulp-missile,,70,0.15,85,0.18,55,0.12,85,0.18,95,0.2,85,0.18,475,sp_defense,170,220,average,170.14,1,balanced,0.26,lower_mid_tier,0.26,lower_mid_tier,2,5,1,2.0,uniform,fragile,uniform-fragile,0.8,18.0,28.12,average,0,0.5,normal,166.0,51,45,50,20,"water1, flying",medium,wings,blue,Gulp Pokémon,"It’s so strong that it can knock out some opponents in a single hit, but it also may forget what it’s battling midfight.",cramorant,1,0,0,1.0,0.5,0.5,4.0,1.0,1.0,0.5,1.0,0.0,1.0,1.0,0.5,2.0,1.0,1.0,1.0,0.5,1.0
845,cramorant,cramorant-gorging,8,flying,water,2,gulp-missile,,70,0.15,85,0.18,55,0.12,85,0.18,95,0.2,85,0.18,475,sp_defense,170,220,average,170.14,1,balanced,0.26,lower_mid_tier,0.26,lower_mid_tier,2,5,1,2.0,uniform,fragile,uniform-fragile,0.8,18.0,28.12,average,0,0.5,normal,166.0,51,45,50,20,"water1, flying",medium,wings,blue,Gulp Pokémon,"It’s so strong that it can knock out some opponents in a single hit, but it also may forget what it’s battling midfight.",cramorant,1,0,0,1.0,0.5,0.5,4.0,1.0,1.0,0.5,1.0,0.0,1.0,1.0,0.5,2.0,1.0,1.0,1.0,0.5,1.0
846,arrokuda,arrokuda,8,water,,1,swift-swim,propeller-tail,41,0.15,63,0.22,40,0.14,40,0.14,30,0.11,66,0.24,280,speed,103,111,average,173.22,1,balanced,0.08,bottom_tier,0.08,bottom_tier,2,4,0,0.0,uniform,fragile,uniform-fragile,0.5,1.0,4.0,very_light,0,0.5,normal,56.0,46,255,50,20,water2,slow,fish,brown,Rush Pokémon,"If it sees any movement around it, this Pokémon charges for it straightaway, leading with its sharply pointed jaw. It’s very proud of that jaw.",arrokuda --> barraskewda,2,1,0,1.0,0.5,0.5,2.0,2.0,0.5,1.0,1.0,1.0,1.0,1.0,1.0,1.0,1.0,1.0,1.0,0.5,1.0
847,barraskewda,barraskewda,8,water,,1,swift-swim,propeller-tail,61,0.12,123,0.25,60,0.12,60,0.12,50,0.1,136,0.28,490,speed,183,171,fast,1171.56,5,highly_specialized,0.32,lower_mid_tier,0.32,lower_mid_tier,2,4,0,0.0,uniform,sweeper,uniform-sweeper,1.3,30.0,17.75,average,0,0.5,normal,172.0,47,60,50,20,water2,slow,fish,brown,Skewer Pokémon,"This Pokémon has a jaw that’s as sharp as a spear and as strong as steel. Apparently Barraskewda’s flesh is surprisingly tasty, too.",arrokuda --> barraskewda,2,2,1,1.0,0.5,0.5,2.0,2.0,0.5,1.0,1.0,1.0,1.0,1.0,1.0,1.0,1.0,1.0,1.0,0.5,1.0
848,toxel,toxel,8,electric,poison,2,"rattled, static",klutz,40,0.17,38,0.16,35,0.14,54,0.22,35,0.14,40,0.17,242,sp_attack,92,110,slow,41.56,1,balanced,0.02,bottom_tier,0.02,bottom_tier,2,8,0,2.0,uniform,weak_slow,uniform-weak_slow,0.4,11.0,68.75,heavy,0,0.5,normal,48.0,21,75,50,25,no-eggs,medium-slow,upright,purple,Baby Pokémon,"It stores poison in an internal poison sac and secretes that poison through its skin. If you touch this Pokémon, a tingling sensation follows.",toxel --> toxtricity,2,1,0,1.0,1.0,1.0,0.5,0.5,1.0,0.5,0.5,4.0,0.5,2.0,0.5,1.0,1.0,1.0,1.0,0.5,0.5
849,toxtricity,toxtricity-amped,8,electric,poison,2,"punk-rock, plus",technician,75,0.15,98,0.2,70,0.14,114,0.23,70,0.14,75,0.15,502,sp_attack,212,215,average,274.89,2,slightly_specialized,0.69,upper_mid_tier,0.69,upper_mid_tier,2,8,0,2.0,uniform,sweeper,uniform-sweeper,1.6,40.0,15.62,average,0,0.5,normal,176.0,80,45,50,25,humanshape,medium-slow,upright,purple,Punk Pokémon,"When this Pokémon sounds as if it’s strumming a guitar, it’s actually clawing at the protrusions on its chest to generate electricity.",toxel --> toxtricity,2,2,1,1.0,1.0,1.0,0.5,0.5,1.0,0.5,0.5,4.0,0.5,2.0,0.5,1.0,1.0,1.0,1.0,0.5,0.5
849,toxtricity,toxtricity-low-key,8,electric,poison,2,"punk-rock, minus",technician,75,0.15,98,0.2,70,0.14,114,0.23,70,0.14,75,0.15,502,sp_attack,212,215,average,274.89,2,slightly_specialized,0.69,upper_mid_tier,0.69,upper_mid_tier,2,8,0,2.0,uniform,sweeper,uniform-sweeper,1.6,40.0,15.62,average,0,0.5,normal,176.0,81,45,50,25,humanshape,medium-slow,upright,purple,Punk Pokémon,"When this Pokémon sounds as if it’s strumming a guitar, it’s actually clawing at the protrusions on its chest to generate electricity.",toxel --> toxtricity,2,2,1,1.0,1.0,1.0,0.5,0.5,1.0,0.5,0.5,4.0,0.5,2.0,0.5,1.0,1.0,1.0,1.0,0.5,0.5
849,toxtricity,toxtricity-amped-gmax,8,electric,poison,2,"punk-rock, plus",technician,75,0.15,98,0.2,70,0.14,114,0.23,70,0.14,75,0.15,502,sp_attack,212,215,average,274.89,2,slightly_specialized,0.69,upper_mid_tier,0.69,upper_mid_tier,2,8,0,2.0,uniform,sweeper,uniform-sweeper,24.0,1000.0,1.74,very_light,0,0.5,normal,176.0,0,45,50,25,humanshape,medium-slow,upright,purple,Punk Pokémon,"When this Pokémon sounds as if it’s strumming a guitar, it’s actually clawing at the protrusions on its chest to generate electricity.",toxel --> toxtricity,2,2,1,1.0,1.0,1.0,0.5,0.5,1.0,0.5,0.5,4.0,0.5,2.0,0.5,1.0,1.0,1.0,1.0,0.5,0.5
849,toxtricity,toxtricity-low-key-gmax,8,electric,poison,2,"punk-rock, minus",technician,75,0.15,98,0.2,70,0.14,114,0.23,70,0.14,75,0.15,502,sp_attack,212,215,average,274.89,2,slightly_specialized,0.69,upper_mid_tier,0.69,upper_mid_tier,2,8,0,2.0,uniform,sweeper,uniform-sweeper,24.0,1000.0,1.74,very_light,0,0.5,normal,176.0,0,45,50,25,humanshape,medium-slow,upright,purple,Punk Pokémon,"When this Pokémon sounds as if it’s strumming a guitar, it’s actually clawing at the protrusions on its chest to generate electricity.",toxel --> toxtricity,2,2,1,1.0,1.0,1.0,0.5,0.5,1.0,0.5,0.5,4.0,0.5,2.0,0.5,1.0,1.0,1.0,1.0,0.5,0.5
850,sizzlipede,sizzlipede,8,fire,bug,2,"flash-fire, white-smoke",flame-body,50,0.16,65,0.21,45,0.15,50,0.16,50,0.16,45,0.15,305,attack,115,145,slow,45.14,1,balanced,0.09,bottom_tier,0.09,bottom_tier,3,6,0,0.0,uniform,weak_slow,uniform-weak_slow,0.7,1.0,2.04,very_light,0,0.5,normal,61.0,37,190,50,20,bug,medium,tentacles,red,Radiator Pokémon,It stores flammable gas in its body and uses it to generate heat. The yellow sections on its belly get particularly hot.,sizzlipede --> centiskorch,2,1,0,1.0,1.0,2.0,1.0,0.25,0.5,0.5,1.0,1.0,2.0,1.0,0.5,4.0,1.0,1.0,1.0,0.5,0.5
851,centiskorch,centiskorch,8,fire,bug,2,"flash-fire, white-smoke",flame-body,100,0.19,115,0.22,65,0.12,90,0.17,90,0.17,65,0.12,525,attack,205,255,average,322.92,2,slightly_specialized,0.82,top_tier,0.82,top_tier,3,6,0,0.0,uniform,attacker,uniform-attacker,3.0,120.0,13.33,light,0,0.5,normal,184.0,46,75,50,20,bug,medium,tentacles,red,Radiator Pokémon,"When it heats up, its body temperature reaches about 1,500 degrees Fahrenheit. It lashes its body like a whip and launches itself at enemies.",sizzlipede --> centiskorch,2,2,1,1.0,1.0,2.0,1.0,0.25,0.5,0.5,1.0,1.0,2.0,1.0,0.5,4.0,1.0,1.0,1.0,0.5,0.5
851,centiskorch,centiskorch-gmax,8,fire,bug,2,"flash-fire, white-smoke",flame-body,100,0.19,115,0.22,65,0.12,90,0.17,90,0.17,65,0.12,525,attack,205,255,average,322.92,2,slightly_specialized,0.82,top_tier,0.82,top_tier,3,6,0,0.0,uniform,attacker,uniform-attacker,75.0,1000.0,0.18,very_light,0,0.5,normal,184.0,0,75,50,20,bug,medium,tentacles,red,Radiator Pokémon,"When it heats up, its body temperature reaches about 1,500 degrees Fahrenheit. It lashes its body like a whip and launches itself at enemies.",sizzlipede --> centiskorch,2,2,1,1.0,1.0,2.0,1.0,0.25,0.5,0.5,1.0,1.0,2.0,1.0,0.5,4.0,1.0,1.0,1.0,0.5,0.5
852,clobbopus,clobbopus,8,fighting,,1,limber,technician,50,0.16,68,0.22,60,0.19,50,0.16,50,0.16,32,0.1,310,attack,118,160,slow,121.89,1,balanced,0.11,bottom_tier,0.11,bottom_tier,3,3,0,-1.5,uniform,weak_slow,uniform-weak_slow,0.6,4.0,11.11,light,0,0.5,normal,62.0,42,180,50,25,"water1, humanshape",medium-slow,tentacles,brown,Tantrum Pokémon,"It’s very curious, but its means of investigating things is to try to punch them with its tentacles. The search for food is what brings it onto land.",clobbopus --> grapploct,2,1,0,1.0,1.0,1.0,1.0,1.0,1.0,1.0,1.0,1.0,2.0,2.0,0.5,0.5,1.0,1.0,0.5,1.0,2.0
853,grapploct,grapploct,8,fighting,,1,limber,technician,80,0.17,118,0.25,90,0.19,70,0.15,80,0.17,42,0.09,480,attack,188,250,slow,514.67,3,specialized,0.27,lower_mid_tier,0.27,lower_mid_tier,3,3,0,-1.5,uniform,attacker,uniform-attacker,1.6,39.0,15.23,light,0,0.5,normal,168.0,50,45,50,25,"water1, humanshape",medium-slow,tentacles,blue,Jujitsu Pokémon,A body made up of nothing but muscle makes the grappling moves this Pokémon performs with its tentacles tremendously powerful.,clobbopus --> grapploct,2,2,1,1.0,1.0,1.0,1.0,1.0,1.0,1.0,1.0,1.0,2.0,2.0,0.5,0.5,1.0,1.0,0.5,1.0,2.0
854,sinistea,sinistea-phony,8,ghost,,1,weak-armor,cursed-body,40,0.13,45,0.15,45,0.15,74,0.24,54,0.18,50,0.16,308,sp_attack,119,139,slow,121.89,1,balanced,0.1,bottom_tier,0.1,bottom_tier,2,2,2,2.0,uniform,weak_slow,uniform-weak_slow,0.1,0.2,20.0,average,1,0.0,normal,62.0,46,120,50,20,"mineral, indeterminate",medium,ball,purple,Black Tea Pokémon,"This Pokémon is said to have been born when a lonely spirit possessed a cold, leftover cup of tea.",sinistea --> polteageist,2,1,0,0.0,1.0,1.0,1.0,1.0,1.0,0.0,0.5,1.0,1.0,1.0,0.5,1.0,2.0,1.0,2.0,1.0,1.0
854,sinistea,sinistea-antique,8,ghost,,1,weak-armor,cursed-body,40,0.13,45,0.15,45,0.15,74,0.24,54,0.18,50,0.16,308,sp_attack,119,139,slow,121.89,1,balanced,0.1,bottom_tier,0.1,bottom_tier,2,2,2,2.0,uniform,weak_slow,uniform-weak_slow,0.1,0.2,20.0,average,1,0.0,normal,62.0,46,120,50,20,"mineral, indeterminate",medium,ball,purple,Black Tea Pokémon,"This Pokémon is said to have been born when a lonely spirit possessed a cold, leftover cup of tea.",sinistea --> polteageist,2,1,0,0.0,1.0,1.0,1.0,1.0,1.0,0.0,0.5,1.0,1.0,1.0,0.5,1.0,2.0,1.0,2.0,1.0,1.0
855,polteageist,polteageist-phony,8,ghost,,1,weak-armor,cursed-body,60,0.12,65,0.13,65,0.13,134,0.26,114,0.22,70,0.14,508,sp_attack,199,239,average,815.22,5,specialized,0.74,upper_mid_tier,0.74,upper_mid_tier,2,2,2,2.0,uniform,attacker,uniform-attacker,0.2,0.4,10.0,light,1,0.0,normal,178.0,54,60,50,20,"mineral, indeterminate",medium,ball,purple,Black Tea Pokémon,"This species lives in antique teapots. Most pots are forgeries, but on rare occasions, an authentic work is found.",sinistea --> polteageist,2,2,1,0.0,1.0,1.0,1.0,1.0,1.0,0.0,0.5,1.0,1.0,1.0,0.5,1.0,2.0,1.0,2.0,1.0,1.0
855,polteageist,polteageist-antique,8,ghost,,1,weak-armor,cursed-body,60,0.12,65,0.13,65,0.13,134,0.26,114,0.22,70,0.14,508,sp_attack,199,239,average,815.22,5,specialized,0.74,upper_mid_tier,0.74,upper_mid_tier,2,2,2,2.0,uniform,attacker,uniform-attacker,0.2,0.4,10.0,light,1,0.0,normal,178.0,54,60,50,20,"mineral, indeterminate",medium,ball,purple,Black Tea Pokémon,"This species lives in antique teapots. Most pots are forgeries, but on rare occasions, an authentic work is found.",sinistea --> polteageist,2,2,1,0.0,1.0,1.0,1.0,1.0,1.0,0.0,0.5,1.0,1.0,1.0,0.5,1.0,2.0,1.0,2.0,1.0,1.0
856,hatenna,hatenna,8,psychic,,1,"healer, anticipation",magic-bounce,42,0.16,30,0.11,45,0.17,56,0.21,53,0.2,39,0.15,265,sp_attack,86,140,slow,75.14,1,balanced,0.05,bottom_tier,0.05,bottom_tier,3,2,0,-2.0,uniform,weak_slow,uniform-weak_slow,0.4,3.4,21.25,average,0,1.0,normal,53.0,51,235,50,20,fairy,slow,legs,pink,Calm Pokémon,"Via the protrusion on its head, it senses other creatures’ emotions. If you don’t have a calm disposition, it will never warm up to you.",hatenna --> hattrem --> hatterene,3,1,0,1.0,1.0,1.0,1.0,1.0,1.0,0.5,1.0,1.0,1.0,0.5,2.0,1.0,2.0,1.0,2.0,1.0,1.0
857,hattrem,hattrem,8,psychic,,1,"healer, anticipation",magic-bounce,57,0.15,40,0.11,65,0.18,86,0.23,73,0.2,49,0.13,370,sp_attack,126,195,slow,230.56,1,slightly_specialized,0.15,bottom_tier,0.15,bottom_tier,3,2,0,-2.0,uniform,weak_slow,uniform-weak_slow,0.6,4.8,13.33,light,0,1.0,normal,130.0,49,120,50,20,fairy,slow,humanoid,pink,Serene Pokémon,"No matter who you are, if you bring strong emotions near this Pokémon, it will silence you violently.",hatenna --> hattrem --> hatterene,3,2,0,1.0,1.0,1.0,1.0,1.0,1.0,0.5,1.0,1.0,1.0,0.5,2.0,1.0,2.0,1.0,2.0,1.0,1.0
858,hatterene,hatterene,8,psychic,fairy,2,"healer, anticipation",magic-bounce,57,0.11,90,0.18,95,0.19,136,0.27,103,0.2,29,0.06,510,sp_attack,226,255,slow,1161.67,5,highly_specialized,0.78,upper_mid_tier,0.78,upper_mid_tier,3,2,1,-0.5,uniform,attacker,uniform-attacker,2.1,5.1,1.16,very_light,0,1.0,normal,255.0,66,45,50,20,fairy,slow,blob,pink,Silent Pokémon,It emits psychic power strong enough to cause headaches as a deterrent to the approach of others.,hatenna --> hattrem --> hatterene,3,3,1,1.0,1.0,1.0,1.0,1.0,1.0,0.25,2.0,1.0,1.0,0.5,1.0,1.0,2.0,0.0,1.0,2.0,1.0
858,hatterene,hatterene-gmax,8,psychic,fairy,2,"healer, anticipation",magic-bounce,57,0.11,90,0.18,95,0.19,136,0.27,103,0.2,29,0.06,510,sp_attack,226,255,slow,1161.67,5,highly_specialized,0.78,upper_mid_tier,0.78,upper_mid_tier,3,2,1,-0.5,uniform,attacker,uniform-attacker,26.0,1000.0,1.48,very_light,0,1.0,normal,255.0,0,45,50,20,fairy,slow,blob,pink,Silent Pokémon,It emits psychic power strong enough to cause headaches as a deterrent to the approach of others.,hatenna --> hattrem --> hatterene,3,3,1,1.0,1.0,1.0,1.0,1.0,1.0,0.25,2.0,1.0,1.0,0.5,1.0,1.0,2.0,0.0,1.0,2.0,1.0
859,impidimp,impidimp,8,dark,fairy,2,"prankster, frisk",pickpocket,45,0.17,45,0.17,30,0.11,55,0.21,40,0.15,50,0.19,265,sp_attack,100,115,slow,61.81,1,balanced,0.05,bottom_tier,0.05,bottom_tier,3,2,2,1.0,uniform,weak_slow,uniform-weak_slow,0.4,5.5,34.37,heavy,0,0.0,normal,53.0,50,255,50,20,"fairy, humanshape",medium,humanoid,pink,Wily Pokémon,"Through its nose, it sucks in the emanations produced by people and Pokémon when they feel annoyed. It thrives off this negative energy.",impidimp --> morgrem --> grimmsnarl,3,1,0,1.0,1.0,1.0,1.0,1.0,1.0,1.0,2.0,1.0,1.0,0.0,1.0,1.0,0.5,0.0,0.25,2.0,2.0
860,morgrem,morgrem,8,dark,fairy,2,"prankster, frisk",pickpocket,65,0.18,60,0.16,45,0.12,75,0.2,55,0.15,70,0.19,370,sp_attack,135,165,average,97.22,1,balanced,0.15,bottom_tier,0.15,bottom_tier,3,2,2,1.0,uniform,fragile,uniform-fragile,0.8,12.5,19.53,average,0,0.0,normal,130.0,52,120,50,20,"fairy, humanshape",medium,humanoid,pink,Devious Pokémon,"When it gets down on all fours as if to beg for forgiveness, it’s trying to lure opponents in so that it can stab them with its spear-like hair.",impidimp --> morgrem --> grimmsnarl,3,2,0,1.0,1.0,1.0,1.0,1.0,1.0,1.0,2.0,1.0,1.0,0.0,1.0,1.0,0.5,0.0,0.25,2.0,2.0
861,grimmsnarl,grimmsnarl,8,dark,fairy,2,"prankster, frisk",pickpocket,95,0.19,120,0.24,65,0.13,95,0.19,75,0.15,60,0.12,510,attack,215,235,average,425.0,2,slightly_specialized,0.78,upper_mid_tier,0.78,upper_mid_tier,3,2,2,1.0,uniform,glass_cannon,uniform-glass_cannon,1.5,61.0,27.11,average,0,0.0,normal,255.0,75,45,50,20,"fairy, humanshape",medium,humanoid,purple,Bulk Up Pokémon,"With the hair wrapped around its body helping to enhance its muscles, this Pokémon can overwhelm even Machamp.",impidimp --> morgrem --> grimmsnarl,3,3,1,1.0,1.0,1.0,1.0,1.0,1.0,1.0,2.0,1.0,1.0,0.0,1.0,1.0,0.5,0.0,0.25,2.0,2.0
861,grimmsnarl,grimmsnarl-gmax,8,dark,fairy,2,"prankster, frisk",pickpocket,95,0.19,120,0.24,65,0.13,95,0.19,75,0.15,60,0.12,510,attack,215,235,average,425.0,2,slightly_specialized,0.78,upper_mid_tier,0.78,upper_mid_tier,3,2,2,1.0,uniform,glass_cannon,uniform-glass_cannon,32.0,1000.0,0.98,very_light,0,0.0,normal,255.0,0,45,50,20,"fairy, humanshape",medium,humanoid,purple,Bulk Up Pokémon,"With the hair wrapped around its body helping to enhance its muscles, this Pokémon can overwhelm even Machamp.",impidimp --> morgrem --> grimmsnarl,3,3,1,1.0,1.0,1.0,1.0,1.0,1.0,1.0,2.0,1.0,1.0,0.0,1.0,1.0,0.5,0.0,0.25,2.0,2.0
862,obstagoon,obstagoon,8,dark,normal,2,"reckless, guts",defiant,93,0.18,90,0.17,101,0.19,60,0.12,81,0.16,95,0.18,520,defense,150,275,average,178.22,1,balanced,0.81,top_tier,0.81,top_tier,3,1,2,0.5,uniform,bulky_speedster,uniform-bulky_speedster,1.6,46.0,17.97,average,0,0.5,normal,260.0,81,45,50,15,ground,medium,upright,gray,Blocking Pokémon,Its voice is staggering in volume. Obstagoon has a tendency to take on a threatening posture and shout—this move is known as Obstruct.,zigzagoon --> linoone --> obstagoon,3,3,1,1.0,1.0,1.0,1.0,1.0,1.0,4.0,1.0,1.0,1.0,0.0,2.0,1.0,0.0,1.0,0.5,1.0,2.0
863,perrserker,perrserker,8,steel,,1,"battle-armor, tough-claws",steely-spirit,70,0.16,110,0.25,100,0.23,50,0.11,60,0.14,50,0.11,440,attack,160,230,slow,555.56,3,specialized,0.2,bottom_tier,0.2,bottom_tier,3,10,1,3.5,uniform,weak_slow,uniform-weak_slow,0.8,28.0,43.75,heavy,0,0.5,normal,154.0,78,90,50,20,ground,medium,upright,brown,Viking Pokémon,What appears to be an iron helmet is actually hardened hair. This Pokémon lives for the thrill of battle.,meowth --> persian,2,2,1,0.5,2.0,1.0,1.0,0.5,0.5,2.0,0.0,2.0,0.5,0.5,0.5,0.5,1.0,0.5,1.0,0.5,0.5
864,cursola,cursola,8,ghost,,1,weak-armor,perish-body,60,0.12,95,0.19,50,0.1,145,0.28,130,0.25,30,0.06,510,sp_attack,240,240,slow,1766.67,5,extreme,0.78,upper_mid_tier,0.78,upper_mid_tier,2,2,2,2.0,uniform,attacker,uniform-attacker,1.0,0.4,0.4,very_light,0,0.75,normal,179.0,69,30,50,20,"water1, water3",fast,arms,white,Coral Pokémon,Its shell is overflowing with its heightened otherworldly energy. The ectoplasm serves as protection for this Pokémon’s core spirit.,corsola --> cursola,2,2,1,0.0,1.0,1.0,1.0,1.0,1.0,0.0,0.5,1.0,1.0,1.0,0.5,1.0,2.0,1.0,2.0,1.0,1.0
865,sirfetchd,sirfetchd,8,fighting,,1,steadfast,scrappy,62,0.12,135,0.27,95,0.19,68,0.13,82,0.16,65,0.13,507,attack,203,239,average,637.58,5,specialized,0.74,upper_mid_tier,0.74,upper_mid_tier,3,3,0,-1.5,uniform,attacker,uniform-attacker,0.8,117.0,182.81,heavy,0,0.5,normal,177.0,44,45,50,20,"flying, ground",medium,wings,white,Wild Duck Pokémon,"Only Farfetch’d that have survived many battles can attain this evolution. When this Pokémon’s leek withers, it will retire from combat.",farfetchd --> sirfetchd,2,2,1,1.0,1.0,1.0,1.0,1.0,1.0,1.0,1.0,1.0,2.0,2.0,0.5,0.5,1.0,1.0,0.5,1.0,2.0
866,mr-rime,mr-rime,8,ice,psychic,2,"tangled-feet, screen-cleaner",ice-body,80,0.15,85,0.16,75,0.14,110,0.21,100,0.19,70,0.13,520,sp_attack,195,255,average,197.22,1,balanced,0.81,top_tier,0.81,top_tier,6,2,0,-5.0,uniform,attacker,uniform-attacker,1.5,58.2,25.87,average,0,0.5,normal,182.0,89,45,50,25,humanshape,medium,humanoid,purple,Comedian Pokémon,It’s highly skilled at tap-dancing. It waves its cane of ice in time with its graceful movements.,mime-jr --> mr-mime --> mr-rime,3,3,1,1.0,2.0,1.0,1.0,1.0,0.5,1.0,1.0,1.0,1.0,0.5,2.0,2.0,2.0,1.0,2.0,2.0,1.0
867,runerigus,runerigus,8,ground,ghost,2,wandering-spirit,,58,0.12,95,0.2,145,0.3,50,0.1,105,0.22,30,0.06,483,defense,145,308,slow,1492.92,5,extreme,0.28,lower_mid_tier,0.28,lower_mid_tier,5,3,3,1.0,uniform,tank,uniform-tank,1.6,66.6,26.02,average,0,0.5,normal,169.0,67,90,50,25,"mineral, indeterminate",medium,blob,gray,Grudge Pokémon,"A powerful curse was woven into an ancient painting. After absorbing the spirit of a Yamask, the painting began to move.",yamask --> cofagrigus,2,2,1,0.0,1.0,2.0,0.0,2.0,2.0,0.0,0.25,1.0,1.0,1.0,0.5,0.5,2.0,1.0,2.0,1.0,1.0
868,milcery,milcery,8,fairy,,1,sweet-veil,aroma-veil,45,0.17,40,0.15,40,0.15,50,0.19,61,0.23,34,0.13,270,sp_defense,90,146,slow,75.33,1,balanced,0.06,bottom_tier,0.06,bottom_tier,2,3,1,1.0,uniform,weak_slow,uniform-weak_slow,0.2,0.3,7.5,light,0,1.0,normal,54.0,27,200,50,20,"fairy, indeterminate",medium,ball,white,Cream Pokémon,This Pokémon was born from sweet-smelling particles in the air. Its body is made of cream.,milcery --> alcremie,2,1,0,1.0,1.0,1.0,1.0,1.0,1.0,0.5,2.0,1.0,1.0,1.0,0.5,1.0,1.0,0.0,0.5,2.0,1.0
869,alcremie,alcremie-vanilla-cream-strawberry-sweet,8,fairy,,1,sweet-veil,aroma-veil,65,0.13,60,0.12,75,0.15,110,0.22,121,0.24,64,0.13,495,sp_defense,170,261,average,574.92,3,specialized,0.49,mid_tier,0.49,mid_tier,2,3,1,1.0,uniform,tank,uniform-tank,0.3,0.5,5.56,very_light,0,1.0,normal,173.0,55,100,50,20,"fairy, indeterminate",medium,blob,white,Cream Pokémon,"When it trusts a Trainer, it will treat them to berries it’s decorated with cream.",milcery --> alcremie,2,2,1,1.0,1.0,1.0,1.0,1.0,1.0,0.5,2.0,1.0,1.0,1.0,0.5,1.0,1.0,0.0,0.5,2.0,1.0
869,alcremie,alcremie-ruby-cream-strawberry-sweet,8,fairy,,1,sweet-veil,aroma-veil,65,0.13,60,0.12,75,0.15,110,0.22,121,0.24,64,0.13,495,sp_defense,170,261,average,574.92,3,specialized,0.49,mid_tier,0.49,mid_tier,2,3,1,1.0,uniform,tank,uniform-tank,0.3,0.5,5.56,very_light,0,1.0,normal,173.0,55,100,50,20,"fairy, indeterminate",medium,blob,white,Cream Pokémon,"When it trusts a Trainer, it will treat them to berries it’s decorated with cream.",milcery --> alcremie,2,2,1,1.0,1.0,1.0,1.0,1.0,1.0,0.5,2.0,1.0,1.0,1.0,0.5,1.0,1.0,0.0,0.5,2.0,1.0
869,alcremie,alcremie-matcha-cream-strawberry-sweet,8,fairy,,1,sweet-veil,aroma-veil,65,0.13,60,0.12,75,0.15,110,0.22,121,0.24,64,0.13,495,sp_defense,170,261,average,574.92,3,specialized,0.49,mid_tier,0.49,mid_tier,2,3,1,1.0,uniform,tank,uniform-tank,0.3,0.5,5.56,very_light,0,1.0,normal,173.0,55,100,50,20,"fairy, indeterminate",medium,blob,white,Cream Pokémon,"When it trusts a Trainer, it will treat them to berries it’s decorated with cream.",milcery --> alcremie,2,2,1,1.0,1.0,1.0,1.0,1.0,1.0,0.5,2.0,1.0,1.0,1.0,0.5,1.0,1.0,0.0,0.5,2.0,1.0
869,alcremie,alcremie-mint-cream-strawberry-sweet,8,fairy,,1,sweet-veil,aroma-veil,65,0.13,60,0.12,75,0.15,110,0.22,121,0.24,64,0.13,495,sp_defense,170,261,average,574.92,3,specialized,0.49,mid_tier,0.49,mid_tier,2,3,1,1.0,uniform,tank,uniform-tank,0.3,0.5,5.56,very_light,0,1.0,normal,173.0,55,100,50,20,"fairy, indeterminate",medium,blob,white,Cream Pokémon,"When it trusts a Trainer, it will treat them to berries it’s decorated with cream.",milcery --> alcremie,2,2,1,1.0,1.0,1.0,1.0,1.0,1.0,0.5,2.0,1.0,1.0,1.0,0.5,1.0,1.0,0.0,0.5,2.0,1.0
869,alcremie,alcremie-lemon-cream-strawberry-sweet,8,fairy,,1,sweet-veil,aroma-veil,65,0.13,60,0.12,75,0.15,110,0.22,121,0.24,64,0.13,495,sp_defense,170,261,average,574.92,3,specialized,0.49,mid_tier,0.49,mid_tier,2,3,1,1.0,uniform,tank,uniform-tank,0.3,0.5,5.56,very_light,0,1.0,normal,173.0,55,100,50,20,"fairy, indeterminate",medium,blob,white,Cream Pokémon,"When it trusts a Trainer, it will treat them to berries it’s decorated with cream.",milcery --> alcremie,2,2,1,1.0,1.0,1.0,1.0,1.0,1.0,0.5,2.0,1.0,1.0,1.0,0.5,1.0,1.0,0.0,0.5,2.0,1.0
869,alcremie,alcremie-salted-cream-strawberry-sweet,8,fairy,,1,sweet-veil,aroma-veil,65,0.13,60,0.12,75,0.15,110,0.22,121,0.24,64,0.13,495,sp_defense,170,261,average,574.92,3,specialized,0.49,mid_tier,0.49,mid_tier,2,3,1,1.0,uniform,tank,uniform-tank,0.3,0.5,5.56,very_light,0,1.0,normal,173.0,55,100,50,20,"fairy, indeterminate",medium,blob,white,Cream Pokémon,"When it trusts a Trainer, it will treat them to berries it’s decorated with cream.",milcery --> alcremie,2,2,1,1.0,1.0,1.0,1.0,1.0,1.0,0.5,2.0,1.0,1.0,1.0,0.5,1.0,1.0,0.0,0.5,2.0,1.0
869,alcremie,alcremie-ruby-swirl-strawberry-sweet,8,fairy,,1,sweet-veil,aroma-veil,65,0.13,60,0.12,75,0.15,110,0.22,121,0.24,64,0.13,495,sp_defense,170,261,average,574.92,3,specialized,0.49,mid_tier,0.49,mid_tier,2,3,1,1.0,uniform,tank,uniform-tank,0.3,0.5,5.56,very_light,0,1.0,normal,173.0,55,100,50,20,"fairy, indeterminate",medium,blob,white,Cream Pokémon,"When it trusts a Trainer, it will treat them to berries it’s decorated with cream.",milcery --> alcremie,2,2,1,1.0,1.0,1.0,1.0,1.0,1.0,0.5,2.0,1.0,1.0,1.0,0.5,1.0,1.0,0.0,0.5,2.0,1.0
869,alcremie,alcremie-caramel-swirl-strawberry-sweet,8,fairy,,1,sweet-veil,aroma-veil,65,0.13,60,0.12,75,0.15,110,0.22,121,0.24,64,0.13,495,sp_defense,170,261,average,574.92,3,specialized,0.49,mid_tier,0.49,mid_tier,2,3,1,1.0,uniform,tank,uniform-tank,0.3,0.5,5.56,very_light,0,1.0,normal,173.0,55,100,50,20,"fairy, indeterminate",medium,blob,white,Cream Pokémon,"When it trusts a Trainer, it will treat them to berries it’s decorated with cream.",milcery --> alcremie,2,2,1,1.0,1.0,1.0,1.0,1.0,1.0,0.5,2.0,1.0,1.0,1.0,0.5,1.0,1.0,0.0,0.5,2.0,1.0
869,alcremie,alcremie-rainbow-swirl-strawberry-sweet,8,fairy,,1,sweet-veil,aroma-veil,65,0.13,60,0.12,75,0.15,110,0.22,121,0.24,64,0.13,495,sp_defense,170,261,average,574.92,3,specialized,0.49,mid_tier,0.49,mid_tier,2,3,1,1.0,uniform,tank,uniform-tank,0.3,0.5,5.56,very_light,0,1.0,normal,173.0,55,100,50,20,"fairy, indeterminate",medium,blob,white,Cream Pokémon,"When it trusts a Trainer, it will treat them to berries it’s decorated with cream.",milcery --> alcremie,2,2,1,1.0,1.0,1.0,1.0,1.0,1.0,0.5,2.0,1.0,1.0,1.0,0.5,1.0,1.0,0.0,0.5,2.0,1.0
869,alcremie,alcremie-vanilla-cream-berry-sweet,8,fairy,,1,sweet-veil,aroma-veil,65,0.13,60,0.12,75,0.15,110,0.22,121,0.24,64,0.13,495,sp_defense,170,261,average,574.92,3,specialized,0.49,mid_tier,0.49,mid_tier,2,3,1,1.0,uniform,tank,uniform-tank,0.3,0.5,5.56,very_light,0,1.0,normal,173.0,55,100,50,20,"fairy, indeterminate",medium,blob,white,Cream Pokémon,"When it trusts a Trainer, it will treat them to berries it’s decorated with cream.",milcery --> alcremie,2,2,1,1.0,1.0,1.0,1.0,1.0,1.0,0.5,2.0,1.0,1.0,1.0,0.5,1.0,1.0,0.0,0.5,2.0,1.0
869,alcremie,alcremie-ruby-cream-berry-sweet,8,fairy,,1,sweet-veil,aroma-veil,65,0.13,60,0.12,75,0.15,110,0.22,121,0.24,64,0.13,495,sp_defense,170,261,average,574.92,3,specialized,0.49,mid_tier,0.49,mid_tier,2,3,1,1.0,uniform,tank,uniform-tank,0.3,0.5,5.56,very_light,0,1.0,normal,173.0,55,100,50,20,"fairy, indeterminate",medium,blob,white,Cream Pokémon,"When it trusts a Trainer, it will treat them to berries it’s decorated with cream.",milcery --> alcremie,2,2,1,1.0,1.0,1.0,1.0,1.0,1.0,0.5,2.0,1.0,1.0,1.0,0.5,1.0,1.0,0.0,0.5,2.0,1.0
869,alcremie,alcremie-matcha-cream-berry-sweet,8,fairy,,1,sweet-veil,aroma-veil,65,0.13,60,0.12,75,0.15,110,0.22,121,0.24,64,0.13,495,sp_defense,170,261,average,574.92,3,specialized,0.49,mid_tier,0.49,mid_tier,2,3,1,1.0,uniform,tank,uniform-tank,0.3,0.5,5.56,very_light,0,1.0,normal,173.0,55,100,50,20,"fairy, indeterminate",medium,blob,white,Cream Pokémon,"When it trusts a Trainer, it will treat them to berries it’s decorated with cream.",milcery --> alcremie,2,2,1,1.0,1.0,1.0,1.0,1.0,1.0,0.5,2.0,1.0,1.0,1.0,0.5,1.0,1.0,0.0,0.5,2.0,1.0
869,alcremie,alcremie-mint-cream-berry-sweet,8,fairy,,1,sweet-veil,aroma-veil,65,0.13,60,0.12,75,0.15,110,0.22,121,0.24,64,0.13,495,sp_defense,170,261,average,574.92,3,specialized,0.49,mid_tier,0.49,mid_tier,2,3,1,1.0,uniform,tank,uniform-tank,0.3,0.5,5.56,very_light,0,1.0,normal,173.0,55,100,50,20,"fairy, indeterminate",medium,blob,white,Cream Pokémon,"When it trusts a Trainer, it will treat them to berries it’s decorated with cream.",milcery --> alcremie,2,2,1,1.0,1.0,1.0,1.0,1.0,1.0,0.5,2.0,1.0,1.0,1.0,0.5,1.0,1.0,0.0,0.5,2.0,1.0
869,alcremie,alcremie-lemon-cream-berry-sweet,8,fairy,,1,sweet-veil,aroma-veil,65,0.13,60,0.12,75,0.15,110,0.22,121,0.24,64,0.13,495,sp_defense,170,261,average,574.92,3,specialized,0.49,mid_tier,0.49,mid_tier,2,3,1,1.0,uniform,tank,uniform-tank,0.3,0.5,5.56,very_light,0,1.0,normal,173.0,55,100,50,20,"fairy, indeterminate",medium,blob,white,Cream Pokémon,"When it trusts a Trainer, it will treat them to berries it’s decorated with cream.",milcery --> alcremie,2,2,1,1.0,1.0,1.0,1.0,1.0,1.0,0.5,2.0,1.0,1.0,1.0,0.5,1.0,1.0,0.0,0.5,2.0,1.0
869,alcremie,alcremie-salted-cream-berry-sweet,8,fairy,,1,sweet-veil,aroma-veil,65,0.13,60,0.12,75,0.15,110,0.22,121,0.24,64,0.13,495,sp_defense,170,261,average,574.92,3,specialized,0.49,mid_tier,0.49,mid_tier,2,3,1,1.0,uniform,tank,uniform-tank,0.3,0.5,5.56,very_light,0,1.0,normal,173.0,55,100,50,20,"fairy, indeterminate",medium,blob,white,Cream Pokémon,"When it trusts a Trainer, it will treat them to berries it’s decorated with cream.",milcery --> alcremie,2,2,1,1.0,1.0,1.0,1.0,1.0,1.0,0.5,2.0,1.0,1.0,1.0,0.5,1.0,1.0,0.0,0.5,2.0,1.0
869,alcremie,alcremie-ruby-swirl-berry-sweet,8,fairy,,1,sweet-veil,aroma-veil,65,0.13,60,0.12,75,0.15,110,0.22,121,0.24,64,0.13,495,sp_defense,170,261,average,574.92,3,specialized,0.49,mid_tier,0.49,mid_tier,2,3,1,1.0,uniform,tank,uniform-tank,0.3,0.5,5.56,very_light,0,1.0,normal,173.0,55,100,50,20,"fairy, indeterminate",medium,blob,white,Cream Pokémon,"When it trusts a Trainer, it will treat them to berries it’s decorated with cream.",milcery --> alcremie,2,2,1,1.0,1.0,1.0,1.0,1.0,1.0,0.5,2.0,1.0,1.0,1.0,0.5,1.0,1.0,0.0,0.5,2.0,1.0
869,alcremie,alcremie-caramel-swirl-berry-sweet,8,fairy,,1,sweet-veil,aroma-veil,65,0.13,60,0.12,75,0.15,110,0.22,121,0.24,64,0.13,495,sp_defense,170,261,average,574.92,3,specialized,0.49,mid_tier,0.49,mid_tier,2,3,1,1.0,uniform,tank,uniform-tank,0.3,0.5,5.56,very_light,0,1.0,normal,173.0,55,100,50,20,"fairy, indeterminate",medium,blob,white,Cream Pokémon,"When it trusts a Trainer, it will treat them to berries it’s decorated with cream.",milcery --> alcremie,2,2,1,1.0,1.0,1.0,1.0,1.0,1.0,0.5,2.0,1.0,1.0,1.0,0.5,1.0,1.0,0.0,0.5,2.0,1.0
869,alcremie,alcremie-rainbow-swirl-berry-sweet,8,fairy,,1,sweet-veil,aroma-veil,65,0.13,60,0.12,75,0.15,110,0.22,121,0.24,64,0.13,495,sp_defense,170,261,average,574.92,3,specialized,0.49,mid_tier,0.49,mid_tier,2,3,1,1.0,uniform,tank,uniform-tank,0.3,0.5,5.56,very_light,0,1.0,normal,173.0,55,100,50,20,"fairy, indeterminate",medium,blob,white,Cream Pokémon,"When it trusts a Trainer, it will treat them to berries it’s decorated with cream.",milcery --> alcremie,2,2,1,1.0,1.0,1.0,1.0,1.0,1.0,0.5,2.0,1.0,1.0,1.0,0.5,1.0,1.0,0.0,0.5,2.0,1.0
869,alcremie,alcremie-vanilla-cream-love-sweet,8,fairy,,1,sweet-veil,aroma-veil,65,0.13,60,0.12,75,0.15,110,0.22,121,0.24,64,0.13,495,sp_defense,170,261,average,574.92,3,specialized,0.49,mid_tier,0.49,mid_tier,2,3,1,1.0,uniform,tank,uniform-tank,0.3,0.5,5.56,very_light,0,1.0,normal,173.0,55,100,50,20,"fairy, indeterminate",medium,blob,white,Cream Pokémon,"When it trusts a Trainer, it will treat them to berries it’s decorated with cream.",milcery --> alcremie,2,2,1,1.0,1.0,1.0,1.0,1.0,1.0,0.5,2.0,1.0,1.0,1.0,0.5,1.0,1.0,0.0,0.5,2.0,1.0
869,alcremie,alcremie-ruby-cream-love-sweet,8,fairy,,1,sweet-veil,aroma-veil,65,0.13,60,0.12,75,0.15,110,0.22,121,0.24,64,0.13,495,sp_defense,170,261,average,574.92,3,specialized,0.49,mid_tier,0.49,mid_tier,2,3,1,1.0,uniform,tank,uniform-tank,0.3,0.5,5.56,very_light,0,1.0,normal,173.0,55,100,50,20,"fairy, indeterminate",medium,blob,white,Cream Pokémon,"When it trusts a Trainer, it will treat them to berries it’s decorated with cream.",milcery --> alcremie,2,2,1,1.0,1.0,1.0,1.0,1.0,1.0,0.5,2.0,1.0,1.0,1.0,0.5,1.0,1.0,0.0,0.5,2.0,1.0
869,alcremie,alcremie-matcha-cream-love-sweet,8,fairy,,1,sweet-veil,aroma-veil,65,0.13,60,0.12,75,0.15,110,0.22,121,0.24,64,0.13,495,sp_defense,170,261,average,574.92,3,specialized,0.49,mid_tier,0.49,mid_tier,2,3,1,1.0,uniform,tank,uniform-tank,0.3,0.5,5.56,very_light,0,1.0,normal,173.0,55,100,50,20,"fairy, indeterminate",medium,blob,white,Cream Pokémon,"When it trusts a Trainer, it will treat them to berries it’s decorated with cream.",milcery --> alcremie,2,2,1,1.0,1.0,1.0,1.0,1.0,1.0,0.5,2.0,1.0,1.0,1.0,0.5,1.0,1.0,0.0,0.5,2.0,1.0
869,alcremie,alcremie-mint-cream-love-sweet,8,fairy,,1,sweet-veil,aroma-veil,65,0.13,60,0.12,75,0.15,110,0.22,121,0.24,64,0.13,495,sp_defense,170,261,average,574.92,3,specialized,0.49,mid_tier,0.49,mid_tier,2,3,1,1.0,uniform,tank,uniform-tank,0.3,0.5,5.56,very_light,0,1.0,normal,173.0,55,100,50,20,"fairy, indeterminate",medium,blob,white,Cream Pokémon,"When it trusts a Trainer, it will treat them to berries it’s decorated with cream.",milcery --> alcremie,2,2,1,1.0,1.0,1.0,1.0,1.0,1.0,0.5,2.0,1.0,1.0,1.0,0.5,1.0,1.0,0.0,0.5,2.0,1.0
869,alcremie,alcremie-lemon-cream-love-sweet,8,fairy,,1,sweet-veil,aroma-veil,65,0.13,60,0.12,75,0.15,110,0.22,121,0.24,64,0.13,495,sp_defense,170,261,average,574.92,3,specialized,0.49,mid_tier,0.49,mid_tier,2,3,1,1.0,uniform,tank,uniform-tank,0.3,0.5,5.56,very_light,0,1.0,normal,173.0,55,100,50,20,"fairy, indeterminate",medium,blob,white,Cream Pokémon,"When it trusts a Trainer, it will treat them to berries it’s decorated with cream.",milcery --> alcremie,2,2,1,1.0,1.0,1.0,1.0,1.0,1.0,0.5,2.0,1.0,1.0,1.0,0.5,1.0,1.0,0.0,0.5,2.0,1.0
869,alcremie,alcremie-salted-cream-love-sweet,8,fairy,,1,sweet-veil,aroma-veil,65,0.13,60,0.12,75,0.15,110,0.22,121,0.24,64,0.13,495,sp_defense,170,261,average,574.92,3,specialized,0.49,mid_tier,0.49,mid_tier,2,3,1,1.0,uniform,tank,uniform-tank,0.3,0.5,5.56,very_light,0,1.0,normal,173.0,55,100,50,20,"fairy, indeterminate",medium,blob,white,Cream Pokémon,"When it trusts a Trainer, it will treat them to berries it’s decorated with cream.",milcery --> alcremie,2,2,1,1.0,1.0,1.0,1.0,1.0,1.0,0.5,2.0,1.0,1.0,1.0,0.5,1.0,1.0,0.0,0.5,2.0,1.0
869,alcremie,alcremie-ruby-swirl-love-sweet,8,fairy,,1,sweet-veil,aroma-veil,65,0.13,60,0.12,75,0.15,110,0.22,121,0.24,64,0.13,495,sp_defense,170,261,average,574.92,3,specialized,0.49,mid_tier,0.49,mid_tier,2,3,1,1.0,uniform,tank,uniform-tank,0.3,0.5,5.56,very_light,0,1.0,normal,173.0,55,100,50,20,"fairy, indeterminate",medium,blob,white,Cream Pokémon,"When it trusts a Trainer, it will treat them to berries it’s decorated with cream.",milcery --> alcremie,2,2,1,1.0,1.0,1.0,1.0,1.0,1.0,0.5,2.0,1.0,1.0,1.0,0.5,1.0,1.0,0.0,0.5,2.0,1.0
869,alcremie,alcremie-caramel-swirl-love-sweet,8,fairy,,1,sweet-veil,aroma-veil,65,0.13,60,0.12,75,0.15,110,0.22,121,0.24,64,0.13,495,sp_defense,170,261,average,574.92,3,specialized,0.49,mid_tier,0.49,mid_tier,2,3,1,1.0,uniform,tank,uniform-tank,0.3,0.5,5.56,very_light,0,1.0,normal,173.0,55,100,50,20,"fairy, indeterminate",medium,blob,white,Cream Pokémon,"When it trusts a Trainer, it will treat them to berries it’s decorated with cream.",milcery --> alcremie,2,2,1,1.0,1.0,1.0,1.0,1.0,1.0,0.5,2.0,1.0,1.0,1.0,0.5,1.0,1.0,0.0,0.5,2.0,1.0
869,alcremie,alcremie-rainbow-swirl-love-sweet,8,fairy,,1,sweet-veil,aroma-veil,65,0.13,60,0.12,75,0.15,110,0.22,121,0.24,64,0.13,495,sp_defense,170,261,average,574.92,3,specialized,0.49,mid_tier,0.49,mid_tier,2,3,1,1.0,uniform,tank,uniform-tank,0.3,0.5,5.56,very_light,0,1.0,normal,173.0,55,100,50,20,"fairy, indeterminate",medium,blob,white,Cream Pokémon,"When it trusts a Trainer, it will treat them to berries it’s decorated with cream.",milcery --> alcremie,2,2,1,1.0,1.0,1.0,1.0,1.0,1.0,0.5,2.0,1.0,1.0,1.0,0.5,1.0,1.0,0.0,0.5,2.0,1.0
869,alcremie,alcremie-vanilla-cream-star-sweet,8,fairy,,1,sweet-veil,aroma-veil,65,0.13,60,0.12,75,0.15,110,0.22,121,0.24,64,0.13,495,sp_defense,170,261,average,574.92,3,specialized,0.49,mid_tier,0.49,mid_tier,2,3,1,1.0,uniform,tank,uniform-tank,0.3,0.5,5.56,very_light,0,1.0,normal,173.0,55,100,50,20,"fairy, indeterminate",medium,blob,white,Cream Pokémon,"When it trusts a Trainer, it will treat them to berries it’s decorated with cream.",milcery --> alcremie,2,2,1,1.0,1.0,1.0,1.0,1.0,1.0,0.5,2.0,1.0,1.0,1.0,0.5,1.0,1.0,0.0,0.5,2.0,1.0
869,alcremie,alcremie-ruby-cream-star-sweet,8,fairy,,1,sweet-veil,aroma-veil,65,0.13,60,0.12,75,0.15,110,0.22,121,0.24,64,0.13,495,sp_defense,170,261,average,574.92,3,specialized,0.49,mid_tier,0.49,mid_tier,2,3,1,1.0,uniform,tank,uniform-tank,0.3,0.5,5.56,very_light,0,1.0,normal,173.0,55,100,50,20,"fairy, indeterminate",medium,blob,white,Cream Pokémon,"When it trusts a Trainer, it will treat them to berries it’s decorated with cream.",milcery --> alcremie,2,2,1,1.0,1.0,1.0,1.0,1.0,1.0,0.5,2.0,1.0,1.0,1.0,0.5,1.0,1.0,0.0,0.5,2.0,1.0
869,alcremie,alcremie-matcha-cream-star-sweet,8,fairy,,1,sweet-veil,aroma-veil,65,0.13,60,0.12,75,0.15,110,0.22,121,0.24,64,0.13,495,sp_defense,170,261,average,574.92,3,specialized,0.49,mid_tier,0.49,mid_tier,2,3,1,1.0,uniform,tank,uniform-tank,0.3,0.5,5.56,very_light,0,1.0,normal,173.0,55,100,50,20,"fairy, indeterminate",medium,blob,white,Cream Pokémon,"When it trusts a Trainer, it will treat them to berries it’s decorated with cream.",milcery --> alcremie,2,2,1,1.0,1.0,1.0,1.0,1.0,1.0,0.5,2.0,1.0,1.0,1.0,0.5,1.0,1.0,0.0,0.5,2.0,1.0
869,alcremie,alcremie-mint-cream-star-sweet,8,fairy,,1,sweet-veil,aroma-veil,65,0.13,60,0.12,75,0.15,110,0.22,121,0.24,64,0.13,495,sp_defense,170,261,average,574.92,3,specialized,0.49,mid_tier,0.49,mid_tier,2,3,1,1.0,uniform,tank,uniform-tank,0.3,0.5,5.56,very_light,0,1.0,normal,173.0,55,100,50,20,"fairy, indeterminate",medium,blob,white,Cream Pokémon,"When it trusts a Trainer, it will treat them to berries it’s decorated with cream.",milcery --> alcremie,2,2,1,1.0,1.0,1.0,1.0,1.0,1.0,0.5,2.0,1.0,1.0,1.0,0.5,1.0,1.0,0.0,0.5,2.0,1.0
869,alcremie,alcremie-lemon-cream-star-sweet,8,fairy,,1,sweet-veil,aroma-veil,65,0.13,60,0.12,75,0.15,110,0.22,121,0.24,64,0.13,495,sp_defense,170,261,average,574.92,3,specialized,0.49,mid_tier,0.49,mid_tier,2,3,1,1.0,uniform,tank,uniform-tank,0.3,0.5,5.56,very_light,0,1.0,normal,173.0,55,100,50,20,"fairy, indeterminate",medium,blob,white,Cream Pokémon,"When it trusts a Trainer, it will treat them to berries it’s decorated with cream.",milcery --> alcremie,2,2,1,1.0,1.0,1.0,1.0,1.0,1.0,0.5,2.0,1.0,1.0,1.0,0.5,1.0,1.0,0.0,0.5,2.0,1.0
869,alcremie,alcremie-salted-cream-star-sweet,8,fairy,,1,sweet-veil,aroma-veil,65,0.13,60,0.12,75,0.15,110,0.22,121,0.24,64,0.13,495,sp_defense,170,261,average,574.92,3,specialized,0.49,mid_tier,0.49,mid_tier,2,3,1,1.0,uniform,tank,uniform-tank,0.3,0.5,5.56,very_light,0,1.0,normal,173.0,55,100,50,20,"fairy, indeterminate",medium,blob,white,Cream Pokémon,"When it trusts a Trainer, it will treat them to berries it’s decorated with cream.",milcery --> alcremie,2,2,1,1.0,1.0,1.0,1.0,1.0,1.0,0.5,2.0,1.0,1.0,1.0,0.5,1.0,1.0,0.0,0.5,2.0,1.0
869,alcremie,alcremie-ruby-swirl-star-sweet,8,fairy,,1,sweet-veil,aroma-veil,65,0.13,60,0.12,75,0.15,110,0.22,121,0.24,64,0.13,495,sp_defense,170,261,average,574.92,3,specialized,0.49,mid_tier,0.49,mid_tier,2,3,1,1.0,uniform,tank,uniform-tank,0.3,0.5,5.56,very_light,0,1.0,normal,173.0,55,100,50,20,"fairy, indeterminate",medium,blob,white,Cream Pokémon,"When it trusts a Trainer, it will treat them to berries it’s decorated with cream.",milcery --> alcremie,2,2,1,1.0,1.0,1.0,1.0,1.0,1.0,0.5,2.0,1.0,1.0,1.0,0.5,1.0,1.0,0.0,0.5,2.0,1.0
869,alcremie,alcremie-caramel-swirl-star-sweet,8,fairy,,1,sweet-veil,aroma-veil,65,0.13,60,0.12,75,0.15,110,0.22,121,0.24,64,0.13,495,sp_defense,170,261,average,574.92,3,specialized,0.49,mid_tier,0.49,mid_tier,2,3,1,1.0,uniform,tank,uniform-tank,0.3,0.5,5.56,very_light,0,1.0,normal,173.0,55,100,50,20,"fairy, indeterminate",medium,blob,white,Cream Pokémon,"When it trusts a Trainer, it will treat them to berries it’s decorated with cream.",milcery --> alcremie,2,2,1,1.0,1.0,1.0,1.0,1.0,1.0,0.5,2.0,1.0,1.0,1.0,0.5,1.0,1.0,0.0,0.5,2.0,1.0
869,alcremie,alcremie-rainbow-swirl-star-sweet,8,fairy,,1,sweet-veil,aroma-veil,65,0.13,60,0.12,75,0.15,110,0.22,121,0.24,64,0.13,495,sp_defense,170,261,average,574.92,3,specialized,0.49,mid_tier,0.49,mid_tier,2,3,1,1.0,uniform,tank,uniform-tank,0.3,0.5,5.56,very_light,0,1.0,normal,173.0,55,100,50,20,"fairy, indeterminate",medium,blob,white,Cream Pokémon,"When it trusts a Trainer, it will treat them to berries it’s decorated with cream.",milcery --> alcremie,2,2,1,1.0,1.0,1.0,1.0,1.0,1.0,0.5,2.0,1.0,1.0,1.0,0.5,1.0,1.0,0.0,0.5,2.0,1.0
869,alcremie,alcremie-vanilla-cream-clover-sweet,8,fairy,,1,sweet-veil,aroma-veil,65,0.13,60,0.12,75,0.15,110,0.22,121,0.24,64,0.13,495,sp_defense,170,261,average,574.92,3,specialized,0.49,mid_tier,0.49,mid_tier,2,3,1,1.0,uniform,tank,uniform-tank,0.3,0.5,5.56,very_light,0,1.0,normal,173.0,55,100,50,20,"fairy, indeterminate",medium,blob,white,Cream Pokémon,"When it trusts a Trainer, it will treat them to berries it’s decorated with cream.",milcery --> alcremie,2,2,1,1.0,1.0,1.0,1.0,1.0,1.0,0.5,2.0,1.0,1.0,1.0,0.5,1.0,1.0,0.0,0.5,2.0,1.0
869,alcremie,alcremie-ruby-cream-clover-sweet,8,fairy,,1,sweet-veil,aroma-veil,65,0.13,60,0.12,75,0.15,110,0.22,121,0.24,64,0.13,495,sp_defense,170,261,average,574.92,3,specialized,0.49,mid_tier,0.49,mid_tier,2,3,1,1.0,uniform,tank,uniform-tank,0.3,0.5,5.56,very_light,0,1.0,normal,173.0,55,100,50,20,"fairy, indeterminate",medium,blob,white,Cream Pokémon,"When it trusts a Trainer, it will treat them to berries it’s decorated with cream.",milcery --> alcremie,2,2,1,1.0,1.0,1.0,1.0,1.0,1.0,0.5,2.0,1.0,1.0,1.0,0.5,1.0,1.0,0.0,0.5,2.0,1.0
869,alcremie,alcremie-matcha-cream-clover-sweet,8,fairy,,1,sweet-veil,aroma-veil,65,0.13,60,0.12,75,0.15,110,0.22,121,0.24,64,0.13,495,sp_defense,170,261,average,574.92,3,specialized,0.49,mid_tier,0.49,mid_tier,2,3,1,1.0,uniform,tank,uniform-tank,0.3,0.5,5.56,very_light,0,1.0,normal,173.0,55,100,50,20,"fairy, indeterminate",medium,blob,white,Cream Pokémon,"When it trusts a Trainer, it will treat them to berries it’s decorated with cream.",milcery --> alcremie,2,2,1,1.0,1.0,1.0,1.0,1.0,1.0,0.5,2.0,1.0,1.0,1.0,0.5,1.0,1.0,0.0,0.5,2.0,1.0
869,alcremie,alcremie-mint-cream-clover-sweet,8,fairy,,1,sweet-veil,aroma-veil,65,0.13,60,0.12,75,0.15,110,0.22,121,0.24,64,0.13,495,sp_defense,170,261,average,574.92,3,specialized,0.49,mid_tier,0.49,mid_tier,2,3,1,1.0,uniform,tank,uniform-tank,0.3,0.5,5.56,very_light,0,1.0,normal,173.0,55,100,50,20,"fairy, indeterminate",medium,blob,white,Cream Pokémon,"When it trusts a Trainer, it will treat them to berries it’s decorated with cream.",milcery --> alcremie,2,2,1,1.0,1.0,1.0,1.0,1.0,1.0,0.5,2.0,1.0,1.0,1.0,0.5,1.0,1.0,0.0,0.5,2.0,1.0
869,alcremie,alcremie-lemon-cream-clover-sweet,8,fairy,,1,sweet-veil,aroma-veil,65,0.13,60,0.12,75,0.15,110,0.22,121,0.24,64,0.13,495,sp_defense,170,261,average,574.92,3,specialized,0.49,mid_tier,0.49,mid_tier,2,3,1,1.0,uniform,tank,uniform-tank,0.3,0.5,5.56,very_light,0,1.0,normal,173.0,55,100,50,20,"fairy, indeterminate",medium,blob,white,Cream Pokémon,"When it trusts a Trainer, it will treat them to berries it’s decorated with cream.",milcery --> alcremie,2,2,1,1.0,1.0,1.0,1.0,1.0,1.0,0.5,2.0,1.0,1.0,1.0,0.5,1.0,1.0,0.0,0.5,2.0,1.0
869,alcremie,alcremie-salted-cream-clover-sweet,8,fairy,,1,sweet-veil,aroma-veil,65,0.13,60,0.12,75,0.15,110,0.22,121,0.24,64,0.13,495,sp_defense,170,261,average,574.92,3,specialized,0.49,mid_tier,0.49,mid_tier,2,3,1,1.0,uniform,tank,uniform-tank,0.3,0.5,5.56,very_light,0,1.0,normal,173.0,55,100,50,20,"fairy, indeterminate",medium,blob,white,Cream Pokémon,"When it trusts a Trainer, it will treat them to berries it’s decorated with cream.",milcery --> alcremie,2,2,1,1.0,1.0,1.0,1.0,1.0,1.0,0.5,2.0,1.0,1.0,1.0,0.5,1.0,1.0,0.0,0.5,2.0,1.0
869,alcremie,alcremie-ruby-swirl-clover-sweet,8,fairy,,1,sweet-veil,aroma-veil,65,0.13,60,0.12,75,0.15,110,0.22,121,0.24,64,0.13,495,sp_defense,170,261,average,574.92,3,specialized,0.49,mid_tier,0.49,mid_tier,2,3,1,1.0,uniform,tank,uniform-tank,0.3,0.5,5.56,very_light,0,1.0,normal,173.0,55,100,50,20,"fairy, indeterminate",medium,blob,white,Cream Pokémon,"When it trusts a Trainer, it will treat them to berries it’s decorated with cream.",milcery --> alcremie,2,2,1,1.0,1.0,1.0,1.0,1.0,1.0,0.5,2.0,1.0,1.0,1.0,0.5,1.0,1.0,0.0,0.5,2.0,1.0
869,alcremie,alcremie-caramel-swirl-clover-sweet,8,fairy,,1,sweet-veil,aroma-veil,65,0.13,60,0.12,75,0.15,110,0.22,121,0.24,64,0.13,495,sp_defense,170,261,average,574.92,3,specialized,0.49,mid_tier,0.49,mid_tier,2,3,1,1.0,uniform,tank,uniform-tank,0.3,0.5,5.56,very_light,0,1.0,normal,173.0,55,100,50,20,"fairy, indeterminate",medium,blob,white,Cream Pokémon,"When it trusts a Trainer, it will treat them to berries it’s decorated with cream.",milcery --> alcremie,2,2,1,1.0,1.0,1.0,1.0,1.0,1.0,0.5,2.0,1.0,1.0,1.0,0.5,1.0,1.0,0.0,0.5,2.0,1.0
869,alcremie,alcremie-rainbow-swirl-clover-sweet,8,fairy,,1,sweet-veil,aroma-veil,65,0.13,60,0.12,75,0.15,110,0.22,121,0.24,64,0.13,495,sp_defense,170,261,average,574.92,3,specialized,0.49,mid_tier,0.49,mid_tier,2,3,1,1.0,uniform,tank,uniform-tank,0.3,0.5,5.56,very_light,0,1.0,normal,173.0,55,100,50,20,"fairy, indeterminate",medium,blob,white,Cream Pokémon,"When it trusts a Trainer, it will treat them to berries it’s decorated with cream.",milcery --> alcremie,2,2,1,1.0,1.0,1.0,1.0,1.0,1.0,0.5,2.0,1.0,1.0,1.0,0.5,1.0,1.0,0.0,0.5,2.0,1.0
869,alcremie,alcremie-vanilla-cream-flower-sweet,8,fairy,,1,sweet-veil,aroma-veil,65,0.13,60,0.12,75,0.15,110,0.22,121,0.24,64,0.13,495,sp_defense,170,261,average,574.92,3,specialized,0.49,mid_tier,0.49,mid_tier,2,3,1,1.0,uniform,tank,uniform-tank,0.3,0.5,5.56,very_light,0,1.0,normal,173.0,55,100,50,20,"fairy, indeterminate",medium,blob,white,Cream Pokémon,"When it trusts a Trainer, it will treat them to berries it’s decorated with cream.",milcery --> alcremie,2,2,1,1.0,1.0,1.0,1.0,1.0,1.0,0.5,2.0,1.0,1.0,1.0,0.5,1.0,1.0,0.0,0.5,2.0,1.0
869,alcremie,alcremie-ruby-cream-flower-sweet,8,fairy,,1,sweet-veil,aroma-veil,65,0.13,60,0.12,75,0.15,110,0.22,121,0.24,64,0.13,495,sp_defense,170,261,average,574.92,3,specialized,0.49,mid_tier,0.49,mid_tier,2,3,1,1.0,uniform,tank,uniform-tank,0.3,0.5,5.56,very_light,0,1.0,normal,173.0,55,100,50,20,"fairy, indeterminate",medium,blob,white,Cream Pokémon,"When it trusts a Trainer, it will treat them to berries it’s decorated with cream.",milcery --> alcremie,2,2,1,1.0,1.0,1.0,1.0,1.0,1.0,0.5,2.0,1.0,1.0,1.0,0.5,1.0,1.0,0.0,0.5,2.0,1.0
869,alcremie,alcremie-matcha-cream-flower-sweet,8,fairy,,1,sweet-veil,aroma-veil,65,0.13,60,0.12,75,0.15,110,0.22,121,0.24,64,0.13,495,sp_defense,170,261,average,574.92,3,specialized,0.49,mid_tier,0.49,mid_tier,2,3,1,1.0,uniform,tank,uniform-tank,0.3,0.5,5.56,very_light,0,1.0,normal,173.0,55,100,50,20,"fairy, indeterminate",medium,blob,white,Cream Pokémon,"When it trusts a Trainer, it will treat them to berries it’s decorated with cream.",milcery --> alcremie,2,2,1,1.0,1.0,1.0,1.0,1.0,1.0,0.5,2.0,1.0,1.0,1.0,0.5,1.0,1.0,0.0,0.5,2.0,1.0
869,alcremie,alcremie-mint-cream-flower-sweet,8,fairy,,1,sweet-veil,aroma-veil,65,0.13,60,0.12,75,0.15,110,0.22,121,0.24,64,0.13,495,sp_defense,170,261,average,574.92,3,specialized,0.49,mid_tier,0.49,mid_tier,2,3,1,1.0,uniform,tank,uniform-tank,0.3,0.5,5.56,very_light,0,1.0,normal,173.0,55,100,50,20,"fairy, indeterminate",medium,blob,white,Cream Pokémon,"When it trusts a Trainer, it will treat them to berries it’s decorated with cream.",milcery --> alcremie,2,2,1,1.0,1.0,1.0,1.0,1.0,1.0,0.5,2.0,1.0,1.0,1.0,0.5,1.0,1.0,0.0,0.5,2.0,1.0
869,alcremie,alcremie-lemon-cream-flower-sweet,8,fairy,,1,sweet-veil,aroma-veil,65,0.13,60,0.12,75,0.15,110,0.22,121,0.24,64,0.13,495,sp_defense,170,261,average,574.92,3,specialized,0.49,mid_tier,0.49,mid_tier,2,3,1,1.0,uniform,tank,uniform-tank,0.3,0.5,5.56,very_light,0,1.0,normal,173.0,55,100,50,20,"fairy, indeterminate",medium,blob,white,Cream Pokémon,"When it trusts a Trainer, it will treat them to berries it’s decorated with cream.",milcery --> alcremie,2,2,1,1.0,1.0,1.0,1.0,1.0,1.0,0.5,2.0,1.0,1.0,1.0,0.5,1.0,1.0,0.0,0.5,2.0,1.0
869,alcremie,alcremie-salted-cream-flower-sweet,8,fairy,,1,sweet-veil,aroma-veil,65,0.13,60,0.12,75,0.15,110,0.22,121,0.24,64,0.13,495,sp_defense,170,261,average,574.92,3,specialized,0.49,mid_tier,0.49,mid_tier,2,3,1,1.0,uniform,tank,uniform-tank,0.3,0.5,5.56,very_light,0,1.0,normal,173.0,55,100,50,20,"fairy, indeterminate",medium,blob,white,Cream Pokémon,"When it trusts a Trainer, it will treat them to berries it’s decorated with cream.",milcery --> alcremie,2,2,1,1.0,1.0,1.0,1.0,1.0,1.0,0.5,2.0,1.0,1.0,1.0,0.5,1.0,1.0,0.0,0.5,2.0,1.0
869,alcremie,alcremie-ruby-swirl-flower-sweet,8,fairy,,1,sweet-veil,aroma-veil,65,0.13,60,0.12,75,0.15,110,0.22,121,0.24,64,0.13,495,sp_defense,170,261,average,574.92,3,specialized,0.49,mid_tier,0.49,mid_tier,2,3,1,1.0,uniform,tank,uniform-tank,0.3,0.5,5.56,very_light,0,1.0,normal,173.0,55,100,50,20,"fairy, indeterminate",medium,blob,white,Cream Pokémon,"When it trusts a Trainer, it will treat them to berries it’s decorated with cream.",milcery --> alcremie,2,2,1,1.0,1.0,1.0,1.0,1.0,1.0,0.5,2.0,1.0,1.0,1.0,0.5,1.0,1.0,0.0,0.5,2.0,1.0
869,alcremie,alcremie-caramel-swirl-flower-sweet,8,fairy,,1,sweet-veil,aroma-veil,65,0.13,60,0.12,75,0.15,110,0.22,121,0.24,64,0.13,495,sp_defense,170,261,average,574.92,3,specialized,0.49,mid_tier,0.49,mid_tier,2,3,1,1.0,uniform,tank,uniform-tank,0.3,0.5,5.56,very_light,0,1.0,normal,173.0,55,100,50,20,"fairy, indeterminate",medium,blob,white,Cream Pokémon,"When it trusts a Trainer, it will treat them to berries it’s decorated with cream.",milcery --> alcremie,2,2,1,1.0,1.0,1.0,1.0,1.0,1.0,0.5,2.0,1.0,1.0,1.0,0.5,1.0,1.0,0.0,0.5,2.0,1.0
869,alcremie,alcremie-rainbow-swirl-flower-sweet,8,fairy,,1,sweet-veil,aroma-veil,65,0.13,60,0.12,75,0.15,110,0.22,121,0.24,64,0.13,495,sp_defense,170,261,average,574.92,3,specialized,0.49,mid_tier,0.49,mid_tier,2,3,1,1.0,uniform,tank,uniform-tank,0.3,0.5,5.56,very_light,0,1.0,normal,173.0,55,100,50,20,"fairy, indeterminate",medium,blob,white,Cream Pokémon,"When it trusts a Trainer, it will treat them to berries it’s decorated with cream.",milcery --> alcremie,2,2,1,1.0,1.0,1.0,1.0,1.0,1.0,0.5,2.0,1.0,1.0,1.0,0.5,1.0,1.0,0.0,0.5,2.0,1.0
869,alcremie,alcremie-vanilla-cream-ribbon-sweet,8,fairy,,1,sweet-veil,aroma-veil,65,0.13,60,0.12,75,0.15,110,0.22,121,0.24,64,0.13,495,sp_defense,170,261,average,574.92,3,specialized,0.49,mid_tier,0.49,mid_tier,2,3,1,1.0,uniform,tank,uniform-tank,0.3,0.5,5.56,very_light,0,1.0,normal,173.0,55,100,50,20,"fairy, indeterminate",medium,blob,white,Cream Pokémon,"When it trusts a Trainer, it will treat them to berries it’s decorated with cream.",milcery --> alcremie,2,2,1,1.0,1.0,1.0,1.0,1.0,1.0,0.5,2.0,1.0,1.0,1.0,0.5,1.0,1.0,0.0,0.5,2.0,1.0
869,alcremie,alcremie-ruby-cream-ribbon-sweet,8,fairy,,1,sweet-veil,aroma-veil,65,0.13,60,0.12,75,0.15,110,0.22,121,0.24,64,0.13,495,sp_defense,170,261,average,574.92,3,specialized,0.49,mid_tier,0.49,mid_tier,2,3,1,1.0,uniform,tank,uniform-tank,0.3,0.5,5.56,very_light,0,1.0,normal,173.0,55,100,50,20,"fairy, indeterminate",medium,blob,white,Cream Pokémon,"When it trusts a Trainer, it will treat them to berries it’s decorated with cream.",milcery --> alcremie,2,2,1,1.0,1.0,1.0,1.0,1.0,1.0,0.5,2.0,1.0,1.0,1.0,0.5,1.0,1.0,0.0,0.5,2.0,1.0
869,alcremie,alcremie-matcha-cream-ribbon-sweet,8,fairy,,1,sweet-veil,aroma-veil,65,0.13,60,0.12,75,0.15,110,0.22,121,0.24,64,0.13,495,sp_defense,170,261,average,574.92,3,specialized,0.49,mid_tier,0.49,mid_tier,2,3,1,1.0,uniform,tank,uniform-tank,0.3,0.5,5.56,very_light,0,1.0,normal,173.0,55,100,50,20,"fairy, indeterminate",medium,blob,white,Cream Pokémon,"When it trusts a Trainer, it will treat them to berries it’s decorated with cream.",milcery --> alcremie,2,2,1,1.0,1.0,1.0,1.0,1.0,1.0,0.5,2.0,1.0,1.0,1.0,0.5,1.0,1.0,0.0,0.5,2.0,1.0
869,alcremie,alcremie-mint-cream-ribbon-sweet,8,fairy,,1,sweet-veil,aroma-veil,65,0.13,60,0.12,75,0.15,110,0.22,121,0.24,64,0.13,495,sp_defense,170,261,average,574.92,3,specialized,0.49,mid_tier,0.49,mid_tier,2,3,1,1.0,uniform,tank,uniform-tank,0.3,0.5,5.56,very_light,0,1.0,normal,173.0,55,100,50,20,"fairy, indeterminate",medium,blob,white,Cream Pokémon,"When it trusts a Trainer, it will treat them to berries it’s decorated with cream.",milcery --> alcremie,2,2,1,1.0,1.0,1.0,1.0,1.0,1.0,0.5,2.0,1.0,1.0,1.0,0.5,1.0,1.0,0.0,0.5,2.0,1.0
869,alcremie,alcremie-lemon-cream-ribbon-sweet,8,fairy,,1,sweet-veil,aroma-veil,65,0.13,60,0.12,75,0.15,110,0.22,121,0.24,64,0.13,495,sp_defense,170,261,average,574.92,3,specialized,0.49,mid_tier,0.49,mid_tier,2,3,1,1.0,uniform,tank,uniform-tank,0.3,0.5,5.56,very_light,0,1.0,normal,173.0,55,100,50,20,"fairy, indeterminate",medium,blob,white,Cream Pokémon,"When it trusts a Trainer, it will treat them to berries it’s decorated with cream.",milcery --> alcremie,2,2,1,1.0,1.0,1.0,1.0,1.0,1.0,0.5,2.0,1.0,1.0,1.0,0.5,1.0,1.0,0.0,0.5,2.0,1.0
869,alcremie,alcremie-salted-cream-ribbon-sweet,8,fairy,,1,sweet-veil,aroma-veil,65,0.13,60,0.12,75,0.15,110,0.22,121,0.24,64,0.13,495,sp_defense,170,261,average,574.92,3,specialized,0.49,mid_tier,0.49,mid_tier,2,3,1,1.0,uniform,tank,uniform-tank,0.3,0.5,5.56,very_light,0,1.0,normal,173.0,55,100,50,20,"fairy, indeterminate",medium,blob,white,Cream Pokémon,"When it trusts a Trainer, it will treat them to berries it’s decorated with cream.",milcery --> alcremie,2,2,1,1.0,1.0,1.0,1.0,1.0,1.0,0.5,2.0,1.0,1.0,1.0,0.5,1.0,1.0,0.0,0.5,2.0,1.0
869,alcremie,alcremie-ruby-swirl-ribbon-sweet,8,fairy,,1,sweet-veil,aroma-veil,65,0.13,60,0.12,75,0.15,110,0.22,121,0.24,64,0.13,495,sp_defense,170,261,average,574.92,3,specialized,0.49,mid_tier,0.49,mid_tier,2,3,1,1.0,uniform,tank,uniform-tank,0.3,0.5,5.56,very_light,0,1.0,normal,173.0,55,100,50,20,"fairy, indeterminate",medium,blob,white,Cream Pokémon,"When it trusts a Trainer, it will treat them to berries it’s decorated with cream.",milcery --> alcremie,2,2,1,1.0,1.0,1.0,1.0,1.0,1.0,0.5,2.0,1.0,1.0,1.0,0.5,1.0,1.0,0.0,0.5,2.0,1.0
869,alcremie,alcremie-caramel-swirl-ribbon-sweet,8,fairy,,1,sweet-veil,aroma-veil,65,0.13,60,0.12,75,0.15,110,0.22,121,0.24,64,0.13,495,sp_defense,170,261,average,574.92,3,specialized,0.49,mid_tier,0.49,mid_tier,2,3,1,1.0,uniform,tank,uniform-tank,0.3,0.5,5.56,very_light,0,1.0,normal,173.0,55,100,50,20,"fairy, indeterminate",medium,blob,white,Cream Pokémon,"When it trusts a Trainer, it will treat them to berries it’s decorated with cream.",milcery --> alcremie,2,2,1,1.0,1.0,1.0,1.0,1.0,1.0,0.5,2.0,1.0,1.0,1.0,0.5,1.0,1.0,0.0,0.5,2.0,1.0
869,alcremie,alcremie-rainbow-swirl-ribbon-sweet,8,fairy,,1,sweet-veil,aroma-veil,65,0.13,60,0.12,75,0.15,110,0.22,121,0.24,64,0.13,495,sp_defense,170,261,average,574.92,3,specialized,0.49,mid_tier,0.49,mid_tier,2,3,1,1.0,uniform,tank,uniform-tank,0.3,0.5,5.56,very_light,0,1.0,normal,173.0,55,100,50,20,"fairy, indeterminate",medium,blob,white,Cream Pokémon,"When it trusts a Trainer, it will treat them to berries it’s decorated with cream.",milcery --> alcremie,2,2,1,1.0,1.0,1.0,1.0,1.0,1.0,0.5,2.0,1.0,1.0,1.0,0.5,1.0,1.0,0.0,0.5,2.0,1.0
869,alcremie,alcremie-gmax,8,fairy,,1,sweet-veil,aroma-veil,65,0.13,60,0.12,75,0.15,110,0.22,121,0.24,64,0.13,495,sp_defense,170,261,average,574.92,3,specialized,0.49,mid_tier,0.49,mid_tier,2,3,1,1.0,uniform,tank,uniform-tank,30.0,1000.0,1.11,very_light,0,1.0,normal,173.0,0,100,50,20,"fairy, indeterminate",medium,blob,white,Cream Pokémon,"When it trusts a Trainer, it will treat them to berries it’s decorated with cream.",milcery --> alcremie,2,2,1,1.0,1.0,1.0,1.0,1.0,1.0,0.5,2.0,1.0,1.0,1.0,0.5,1.0,1.0,0.0,0.5,2.0,1.0
870,falinks,falinks,8,fighting,,1,battle-armor,defiant,65,0.14,100,0.21,100,0.21,70,0.15,60,0.13,75,0.16,470,attack,170,225,average,255.56,2,slightly_specialized,0.23,lower_mid_tier,0.23,lower_mid_tier,3,3,0,-1.5,uniform,fragile,uniform-fragile,3.0,62.0,6.89,light,1,0.0,normal,165.0,57,45,50,25,"fairy, mineral",medium,heads,yellow,Formation Pokémon,"Five of them are troopers, and one is the brass. The brass’s orders are absolute.",falinks,1,0,0,1.0,1.0,1.0,1.0,1.0,1.0,1.0,1.0,1.0,2.0,2.0,0.5,0.5,1.0,1.0,0.5,1.0,2.0
870,falinks,falinks-mega,8,fighting,,1,,,65,0.11,135,0.24,135,0.24,70,0.12,65,0.11,100,0.18,570,attack,205,265,fast,941.67,5,highly_specialized,0.91,top_tier,0.91,top_tier,3,3,0,-1.5,uniform,juggernaut,uniform-juggernaut,1.6,99.0,38.67,heavy,1,0.0,normal,,0,45,50,25,"fairy, mineral",medium,heads,yellow,Formation Pokémon,"Five of them are troopers, and one is the brass. The brass’s orders are absolute.",falinks,1,0,0,1.0,1.0,1.0,1.0,1.0,1.0,1.0,1.0,1.0,2.0,2.0,0.5,0.5,1.0,1.0,0.5,1.0,2.0
871,pincurchin,pincurchin,8,electric,,1,lightning-rod,electric-surge,48,0.11,101,0.23,95,0.22,91,0.21,85,0.2,15,0.03,435,attack,192,228,slow,953.92,5,highly_specialized,0.19,bottom_tier,0.19,bottom_tier,1,3,0,0.5,uniform,glass_cannon,uniform-glass_cannon,0.3,1.0,11.11,light,0,0.5,normal,152.0,60,75,50,20,"water1, indeterminate",medium,tentacles,purple,Sea Urchin Pokémon,"It feeds on seaweed, using its teeth to scrape it off rocks. Electric current flows from the tips of its spines.",pincurchin,1,0,0,1.0,1.0,1.0,0.5,1.0,1.0,1.0,1.0,2.0,0.5,1.0,1.0,1.0,1.0,1.0,1.0,0.5,1.0
872,snom,snom,8,ice,bug,2,shield-dust,ice-scales,30,0.16,25,0.14,35,0.19,45,0.24,30,0.16,20,0.11,185,sp_attack,70,95,slow,61.81,1,balanced,0.01,bottom_tier,0.01,bottom_tier,4,3,0,-2.5,uniform,weak_slow,uniform-weak_slow,0.3,3.8,42.22,heavy,0,0.5,normal,37.0,21,190,50,20,bug,medium,squiggle,white,Worm Pokémon,"It spits out thread imbued with a frigid sort of energy and uses it to tie its body to branches, disguising itself as an icicle while it sleeps.",snom --> frosmoth,2,1,0,1.0,4.0,1.0,1.0,0.5,0.5,1.0,1.0,0.5,2.0,1.0,1.0,4.0,1.0,1.0,1.0,2.0,1.0
873,frosmoth,frosmoth,8,ice,bug,2,shield-dust,ice-scales,70,0.15,65,0.14,60,0.13,125,0.26,90,0.19,65,0.14,475,sp_attack,190,220,average,511.81,3,specialized,0.26,lower_mid_tier,0.26,lower_mid_tier,4,3,0,-2.5,uniform,glass_cannon,uniform-glass_cannon,1.3,42.0,24.85,average,0,0.5,normal,166.0,56,75,50,20,bug,medium,bug-wings,white,Frost Moth Pokémon,Icy scales fall from its wings like snow as it flies over fields and mountains. The temperature of its wings is less than −290 degrees Fahrenheit.,snom --> frosmoth,2,2,1,1.0,4.0,1.0,1.0,0.5,0.5,1.0,1.0,0.5,2.0,1.0,1.0,4.0,1.0,1.0,1.0,2.0,1.0
874,stonjourner,stonjourner,8,rock,,1,power-spot,,100,0.21,125,0.27,135,0.29,20,0.04,20,0.04,70,0.15,470,defense,145,255,average,2122.22,5,extreme,0.23,lower_mid_tier,0.23,lower_mid_tier,5,4,0,-3.0,uniform,midrange,uniform-midrange,2.5,520.0,83.2,heavy,0,0.5,normal,165.0,55,60,50,25,mineral,slow,legs,gray,Big Rock Pokémon,"It stands in grasslands, watching the sun’s descent from zenith to horizon. This Pokémon has a talent for delivering dynamic kicks.",stonjourner,1,0,0,0.5,0.5,2.0,1.0,2.0,1.0,2.0,0.5,2.0,0.5,1.0,1.0,1.0,1.0,1.0,1.0,2.0,1.0
875,eiscue,eiscue-ice,8,ice,,1,ice-face,,75,0.16,80,0.17,110,0.23,65,0.14,90,0.19,50,0.11,470,defense,145,275,slow,355.56,2,slightly_specialized,0.23,lower_mid_tier,0.23,lower_mid_tier,4,1,0,-3.5,uniform,tank,uniform-tank,1.4,89.0,45.41,heavy,0,0.5,normal,165.0,55,60,50,25,"water1, ground",slow,upright,blue,Penguin Pokémon,It drifted in on the flow of ocean waters from a frigid place. It keeps its head iced constantly to make sure it stays nice and cold.,eiscue,1,0,0,1.0,2.0,1.0,1.0,1.0,0.5,2.0,1.0,1.0,1.0,1.0,1.0,2.0,1.0,1.0,1.0,2.0,1.0
875,eiscue,eiscue-noice,8,ice,,1,ice-face,,75,0.16,80,0.17,70,0.15,65,0.14,50,0.11,130,0.28,470,speed,145,195,fast,622.22,5,specialized,0.23,lower_mid_tier,0.23,lower_mid_tier,4,1,0,-3.5,uniform,fragile,uniform-fragile,1.4,89.0,45.41,heavy,0,0.5,normal,165.0,55,60,50,25,"water1, ground",slow,upright,blue,Penguin Pokémon,It drifted in on the flow of ocean waters from a frigid place. It keeps its head iced constantly to make sure it stays nice and cold.,eiscue,1,0,0,1.0,2.0,1.0,1.0,1.0,0.5,2.0,1.0,1.0,1.0,1.0,1.0,2.0,1.0,1.0,1.0,2.0,1.0
876,indeedee,indeedee-male,8,psychic,normal,2,"inner-focus, synchronize",psychic-surge,60,0.13,65,0.14,55,0.12,105,0.22,95,0.2,95,0.2,475,sp_attack,170,210,average,386.81,2,slightly_specialized,0.26,lower_mid_tier,0.26,lower_mid_tier,2,1,1,0.0,uniform,fragile,uniform-fragile,0.9,28.0,34.57,heavy,0,0.5,normal,166.0,57,30,140,40,fairy,fast,upright,purple,Emotion Pokémon,"It uses the horns on its head to sense the emotions of others. Males will act as valets for those they serve, looking after their every need.",indeedee,1,0,0,1.0,1.0,1.0,1.0,1.0,1.0,1.0,1.0,1.0,1.0,0.5,2.0,1.0,0.0,1.0,2.0,1.0,1.0
876,indeedee,indeedee-female,8,psychic,normal,2,"own-tempo, synchronize",psychic-surge,70,0.15,55,0.12,65,0.14,95,0.2,105,0.22,85,0.18,475,sp_defense,150,240,average,303.47,2,slightly_specialized,0.26,lower_mid_tier,0.26,lower_mid_tier,2,1,1,0.0,uniform,midrange,uniform-midrange,0.9,28.0,34.57,heavy,0,0.5,normal,166.0,58,30,140,40,fairy,fast,upright,purple,Emotion Pokémon,"It uses the horns on its head to sense the emotions of others. Males will act as valets for those they serve, looking after their every need.",indeedee,1,0,0,1.0,1.0,1.0,1.0,1.0,1.0,1.0,1.0,1.0,1.0,0.5,2.0,1.0,0.0,1.0,2.0,1.0,1.0
877,morpeko,morpeko-full-belly,8,electric,dark,2,hunger-switch,,58,0.13,95,0.22,58,0.13,70,0.16,58,0.13,97,0.22,436,speed,165,174,average,290.56,2,slightly_specialized,0.2,bottom_tier,0.2,bottom_tier,4,5,1,0.0,uniform,fragile,uniform-fragile,0.3,3.0,33.33,average,0,0.5,normal,153.0,74,180,50,10,"ground, fairy",medium,humanoid,yellow,Two-Sided Pokémon,"As it eats the seeds stored up in its pocket-like pouches, this Pokémon is not just satisfying its constant hunger. It’s also generating electricity.",morpeko,1,0,0,1.0,1.0,1.0,0.5,1.0,1.0,2.0,1.0,2.0,0.5,0.0,2.0,1.0,0.5,1.0,0.5,0.5,2.0
877,morpeko,morpeko-hangry,8,electric,dark,2,hunger-switch,,58,0.13,95,0.22,58,0.13,70,0.16,58,0.13,97,0.22,436,speed,165,174,average,290.56,2,slightly_specialized,0.2,bottom_tier,0.2,bottom_tier,4,5,1,0.0,uniform,fragile,uniform-fragile,0.3,3.0,33.33,average,0,0.5,normal,153.0,74,180,50,10,"ground, fairy",medium,humanoid,yellow,Two-Sided Pokémon,"As it eats the seeds stored up in its pocket-like pouches, this Pokémon is not just satisfying its constant hunger. It’s also generating electricity.",morpeko,1,0,0,1.0,1.0,1.0,0.5,1.0,1.0,2.0,1.0,2.0,0.5,0.0,2.0,1.0,0.5,1.0,0.5,0.5,2.0
878,cufant,cufant,8,steel,,1,sheer-force,heavy-metal,72,0.22,80,0.24,49,0.15,40,0.12,49,0.15,40,0.12,330,attack,120,170,slow,239.33,2,slightly_specialized,0.13,bottom_tier,0.13,bottom_tier,3,10,1,3.5,uniform,weak_slow,uniform-weak_slow,1.2,100.0,69.44,heavy,0,0.5,normal,66.0,57,190,50,25,"ground, mineral",medium,quadruped,yellow,Copperderm Pokémon,"It digs up the ground with its trunk. It’s also very strong, being able to carry loads of over five tons without any problem at all.",cufant --> copperajah,2,1,0,0.5,2.0,1.0,1.0,0.5,0.5,2.0,0.0,2.0,0.5,0.5,0.5,0.5,1.0,0.5,1.0,0.5,0.5
879,copperajah,copperajah,8,steel,,1,sheer-force,heavy-metal,122,0.24,130,0.26,69,0.14,80,0.16,69,0.14,30,0.06,500,attack,210,260,slow,1156.56,5,highly_specialized,0.67,upper_mid_tier,0.67,upper_mid_tier,3,10,1,3.5,uniform,attacker,uniform-attacker,3.0,650.0,72.22,heavy,0,0.5,normal,175.0,64,90,50,25,"ground, mineral",medium,quadruped,green,Copperderm Pokémon,They came over from another region long ago and worked together with humans. Their green skin is resistant to water.,cufant --> copperajah,2,2,1,0.5,2.0,1.0,1.0,0.5,0.5,2.0,0.0,2.0,0.5,0.5,0.5,0.5,1.0,0.5,1.0,0.5,0.5
879,copperajah,copperajah-gmax,8,steel,,1,sheer-force,heavy-metal,122,0.24,130,0.26,69,0.14,80,0.16,69,0.14,30,0.06,500,attack,210,260,slow,1156.56,5,highly_specialized,0.67,upper_mid_tier,0.67,upper_mid_tier,3,10,1,3.5,uniform,attacker,uniform-attacker,23.0,1000.0,1.89,very_light,0,0.5,normal,175.0,0,90,50,25,"ground, mineral",medium,quadruped,green,Copperderm Pokémon,They came over from another region long ago and worked together with humans. Their green skin is resistant to water.,cufant --> copperajah,2,2,1,0.5,2.0,1.0,1.0,0.5,0.5,2.0,0.0,2.0,0.5,0.5,0.5,0.5,1.0,0.5,1.0,0.5,0.5
880,dracozolt,dracozolt,8,electric,dragon,2,"volt-absorb, hustle",sand-rush,90,0.18,100,0.2,90,0.18,80,0.16,70,0.14,75,0.15,505,attack,180,250,average,103.47,1,balanced,0.72,upper_mid_tier,0.72,upper_mid_tier,4,6,0,-1.0,uniform,sweeper,uniform-sweeper,1.8,190.0,58.64,heavy,1,0.0,normal,177.0,58,45,50,35,no-eggs,slow,upright,green,Fossil Pokémon,"In ancient times, it was unbeatable thanks to its powerful lower body, but it went extinct anyway after it depleted all its plant-based food sources.",dracozolt,1,0,0,1.0,0.5,0.5,0.25,0.5,2.0,1.0,1.0,2.0,0.5,1.0,1.0,1.0,1.0,2.0,1.0,0.5,2.0
881,arctozolt,arctozolt,8,electric,ice,2,"volt-absorb, static",slush-rush,90,0.18,100,0.2,90,0.18,90,0.18,80,0.16,55,0.11,505,attack,190,260,slow,203.47,1,slightly_specialized,0.72,upper_mid_tier,0.72,upper_mid_tier,4,3,0,-2.5,uniform,attacker,uniform-attacker,2.3,150.0,28.36,average,1,0.0,normal,177.0,54,45,50,35,no-eggs,slow,upright,blue,Fossil Pokémon,The shaking of its freezing upper half is what generates its electricity. It has a hard time walking around.,arctozolt,1,0,0,1.0,2.0,1.0,0.5,1.0,0.5,2.0,1.0,2.0,0.5,1.0,1.0,2.0,1.0,1.0,1.0,1.0,1.0
882,dracovish,dracovish,8,water,dragon,2,"water-absorb, strong-jaw",sand-rush,90,0.18,90,0.18,100,0.2,70,0.14,80,0.16,75,0.15,505,defense,160,270,average,103.47,1,balanced,0.72,upper_mid_tier,0.72,upper_mid_tier,2,3,0,-0.5,uniform,bulky_speedster,uniform-bulky_speedster,2.3,215.0,40.64,heavy,1,0.0,normal,177.0,50,45,50,35,no-eggs,slow,legs,green,Fossil Pokémon,Powerful legs and jaws made it the apex predator of its time. Its own overhunting of its prey was what drove it to extinction.,dracovish,1,0,0,1.0,0.25,0.25,1.0,1.0,1.0,1.0,1.0,1.0,1.0,1.0,1.0,1.0,1.0,2.0,1.0,0.5,2.0
883,arctovish,arctovish,8,water,ice,2,"water-absorb, ice-body",slush-rush,90,0.18,90,0.18,100,0.2,80,0.16,90,0.18,55,0.11,505,defense,170,280,slow,203.47,1,slightly_specialized,0.72,upper_mid_tier,0.72,upper_mid_tier,4,2,0,-3.0,uniform,tank,uniform-tank,2.0,175.0,43.75,heavy,1,0.0,normal,177.0,45,45,50,35,no-eggs,slow,fish,blue,Fossil Pokémon,"Though it’s able to capture prey by freezing its surroundings, it has trouble eating the prey afterward because its mouth is on top of its head.",arctovish,1,0,0,1.0,1.0,0.5,2.0,2.0,0.25,2.0,1.0,1.0,1.0,1.0,1.0,2.0,1.0,1.0,1.0,1.0,1.0
884,duraludon,duraludon,8,steel,dragon,2,"light-metal, heavy-metal",stalwart,70,0.13,95,0.18,115,0.21,120,0.22,50,0.09,85,0.16,535,sp_attack,215,235,average,595.14,5,specialized,0.88,top_tier,0.88,top_tier,2,9,1,4.0,uniform,sweeper,uniform-sweeper,1.8,40.0,12.35,light,0,0.5,normal,187.0,60,45,50,30,"mineral, dragon",medium,upright,white,Alloy Pokémon,"Its body resembles polished metal, and it’s both lightweight and strong. The only drawback is that it rusts easily.",duraludon --> archaludon,2,1,0,0.5,1.0,0.5,0.5,0.25,1.0,2.0,0.0,2.0,0.5,0.5,0.5,0.5,1.0,1.0,1.0,0.5,1.0
884,duraludon,duraludon-gmax,8,steel,dragon,2,"light-metal, heavy-metal",stalwart,70,0.13,95,0.18,115,0.21,120,0.22,50,0.09,85,0.16,535,sp_attack,215,235,average,595.14,5,specialized,0.88,top_tier,0.88,top_tier,2,9,1,4.0,uniform,sweeper,uniform-sweeper,43.0,1000.0,0.54,very_light,0,0.5,normal,187.0,0,45,50,30,"mineral, dragon",medium,upright,white,Alloy Pokémon,"Its body resembles polished metal, and it’s both lightweight and strong. The only drawback is that it rusts easily.",duraludon --> archaludon,2,1,0,0.5,1.0,0.5,0.5,0.25,1.0,2.0,0.0,2.0,0.5,0.5,0.5,0.5,1.0,1.0,1.0,0.5,1.0
885,dreepy,dreepy,8,dragon,ghost,2,"clear-body, infiltrator",cursed-body,28,0.1,60,0.22,30,0.11,40,0.15,30,0.11,82,0.3,270,speed,100,88,average,393.0,2,slightly_specialized,0.06,bottom_tier,0.06,bottom_tier,5,6,2,1.0,uniform,fragile,uniform-fragile,0.5,2.0,8.0,light,0,0.5,normal,54.0,26,45,50,40,"indeterminate, dragon",slow,squiggle,green,Lingering Pokémon,"After being reborn as a ghost Pokémon, Dreepy wanders the areas it used to inhabit back when it was alive in prehistoric seas.",dreepy --> drakloak --> dragapult,3,1,0,0.0,0.5,0.5,0.5,0.5,2.0,0.0,0.5,1.0,1.0,1.0,0.5,1.0,2.0,2.0,2.0,1.0,2.0
886,drakloak,drakloak,8,dragon,ghost,2,"clear-body, infiltrator",cursed-body,68,0.17,80,0.2,50,0.12,60,0.15,50,0.12,102,0.25,410,speed,140,168,fast,335.22,2,slightly_specialized,0.16,bottom_tier,0.16,bottom_tier,5,6,2,1.0,uniform,fragile,uniform-fragile,1.4,11.0,5.61,light,0,0.5,normal,144.0,59,45,50,40,"indeterminate, dragon",slow,arms,green,Caretaker Pokémon,It’s capable of flying faster than 120 mph. It battles alongside Dreepy and dotes on them until they successfully evolve.,dreepy --> drakloak --> dragapult,3,2,0,0.0,0.5,0.5,0.5,0.5,2.0,0.0,0.5,1.0,1.0,1.0,0.5,1.0,2.0,2.0,2.0,1.0,2.0
887,dragapult,dragapult,8,dragon,ghost,2,"clear-body, infiltrator",cursed-body,88,0.15,120,0.2,75,0.12,100,0.17,75,0.12,142,0.24,600,speed,220,238,fast,593.0,5,specialized,0.95,top_tier,0.95,top_tier,5,6,2,1.0,uniform,sweeper,uniform-sweeper,3.0,50.0,5.56,very_light,0,0.5,normal,300.0,69,45,50,40,"indeterminate, dragon",slow,upright,green,Stealth Pokémon,"When it isn’t battling, it keeps Dreepy in the holes on its horns. Once a fight starts, it launches the Dreepy like supersonic missiles.",dreepy --> drakloak --> dragapult,3,3,1,0.0,0.5,0.5,0.5,0.5,2.0,0.0,0.5,1.0,1.0,1.0,0.5,1.0,2.0,2.0,2.0,1.0,2.0
888,zacian,zacian,8,fairy,,1,intrepid-sword,,92,0.14,120,0.18,115,0.17,80,0.12,115,0.17,138,0.21,660,speed,200,322,fast,359.67,2,slightly_specialized,0.97,top_tier,0.97,top_tier,2,3,1,1.0,uniform,juggernaut,uniform-juggernaut,2.8,110.0,14.03,light,1,0.0,legendary,335.0,63,10,0,120,no-eggs,slow,quadruped,blue,Warrior Pokémon,"Known as a legendary hero, this Pokémon absorbs metal particles, transforming them into a weapon it uses to battle.",zacian,1,0,0,1.0,1.0,1.0,1.0,1.0,1.0,0.5,2.0,1.0,1.0,1.0,0.5,1.0,1.0,0.0,0.5,2.0,1.0
888,zacian,zacian-crowned,8,fairy,steel,2,intrepid-sword,,92,0.13,150,0.21,115,0.16,80,0.11,115,0.16,148,0.21,700,attack,230,322,fast,675.22,5,specialized,0.99,top_tier,0.99,top_tier,2,9,2,5.5,uniform,juggernaut,uniform-juggernaut,2.8,355.0,45.28,heavy,1,0.0,legendary,360.0,63,10,0,120,no-eggs,slow,quadruped,blue,Warrior Pokémon,"Known as a legendary hero, this Pokémon absorbs metal particles, transforming them into a weapon it uses to battle.",zacian,1,0,0,0.5,2.0,1.0,1.0,0.5,0.5,1.0,0.0,2.0,0.5,0.5,0.25,0.5,1.0,0.0,0.5,1.0,0.5
889,zamazenta,zamazenta,8,fighting,,1,dauntless-shield,,92,0.14,120,0.18,115,0.17,80,0.12,115,0.17,138,0.21,660,speed,200,322,fast,359.67,2,slightly_specialized,0.97,top_tier,0.97,top_tier,3,3,0,-1.5,uniform,juggernaut,uniform-juggernaut,2.9,210.0,24.97,average,1,0.0,legendary,335.0,68,10,0,120,no-eggs,slow,quadruped,red,Warrior Pokémon,"In times past, it worked together with a king of the people to save the Galar region. It absorbs metal that it then uses in battle.",zamazenta,1,0,0,1.0,1.0,1.0,1.0,1.0,1.0,1.0,1.0,1.0,2.0,2.0,0.5,0.5,1.0,1.0,0.5,1.0,2.0
889,zamazenta,zamazenta-crowned,8,fighting,steel,2,dauntless-shield,,92,0.13,120,0.17,140,0.2,80,0.11,140,0.2,128,0.18,700,defense,200,372,fast,530.22,3,specialized,0.99,top_tier,0.99,top_tier,3,8,1,2.5,uniform,juggernaut,uniform-juggernaut,2.9,785.0,93.34,heavy,1,0.0,legendary,360.0,68,10,0,120,no-eggs,slow,quadruped,red,Warrior Pokémon,"In times past, it worked together with a king of the people to save the Galar region. It absorbs metal that it then uses in battle.",zamazenta,1,0,0,0.5,2.0,1.0,1.0,0.5,0.5,2.0,0.0,2.0,1.0,1.0,0.25,0.25,1.0,0.5,0.5,0.5,1.0
890,eternatus,eternatus,8,poison,dragon,2,pressure,,140,0.2,85,0.12,95,0.14,145,0.21,95,0.14,130,0.19,690,sp_attack,230,330,fast,575.0,4,specialized,0.98,top_tier,0.98,top_tier,4,7,0,-0.5,uniform,juggernaut,uniform-juggernaut,20.0,950.0,2.38,very_light,1,0.0,legendary,345.0,53,255,0,120,no-eggs,slow,wings,purple,Gigantic Pokémon,The core on its chest absorbs energy emanating from the lands of the Galar region. This energy is what allows Eternatus to stay active.,eternatus,1,0,0,1.0,0.5,0.5,0.5,0.25,2.0,0.5,0.5,2.0,1.0,2.0,0.5,1.0,1.0,2.0,1.0,1.0,1.0
890,eternatus,eternatus-eternamax,8,poison,dragon,2,pressure,,255,0.23,115,0.1,250,0.22,125,0.11,250,0.22,130,0.12,1125,hp,240,755,fast,4139.58,5,extreme,1.0,top_tier,1.0,top_tier,4,7,0,-0.5,uniform,juggernaut,uniform-juggernaut,100.0,0.0,0.0,very_light,1,0.0,legendary,563.0,43,255,0,120,no-eggs,slow,wings,purple,Gigantic Pokémon,The core on its chest absorbs energy emanating from the lands of the Galar region. This energy is what allows Eternatus to stay active.,eternatus,1,0,0,1.0,0.5,0.5,0.5,0.25,2.0,0.5,0.5,2.0,1.0,2.0,0.5,1.0,1.0,2.0,1.0,1.0,1.0
891,kubfu,kubfu,8,fighting,,1,inner-focus,,60,0.16,90,0.23,60,0.16,53,0.14,50,0.13,72,0.19,385,attack,143,170,average,181.47,1,balanced,0.16,bottom_tier,0.16,bottom_tier,3,3,0,-1.5,uniform,fragile,uniform-fragile,0.6,12.0,33.33,average,0,0.125,legendary,77.0,48,3,50,120,no-eggs,slow,upright,gray,Wushu Pokémon,Kubfu trains hard to perfect its moves. The moves it masters will determine which form it takes when it evolves.,kubfu --> urshifu,2,1,0,1.0,1.0,1.0,1.0,1.0,1.0,1.0,1.0,1.0,2.0,2.0,0.5,0.5,1.0,1.0,0.5,1.0,2.0
892,urshifu,urshifu-single-strike,8,fighting,dark,2,unseen-fist,,100,0.18,130,0.24,100,0.18,63,0.11,60,0.11,97,0.18,550,attack,193,260,average,576.89,4,specialized,0.89,top_tier,0.89,top_tier,3,3,1,0.0,uniform,sweeper,uniform-sweeper,1.9,105.0,29.09,average,0,0.125,legendary,275.0,75,3,50,120,no-eggs,slow,humanoid,gray,Wushu Pokémon,This form of Urshifu is a strong believer in the one-hit KO. Its strategy is to leap in close to foes and land a devastating blow with a hardened fist.,kubfu --> urshifu,2,2,1,1.0,1.0,1.0,1.0,1.0,1.0,2.0,1.0,1.0,2.0,0.0,1.0,0.5,0.5,1.0,0.25,1.0,4.0
892,urshifu,urshifu-rapid-strike,8,fighting,water,2,unseen-fist,,100,0.18,130,0.24,100,0.18,63,0.11,60,0.11,97,0.18,550,attack,193,260,average,576.89,4,specialized,0.89,top_tier,0.89,top_tier,5,7,0,-1.5,uniform,sweeper,uniform-sweeper,1.9,105.0,29.09,average,0,0.125,legendary,275.0,72,3,50,120,no-eggs,slow,humanoid,gray,Wushu Pokémon,This form of Urshifu is a strong believer in the one-hit KO. Its strategy is to leap in close to foes and land a devastating blow with a hardened fist.,kubfu --> urshifu,2,2,1,1.0,0.5,0.5,2.0,2.0,0.5,1.0,1.0,1.0,2.0,2.0,0.5,0.5,1.0,1.0,0.5,0.5,2.0
892,urshifu,urshifu-single-strike-gmax,8,fighting,dark,2,unseen-fist,,100,0.18,130,0.24,100,0.18,63,0.11,60,0.11,97,0.18,550,attack,193,260,average,576.89,4,specialized,0.89,top_tier,0.89,top_tier,3,3,1,0.0,uniform,sweeper,uniform-sweeper,29.0,1000.0,1.19,very_light,0,0.125,legendary,275.0,0,3,50,120,no-eggs,slow,humanoid,gray,Wushu Pokémon,This form of Urshifu is a strong believer in the one-hit KO. Its strategy is to leap in close to foes and land a devastating blow with a hardened fist.,kubfu --> urshifu,2,2,1,1.0,1.0,1.0,1.0,1.0,1.0,2.0,1.0,1.0,2.0,0.0,1.0,0.5,0.5,1.0,0.25,1.0,4.0
892,urshifu,urshifu-rapid-strike-gmax,8,fighting,water,2,unseen-fist,,100,0.18,130,0.24,100,0.18,63,0.11,60,0.11,97,0.18,550,attack,193,260,average,576.89,4,specialized,0.89,top_tier,0.89,top_tier,5,7,0,-1.5,uniform,sweeper,uniform-sweeper,26.0,1000.0,1.48,very_light,0,0.125,legendary,275.0,0,3,50,120,no-eggs,slow,humanoid,gray,Wushu Pokémon,This form of Urshifu is a strong believer in the one-hit KO. Its strategy is to leap in close to foes and land a devastating blow with a hardened fist.,kubfu --> urshifu,2,2,1,1.0,0.5,0.5,2.0,2.0,0.5,1.0,1.0,1.0,2.0,2.0,0.5,0.5,1.0,1.0,0.5,0.5,2.0
893,zarude,zarude,8,dark,grass,2,leaf-guard,,105,0.18,120,0.2,105,0.18,70,0.12,95,0.16,105,0.18,600,attack,190,305,fast,233.33,2,slightly_specialized,0.95,top_tier,0.95,top_tier,7,6,1,-2.5,uniform,juggernaut,uniform-juggernaut,1.8,70.0,21.6,average,1,0.0,mythical,300.0,82,3,0,120,no-eggs,slow,upright,green,Rogue Monkey Pokémon,"Within dense forests, this Pokémon lives in a pack with others of its kind. It’s incredibly aggressive, and the other Pokémon of the forest fear it.",zarude,1,0,0,1.0,2.0,0.5,0.5,0.5,2.0,2.0,2.0,0.5,2.0,0.0,4.0,1.0,0.5,1.0,0.5,1.0,2.0
893,zarude,zarude-dada,8,dark,grass,2,leaf-guard,,105,0.18,120,0.2,105,0.18,70,0.12,95,0.16,105,0.18,600,attack,190,305,fast,233.33,2,slightly_specialized,0.95,top_tier,0.95,top_tier,7,6,1,-2.5,uniform,juggernaut,uniform-juggernaut,1.8,70.0,21.6,average,1,0.0,mythical,300.0,80,3,0,120,no-eggs,slow,upright,green,Rogue Monkey Pokémon,"Within dense forests, this Pokémon lives in a pack with others of its kind. It’s incredibly aggressive, and the other Pokémon of the forest fear it.",zarude,1,0,0,1.0,2.0,0.5,0.5,0.5,2.0,2.0,2.0,0.5,2.0,0.0,4.0,1.0,0.5,1.0,0.5,1.0,2.0
894,regieleki,regieleki,8,electric,,1,transistor,,80,0.14,100,0.17,50,0.09,100,0.17,50,0.09,200,0.34,580,speed,200,180,fast,2555.56,5,extreme,0.93,top_tier,0.93,top_tier,1,3,0,0.5,uniform,sweeper,uniform-sweeper,1.2,145.0,100.69,heavy,1,0.0,legendary,290.0,47,3,35,120,no-eggs,slow,humanoid,yellow,Electron Pokémon,This Pokémon is a cluster of electrical energy. It’s said that removing the rings on Regieleki’s body will unleash the Pokémon’s latent power.,regieleki,1,0,0,1.0,1.0,1.0,0.5,1.0,1.0,1.0,1.0,2.0,0.5,1.0,1.0,1.0,1.0,1.0,1.0,0.5,1.0
895,regidrago,regidrago,8,dragon,,1,dragons-maw,,200,0.34,100,0.17,50,0.09,100,0.17,50,0.09,80,0.14,580,hp,200,300,average,2555.56,5,extreme,0.93,top_tier,0.93,top_tier,3,4,0,-1.0,uniform,juggernaut,uniform-juggernaut,2.1,200.0,45.35,heavy,1,0.0,legendary,290.0,43,3,35,120,no-eggs,slow,humanoid,green,Dragon Orb Pokémon,An academic theory proposes that Regidrago’s arms were once the head of an ancient dragon Pokémon. The theory remains unproven.,regidrago,1,0,0,1.0,0.5,0.5,0.5,0.5,2.0,1.0,1.0,1.0,1.0,1.0,1.0,1.0,1.0,2.0,1.0,1.0,2.0
896,glastrier,glastrier,8,ice,,1,chilling-neigh,,100,0.17,145,0.25,130,0.22,65,0.11,110,0.19,30,0.05,580,attack,210,340,slow,1513.89,5,extreme,0.93,top_tier,0.93,top_tier,4,1,0,-3.5,uniform,bulky_attacker,uniform-bulky_attacker,2.2,800.0,165.29,heavy,1,0.0,legendary,290.0,55,3,35,120,no-eggs,slow,quadruped,white,Wild Horse Pokémon,"Glastrier emits intense cold from its hooves. It’s also a belligerent Pokémon—anything it wants, it takes by force.",glastrier,1,0,0,1.0,2.0,1.0,1.0,1.0,0.5,2.0,1.0,1.0,1.0,1.0,1.0,2.0,1.0,1.0,1.0,2.0,1.0
897,spectrier,spectrier,8,ghost,,1,grim-neigh,,100,0.17,65,0.11,60,0.1,145,0.25,80,0.14,130,0.22,580,sp_attack,210,240,fast,1013.89,5,highly_specialized,0.93,top_tier,0.93,top_tier,2,2,2,2.0,uniform,sweeper,uniform-sweeper,2.0,44.5,11.12,light,1,0.0,legendary,290.0,50,3,35,120,no-eggs,slow,quadruped,black,Swift Horse Pokémon,It probes its surroundings with all its senses save one—it doesn’t use its sense of sight. Spectrier’s kicks are said to separate soul from body.,spectrier,1,0,0,0.0,1.0,1.0,1.0,1.0,1.0,0.0,0.5,1.0,1.0,1.0,0.5,1.0,2.0,1.0,2.0,1.0,1.0
898,calyrex,calyrex,8,psychic,grass,2,unnerve,,100,0.2,80,0.16,80,0.16,80,0.16,80,0.16,80,0.16,500,hp,160,260,average,55.56,1,balanced,0.67,upper_mid_tier,0.67,upper_mid_tier,7,6,0,-4.0,uniform,midrange,uniform-midrange,1.1,7.7,6.36,light,1,0.0,legendary,250.0,69,3,100,120,no-eggs,slow,humanoid,green,King Pokémon,"Calyrex is a merciful Pokémon, capable of providing healing and blessings. It reigned over the Galar region in times of yore.",calyrex,1,0,0,1.0,2.0,0.5,0.5,0.5,2.0,0.5,2.0,0.5,2.0,0.5,4.0,1.0,2.0,1.0,2.0,1.0,1.0
898,calyrex,calyrex-ice,8,psychic,ice,2,as-one-glastrier,,100,0.15,165,0.24,150,0.22,85,0.12,130,0.19,50,0.07,680,attack,250,380,slow,1547.22,5,extreme,0.98,top_tier,0.98,top_tier,6,2,0,-5.0,uniform,bulky_attacker,uniform-bulky_attacker,2.4,809.1,140.47,heavy,1,0.0,legendary,340.0,104,3,100,120,no-eggs,slow,humanoid,green,King Pokémon,"Calyrex is a merciful Pokémon, capable of providing healing and blessings. It reigned over the Galar region in times of yore.",calyrex,1,0,0,1.0,2.0,1.0,1.0,1.0,0.5,1.0,1.0,1.0,1.0,0.5,2.0,2.0,2.0,1.0,2.0,2.0,1.0
898,calyrex,calyrex-shadow,8,psychic,ghost,2,as-one-spectrier,,100,0.15,85,0.12,80,0.12,165,0.24,100,0.15,150,0.22,680,sp_attack,250,280,fast,1047.22,5,highly_specialized,0.98,top_tier,0.98,top_tier,2,2,2,2.0,uniform,juggernaut,uniform-juggernaut,2.4,53.6,9.31,light,1,0.0,legendary,340.0,94,3,100,120,no-eggs,slow,humanoid,green,King Pokémon,"Calyrex is a merciful Pokémon, capable of providing healing and blessings. It reigned over the Galar region in times of yore.",calyrex,1,0,0,0.0,1.0,1.0,1.0,1.0,1.0,0.0,0.5,1.0,1.0,0.5,1.0,1.0,4.0,1.0,4.0,1.0,1.0
899,wyrdeer,wyrdeer,8,normal,psychic,2,"intimidate, frisk",sap-sipper,103,0.2,105,0.2,72,0.14,105,0.2,75,0.14,65,0.12,525,attack,210,250,average,292.58,2,slightly_specialized,0.82,top_tier,0.82,top_tier,2,1,1,0.0,uniform,attacker,uniform-attacker,1.8,95.1,29.35,average,0,0.5,normal,263.0,68,135,50,20,ground,slow,quadruped,gray,Big Horn Pokémon,The black orbs shine with an uncanny light when the Pokémon is erecting invisible barriers. The fur shed from its beard retains heat well and is a highly useful material for winter clothing.,stantler --> wyrdeer,2,2,1,1.0,1.0,1.0,1.0,1.0,1.0,1.0,1.0,1.0,1.0,0.5,2.0,1.0,0.0,1.0,2.0,1.0,1.0
900,kleavor,kleavor,8,bug,rock,2,"swarm, sheer-force",sharpness,70,0.14,135,0.27,95,0.19,45,0.09,70,0.14,85,0.17,500,attack,180,235,average,772.22,5,specialized,0.67,upper_mid_tier,0.67,upper_mid_tier,3,2,0,-2.0,uniform,sweeper,uniform-sweeper,1.8,89.0,27.47,average,0,0.5,normal,175.0,56,115,50,20,bug,medium,bug-wings,brown,Axe Pokémon,"A violent creature that fells towering trees with its crude axes and shields itself with hard stone. If one should chance upon this Pokémon in the wilds, one's only recourse is to flee.",scyther --> scizor,2,2,1,0.5,1.0,2.0,1.0,1.0,1.0,1.0,0.5,1.0,1.0,1.0,1.0,2.0,1.0,1.0,1.0,2.0,1.0
901,ursaluna,ursaluna,8,ground,normal,2,"guts, bulletproof",unnerve,130,0.24,140,0.25,105,0.19,45,0.08,80,0.15,50,0.09,550,attack,185,315,slow,1338.89,5,highly_specialized,0.89,top_tier,0.89,top_tier,4,2,2,0.0,uniform,bulky_attacker,uniform-bulky_attacker,2.4,290.0,50.35,heavy,0,0.5,normal,275.0,77,75,50,20,ground,medium,quadruped,brown,Peat Pokémon,I believe it was Hisui's swampy terrain that gave Ursaluna its burly physique and newfound capacity to manipulate peat at will.,teddiursa --> ursaring --> ursaluna,3,3,1,1.0,1.0,2.0,0.0,2.0,2.0,2.0,0.5,1.0,1.0,1.0,1.0,0.5,0.0,1.0,1.0,1.0,1.0
901,ursaluna,ursaluna-bloodmoon,8,ground,normal,2,minds-eye,,113,0.2,70,0.13,120,0.22,135,0.24,65,0.12,52,0.09,555,sp_attack,205,298,slow,980.92,5,highly_specialized,0.91,top_tier,0.91,top_tier,4,2,2,0.0,uniform,bulky_attacker,uniform-bulky_attacker,2.4,290.0,50.35,heavy,0,0.5,normal,275.0,77,75,50,20,ground,medium,quadruped,brown,Peat Pokémon,I believe it was Hisui's swampy terrain that gave Ursaluna its burly physique and newfound capacity to manipulate peat at will.,teddiursa --> ursaring --> ursaluna,3,3,1,1.0,1.0,2.0,0.0,2.0,2.0,2.0,0.5,1.0,1.0,1.0,1.0,0.5,0.0,1.0,1.0,1.0,1.0
902,basculegion,basculegion-male,8,water,ghost,2,"swift-swim, adaptability",mold-breaker,120,0.23,112,0.21,65,0.12,80,0.15,75,0.14,78,0.15,530,hp,192,260,average,410.22,2,slightly_specialized,0.85,top_tier,0.85,top_tier,4,6,2,2.0,uniform,sweeper,uniform-sweeper,3.0,110.0,12.22,light,0,0.5,normal,265.0,54,135,50,20,water2,medium,fish,green,Big Fish Pokémon,Clads itself in the souls of comrades that perished before fulfilling their goals of journeying upstream. No other species throughout all Hisui's rivers is Basculegion's equal.,basculin --> basculegion,2,2,1,0.0,0.5,0.5,2.0,2.0,0.5,0.0,0.5,1.0,1.0,1.0,0.5,1.0,2.0,1.0,2.0,0.5,1.0
902,basculegion,basculegion-female,8,water,ghost,2,"swift-swim, adaptability",mold-breaker,120,0.23,92,0.17,65,0.12,100,0.19,75,0.14,78,0.15,530,hp,192,260,average,330.22,2,slightly_specialized,0.85,top_tier,0.85,top_tier,4,6,2,2.0,uniform,sweeper,uniform-sweeper,3.0,110.0,12.22,light,0,0.5,normal,265.0,53,135,50,20,water2,medium,fish,green,Big Fish Pokémon,Clads itself in the souls of comrades that perished before fulfilling their goals of journeying upstream. No other species throughout all Hisui's rivers is Basculegion's equal.,basculin --> basculegion,2,2,1,0.0,0.5,0.5,2.0,2.0,0.5,0.0,0.5,1.0,1.0,1.0,0.5,1.0,2.0,1.0,2.0,0.5,1.0
903,sneasler,sneasler,8,fighting,poison,2,"pressure, unburden",poison-touch,80,0.16,130,0.25,60,0.12,40,0.08,80,0.16,120,0.24,510,attack,170,220,fast,991.67,5,highly_specialized,0.78,upper_mid_tier,0.78,upper_mid_tier,3,6,0,0.0,uniform,fragile,uniform-fragile,1.3,43.0,25.44,average,0,0.5,normal,102.0,65,135,50,20,ground,medium-slow,upright,gray,Free Climb Pokémon,"Because of Sneasler's virulent poison and daunting physical prowess, no other species could hope to best it on the frozen highlands. Preferring solitude, this species does not form packs.",sneasel --> weavile,2,2,1,1.0,1.0,1.0,1.0,0.5,1.0,0.5,0.5,2.0,2.0,4.0,0.25,0.5,1.0,1.0,0.5,1.0,1.0
904,overqwil,overqwil,8,dark,poison,2,"poison-point, swift-swim",intimidate,85,0.17,115,0.23,95,0.19,65,0.13,65,0.13,85,0.17,510,attack,180,245,average,300.0,2,slightly_specialized,0.78,upper_mid_tier,0.78,upper_mid_tier,1,4,1,2.5,uniform,sweeper,uniform-sweeper,2.5,60.5,9.68,light,0,0.5,normal,179.0,63,135,50,20,water2,medium,fish,black,Pin Cluster Pokémon,Its lancelike spikes and savage temperament have earned it the nickname ”sea fiend.” It slurps up poison to nourish itself.,qwilfish --> overqwil,2,2,1,1.0,1.0,1.0,1.0,0.5,1.0,1.0,0.5,2.0,1.0,0.0,1.0,1.0,0.5,1.0,0.5,1.0,1.0
905,enamorus,enamorus-incarnate,8,fairy,flying,2,cute-charm,contrary,74,0.13,115,0.2,70,0.12,135,0.23,80,0.14,106,0.18,580,sp_attack,250,224,fast,565.89,3,specialized,0.93,top_tier,0.93,top_tier,5,4,2,0.0,uniform,sweeper,uniform-sweeper,1.6,48.0,18.75,average,0,1.0,legendary,116.0,54,3,50,20,no-eggs,slow,arms,pink,Love-Hate Pokémon,"When it flies to this land from across the sea, the bitter winter comes to an end. According to legend, this Pokémon's love gives rise to the budding of fresh life across Hisui.",enamorus,1,0,0,1.0,1.0,1.0,2.0,0.5,2.0,0.25,2.0,0.0,1.0,1.0,0.25,2.0,1.0,0.0,0.5,2.0,1.0
905,enamorus,enamorus-therian,8,fairy,flying,2,overcoat,,74,0.13,115,0.2,110,0.19,135,0.23,100,0.17,46,0.08,580,sp_attack,250,284,slow,845.89,5,specialized,0.93,top_tier,0.93,top_tier,5,4,2,0.0,uniform,bulky_attacker,uniform-bulky_attacker,1.6,48.0,18.75,average,0,1.0,legendary,116.0,51,3,50,20,no-eggs,slow,arms,pink,Love-Hate Pokémon,"When it flies to this land from across the sea, the bitter winter comes to an end. According to legend, this Pokémon's love gives rise to the budding of fresh life across Hisui.",enamorus,1,0,0,1.0,1.0,1.0,2.0,0.5,2.0,0.25,2.0,0.0,1.0,1.0,0.25,2.0,1.0,0.0,0.5,2.0,1.0
