pokedex_id,species_name,name,generation,type1,type2,type_count,abilities,hidden_abilities,hp,hp_ratio,attack,attack_ratio,defense,defense_ratio,sp_attack,sp_attack_ratio,sp_defense,sp_defense_ratio,speed,speed_ratio,base_stat_total,dominant_stat,offense,bulk,speed_tier,stat_variance,stat_variance_quantile,stat_specialization,bst_percentile_gen,bst_gen_class,bst_percentile_all,bst_all_class,weakness_count,resistance_count,immunity_count,typing_defense_score,typing_defense_class,battle_archetypes,combat_profile,height_m,weight_kg,mass_index,mass_index_class,is_genderless,female_ratio,pokemon_class,base_experience,moves_count,capture_rate,base_happiness,hatch_counter,egg_groups,growth_rate,shape,color,genus,flavor_text,evolution_line,evolution_chain_length,evolution_stage,is_final_evolution,against_normal,against_fire,against_water,against_electric,against_grass,against_ice,against_fighting,against_poison,against_ground,against_flying,against_psychic,against_bug,against_rock,against_ghost,against_dragon,against_dark,against_steel,against_fairy
494,victini,victini,5,psychic,fire,2,victory-star,,100,0.17,100,0.17,100,0.17,100,0.17,100,0.17,100,0.17,600,hp,200,300,fast,0.0,1,balanced,0.93,top_tier,0.93,top_tier,5,7,0,-1.5,exposed,juggernaut,exposed-juggernaut,0.4,4.0,25.0,light,1,0.0,mythical,270.0,94,3,100,120,no-eggs,slow,humanoid,yellow,Victory Pokémon,"This Pokémon brings victory. It is said that Trainers with Victini always win, regardless of the type of encounter.",victini,1,0,0,1.0,0.5,2.0,1.0,0.5,0.5,0.5,1.0,2.0,1.0,0.5,1.0,2.0,2.0,1.0,2.0,0.5,0.5
495,snivy,snivy,5,grass,,1,overgrow,contrary,45,0.15,45,0.15,55,0.18,45,0.15,55,0.18,63,0.2,308,speed,90,155,average,47.22,1,balanced,0.16,bottom_tier,0.16,bottom_tier,5,4,0,-3.0,frail,fragile,frail-fragile,0.6,8.1,22.5,light,0,0.125,normal,62.0,77,45,70,20,"ground, plant",medium-slow,upright,green,Grass Snake Pokémon,It is very intelligent and calm. Being exposed to lots of sunlight makes its movements swifter.,snivy --> servine --> serperior,3,1,0,1.0,2.0,0.5,0.5,0.5,2.0,1.0,2.0,0.5,2.0,1.0,2.0,1.0,1.0,1.0,1.0,1.0,1.0
496,servine,servine,5,grass,,1,overgrow,contrary,60,0.15,60,0.15,75,0.18,60,0.15,75,0.18,83,0.2,413,speed,120,210,average,85.14,1,balanced,0.39,lower_mid_tier,0.39,lower_mid_tier,5,4,0,-3.0,frail,midrange,frail-midrange,0.8,16.0,25.0,light,0,0.125,normal,145.0,74,45,70,20,"ground, plant",medium-slow,upright,green,Grass Snake Pokémon,"It moves along the ground as if sliding. Its swift movements befuddle its foes, and it then attacks with a vine whip.",snivy --> servine --> serperior,3,2,0,1.0,2.0,0.5,0.5,0.5,2.0,1.0,2.0,0.5,2.0,1.0,2.0,1.0,1.0,1.0,1.0,1.0,1.0
497,serperior,serperior,5,grass,,1,overgrow,contrary,75,0.14,75,0.14,95,0.18,75,0.14,95,0.18,113,0.21,528,speed,150,265,fast,205.0,2,slightly_specialized,0.79,upper_mid_tier,0.79,upper_mid_tier,5,4,0,-3.0,frail,bulky_speedster,frail-bulky_speedster,3.3,63.0,5.79,very_light,0,0.125,normal,238.0,87,45,70,20,"ground, plant",medium-slow,squiggle,green,Regal Pokémon,It can stop its opponents’ movements with just a glare. It takes in solar energy and boosts it internally.,snivy --> servine --> serperior,3,3,1,1.0,2.0,0.5,0.5,0.5,2.0,1.0,2.0,0.5,2.0,1.0,2.0,1.0,1.0,1.0,1.0,1.0,1.0
498,tepig,tepig,5,fire,,1,blaze,thick-fat,65,0.21,63,0.2,45,0.15,45,0.15,45,0.15,45,0.15,308,hp,108,155,slow,80.56,1,balanced,0.16,bottom_tier,0.16,bottom_tier,3,6,0,0.0,neutral,weak_slow,neutral-weak_slow,0.5,9.9,39.6,heavy,0,0.125,normal,62.0,72,45,70,20,ground,medium-slow,quadruped,red,Fire Pig Pokémon,It can deftly dodge its foe’s attacks while shooting fireballs from its nose. It roasts berries before it eats them.,tepig --> pignite --> emboar,3,1,0,1.0,0.5,2.0,1.0,0.5,0.5,1.0,1.0,2.0,1.0,1.0,0.5,2.0,1.0,1.0,1.0,0.5,0.5
499,pignite,pignite,5,fire,fighting,2,blaze,thick-fat,90,0.22,93,0.22,55,0.13,70,0.17,55,0.13,55,0.13,418,attack,163,200,slow,267.22,3,slightly_specialized,0.4,lower_mid_tier,0.4,lower_mid_tier,4,6,0,-1.0,exposed,slow_attacker,exposed-slow_attacker,1.0,55.5,55.5,very_heavy,0,0.125,normal,146.0,91,45,70,20,ground,medium-slow,upright,red,Fire Pig Pokémon,"When its internal fire flares up, its movements grow sharper and faster. When in trouble, it emits smoke.",tepig --> pignite --> emboar,3,2,0,1.0,0.5,2.0,1.0,0.5,0.5,1.0,1.0,2.0,2.0,2.0,0.25,1.0,1.0,1.0,0.5,0.5,1.0
500,emboar,emboar,5,fire,fighting,2,blaze,reckless,110,0.21,123,0.23,65,0.12,100,0.19,65,0.12,65,0.12,528,attack,223,240,average,573.33,4,specialized,0.79,upper_mid_tier,0.79,upper_mid_tier,4,6,0,-1.0,exposed,attacker,exposed-attacker,1.6,150.0,58.59,very_heavy,0,0.125,normal,238.0,102,45,70,20,ground,medium-slow,upright,red,Mega Fire Pig Pokémon,It can throw a fire punch by setting its fists on fire with its fiery chin. It cares deeply about its friends.,tepig --> pignite --> emboar,3,3,1,1.0,0.5,2.0,1.0,0.5,0.5,1.0,1.0,2.0,2.0,2.0,0.25,1.0,1.0,1.0,0.5,0.5,1.0
500,emboar,emboar-mega,5,fire,fighting,2,,,110,0.18,148,0.24,75,0.12,110,0.18,110,0.18,75,0.12,628,attack,258,295,average,620.56,4,specialized,0.97,top_tier,0.97,top_tier,4,6,0,-1.0,exposed,bulky_attacker,exposed-bulky_attacker,1.8,180.3,55.65,very_heavy,0,0.125,normal,,0,45,70,20,ground,medium-slow,upright,red,Mega Fire Pig Pokémon,It can throw a fire punch by setting its fists on fire with its fiery chin. It cares deeply about its friends.,tepig --> pignite --> emboar,3,3,1,1.0,0.5,2.0,1.0,0.5,0.5,1.0,1.0,2.0,2.0,2.0,0.25,1.0,1.0,1.0,0.5,0.5,1.0
501,oshawott,oshawott,5,water,,1,torrent,shell-armor,55,0.18,55,0.18,45,0.15,63,0.2,45,0.15,45,0.15,308,sp_attack,118,145,slow,47.22,1,balanced,0.16,bottom_tier,0.16,bottom_tier,2,4,0,0.0,neutral,weak_slow,neutral-weak_slow,0.5,5.9,23.6,light,0,0.125,normal,62.0,78,45,70,20,ground,medium-slow,upright,blue,Sea Otter Pokémon,"It fights using the scalchop on its stomach. In response to an attack, it retaliates immediately by slashing.",oshawott --> dewott --> samurott,3,1,0,1.0,0.5,0.5,2.0,2.0,0.5,1.0,1.0,1.0,1.0,1.0,1.0,1.0,1.0,1.0,1.0,0.5,1.0
502,dewott,dewott,5,water,,1,torrent,shell-armor,75,0.18,75,0.18,60,0.15,83,0.2,60,0.15,60,0.15,413,sp_attack,158,195,average,85.14,1,balanced,0.39,lower_mid_tier,0.39,lower_mid_tier,2,4,0,0.0,neutral,balanced,neutral-balanced,0.8,24.5,38.28,heavy,0,0.125,normal,145.0,77,45,70,20,ground,medium-slow,upright,blue,Discipline Pokémon,Strict training is how it learns its flowing double-scalchop technique.,oshawott --> dewott --> samurott,3,2,0,1.0,0.5,0.5,2.0,2.0,0.5,1.0,1.0,1.0,1.0,1.0,1.0,1.0,1.0,1.0,1.0,0.5,1.0
503,samurott,samurott,5,water,,1,torrent,shell-armor,95,0.18,100,0.19,85,0.16,108,0.2,70,0.13,70,0.13,528,sp_attack,208,250,average,208.33,2,slightly_specialized,0.79,upper_mid_tier,0.79,upper_mid_tier,2,4,0,0.0,neutral,bulky_attacker,neutral-bulky_attacker,1.5,94.6,42.04,heavy,0,0.125,normal,238.0,95,45,70,20,ground,medium-slow,quadruped,blue,Formidable Pokémon,One swing of the sword incorporated in its armor can fell an opponent. A simple glare from one of them quiets everybody.,oshawott --> dewott --> samurott,3,3,1,1.0,0.5,0.5,2.0,2.0,0.5,1.0,1.0,1.0,1.0,1.0,1.0,1.0,1.0,1.0,1.0,0.5,1.0
503,samurott,samurott-hisui,5,water,dark,2,torrent,sharpness,90,0.17,108,0.2,80,0.15,100,0.19,65,0.12,85,0.16,528,attack,208,235,average,191.67,2,balanced,0.79,upper_mid_tier,0.79,upper_mid_tier,5,6,1,-0.5,neutral,attacker,neutral-attacker,1.5,58.2,25.87,light,0,0.125,normal,238.0,66,45,70,20,ground,medium-slow,quadruped,blue,Formidable Pokémon,One swing of the sword incorporated in its armor can fell an opponent. A simple glare from one of them quiets everybody.,oshawott --> dewott --> samurott,3,3,1,1.0,0.5,0.5,2.0,2.0,0.5,2.0,1.0,1.0,1.0,0.0,2.0,1.0,0.5,1.0,0.5,0.5,2.0
504,patrat,patrat,5,normal,,1,"run-away, keen-eye",analytic,45,0.18,55,0.22,39,0.15,35,0.14,39,0.15,42,0.16,255,attack,90,123,slow,40.58,1,balanced,0.01,bottom_tier,0.01,bottom_tier,1,0,1,0.5,solid,weak_slow,solid-weak_slow,0.5,11.6,46.4,heavy,0,0.5,normal,51.0,63,255,70,15,ground,medium,quadruped,brown,Scout Pokémon,"Using food stored in cheek pouches, they can keep watch for days. They use their tails to communicate with others.",patrat --> watchog,2,1,0,1.0,1.0,1.0,1.0,1.0,1.0,2.0,1.0,1.0,1.0,1.0,1.0,1.0,0.0,1.0,1.0,1.0,1.0
505,watchog,watchog,5,normal,,1,"illuminate, keen-eye",analytic,60,0.14,85,0.2,69,0.16,60,0.14,69,0.16,77,0.18,420,attack,145,198,average,79.33,1,balanced,0.41,mid_tier,0.41,mid_tier,1,0,1,0.5,solid,balanced,solid-balanced,1.1,27.0,22.31,light,0,0.5,normal,147.0,77,255,70,20,ground,medium,upright,brown,Lookout Pokémon,"When they see an enemy, their tails stand high, and they spit the seeds of berries stored in their cheek pouches.",patrat --> watchog,2,2,1,1.0,1.0,1.0,1.0,1.0,1.0,2.0,1.0,1.0,1.0,1.0,1.0,1.0,0.0,1.0,1.0,1.0,1.0
506,lillipup,lillipup,5,normal,,1,"vital-spirit, pickup",run-away,45,0.16,60,0.22,45,0.16,25,0.09,45,0.16,55,0.2,275,attack,85,135,slow,120.14,1,balanced,0.03,bottom_tier,0.03,bottom_tier,1,0,1,0.5,solid,weak_slow,solid-weak_slow,0.4,4.1,25.62,light,0,0.5,normal,55.0,60,255,70,15,ground,medium-slow,quadruped,brown,Puppy Pokémon,"It faces strong opponents with great courage. But, when at a disadvantage in a fight, this intelligent Pokémon flees.",lillipup --> herdier --> stoutland,3,1,0,1.0,1.0,1.0,1.0,1.0,1.0,2.0,1.0,1.0,1.0,1.0,1.0,1.0,0.0,1.0,1.0,1.0,1.0
507,herdier,herdier,5,normal,,1,"intimidate, sand-rush",scrappy,65,0.18,80,0.22,65,0.18,35,0.09,65,0.18,60,0.16,370,attack,115,195,average,180.56,2,balanced,0.33,lower_mid_tier,0.33,lower_mid_tier,1,0,1,0.5,solid,midrange,solid-midrange,0.9,14.7,18.15,very_light,0,0.5,normal,130.0,56,120,70,15,ground,medium-slow,quadruped,gray,Loyal Dog Pokémon,"It has black, cape-like fur that is very hard and decreases the amount of damage it receives.",lillipup --> herdier --> stoutland,3,2,0,1.0,1.0,1.0,1.0,1.0,1.0,2.0,1.0,1.0,1.0,1.0,1.0,1.0,0.0,1.0,1.0,1.0,1.0
508,stoutland,stoutland,5,normal,,1,"intimidate, sand-rush",scrappy,85,0.17,110,0.22,90,0.18,45,0.09,90,0.18,80,0.16,500,attack,155,265,average,380.56,3,slightly_specialized,0.7,upper_mid_tier,0.7,upper_mid_tier,1,0,1,0.5,solid,bulky,solid-bulky,1.2,61.0,42.36,heavy,0,0.5,normal,225.0,61,45,70,15,ground,medium-slow,quadruped,gray,Big-Hearted Pokémon,It rescues people stranded by blizzards in the mountains. Its shaggy fur shields it from the cold.,lillipup --> herdier --> stoutland,3,3,1,1.0,1.0,1.0,1.0,1.0,1.0,2.0,1.0,1.0,1.0,1.0,1.0,1.0,0.0,1.0,1.0,1.0,1.0
509,purrloin,purrloin,5,dark,,1,"limber, unburden",prankster,41,0.15,50,0.18,37,0.13,50,0.18,37,0.13,66,0.23,281,speed,100,115,average,102.47,1,balanced,0.05,bottom_tier,0.05,bottom_tier,3,2,1,-0.5,neutral,fragile,neutral-fragile,0.4,10.1,63.12,very_heavy,0,0.5,normal,56.0,74,255,70,20,ground,medium,quadruped,purple,Devious Pokémon,"They steal from people for fun, but their victims can’t help but forgive them. Their deceptively cute act is perfect.",purrloin --> liepard,2,1,0,1.0,1.0,1.0,1.0,1.0,1.0,2.0,1.0,1.0,1.0,0.0,2.0,1.0,0.5,1.0,0.5,1.0,2.0
510,liepard,liepard,5,dark,,1,"limber, unburden",prankster,64,0.14,88,0.2,50,0.11,88,0.2,50,0.11,106,0.24,446,speed,176,164,fast,444.56,4,slightly_specialized,0.44,mid_tier,0.44,mid_tier,3,2,1,-0.5,neutral,midrange,neutral-midrange,1.1,37.5,30.99,average,0,0.5,normal,156.0,77,90,70,20,ground,medium,quadruped,purple,Cruel Pokémon,These Pokémon vanish and appear unexpectedly. Many Trainers are drawn to their beautiful form and fur.,purrloin --> liepard,2,2,1,1.0,1.0,1.0,1.0,1.0,1.0,2.0,1.0,1.0,1.0,0.0,2.0,1.0,0.5,1.0,0.5,1.0,2.0
511,pansage,pansage,5,grass,,1,gluttony,overgrow,50,0.16,53,0.17,48,0.15,53,0.17,48,0.15,64,0.2,316,speed,106,146,average,29.89,1,balanced,0.19,bottom_tier,0.19,bottom_tier,5,4,0,-3.0,frail,fragile,frail-fragile,0.6,10.5,29.17,average,0,0.125,normal,63.0,72,190,70,20,ground,medium,upright,green,Grass Monkey Pokémon,This Pokémon dwells deep in the forest. Eating a leaf from its head whisks weariness away as if by magic.,pansage --> simisage,2,1,0,1.0,2.0,0.5,0.5,0.5,2.0,1.0,2.0,0.5,2.0,1.0,2.0,1.0,1.0,1.0,1.0,1.0,1.0
512,simisage,simisage,5,grass,,1,gluttony,overgrow,75,0.15,98,0.2,63,0.13,98,0.2,63,0.13,101,0.2,498,speed,196,201,fast,273.0,3,slightly_specialized,0.69,upper_mid_tier,0.69,upper_mid_tier,5,4,0,-3.0,frail,sweeper,frail-sweeper,1.1,30.5,25.21,light,0,0.125,normal,174.0,64,75,70,20,ground,medium,upright,green,Thorn Monkey Pokémon,"Ill tempered, it fights by swinging its barbed tail around wildly. The leaf growing on its head is very bitter.",pansage --> simisage,2,2,1,1.0,2.0,0.5,0.5,0.5,2.0,1.0,2.0,0.5,2.0,1.0,2.0,1.0,1.0,1.0,1.0,1.0,1.0
513,pansear,pansear,5,fire,,1,gluttony,blaze,50,0.16,53,0.17,48,0.15,53,0.17,48,0.15,64,0.2,316,speed,106,146,average,29.89,1,balanced,0.19,bottom_tier,0.19,bottom_tier,3,6,0,0.0,neutral,fragile,neutral-fragile,0.6,11.0,30.56,average,0,0.125,normal,63.0,72,190,70,20,ground,medium,upright,red,High Temp Pokémon,"When it is angered, the temperature of its head tuft reaches 600° F. It uses its tuft to roast berries.",pansear --> simisear,2,1,0,1.0,0.5,2.0,1.0,0.5,0.5,1.0,1.0,2.0,1.0,1.0,0.5,2.0,1.0,1.0,1.0,0.5,0.5
514,simisear,simisear,5,fire,,1,gluttony,blaze,75,0.15,98,0.2,63,0.13,98,0.2,63,0.13,101,0.2,498,speed,196,201,fast,273.0,3,slightly_specialized,0.69,upper_mid_tier,0.69,upper_mid_tier,3,6,0,0.0,neutral,sweeper,neutral-sweeper,1.0,28.0,28.0,average,0,0.125,normal,174.0,66,75,70,20,ground,medium,upright,red,Ember Pokémon,It loves sweets because they become energy for the fire burning inside its body.,pansear --> simisear,2,2,1,1.0,0.5,2.0,1.0,0.5,0.5,1.0,1.0,2.0,1.0,1.0,0.5,2.0,1.0,1.0,1.0,0.5,0.5
515,panpour,panpour,5,water,,1,gluttony,torrent,50,0.16,53,0.17,48,0.15,53,0.17,48,0.15,64,0.2,316,speed,106,146,average,29.89,1,balanced,0.19,bottom_tier,0.19,bottom_tier,2,4,0,0.0,neutral,fragile,neutral-fragile,0.6,13.5,37.5,heavy,0,0.125,normal,63.0,74,190,70,20,ground,medium,upright,blue,Spray Pokémon,The water stored inside the tuft on its head is full of nutrients. Plants that receive its water grow large.,panpour --> simipour,2,1,0,1.0,0.5,0.5,2.0,2.0,0.5,1.0,1.0,1.0,1.0,1.0,1.0,1.0,1.0,1.0,1.0,0.5,1.0
516,simipour,simipour,5,water,,1,gluttony,torrent,75,0.15,98,0.2,63,0.13,98,0.2,63,0.13,101,0.2,498,speed,196,201,fast,273.0,3,slightly_specialized,0.69,upper_mid_tier,0.69,upper_mid_tier,2,4,0,0.0,neutral,sweeper,neutral-sweeper,1.0,29.0,29.0,average,0,0.125,normal,174.0,67,75,70,20,ground,medium,upright,blue,Geyser Pokémon,"The tuft on its head holds water. When the level runs low, it replenishes the tuft by siphoning up water with its tail.",panpour --> simipour,2,2,1,1.0,0.5,0.5,2.0,2.0,0.5,1.0,1.0,1.0,1.0,1.0,1.0,1.0,1.0,1.0,1.0,0.5,1.0
517,munna,munna,5,psychic,,1,"forewarn, synchronize",telepathy,76,0.26,25,0.09,45,0.15,67,0.23,55,0.19,24,0.08,292,hp,92,176,slow,384.22,4,slightly_specialized,0.07,bottom_tier,0.07,bottom_tier,3,2,0,-2.0,frail,weak_slow,frail-weak_slow,0.6,23.3,64.72,very_heavy,0,0.5,normal,58.0,75,190,70,10,ground,fast,quadruped,pink,Dream Eater Pokémon,Munna always float in the air. People whose dreams are eaten by them forget what the dreams had been about.,munna --> musharna,2,1,0,1.0,1.0,1.0,1.0,1.0,1.0,0.5,1.0,1.0,1.0,0.5,2.0,1.0,2.0,1.0,2.0,1.0,1.0
518,musharna,musharna,5,psychic,,1,"forewarn, synchronize",telepathy,116,0.24,55,0.11,85,0.17,107,0.22,95,0.2,29,0.06,487,hp,162,296,slow,915.47,5,highly_specialized,0.61,upper_mid_tier,0.61,upper_mid_tier,3,2,0,-2.0,frail,tank,frail-tank,1.1,60.5,50.0,very_heavy,0,0.5,normal,170.0,71,75,70,10,ground,fast,humanoid,pink,Drowsing Pokémon,The mist emanating from their foreheads is packed with the dreams of people and Pokémon.,munna --> musharna,2,2,1,1.0,1.0,1.0,1.0,1.0,1.0,0.5,1.0,1.0,1.0,0.5,2.0,1.0,2.0,1.0,2.0,1.0,1.0
519,pidove,pidove,5,normal,flying,2,"big-pecks, super-luck",rivalry,50,0.19,55,0.21,50,0.19,36,0.14,30,0.11,43,0.16,264,attack,91,130,slow,75.67,1,balanced,0.02,bottom_tier,0.02,bottom_tier,3,2,2,1.0,solid,weak_slow,solid-weak_slow,0.3,2.1,23.33,light,0,0.5,normal,53.0,52,255,70,15,flying,medium-slow,wings,gray,Tiny Pigeon Pokémon,"Each follows its Trainer’s orders as best it can, but they sometimes fail to understand complicated commands.",pidove --> tranquill --> unfezant,3,1,0,1.0,1.0,1.0,2.0,0.5,2.0,1.0,1.0,0.0,1.0,1.0,0.5,2.0,0.0,1.0,1.0,1.0,1.0
520,tranquill,tranquill,5,normal,flying,2,"big-pecks, super-luck",rivalry,62,0.17,77,0.22,62,0.17,50,0.14,42,0.12,65,0.18,358,attack,127,166,average,124.22,1,balanced,0.31,lower_mid_tier,0.31,lower_mid_tier,3,2,2,1.0,solid,fragile,solid-fragile,0.6,15.0,41.67,heavy,0,0.5,normal,125.0,46,120,70,15,flying,medium-slow,wings,gray,Wild Pigeon Pokémon,It can return to its Trainer’s location regardless of the distance separating them.,pidove --> tranquill --> unfezant,3,2,0,1.0,1.0,1.0,2.0,0.5,2.0,1.0,1.0,0.0,1.0,1.0,0.5,2.0,0.0,1.0,1.0,1.0,1.0
521,unfezant,unfezant,5,normal,flying,2,"big-pecks, super-luck",rivalry,80,0.16,115,0.24,80,0.16,65,0.13,55,0.11,93,0.19,488,attack,180,215,average,372.22,3,slightly_specialized,0.62,upper_mid_tier,0.62,upper_mid_tier,3,2,2,1.0,solid,sweeper,solid-sweeper,1.2,29.0,20.14,very_light,0,0.5,normal,220.0,51,45,70,15,flying,medium-slow,wings,gray,Proud Pokémon,Males swing their head plumage to threaten opponents. The females’ flying abilities surpass those of the males.,pidove --> tranquill --> unfezant,3,3,1,1.0,1.0,1.0,2.0,0.5,2.0,1.0,1.0,0.0,1.0,1.0,0.5,2.0,0.0,1.0,1.0,1.0,1.0
522,blitzle,blitzle,5,electric,,1,"lightning-rod, motor-drive",sap-sipper,45,0.15,60,0.2,32,0.11,50,0.17,32,0.11,76,0.26,295,speed,110,109,average,240.81,2,slightly_specialized,0.09,bottom_tier,0.09,bottom_tier,1,3,0,0.5,solid,fragile,solid-fragile,0.8,29.8,46.56,heavy,0,0.5,normal,59.0,65,190,70,20,ground,medium,quadruped,black,Electrified Pokémon,"When thunderclouds cover the sky, it will appear. It can catch lightning with its mane and store the electricity.",blitzle --> zebstrika,2,1,0,1.0,1.0,1.0,0.5,1.0,1.0,1.0,1.0,2.0,0.5,1.0,1.0,1.0,1.0,1.0,1.0,0.5,1.0
523,zebstrika,zebstrika,5,electric,,1,"lightning-rod, motor-drive",sap-sipper,75,0.15,100,0.2,63,0.13,80,0.16,63,0.13,116,0.23,497,speed,180,201,fast,375.14,3,slightly_specialized,0.68,upper_mid_tier,0.68,upper_mid_tier,1,3,0,0.5,solid,sweeper,solid-sweeper,1.6,79.5,31.05,average,0,0.5,normal,174.0,74,75,70,20,ground,medium,quadruped,black,Thunderbolt Pokémon,"They have lightning-like movements. When Zebstrika run at full speed, the sound of thunder reverberates.",blitzle --> zebstrika,2,2,1,1.0,1.0,1.0,0.5,1.0,1.0,1.0,1.0,2.0,0.5,1.0,1.0,1.0,1.0,1.0,1.0,0.5,1.0
524,roggenrola,roggenrola,5,rock,,1,"sturdy, weak-armor",sand-force,55,0.2,75,0.27,85,0.3,25,0.09,25,0.09,15,0.05,280,defense,100,165,slow,713.89,5,specialized,0.04,bottom_tier,0.04,bottom_tier,5,4,0,-3.0,frail,weak_slow,frail-weak_slow,0.4,18.0,112.5,very_heavy,0,0.5,normal,56.0,51,255,70,15,mineral,medium-slow,legs,blue,Mantle Pokémon,"Its ear is hexagonal in shape. Compressed underground, its body is as hard as steel.",roggenrola --> boldore --> gigalith,3,1,0,0.5,0.5,2.0,1.0,2.0,1.0,2.0,0.5,2.0,0.5,1.0,1.0,1.0,1.0,1.0,1.0,2.0,1.0
525,boldore,boldore,5,rock,,1,"sturdy, weak-armor",sand-force,70,0.18,105,0.27,105,0.27,50,0.13,40,0.1,20,0.05,390,attack,155,215,slow,1016.67,5,highly_specialized,0.36,lower_mid_tier,0.36,lower_mid_tier,5,4,0,-3.0,frail,slow_attacker,frail-slow_attacker,0.9,102.0,125.93,very_heavy,0,0.5,normal,137.0,47,120,70,15,mineral,medium-slow,tentacles,blue,Ore Pokémon,"When it overflows with power, the orange crystal on its body glows. It looks for underground water in caves.",roggenrola --> boldore --> gigalith,3,2,0,0.5,0.5,2.0,1.0,2.0,1.0,2.0,0.5,2.0,0.5,1.0,1.0,1.0,1.0,1.0,1.0,2.0,1.0
526,gigalith,gigalith,5,rock,,1,"sturdy, sand-stream",sand-force,85,0.17,135,0.26,130,0.25,60,0.12,80,0.16,25,0.05,515,attack,195,295,slow,1461.81,5,extreme,0.76,upper_mid_tier,0.76,upper_mid_tier,5,4,0,-3.0,frail,bulky_attacker,frail-bulky_attacker,1.7,260.0,89.97,very_heavy,0,0.5,normal,232.0,56,45,70,15,mineral,medium-slow,tentacles,blue,Compressed Pokémon,Compressing the energy from its internal core lets it fire off an attack capable of blowing away a mountain.,roggenrola --> boldore --> gigalith,3,3,1,0.5,0.5,2.0,1.0,2.0,1.0,2.0,0.5,2.0,0.5,1.0,1.0,1.0,1.0,1.0,1.0,2.0,1.0
527,woobat,woobat,5,psychic,flying,2,"unaware, klutz",simple,65,0.2,45,0.14,43,0.13,55,0.17,43,0.13,72,0.22,323,speed,100,151,average,128.14,1,balanced,0.21,lower_mid_tier,0.21,lower_mid_tier,5,3,1,-2.0,frail,fragile,frail-fragile,0.4,2.1,13.12,very_light,0,0.5,normal,65.0,89,190,70,15,"ground, flying",medium,wings,blue,Bat Pokémon,Its habitat is dark forests and caves. It emits ultrasonic waves from its nose to learn about its surroundings.,woobat --> swoobat,2,1,0,1.0,1.0,1.0,2.0,0.5,2.0,0.25,1.0,0.0,1.0,0.5,1.0,2.0,2.0,1.0,2.0,1.0,1.0
528,swoobat,swoobat,5,psychic,flying,2,"unaware, klutz",simple,67,0.16,57,0.13,55,0.13,77,0.18,55,0.13,114,0.27,425,speed,134,177,fast,434.81,4,slightly_specialized,0.42,mid_tier,0.42,mid_tier,5,3,1,-2.0,frail,midrange,frail-midrange,0.9,10.5,12.96,very_light,0,0.5,normal,149.0,89,45,70,15,"ground, flying",medium,wings,blue,Courting Pokémon,"It emits sound waves of various frequencies from its nose, including some powerful enough to destroy rocks.",woobat --> swoobat,2,2,1,1.0,1.0,1.0,2.0,0.5,2.0,0.25,1.0,0.0,1.0,0.5,1.0,2.0,2.0,1.0,2.0,1.0,1.0
529,drilbur,drilbur,5,ground,,1,"sand-rush, sand-force",mold-breaker,60,0.18,85,0.26,40,0.12,30,0.09,45,0.14,68,0.21,328,attack,115,145,average,340.56,3,slightly_specialized,0.22,lower_mid_tier,0.22,lower_mid_tier,3,2,1,-0.5,neutral,fragile,neutral-fragile,0.3,8.5,94.44,very_heavy,0,0.5,normal,66.0,63,120,70,20,ground,medium,upright,gray,Mole Pokémon,It can dig through the ground at a speed of 30 mph. It could give a car running aboveground a good race.,drilbur --> excadrill,2,1,0,1.0,1.0,2.0,0.0,2.0,2.0,1.0,0.5,1.0,1.0,1.0,1.0,0.5,1.0,1.0,1.0,1.0,1.0
530,excadrill,excadrill,5,ground,steel,2,"sand-rush, sand-force",mold-breaker,110,0.22,135,0.27,60,0.12,50,0.1,65,0.13,88,0.17,508,attack,185,235,average,897.22,5,specialized,0.72,upper_mid_tier,0.72,upper_mid_tier,4,8,2,3.0,iron,attacker,iron-attacker,0.7,40.4,82.45,very_heavy,0,0.5,normal,178.0,74,60,70,20,ground,medium,humanoid,gray,Subterrene Pokémon,It can help in tunnel construction. Its drill has evolved into steel strong enough to bore through iron plates.,drilbur --> excadrill,2,2,1,0.5,2.0,2.0,0.0,1.0,1.0,2.0,0.0,2.0,0.5,0.5,0.5,0.25,1.0,0.5,1.0,0.5,0.5
530,excadrill,excadrill-mega,5,ground,steel,2,,,110,0.18,165,0.27,100,0.16,65,0.11,65,0.11,103,0.17,608,attack,230,275,fast,1128.89,5,highly_specialized,0.96,top_tier,0.96,top_tier,4,8,2,3.0,iron,juggernaut,iron-juggernaut,0.9,60.0,74.07,very_heavy,0,0.5,normal,,0,60,70,20,ground,medium,humanoid,gray,Subterrene Pokémon,It can help in tunnel construction. Its drill has evolved into steel strong enough to bore through iron plates.,drilbur --> excadrill,2,2,1,0.5,2.0,2.0,0.0,1.0,1.0,2.0,0.0,2.0,0.5,0.5,0.5,0.25,1.0,0.5,1.0,0.5,0.5
531,audino,audino,5,normal,,1,"healer, regenerator",klutz,103,0.23,60,0.13,86,0.19,60,0.13,86,0.19,50,0.11,445,hp,120,275,slow,349.47,3,slightly_specialized,0.43,mid_tier,0.43,mid_tier,1,0,1,0.5,solid,tank,solid-tank,1.1,31.0,25.62,light,0,0.5,normal,390.0,107,255,70,20,fairy,fast,upright,pink,Hearing Pokémon,"It touches others with the feelers on its ears, using the sound of their heartbeats to tell how they are feeling.",audino,1,0,0,1.0,1.0,1.0,1.0,1.0,1.0,2.0,1.0,1.0,1.0,1.0,1.0,1.0,0.0,1.0,1.0,1.0,1.0
531,audino,audino-mega,5,normal,fairy,2,healer,,103,0.19,60,0.11,126,0.23,80,0.15,126,0.23,50,0.09,545,defense,140,355,slow,892.81,5,specialized,0.83,top_tier,0.83,top_tier,2,2,2,2.0,iron,tank,iron-tank,1.5,32.0,14.22,very_light,0,0.5,normal,425.0,101,255,70,20,fairy,fast,upright,pink,Hearing Pokémon,"It touches others with the feelers on its ears, using the sound of their heartbeats to tell how they are feeling.",audino,1,0,0,1.0,1.0,1.0,1.0,1.0,1.0,1.0,2.0,1.0,1.0,1.0,0.5,1.0,0.0,0.0,0.5,2.0,1.0
532,timburr,timburr,5,fighting,,1,"guts, sheer-force",iron-fist,75,0.25,80,0.26,55,0.18,25,0.08,35,0.11,35,0.11,305,attack,105,165,slow,436.81,4,slightly_specialized,0.13,bottom_tier,0.13,bottom_tier,3,3,0,-1.5,exposed,weak_slow,exposed-weak_slow,0.6,12.5,34.72,heavy,0,0.25,normal,61.0,80,180,70,20,humanshape,medium-slow,humanoid,gray,Muscular Pokémon,It fights by swinging a piece of lumber around. It is close to evolving when it can handle the lumber without difficulty.,timburr --> gurdurr --> conkeldurr,3,1,0,1.0,1.0,1.0,1.0,1.0,1.0,1.0,1.0,1.0,2.0,2.0,0.5,0.5,1.0,1.0,0.5,1.0,2.0
533,gurdurr,gurdurr,5,fighting,,1,"guts, sheer-force",iron-fist,85,0.21,105,0.26,85,0.21,40,0.1,50,0.12,40,0.1,405,attack,145,220,slow,639.58,4,specialized,0.38,lower_mid_tier,0.38,lower_mid_tier,3,3,0,-1.5,exposed,slow_attacker,exposed-slow_attacker,1.2,40.0,27.78,average,0,0.25,normal,142.0,77,90,70,20,humanshape,medium-slow,humanoid,gray,Muscular Pokémon,This Pokémon is so muscular and strongly built that even a group of wrestlers could not make it budge an inch.,timburr --> gurdurr --> conkeldurr,3,2,0,1.0,1.0,1.0,1.0,1.0,1.0,1.0,1.0,1.0,2.0,2.0,0.5,0.5,1.0,1.0,0.5,1.0,2.0
534,conkeldurr,conkeldurr,5,fighting,,1,"guts, sheer-force",iron-fist,105,0.21,140,0.28,95,0.19,55,0.11,65,0.13,45,0.09,505,attack,195,265,slow,1070.14,5,highly_specialized,0.71,upper_mid_tier,0.71,upper_mid_tier,3,3,0,-1.5,exposed,bulky_attacker,exposed-bulky_attacker,1.4,87.0,44.39,heavy,0,0.25,normal,227.0,86,45,70,20,humanshape,medium-slow,humanoid,brown,Muscular Pokémon,"It is thought that Conkeldurr taught humans how to make concrete more than 2,000 years ago.",timburr --> gurdurr --> conkeldurr,3,3,1,1.0,1.0,1.0,1.0,1.0,1.0,1.0,1.0,1.0,2.0,2.0,0.5,0.5,1.0,1.0,0.5,1.0,2.0
535,tympole,tympole,5,water,,1,"swift-swim, hydration",water-absorb,50,0.17,50,0.17,40,0.14,50,0.17,40,0.14,64,0.22,294,speed,100,130,average,65.0,1,balanced,0.08,bottom_tier,0.08,bottom_tier,2,4,0,0.0,neutral,fragile,neutral-fragile,0.5,4.5,18.0,very_light,0,0.5,normal,59.0,51,255,70,20,water1,medium-slow,fish,blue,Tadpole Pokémon,They warn others of danger by vibrating their cheeks to create a high-pitched sound.,tympole --> palpitoad --> seismitoad,3,1,0,1.0,0.5,0.5,2.0,2.0,0.5,1.0,1.0,1.0,1.0,1.0,1.0,1.0,1.0,1.0,1.0,0.5,1.0
536,palpitoad,palpitoad,5,water,ground,2,"swift-swim, hydration",water-absorb,75,0.2,65,0.17,55,0.14,65,0.17,55,0.14,69,0.18,384,hp,130,185,average,51.67,1,balanced,0.35,lower_mid_tier,0.35,lower_mid_tier,1,4,1,2.5,iron,fragile,iron-fragile,0.8,17.0,26.56,light,0,0.5,normal,134.0,52,120,70,20,water1,medium-slow,upright,blue,Vibration Pokémon,"When they vibrate the bumps on their heads, they can make waves in water or earthquake-like vibrations on land.",tympole --> palpitoad --> seismitoad,3,2,0,1.0,0.5,1.0,0.0,4.0,1.0,1.0,0.5,1.0,1.0,1.0,1.0,0.5,1.0,1.0,1.0,0.5,1.0
537,seismitoad,seismitoad,5,water,ground,2,"swift-swim, poison-touch",water-absorb,105,0.21,95,0.19,75,0.15,85,0.17,75,0.15,74,0.15,509,hp,180,255,average,136.81,1,balanced,0.72,upper_mid_tier,0.72,upper_mid_tier,1,4,1,2.5,iron,bulky_attacker,iron-bulky_attacker,1.5,62.0,27.56,average,0,0.5,normal,229.0,76,45,70,20,water1,medium-slow,humanoid,blue,Vibration Pokémon,They shoot paralyzing liquid from their head bumps. They use vibration to hurt their opponents.,tympole --> palpitoad --> seismitoad,3,3,1,1.0,0.5,1.0,0.0,4.0,1.0,1.0,0.5,1.0,1.0,1.0,1.0,0.5,1.0,1.0,1.0,0.5,1.0
538,throh,throh,5,fighting,,1,"guts, inner-focus",mold-breaker,120,0.26,100,0.22,85,0.18,30,0.06,85,0.18,45,0.1,465,hp,130,290,slow,956.25,5,highly_specialized,0.47,mid_tier,0.47,mid_tier,3,3,0,-1.5,exposed,tank,exposed-tank,1.3,55.5,32.84,average,0,0.0,normal,163.0,70,45,70,20,humanshape,medium,humanoid,red,Judo Pokémon,"When it tightens its belt, it becomes stronger. Wild Throh use vines to weave their own belts.",throh,1,0,0,1.0,1.0,1.0,1.0,1.0,1.0,1.0,1.0,1.0,2.0,2.0,0.5,0.5,1.0,1.0,0.5,1.0,2.0
539,sawk,sawk,5,fighting,,1,"sturdy, inner-focus",mold-breaker,75,0.16,125,0.27,75,0.16,30,0.06,75,0.16,85,0.18,465,attack,155,225,average,764.58,5,specialized,0.47,mid_tier,0.47,mid_tier,3,3,0,-1.5,exposed,balanced,exposed-balanced,1.4,51.0,26.02,light,0,0.0,normal,163.0,68,45,70,20,humanshape,medium,humanoid,blue,Karate Pokémon,The sound of Sawk punching boulders and trees can be heard all the way from the mountains where they train.,sawk,1,0,0,1.0,1.0,1.0,1.0,1.0,1.0,1.0,1.0,1.0,2.0,2.0,0.5,0.5,1.0,1.0,0.5,1.0,2.0
540,sewaddle,sewaddle,5,bug,grass,2,"swarm, chlorophyll",overcoat,45,0.15,53,0.17,70,0.23,40,0.13,60,0.19,42,0.14,310,defense,93,175,slow,113.56,1,balanced,0.17,bottom_tier,0.17,bottom_tier,6,5,0,-3.5,frail,weak_slow,frail-weak_slow,0.3,2.5,27.78,average,0,0.5,normal,62.0,66,255,70,15,bug,medium-slow,armor,yellow,Sewing Pokémon,Leavanny dress it in clothes they made for it when it hatched. It hides its head in its hood while it is sleeping.,sewaddle --> swadloon --> leavanny,3,1,0,1.0,4.0,0.5,0.5,0.25,2.0,0.5,2.0,0.25,4.0,1.0,2.0,2.0,1.0,1.0,1.0,1.0,1.0
541,swadloon,swadloon,5,bug,grass,2,"leaf-guard, chlorophyll",overcoat,55,0.14,63,0.17,90,0.24,50,0.13,80,0.21,42,0.11,380,defense,113,225,slow,281.89,3,slightly_specialized,0.35,lower_mid_tier,0.35,lower_mid_tier,6,5,0,-3.5,frail,slow_attacker,frail-slow_attacker,0.5,7.3,29.2,average,0,0.5,normal,133.0,60,120,70,15,bug,medium-slow,arms,green,Leaf-Wrapped Pokémon,Forests where Swadloon live have superb foliage because the nutrients they make from fallen leaves nourish the plant life.,sewaddle --> swadloon --> leavanny,3,2,0,1.0,4.0,0.5,0.5,0.25,2.0,0.5,2.0,0.25,4.0,1.0,2.0,2.0,1.0,1.0,1.0,1.0,1.0
542,leavanny,leavanny,5,bug,grass,2,"swarm, chlorophyll",overcoat,75,0.15,103,0.21,80,0.16,70,0.14,80,0.16,92,0.18,500,attack,173,235,average,121.89,1,balanced,0.7,upper_mid_tier,0.7,upper_mid_tier,6,5,0,-3.5,frail,midrange,frail-midrange,1.2,20.5,14.24,very_light,0,0.5,normal,225.0,85,45,70,15,bug,medium-slow,humanoid,yellow,Nurturing Pokémon,"Upon finding a small Pokémon, it weaves clothing for it from leaves, using the cutters on its arms and sticky silk.",sewaddle --> swadloon --> leavanny,3,3,1,1.0,4.0,0.5,0.5,0.25,2.0,0.5,2.0,0.25,4.0,1.0,2.0,2.0,1.0,1.0,1.0,1.0,1.0
543,venipede,venipede,5,bug,poison,2,"poison-point, swarm",speed-boost,30,0.12,45,0.17,59,0.23,30,0.12,39,0.15,57,0.22,260,defense,75,128,slow,134.89,1,balanced,0.01,bottom_tier,0.01,bottom_tier,4,5,0,-1.5,exposed,fragile,exposed-fragile,0.4,5.3,33.12,average,0,0.5,normal,52.0,52,255,70,15,bug,medium-slow,armor,red,Centipede Pokémon,"Its bite injects a potent poison, enough to paralyze large bird Pokémon that try to prey on it.",venipede --> whirlipede --> scolipede,3,1,0,1.0,2.0,1.0,1.0,0.25,1.0,0.25,0.5,1.0,2.0,2.0,0.5,2.0,1.0,1.0,1.0,1.0,0.5
544,whirlipede,whirlipede,5,bug,poison,2,"poison-point, swarm",speed-boost,40,0.11,55,0.15,99,0.28,40,0.11,79,0.22,47,0.13,360,defense,95,218,slow,479.33,4,slightly_specialized,0.32,lower_mid_tier,0.32,lower_mid_tier,4,5,0,-1.5,exposed,slow_attacker,exposed-slow_attacker,1.2,58.5,40.62,heavy,0,0.5,normal,126.0,49,120,70,15,bug,medium-slow,ball,gray,Curlipede Pokémon,"Protected by a hard shell, it spins its body like a wheel and crashes furiously into its enemies.",venipede --> whirlipede --> scolipede,3,2,0,1.0,2.0,1.0,1.0,0.25,1.0,0.25,0.5,1.0,2.0,2.0,0.5,2.0,1.0,1.0,1.0,1.0,0.5
545,scolipede,scolipede,5,bug,poison,2,"poison-point, swarm",speed-boost,60,0.12,100,0.21,89,0.18,55,0.11,69,0.14,112,0.23,485,speed,155,218,fast,441.14,4,slightly_specialized,0.6,mid_tier,0.6,mid_tier,4,5,0,-1.5,exposed,midrange,exposed-midrange,2.5,200.5,32.08,average,0,0.5,normal,218.0,71,45,70,20,bug,medium-slow,armor,red,Megapede Pokémon,"With quick movements, it chases down its foes, attacking relentlessly with its horns until it prevails.",venipede --> whirlipede --> scolipede,3,3,1,1.0,2.0,1.0,1.0,0.25,1.0,0.25,0.5,1.0,2.0,2.0,0.5,2.0,1.0,1.0,1.0,1.0,0.5
545,scolipede,scolipede-mega,5,bug,poison,2,,,60,0.1,140,0.24,149,0.25,75,0.13,99,0.17,62,0.11,585,defense,215,308,average,1272.25,5,highly_specialized,0.89,top_tier,0.89,top_tier,4,5,0,-1.5,exposed,bulky_attacker,exposed-bulky_attacker,3.2,230.5,22.51,light,0,0.5,normal,,0,45,70,20,bug,medium-slow,armor,red,Megapede Pokémon,"With quick movements, it chases down its foes, attacking relentlessly with its horns until it prevails.",venipede --> whirlipede --> scolipede,3,3,1,1.0,2.0,1.0,1.0,0.25,1.0,0.25,0.5,1.0,2.0,2.0,0.5,2.0,1.0,1.0,1.0,1.0,0.5
546,cottonee,cottonee,5,grass,fairy,2,"prankster, infiltrator",chlorophyll,40,0.14,27,0.1,60,0.21,37,0.13,50,0.18,66,0.24,280,speed,64,150,average,181.22,2,balanced,0.04,bottom_tier,0.04,bottom_tier,5,6,1,-0.5,neutral,fragile,neutral-fragile,0.3,0.6,6.67,very_light,0,0.5,normal,56.0,61,190,70,20,"plant, fairy",medium,ball,green,Cotton Puff Pokémon,"When attacked, it escapes by shooting cotton from its body. The cotton serves as a decoy to distract the attacker.",cottonee --> whimsicott,2,1,0,1.0,2.0,0.5,0.5,0.5,2.0,0.5,4.0,0.5,2.0,1.0,1.0,1.0,1.0,0.0,0.5,2.0,1.0
547,whimsicott,whimsicott,5,grass,fairy,2,"prankster, infiltrator",chlorophyll,60,0.12,67,0.14,85,0.18,77,0.16,75,0.16,116,0.24,480,speed,144,220,fast,320.67,3,slightly_specialized,0.55,mid_tier,0.55,mid_tier,5,6,1,-0.5,neutral,midrange,neutral-midrange,0.7,6.6,13.47,very_light,0,0.5,normal,168.0,71,75,70,20,"plant, fairy",medium,humanoid,green,Windveiled Pokémon,"Like the wind, it can slip through any gap, no matter how small. It leaves balls of white fluff behind.",cottonee --> whimsicott,2,2,1,1.0,2.0,0.5,0.5,0.5,2.0,0.5,4.0,0.5,2.0,1.0,1.0,1.0,1.0,0.0,0.5,2.0,1.0
548,petilil,petilil,5,grass,,1,"chlorophyll, own-tempo",leaf-guard,45,0.16,35,0.12,50,0.18,70,0.25,50,0.18,30,0.11,280,sp_attack,105,145,slow,163.89,2,balanced,0.04,bottom_tier,0.04,bottom_tier,5,4,0,-3.0,frail,weak_slow,frail-weak_slow,0.5,6.6,26.4,light,0,1.0,normal,56.0,61,190,70,20,plant,medium,blob,green,Bulb Pokémon,The leaves on its head are very bitter. Eating one of these leaves is known to refresh a tired body.,petilil --> lilligant,2,1,0,1.0,2.0,0.5,0.5,0.5,2.0,1.0,2.0,0.5,2.0,1.0,2.0,1.0,1.0,1.0,1.0,1.0,1.0
549,lilligant,lilligant,5,grass,,1,"chlorophyll, own-tempo",leaf-guard,70,0.15,60,0.12,75,0.16,110,0.23,75,0.16,90,0.19,480,sp_attack,170,220,average,258.33,2,slightly_specialized,0.55,mid_tier,0.55,mid_tier,5,4,0,-3.0,frail,midrange,frail-midrange,1.1,16.3,13.47,very_light,0,1.0,normal,168.0,67,75,70,20,plant,medium,blob,green,Flowering Pokémon,Even veteran Trainers face a challenge in getting its beautiful flower to bloom. This Pokémon is popular with celebrities.,petilil --> lilligant,2,2,1,1.0,2.0,0.5,0.5,0.5,2.0,1.0,2.0,0.5,2.0,1.0,2.0,1.0,1.0,1.0,1.0,1.0,1.0
549,lilligant,lilligant-hisui,5,grass,fighting,2,"chlorophyll, hustle",leaf-guard,70,0.15,105,0.22,75,0.16,50,0.1,75,0.16,105,0.22,480,attack,155,220,fast,383.33,3,slightly_specialized,0.55,mid_tier,0.55,mid_tier,6,6,0,-3.0,frail,midrange,frail-midrange,1.2,19.2,13.33,very_light,0,1.0,normal,168.0,70,75,70,20,plant,medium,blob,green,Flowering Pokémon,Even veteran Trainers face a challenge in getting its beautiful flower to bloom. This Pokémon is popular with celebrities.,petilil --> lilligant,2,2,1,1.0,2.0,0.5,0.5,0.5,2.0,1.0,2.0,0.5,4.0,2.0,1.0,0.5,1.0,1.0,0.5,1.0,2.0
550,basculin,basculin-red-striped,5,water,,1,"reckless, adaptability",mold-breaker,70,0.15,92,0.2,65,0.14,80,0.17,55,0.12,98,0.21,460,speed,172,190,average,225.22,2,slightly_specialized,0.45,mid_tier,0.45,mid_tier,2,4,0,0.0,neutral,midrange,neutral-midrange,1.0,18.0,18.0,very_light,0,0.5,normal,161.0,74,25,70,40,water2,medium,fish,green,Hostile Pokémon,"Red and blue Basculin get along so poorly, they’ll start fighting instantly. These Pokémon are very hostile.",basculin --> basculegion,2,1,0,1.0,0.5,0.5,2.0,2.0,0.5,1.0,1.0,1.0,1.0,1.0,1.0,1.0,1.0,1.0,1.0,0.5,1.0
550,basculin,basculin-blue-striped,5,water,,1,"rock-head, adaptability",mold-breaker,70,0.15,92,0.2,65,0.14,80,0.17,55,0.12,98,0.21,460,speed,172,190,average,225.22,2,slightly_specialized,0.45,mid_tier,0.45,mid_tier,2,4,0,0.0,neutral,midrange,neutral-midrange,1.0,18.0,18.0,very_light,0,0.5,normal,161.0,74,25,70,40,water2,medium,fish,green,Hostile Pokémon,"Red and blue Basculin get along so poorly, they’ll start fighting instantly. These Pokémon are very hostile.",basculin --> basculegion,2,1,0,1.0,0.5,0.5,2.0,2.0,0.5,1.0,1.0,1.0,1.0,1.0,1.0,1.0,1.0,1.0,1.0,0.5,1.0
550,basculin,basculin-white-striped,5,water,,1,"rattled, adaptability",mold-breaker,70,0.15,92,0.2,65,0.14,80,0.17,55,0.12,98,0.21,460,speed,172,190,average,225.22,2,slightly_specialized,0.45,mid_tier,0.45,mid_tier,2,4,0,0.0,neutral,midrange,neutral-midrange,1.0,18.0,18.0,very_light,0,0.5,normal,161.0,47,25,70,40,water2,medium,fish,green,Hostile Pokémon,"Red and blue Basculin get along so poorly, they’ll start fighting instantly. These Pokémon are very hostile.",basculin --> basculegion,2,1,0,1.0,0.5,0.5,2.0,2.0,0.5,1.0,1.0,1.0,1.0,1.0,1.0,1.0,1.0,1.0,1.0,0.5,1.0
551,sandile,sandile,5,ground,dark,2,"intimidate, moxie",anger-point,50,0.17,72,0.25,35,0.12,35,0.12,35,0.12,65,0.22,292,attack,107,120,average,228.89,2,slightly_specialized,0.07,bottom_tier,0.07,bottom_tier,6,4,2,-1.0,exposed,fragile,exposed-fragile,0.7,15.2,31.02,average,0,0.5,normal,58.0,80,180,70,20,ground,medium-slow,quadruped,brown,Desert Croc Pokémon,They live buried in the sands of the desert. The sun-warmed sands prevent their body temperature from dropping.,sandile --> krokorok --> krookodile,3,1,0,1.0,1.0,2.0,0.0,2.0,2.0,2.0,0.5,1.0,1.0,0.0,2.0,0.5,0.5,1.0,0.5,1.0,2.0
552,krokorok,krokorok,5,ground,dark,2,"intimidate, moxie",anger-point,60,0.17,82,0.23,45,0.13,45,0.13,45,0.13,74,0.21,351,attack,127,150,average,223.58,2,slightly_specialized,0.3,lower_mid_tier,0.3,lower_mid_tier,6,4,2,-1.0,exposed,fragile,exposed-fragile,1.0,33.4,33.4,average,0,0.5,normal,123.0,92,90,70,20,ground,medium-slow,quadruped,brown,Desert Croc Pokémon,They live in groups of a few individuals. Protective membranes shield their eyes from sandstorms.,sandile --> krokorok --> krookodile,3,2,0,1.0,1.0,2.0,0.0,2.0,2.0,2.0,0.5,1.0,1.0,0.0,2.0,0.5,0.5,1.0,0.5,1.0,2.0
553,krookodile,krookodile,5,ground,dark,2,"intimidate, moxie",anger-point,95,0.18,117,0.23,80,0.15,65,0.13,70,0.13,92,0.18,519,attack,182,245,average,301.58,3,slightly_specialized,0.77,upper_mid_tier,0.77,upper_mid_tier,6,4,2,-1.0,exposed,sweeper,exposed-sweeper,1.5,96.3,42.8,heavy,0,0.5,normal,234.0,106,45,70,20,ground,medium-slow,upright,red,Intimidation Pokémon,"They never allow prey to escape. Their jaws are so powerful, they can crush the body of an automobile.",sandile --> krokorok --> krookodile,3,3,1,1.0,1.0,2.0,0.0,2.0,2.0,2.0,0.5,1.0,1.0,0.0,2.0,0.5,0.5,1.0,0.5,1.0,2.0
554,darumaka,darumaka,5,fire,,1,hustle,inner-focus,70,0.22,90,0.29,45,0.14,15,0.05,45,0.14,50,0.16,315,attack,105,160,slow,539.58,4,specialized,0.18,bottom_tier,0.18,bottom_tier,3,6,0,0.0,neutral,weak_slow,neutral-weak_slow,0.6,37.5,104.17,very_heavy,0,0.5,normal,63.0,68,120,70,20,ground,medium-slow,humanoid,red,Zen Charm Pokémon,"When its internal fire is burning, it cannot calm down and it runs around. When the fire diminishes, it falls asleep.",darumaka --> darmanitan,2,1,0,1.0,0.5,2.0,1.0,0.5,0.5,1.0,1.0,2.0,1.0,1.0,0.5,2.0,1.0,1.0,1.0,0.5,0.5
554,darumaka,darumaka-galar,5,ice,,1,hustle,inner-focus,70,0.22,90,0.29,45,0.14,15,0.05,45,0.14,50,0.16,315,attack,105,160,slow,539.58,4,specialized,0.18,bottom_tier,0.18,bottom_tier,4,1,0,-3.5,frail,weak_slow,frail-weak_slow,0.7,40.0,81.63,very_heavy,0,0.5,normal,63.0,57,120,70,20,ground,medium-slow,humanoid,red,Zen Charm Pokémon,"When its internal fire is burning, it cannot calm down and it runs around. When the fire diminishes, it falls asleep.",darumaka --> darmanitan,2,1,0,1.0,2.0,1.0,1.0,1.0,0.5,2.0,1.0,1.0,1.0,1.0,1.0,2.0,1.0,1.0,1.0,2.0,1.0
555,darmanitan,darmanitan-standard,5,fire,,1,sheer-force,zen-mode,105,0.22,140,0.29,55,0.11,30,0.06,55,0.11,95,0.2,480,attack,170,215,average,1366.67,5,highly_specialized,0.55,mid_tier,0.55,mid_tier,3,6,0,0.0,neutral,midrange,neutral-midrange,1.3,92.9,54.97,very_heavy,0,0.5,normal,168.0,89,60,70,20,ground,medium-slow,quadruped,red,Blazing Pokémon,"Its internal fire burns at 2,500° F, making enough power that it can destroy a dump truck with one punch.",darumaka --> darmanitan,2,2,1,1.0,0.5,2.0,1.0,0.5,0.5,1.0,1.0,2.0,1.0,1.0,0.5,2.0,1.0,1.0,1.0,0.5,0.5
555,darmanitan,darmanitan-zen,5,fire,psychic,2,sheer-force,zen-mode,105,0.19,30,0.06,105,0.19,140,0.26,105,0.19,55,0.1,540,sp_attack,170,315,slow,1333.33,5,highly_specialized,0.82,top_tier,0.82,top_tier,5,7,0,-1.5,exposed,tank,exposed-tank,1.3,92.9,54.97,very_heavy,0,0.5,normal,189.0,89,60,70,20,ground,medium-slow,quadruped,red,Blazing Pokémon,"Its internal fire burns at 2,500° F, making enough power that it can destroy a dump truck with one punch.",darumaka --> darmanitan,2,2,1,1.0,0.5,2.0,1.0,0.5,0.5,0.5,1.0,2.0,1.0,0.5,1.0,2.0,2.0,1.0,2.0,0.5,0.5
555,darmanitan,darmanitan-galar-standard,5,ice,,1,gorilla-tactics,zen-mode,105,0.22,140,0.29,55,0.11,30,0.06,55,0.11,95,0.2,480,attack,170,215,average,1366.67,5,highly_specialized,0.55,mid_tier,0.55,mid_tier,4,1,0,-3.5,frail,midrange,frail-midrange,1.7,120.0,41.52,heavy,0,0.5,normal,168.0,66,60,70,20,ground,medium-slow,quadruped,red,Blazing Pokémon,"Its internal fire burns at 2,500° F, making enough power that it can destroy a dump truck with one punch.",darumaka --> darmanitan,2,2,1,1.0,2.0,1.0,1.0,1.0,0.5,2.0,1.0,1.0,1.0,1.0,1.0,2.0,1.0,1.0,1.0,2.0,1.0
555,darmanitan,darmanitan-galar-zen,5,ice,fire,2,gorilla-tactics,zen-mode,105,0.19,160,0.3,55,0.1,30,0.06,55,0.1,135,0.25,540,attack,190,215,fast,2200.0,5,extreme,0.82,top_tier,0.82,top_tier,4,4,0,-2.0,frail,sweeper,frail-sweeper,1.7,120.0,41.52,heavy,0,0.5,normal,189.0,66,60,70,20,ground,medium-slow,quadruped,red,Blazing Pokémon,"Its internal fire burns at 2,500° F, making enough power that it can destroy a dump truck with one punch.",darumaka --> darmanitan,2,2,1,1.0,1.0,2.0,1.0,0.5,0.25,2.0,1.0,2.0,1.0,1.0,0.5,4.0,1.0,1.0,1.0,1.0,0.5
556,maractus,maractus,5,grass,,1,"water-absorb, chlorophyll",storm-drain,75,0.16,86,0.19,67,0.15,106,0.23,67,0.15,60,0.13,461,sp_attack,192,209,average,235.81,2,slightly_specialized,0.46,mid_tier,0.46,mid_tier,5,4,0,-3.0,frail,attacker,frail-attacker,1.0,28.0,28.0,average,0,0.5,normal,161.0,65,255,70,20,plant,medium,blob,green,Cactus Pokémon,It uses an up-tempo song and dance to drive away the bird Pokémon that prey on its flower seeds.,maractus,1,0,0,1.0,2.0,0.5,0.5,0.5,2.0,1.0,2.0,0.5,2.0,1.0,2.0,1.0,1.0,1.0,1.0,1.0,1.0
557,dwebble,dwebble,5,bug,rock,2,"sturdy, shell-armor",weak-armor,50,0.15,65,0.2,85,0.26,35,0.11,35,0.11,55,0.17,325,defense,100,170,slow,303.47,3,slightly_specialized,0.22,lower_mid_tier,0.22,lower_mid_tier,3,2,0,-2.0,frail,weak_slow,frail-weak_slow,0.3,14.5,161.11,very_heavy,0,0.5,normal,65.0,60,190,70,20,"bug, mineral",medium,armor,red,Rock Inn Pokémon,This Pokémon can easily melt holes in hard rocks with a liquid secreted from its mouth.,dwebble --> crustle,2,1,0,0.5,1.0,2.0,1.0,1.0,1.0,1.0,0.5,1.0,1.0,1.0,1.0,2.0,1.0,1.0,1.0,2.0,1.0
558,crustle,crustle,5,bug,rock,2,"sturdy, shell-armor",weak-armor,70,0.14,105,0.22,125,0.26,65,0.13,75,0.15,45,0.09,485,defense,170,270,slow,703.47,5,specialized,0.6,mid_tier,0.6,mid_tier,3,2,0,-2.0,frail,tank,frail-tank,1.4,200.0,102.04,very_heavy,0,0.5,normal,170.0,62,75,70,20,"bug, mineral",medium,armor,red,Stone Home Pokémon,"Competing for territory, Crustle fight viciously. The one whose boulder is broken is the loser of the battle.",dwebble --> crustle,2,2,1,0.5,1.0,2.0,1.0,1.0,1.0,1.0,0.5,1.0,1.0,1.0,1.0,2.0,1.0,1.0,1.0,2.0,1.0
559,scraggy,scraggy,5,dark,fighting,2,"shed-skin, moxie",intimidate,50,0.14,75,0.22,70,0.2,35,0.1,70,0.2,48,0.14,348,attack,110,190,slow,211.67,2,slightly_specialized,0.28,lower_mid_tier,0.28,lower_mid_tier,3,3,1,0.0,neutral,slow_attacker,neutral-slow_attacker,0.6,11.8,32.78,average,0,0.5,normal,70.0,101,180,35,15,"ground, dragon",medium,upright,yellow,Shedding Pokémon,"Its skin has a rubbery elasticity, so it can reduce damage by defensively pulling its skin up to its neck.",scraggy --> scrafty,2,1,0,1.0,1.0,1.0,1.0,1.0,1.0,2.0,1.0,1.0,2.0,0.0,1.0,0.5,0.5,1.0,0.25,1.0,4.0
560,scrafty,scrafty,5,dark,fighting,2,"shed-skin, moxie",intimidate,65,0.13,90,0.18,115,0.24,45,0.09,115,0.24,58,0.12,488,defense,135,295,slow,745.56,5,specialized,0.62,upper_mid_tier,0.62,upper_mid_tier,3,3,1,0.0,neutral,bulky,neutral-bulky,1.1,30.0,24.79,light,0,0.5,normal,171.0,108,90,70,15,"ground, dragon",medium,upright,red,Hoodlum Pokémon,Groups of them beat up anything that enters their territory. Each can spit acidic liquid from its mouth.,scraggy --> scrafty,2,2,1,1.0,1.0,1.0,1.0,1.0,1.0,2.0,1.0,1.0,2.0,0.0,1.0,0.5,0.5,1.0,0.25,1.0,4.0
560,scrafty,scrafty-mega,5,dark,fighting,2,,,65,0.11,130,0.22,135,0.23,55,0.09,135,0.23,68,0.12,588,defense,185,335,average,1266.67,5,highly_specialized,0.9,top_tier,0.9,top_tier,3,3,1,0.0,neutral,bulky_attacker,neutral-bulky_attacker,1.1,31.0,25.62,light,0,0.5,normal,,0,90,70,15,"ground, dragon",medium,upright,red,Hoodlum Pokémon,Groups of them beat up anything that enters their territory. Each can spit acidic liquid from its mouth.,scraggy --> scrafty,2,2,1,1.0,1.0,1.0,1.0,1.0,1.0,2.0,1.0,1.0,2.0,0.0,1.0,0.5,0.5,1.0,0.25,1.0,4.0
561,sigilyph,sigilyph,5,psychic,flying,2,"wonder-skin, magic-guard",tinted-lens,72,0.15,58,0.12,80,0.16,103,0.21,80,0.16,97,0.2,490,sp_attack,161,232,average,224.89,2,slightly_specialized,0.64,upper_mid_tier,0.64,upper_mid_tier,5,3,1,-2.0,frail,midrange,frail-midrange,1.4,14.0,7.14,very_light,0,0.5,normal,172.0,83,45,70,20,flying,medium,wings,black,Avianoid Pokémon,"They never vary the route they fly, because their memories of guarding an ancient city remain steadfast.",sigilyph,1,0,0,1.0,1.0,1.0,2.0,0.5,2.0,0.25,1.0,0.0,1.0,0.5,1.0,2.0,2.0,1.0,2.0,1.0,1.0
562,yamask,yamask,5,ghost,,1,mummy,,38,0.13,30,0.1,85,0.28,55,0.18,65,0.21,30,0.1,303,defense,85,188,slow,402.92,4,slightly_specialized,0.11,bottom_tier,0.11,bottom_tier,2,2,2,2.0,iron,slow_attacker,iron-slow_attacker,0.5,1.5,6.0,very_light,0,0.5,normal,61.0,70,190,70,25,"mineral, indeterminate",medium,arms,black,Spirit Pokémon,Each of them carries a mask that used to be its face when it was human. Sometimes they look at it and cry.,yamask --> cofagrigus,2,1,0,0.0,1.0,1.0,1.0,1.0,1.0,0.0,0.5,1.0,1.0,1.0,0.5,1.0,2.0,1.0,2.0,1.0,1.0
562,yamask,yamask-galar,5,ground,ghost,2,wandering-spirit,,38,0.13,55,0.18,85,0.28,30,0.1,65,0.21,30,0.1,303,defense,85,188,slow,402.92,4,slightly_specialized,0.11,bottom_tier,0.11,bottom_tier,5,3,3,1.0,solid,slow_attacker,solid-slow_attacker,0.5,1.5,6.0,very_light,0,0.5,normal,61.0,50,190,70,25,"mineral, indeterminate",medium,arms,black,Spirit Pokémon,Each of them carries a mask that used to be its face when it was human. Sometimes they look at it and cry.,yamask --> cofagrigus,2,1,0,0.0,1.0,2.0,0.0,2.0,2.0,0.0,0.25,1.0,1.0,1.0,0.5,0.5,2.0,1.0,2.0,1.0,1.0
563,cofagrigus,cofagrigus,5,ghost,,1,mummy,,58,0.12,50,0.1,145,0.3,95,0.2,105,0.22,30,0.06,483,defense,145,308,slow,1492.92,5,extreme,0.58,mid_tier,0.58,mid_tier,2,2,2,2.0,iron,tank,iron-tank,1.7,76.5,26.47,light,0,0.5,normal,169.0,77,90,70,25,"mineral, indeterminate",medium,blob,yellow,Coffin Pokémon,It has been said that they swallow those who get too close and turn them into mummies. They like to eat gold nuggets.,yamask --> cofagrigus,2,2,1,0.0,1.0,1.0,1.0,1.0,1.0,0.0,0.5,1.0,1.0,1.0,0.5,1.0,2.0,1.0,2.0,1.0,1.0
564,tirtouga,tirtouga,5,water,rock,2,"solid-rock, sturdy",swift-swim,54,0.15,78,0.22,103,0.29,53,0.15,45,0.13,22,0.06,355,defense,131,202,slow,653.81,5,specialized,0.3,lower_mid_tier,0.3,lower_mid_tier,4,5,0,-1.5,exposed,slow_attacker,exposed-slow_attacker,0.7,16.5,33.67,average,0,0.125,normal,71.0,69,45,70,30,"water1, water3",medium,quadruped,blue,Prototurtle Pokémon,"Restored from a fossil, this Pokémon can dive to depths beyond half a mile.",tirtouga --> carracosta,2,1,0,0.5,0.25,1.0,2.0,4.0,0.5,2.0,0.5,2.0,0.5,1.0,1.0,1.0,1.0,1.0,1.0,1.0,1.0
565,carracosta,carracosta,5,water,rock,2,"solid-rock, sturdy",swift-swim,74,0.15,108,0.22,133,0.27,83,0.17,65,0.13,32,0.06,495,defense,191,272,slow,1021.58,5,highly_specialized,0.66,upper_mid_tier,0.66,upper_mid_tier,4,5,0,-1.5,exposed,bulky_attacker,exposed-bulky_attacker,1.2,81.0,56.25,very_heavy,0,0.125,normal,173.0,73,45,70,30,"water1, water3",medium,upright,blue,Prototurtle Pokémon,They can live both in the ocean and on land. A slap from one of them is enough to open a hole in the bottom of a tanker.,tirtouga --> carracosta,2,2,1,0.5,0.25,1.0,2.0,4.0,0.5,2.0,0.5,2.0,0.5,1.0,1.0,1.0,1.0,1.0,1.0,1.0,1.0
566,archen,archen,5,rock,flying,2,defeatist,,55,0.14,112,0.28,45,0.11,74,0.18,45,0.11,70,0.17,401,attack,186,145,average,532.47,4,specialized,0.37,lower_mid_tier,0.37,lower_mid_tier,5,5,1,-1.0,exposed,glass_cannon,exposed-glass_cannon,0.5,9.5,38.0,heavy,0,0.125,normal,71.0,75,45,70,30,"flying, water3",medium,wings,yellow,First Bird Pokémon,"Said to be an ancestor of bird Pokémon, they were unable to fly and moved about by hopping from one branch to another.",archen --> archeops,2,1,0,0.5,0.5,2.0,2.0,1.0,2.0,1.0,0.5,0.0,0.5,1.0,0.5,2.0,1.0,1.0,1.0,2.0,1.0
567,archeops,archeops,5,rock,flying,2,defeatist,,75,0.13,140,0.25,65,0.11,112,0.2,65,0.11,110,0.19,567,attack,252,205,fast,789.58,5,specialized,0.84,top_tier,0.84,top_tier,5,5,1,-1.0,exposed,sweeper,exposed-sweeper,1.4,32.0,16.33,very_light,0,0.125,normal,177.0,80,45,70,30,"flying, water3",medium,wings,yellow,First Bird Pokémon,"They are intelligent and will cooperate to catch prey. From the ground, they use a running start to take flight.",archen --> archeops,2,2,1,0.5,0.5,2.0,2.0,1.0,2.0,1.0,0.5,0.0,0.5,1.0,0.5,2.0,1.0,1.0,1.0,2.0,1.0
568,trubbish,trubbish,5,poison,,1,"stench, sticky-hold",aftermath,50,0.15,50,0.15,62,0.19,40,0.12,62,0.19,65,0.2,329,speed,90,174,average,78.81,1,balanced,0.23,lower_mid_tier,0.23,lower_mid_tier,2,5,0,0.5,solid,fragile,solid-fragile,0.6,31.0,86.11,very_heavy,0,0.5,normal,66.0,57,190,70,20,mineral,medium,humanoid,green,Trash Bag Pokémon,Inhaling the gas they belch will make you sleep for a week. They prefer unsanitary places.,trubbish --> garbodor,2,1,0,1.0,1.0,1.0,1.0,0.5,1.0,0.5,0.5,2.0,1.0,2.0,0.5,1.0,1.0,1.0,1.0,1.0,0.5
569,garbodor,garbodor,5,poison,,1,"stench, weak-armor",aftermath,80,0.17,95,0.2,82,0.17,60,0.13,82,0.17,75,0.16,474,attack,155,244,average,108.67,1,balanced,0.51,mid_tier,0.51,mid_tier,2,5,0,0.5,solid,balanced,solid-balanced,1.9,107.3,29.72,average,0,0.5,normal,166.0,66,60,70,20,mineral,medium,humanoid,green,Trash Heap Pokémon,It clenches opponents with its left arm and finishes them off with foul-smelling poison gas belched from its mouth.,trubbish --> garbodor,2,2,1,1.0,1.0,1.0,1.0,0.5,1.0,0.5,0.5,2.0,1.0,2.0,0.5,1.0,1.0,1.0,1.0,1.0,0.5
569,garbodor,garbodor-gmax,5,poison,,1,"stench, weak-armor",aftermath,80,0.17,95,0.2,82,0.17,60,0.13,82,0.17,75,0.16,474,attack,155,244,average,108.67,1,balanced,0.51,mid_tier,0.51,mid_tier,2,5,0,0.5,solid,balanced,solid-balanced,21.0,1000.0,2.27,very_light,0,0.5,normal,166.0,0,60,70,20,mineral,medium,humanoid,green,Trash Heap Pokémon,It clenches opponents with its left arm and finishes them off with foul-smelling poison gas belched from its mouth.,trubbish --> garbodor,2,2,1,1.0,1.0,1.0,1.0,0.5,1.0,0.5,0.5,2.0,1.0,2.0,0.5,1.0,1.0,1.0,1.0,1.0,0.5
570,zorua,zorua,5,dark,,1,illusion,,40,0.12,65,0.2,40,0.12,80,0.24,40,0.12,65,0.2,330,sp_attack,145,120,average,250.0,2,slightly_specialized,0.24,lower_mid_tier,0.24,lower_mid_tier,3,2,1,-0.5,neutral,midrange,neutral-midrange,0.7,12.5,25.51,light,0,0.125,normal,66.0,84,75,70,25,ground,medium-slow,quadruped,gray,Tricky Fox Pokémon,"It changes into the forms of others to surprise them. Apparently, it often transforms into a silent child.",zorua --> zoroark,2,1,0,1.0,1.0,1.0,1.0,1.0,1.0,2.0,1.0,1.0,1.0,0.0,2.0,1.0,0.5,1.0,0.5,1.0,2.0
570,zorua,zorua-hisui,5,normal,ghost,2,illusion,,35,0.11,60,0.18,40,0.12,85,0.26,40,0.12,70,0.21,330,sp_attack,145,115,average,333.33,3,slightly_specialized,0.24,lower_mid_tier,0.24,lower_mid_tier,1,2,3,4.5,iron,midrange,iron-midrange,0.7,12.5,25.51,light,0,0.125,normal,66.0,58,75,70,25,ground,medium-slow,quadruped,gray,Tricky Fox Pokémon,"It changes into the forms of others to surprise them. Apparently, it often transforms into a silent child.",zorua --> zoroark,2,1,0,0.0,1.0,1.0,1.0,1.0,1.0,0.0,0.5,1.0,1.0,1.0,0.5,1.0,0.0,1.0,2.0,1.0,1.0
571,zoroark,zoroark,5,dark,,1,illusion,,60,0.12,105,0.21,60,0.12,120,0.24,60,0.12,105,0.21,510,sp_attack,225,180,fast,650.0,4,specialized,0.74,upper_mid_tier,0.74,upper_mid_tier,3,2,1,-0.5,neutral,sweeper,neutral-sweeper,1.6,81.1,31.68,average,0,0.125,normal,179.0,93,45,70,20,ground,medium-slow,upright,gray,Illusion Fox Pokémon,Bonds between these Pokémon are very strong. It protects the safety of its pack by tricking its opponents.,zorua --> zoroark,2,2,1,1.0,1.0,1.0,1.0,1.0,1.0,2.0,1.0,1.0,1.0,0.0,2.0,1.0,0.5,1.0,0.5,1.0,2.0
571,zoroark,zoroark-hisui,5,normal,ghost,2,illusion,,55,0.11,100,0.2,60,0.12,125,0.25,60,0.12,110,0.22,510,sp_attack,225,175,fast,766.67,5,specialized,0.74,upper_mid_tier,0.74,upper_mid_tier,1,2,3,4.5,iron,sweeper,iron-sweeper,1.6,73.0,28.52,average,0,0.125,normal,179.0,72,45,70,20,ground,medium-slow,upright,gray,Illusion Fox Pokémon,Bonds between these Pokémon are very strong. It protects the safety of its pack by tricking its opponents.,zorua --> zoroark,2,2,1,0.0,1.0,1.0,1.0,1.0,1.0,0.0,0.5,1.0,1.0,1.0,0.5,1.0,0.0,1.0,2.0,1.0,1.0
572,minccino,minccino,5,normal,,1,"cute-charm, technician",skill-link,55,0.18,50,0.17,40,0.13,40,0.13,40,0.13,75,0.25,300,speed,90,135,average,158.33,2,balanced,0.1,bottom_tier,0.1,bottom_tier,1,0,1,0.5,solid,fragile,solid-fragile,0.4,5.8,36.25,heavy,0,0.75,normal,60.0,73,255,70,15,ground,fast,quadruped,gray,Chinchilla Pokémon,"They greet one another by rubbing each other with their tails, which are always kept well groomed and clean.",minccino --> cinccino,2,1,0,1.0,1.0,1.0,1.0,1.0,1.0,2.0,1.0,1.0,1.0,1.0,1.0,1.0,0.0,1.0,1.0,1.0,1.0
573,cinccino,cinccino,5,normal,,1,"cute-charm, technician",skill-link,75,0.16,95,0.2,60,0.13,65,0.14,60,0.13,115,0.24,470,speed,160,195,fast,413.89,4,slightly_specialized,0.48,mid_tier,0.48,mid_tier,1,0,1,0.5,solid,midrange,solid-midrange,0.5,7.5,30.0,average,0,0.75,normal,165.0,78,60,70,15,ground,fast,quadruped,gray,Scarf Pokémon,Their white fur is coated in a special oil that makes it easy for them to deflect attacks.,minccino --> cinccino,2,2,1,1.0,1.0,1.0,1.0,1.0,1.0,2.0,1.0,1.0,1.0,1.0,1.0,1.0,0.0,1.0,1.0,1.0,1.0
574,gothita,gothita,5,psychic,,1,"frisk, competitive",shadow-tag,45,0.16,30,0.1,50,0.17,55,0.19,65,0.22,45,0.16,290,sp_defense,85,160,slow,113.89,1,balanced,0.06,bottom_tier,0.06,bottom_tier,3,2,0,-2.0,frail,weak_slow,frail-weak_slow,0.4,5.8,36.25,heavy,0,0.75,normal,58.0,89,200,70,20,humanshape,medium-slow,humanoid,purple,Fixation Pokémon,Their ribbonlike feelers increase their psychic power. They are always staring at something.,gothita --> gothorita --> gothitelle,3,1,0,1.0,1.0,1.0,1.0,1.0,1.0,0.5,1.0,1.0,1.0,0.5,2.0,1.0,2.0,1.0,2.0,1.0,1.0
575,gothorita,gothorita,5,psychic,,1,"frisk, competitive",shadow-tag,60,0.15,45,0.12,70,0.18,75,0.19,85,0.22,55,0.14,390,sp_defense,120,215,slow,175.0,2,balanced,0.36,lower_mid_tier,0.36,lower_mid_tier,3,2,0,-2.0,frail,slow_attacker,frail-slow_attacker,0.7,18.0,36.73,heavy,0,0.75,normal,137.0,84,100,70,20,humanshape,medium-slow,humanoid,purple,Manipulate Pokémon,They use hypnosis to control people and Pokémon. Tales of Gothorita leading people astray are told in every corner.,gothita --> gothorita --> gothitelle,3,2,0,1.0,1.0,1.0,1.0,1.0,1.0,0.5,1.0,1.0,1.0,0.5,2.0,1.0,2.0,1.0,2.0,1.0,1.0
576,gothitelle,gothitelle,5,psychic,,1,"frisk, competitive",shadow-tag,70,0.14,55,0.11,95,0.19,95,0.19,110,0.22,65,0.13,490,sp_defense,150,275,average,380.56,3,slightly_specialized,0.64,upper_mid_tier,0.64,upper_mid_tier,3,2,0,-2.0,frail,bulky,frail-bulky,1.5,44.0,19.56,very_light,0,0.75,normal,221.0,93,50,70,20,humanshape,medium-slow,humanoid,purple,Astral Body Pokémon,Starry skies thousands of light-years away are visible in the space distorted by their intense psychic power.,gothita --> gothorita --> gothitelle,3,3,1,1.0,1.0,1.0,1.0,1.0,1.0,0.5,1.0,1.0,1.0,0.5,2.0,1.0,2.0,1.0,2.0,1.0,1.0
577,solosis,solosis,5,psychic,,1,"overcoat, magic-guard",regenerator,45,0.16,30,0.1,40,0.14,105,0.36,50,0.17,20,0.07,290,sp_attack,135,135,slow,738.89,5,specialized,0.06,bottom_tier,0.06,bottom_tier,3,2,0,-2.0,frail,slow_attacker,frail-slow_attacker,0.3,1.0,11.11,very_light,0,0.5,normal,58.0,79,200,70,20,indeterminate,medium-slow,ball,green,Cell Pokémon,They drive away attackers by unleashing psychic power. They can use telepathy to talk with others.,solosis --> duosion --> reuniclus,3,1,0,1.0,1.0,1.0,1.0,1.0,1.0,0.5,1.0,1.0,1.0,0.5,2.0,1.0,2.0,1.0,2.0,1.0,1.0
578,duosion,duosion,5,psychic,,1,"overcoat, magic-guard",regenerator,65,0.18,40,0.11,50,0.14,125,0.34,60,0.16,30,0.08,370,sp_attack,165,175,slow,938.89,5,highly_specialized,0.33,lower_mid_tier,0.33,lower_mid_tier,3,2,0,-2.0,frail,slow_attacker,frail-slow_attacker,0.6,8.0,22.22,very_light,0,0.5,normal,130.0,79,100,70,20,indeterminate,medium-slow,ball,green,Mitosis Pokémon,"Since they have two divided brains, at times they suddenly try to take two different actions at once.",solosis --> duosion --> reuniclus,3,2,0,1.0,1.0,1.0,1.0,1.0,1.0,0.5,1.0,1.0,1.0,0.5,2.0,1.0,2.0,1.0,2.0,1.0,1.0
579,reuniclus,reuniclus,5,psychic,,1,"overcoat, magic-guard",regenerator,110,0.22,65,0.13,75,0.15,125,0.26,85,0.17,30,0.06,490,sp_attack,190,270,slow,947.22,5,highly_specialized,0.64,upper_mid_tier,0.64,upper_mid_tier,3,2,0,-2.0,frail,bulky_attacker,frail-bulky_attacker,1.0,20.1,20.1,very_light,0,0.5,normal,221.0,100,50,70,20,indeterminate,medium-slow,arms,green,Multiplying Pokémon,"When Reuniclus shake hands, a network forms between their brains, increasing their psychic power.",solosis --> duosion --> reuniclus,3,3,1,1.0,1.0,1.0,1.0,1.0,1.0,0.5,1.0,1.0,1.0,0.5,2.0,1.0,2.0,1.0,2.0,1.0,1.0
580,ducklett,ducklett,5,water,flying,2,"keen-eye, big-pecks",hydration,62,0.2,44,0.14,50,0.16,44,0.14,50,0.16,55,0.18,305,hp,88,162,slow,39.47,1,balanced,0.13,bottom_tier,0.13,bottom_tier,2,5,1,2.0,iron,weak_slow,iron-weak_slow,0.5,5.5,22.0,very_light,0,0.5,normal,61.0,60,190,70,20,"water1, flying",medium,wings,blue,Water Bird Pokémon,These bird Pokémon are excellent divers. They swim around in the water eating their favorite food--peat moss.,ducklett --> swanna,2,1,0,1.0,0.5,0.5,4.0,1.0,1.0,0.5,1.0,0.0,1.0,1.0,0.5,2.0,1.0,1.0,1.0,0.5,1.0
581,swanna,swanna,5,water,flying,2,"keen-eye, big-pecks",hydration,75,0.16,87,0.18,63,0.13,87,0.18,63,0.13,98,0.21,473,speed,174,201,average,169.47,2,balanced,0.5,mid_tier,0.5,mid_tier,2,5,1,2.0,iron,midrange,iron-midrange,1.3,24.2,14.32,very_light,0,0.5,normal,166.0,65,45,70,20,"water1, flying",medium,wings,white,White Bird Pokémon,Swanna start to dance at dusk. The one dancing in the middle is the leader of the flock.,ducklett --> swanna,2,2,1,1.0,0.5,0.5,4.0,1.0,1.0,0.5,1.0,0.0,1.0,1.0,0.5,2.0,1.0,1.0,1.0,0.5,1.0
582,vanillite,vanillite,5,ice,,1,"ice-body, snow-cloak",weak-armor,36,0.12,50,0.16,50,0.16,65,0.21,60,0.2,44,0.14,305,sp_attack,115,146,slow,92.14,1,balanced,0.13,bottom_tier,0.13,bottom_tier,4,1,0,-3.5,frail,weak_slow,frail-weak_slow,0.4,5.7,35.62,heavy,0,0.5,normal,61.0,52,255,70,20,mineral,slow,blob,white,Fresh Snow Pokémon,The temperature of their breath is -58° F. They create snow crystals and make snow fall in the areas around them.,vanillite --> vanillish --> vanilluxe,3,1,0,1.0,2.0,1.0,1.0,1.0,0.5,2.0,1.0,1.0,1.0,1.0,1.0,2.0,1.0,1.0,1.0,2.0,1.0
583,vanillish,vanillish,5,ice,,1,"ice-body, snow-cloak",weak-armor,51,0.13,65,0.16,65,0.16,80,0.2,75,0.19,59,0.15,395,sp_attack,145,191,slow,92.14,1,balanced,0.37,lower_mid_tier,0.37,lower_mid_tier,4,1,0,-3.5,frail,balanced,frail-balanced,1.1,41.0,33.88,average,0,0.5,normal,138.0,46,120,70,20,mineral,slow,blob,white,Icy Snow Pokémon,"Snowy mountains are this Pokémon’s habitat. During an ancient ice age, they moved to southern areas.",vanillite --> vanillish --> vanilluxe,3,2,0,1.0,2.0,1.0,1.0,1.0,0.5,2.0,1.0,1.0,1.0,1.0,1.0,2.0,1.0,1.0,1.0,2.0,1.0
584,vanilluxe,vanilluxe,5,ice,,1,"ice-body, snow-warning",weak-armor,71,0.13,95,0.18,85,0.16,110,0.21,95,0.18,79,0.15,535,sp_attack,205,251,average,158.81,2,balanced,0.81,top_tier,0.81,top_tier,4,1,0,-3.5,frail,bulky_attacker,frail-bulky_attacker,1.3,57.5,34.02,average,0,0.5,normal,241.0,52,45,70,20,mineral,slow,heads,white,Snowstorm Pokémon,"Swallowing large amounts of water, they make snow clouds inside their bodies and attack their foes with violent blizzards.",vanillite --> vanillish --> vanilluxe,3,3,1,1.0,2.0,1.0,1.0,1.0,0.5,2.0,1.0,1.0,1.0,1.0,1.0,2.0,1.0,1.0,1.0,2.0,1.0
585,deerling,deerling-spring,5,normal,grass,2,"chlorophyll, sap-sipper",serene-grace,60,0.18,60,0.18,50,0.15,40,0.12,50,0.15,75,0.22,335,speed,100,160,average,120.14,1,balanced,0.26,lower_mid_tier,0.26,lower_mid_tier,6,4,1,-2.5,frail,fragile,frail-fragile,0.6,19.5,54.17,very_heavy,0,0.5,normal,67.0,71,190,70,20,ground,medium,quadruped,pink,Season Pokémon,"The color and scent of their fur changes to match the mountain grass. When they sense hostility, they hide in the grass.",deerling --> sawsbuck,2,1,0,1.0,2.0,0.5,0.5,0.5,2.0,2.0,2.0,0.5,2.0,1.0,2.0,1.0,0.0,1.0,1.0,1.0,1.0
585,deerling,deerling-summer,5,normal,grass,2,"chlorophyll, sap-sipper",serene-grace,60,0.18,60,0.18,50,0.15,40,0.12,50,0.15,75,0.22,335,speed,100,160,average,120.14,1,balanced,0.26,lower_mid_tier,0.26,lower_mid_tier,6,4,1,-2.5,frail,fragile,frail-fragile,0.6,19.5,54.17,very_heavy,0,0.5,normal,67.0,71,190,70,20,ground,medium,quadruped,pink,Season Pokémon,"The color and scent of their fur changes to match the mountain grass. When they sense hostility, they hide in the grass.",deerling --> sawsbuck,2,1,0,1.0,2.0,0.5,0.5,0.5,2.0,2.0,2.0,0.5,2.0,1.0,2.0,1.0,0.0,1.0,1.0,1.0,1.0
585,deerling,deerling-autumn,5,normal,grass,2,"chlorophyll, sap-sipper",serene-grace,60,0.18,60,0.18,50,0.15,40,0.12,50,0.15,75,0.22,335,speed,100,160,average,120.14,1,balanced,0.26,lower_mid_tier,0.26,lower_mid_tier,6,4,1,-2.5,frail,fragile,frail-fragile,0.6,19.5,54.17,very_heavy,0,0.5,normal,67.0,71,190,70,20,ground,medium,quadruped,pink,Season Pokémon,"The color and scent of their fur changes to match the mountain grass. When they sense hostility, they hide in the grass.",deerling --> sawsbuck,2,1,0,1.0,2.0,0.5,0.5,0.5,2.0,2.0,2.0,0.5,2.0,1.0,2.0,1.0,0.0,1.0,1.0,1.0,1.0
585,deerling,deerling-winter,5,normal,grass,2,"chlorophyll, sap-sipper",serene-grace,60,0.18,60,0.18,50,0.15,40,0.12,50,0.15,75,0.22,335,speed,100,160,average,120.14,1,balanced,0.26,lower_mid_tier,0.26,lower_mid_tier,6,4,1,-2.5,frail,fragile,frail-fragile,0.6,19.5,54.17,very_heavy,0,0.5,normal,67.0,71,190,70,20,ground,medium,quadruped,pink,Season Pokémon,"The color and scent of their fur changes to match the mountain grass. When they sense hostility, they hide in the grass.",deerling --> sawsbuck,2,1,0,1.0,2.0,0.5,0.5,0.5,2.0,2.0,2.0,0.5,2.0,1.0,2.0,1.0,0.0,1.0,1.0,1.0,1.0
586,sawsbuck,sawsbuck-spring,5,normal,grass,2,"chlorophyll, sap-sipper",serene-grace,80,0.17,100,0.21,70,0.15,60,0.13,70,0.15,95,0.2,475,attack,160,220,average,203.47,2,slightly_specialized,0.53,mid_tier,0.53,mid_tier,6,4,1,-2.5,frail,midrange,frail-midrange,1.9,92.5,25.62,light,0,0.5,normal,166.0,80,75,70,20,ground,medium,quadruped,brown,Season Pokémon,They migrate according to the seasons. People can tell the season by looking at Sawsbuck’s horns.,deerling --> sawsbuck,2,2,1,1.0,2.0,0.5,0.5,0.5,2.0,2.0,2.0,0.5,2.0,1.0,2.0,1.0,0.0,1.0,1.0,1.0,1.0
586,sawsbuck,sawsbuck-summer,5,normal,grass,2,"chlorophyll, sap-sipper",serene-grace,80,0.17,100,0.21,70,0.15,60,0.13,70,0.15,95,0.2,475,attack,160,220,average,203.47,2,slightly_specialized,0.53,mid_tier,0.53,mid_tier,6,4,1,-2.5,frail,midrange,frail-midrange,1.9,92.5,25.62,light,0,0.5,normal,166.0,80,75,70,20,ground,medium,quadruped,brown,Season Pokémon,They migrate according to the seasons. People can tell the season by looking at Sawsbuck’s horns.,deerling --> sawsbuck,2,2,1,1.0,2.0,0.5,0.5,0.5,2.0,2.0,2.0,0.5,2.0,1.0,2.0,1.0,0.0,1.0,1.0,1.0,1.0
586,sawsbuck,sawsbuck-autumn,5,normal,grass,2,"chlorophyll, sap-sipper",serene-grace,80,0.17,100,0.21,70,0.15,60,0.13,70,0.15,95,0.2,475,attack,160,220,average,203.47,2,slightly_specialized,0.53,mid_tier,0.53,mid_tier,6,4,1,-2.5,frail,midrange,frail-midrange,1.9,92.5,25.62,light,0,0.5,normal,166.0,80,75,70,20,ground,medium,quadruped,brown,Season Pokémon,They migrate according to the seasons. People can tell the season by looking at Sawsbuck’s horns.,deerling --> sawsbuck,2,2,1,1.0,2.0,0.5,0.5,0.5,2.0,2.0,2.0,0.5,2.0,1.0,2.0,1.0,0.0,1.0,1.0,1.0,1.0
586,sawsbuck,sawsbuck-winter,5,normal,grass,2,"chlorophyll, sap-sipper",serene-grace,80,0.17,100,0.21,70,0.15,60,0.13,70,0.15,95,0.2,475,attack,160,220,average,203.47,2,slightly_specialized,0.53,mid_tier,0.53,mid_tier,6,4,1,-2.5,frail,midrange,frail-midrange,1.9,92.5,25.62,light,0,0.5,normal,166.0,80,75,70,20,ground,medium,quadruped,brown,Season Pokémon,They migrate according to the seasons. People can tell the season by looking at Sawsbuck’s horns.,deerling --> sawsbuck,2,2,1,1.0,2.0,0.5,0.5,0.5,2.0,2.0,2.0,0.5,2.0,1.0,2.0,1.0,0.0,1.0,1.0,1.0,1.0
587,emolga,emolga,5,electric,flying,2,static,motor-drive,55,0.13,75,0.18,60,0.14,75,0.18,60,0.14,103,0.24,428,speed,150,175,fast,258.89,3,slightly_specialized,0.42,mid_tier,0.42,mid_tier,2,5,1,2.0,iron,midrange,iron-midrange,0.4,5.0,31.25,average,0,0.5,normal,150.0,67,200,70,20,ground,medium,quadruped,white,Sky Squirrel Pokémon,The energy made in its cheeks’ electric pouches is stored inside its membrane and released while it is gliding.,emolga,1,0,0,1.0,1.0,1.0,1.0,0.5,2.0,0.5,1.0,0.0,0.5,1.0,0.5,2.0,1.0,1.0,1.0,0.5,1.0
588,karrablast,karrablast,5,bug,,1,"swarm, shed-skin",no-guard,50,0.16,75,0.24,45,0.14,40,0.13,45,0.14,60,0.19,315,attack,115,140,average,139.58,2,balanced,0.18,bottom_tier,0.18,bottom_tier,3,3,0,-1.5,exposed,fragile,exposed-fragile,0.5,5.9,23.6,light,0,0.5,normal,63.0,53,200,70,15,bug,medium,humanoid,blue,Clamping Pokémon,These mysterious Pokémon evolve when they receive electrical stimulation while they are in the same place as Shelmet.,karrablast --> escavalier,2,1,0,1.0,2.0,1.0,1.0,0.5,1.0,0.5,1.0,0.5,2.0,1.0,1.0,2.0,1.0,1.0,1.0,1.0,1.0
589,escavalier,escavalier,5,bug,steel,2,"swarm, shell-armor",overcoat,70,0.14,135,0.27,105,0.21,60,0.12,105,0.21,20,0.04,495,attack,195,280,slow,1389.58,5,highly_specialized,0.66,upper_mid_tier,0.66,upper_mid_tier,1,8,1,4.5,iron,bulky_attacker,iron-bulky_attacker,1.0,33.0,33.0,average,0,0.5,normal,173.0,67,75,70,15,bug,medium,arms,gray,Cavalry Pokémon,"They fly around at high speed, striking with their pointed spears. Even when in trouble, they face opponents bravely.",karrablast --> escavalier,2,2,1,0.5,4.0,1.0,1.0,0.25,0.5,1.0,0.0,1.0,1.0,0.5,0.5,1.0,1.0,0.5,1.0,0.5,0.5
590,foongus,foongus,5,grass,poison,2,effect-spore,regenerator,69,0.23,55,0.19,45,0.15,55,0.19,55,0.19,15,0.05,294,hp,110,169,slow,280.0,3,slightly_specialized,0.08,bottom_tier,0.08,bottom_tier,4,5,0,-1.5,exposed,weak_slow,exposed-weak_slow,0.2,1.0,25.0,light,0,0.5,normal,59.0,56,190,70,20,plant,medium,arms,white,Mushroom Pokémon,"It lures people in with its Poké Ball pattern, then releases poison spores. Why it resembles a Poké Ball is unknown.",foongus --> amoonguss,2,1,0,1.0,2.0,0.5,0.5,0.25,2.0,0.5,1.0,1.0,2.0,2.0,1.0,1.0,1.0,1.0,1.0,1.0,0.5
591,amoonguss,amoonguss,5,grass,poison,2,effect-spore,regenerator,114,0.25,85,0.18,70,0.15,85,0.18,80,0.17,30,0.06,464,hp,170,264,slow,627.22,4,specialized,0.46,mid_tier,0.46,mid_tier,4,5,0,-1.5,exposed,tank,exposed-tank,0.6,10.5,29.17,average,0,0.5,normal,162.0,58,75,70,20,plant,medium,arms,white,Mushroom Pokémon,"It lures prey close by dancing and waving its arm caps, which resemble Poké Balls, in a swaying motion.",foongus --> amoonguss,2,2,1,1.0,2.0,0.5,0.5,0.25,2.0,0.5,1.0,1.0,2.0,2.0,1.0,1.0,1.0,1.0,1.0,1.0,0.5
592,frillish,frillish-male,5,water,ghost,2,"water-absorb, cursed-body",damp,55,0.16,40,0.12,50,0.15,65,0.19,85,0.25,40,0.12,335,sp_defense,105,190,slow,245.14,2,slightly_specialized,0.26,lower_mid_tier,0.26,lower_mid_tier,4,6,2,2.0,iron,slow_attacker,iron-slow_attacker,1.2,33.0,22.92,light,0,0.5,normal,67.0,71,190,70,20,indeterminate,medium,tentacles,white,Floating Pokémon,"With its thin, veil-like arms wrapped around the body of its opponent, it sinks to the ocean floor.",frillish --> jellicent,2,1,0,0.0,0.5,0.5,2.0,2.0,0.5,0.0,0.5,1.0,1.0,1.0,0.5,1.0,2.0,1.0,2.0,0.5,1.0
592,frillish,frillish-female,5,water,ghost,2,"water-absorb, cursed-body",damp,55,0.16,40,0.12,50,0.15,65,0.19,85,0.25,40,0.12,335,sp_defense,105,190,slow,245.14,2,slightly_specialized,0.26,lower_mid_tier,0.26,lower_mid_tier,4,6,2,2.0,iron,slow_attacker,iron-slow_attacker,1.2,33.0,22.92,light,0,0.5,normal,67.0,71,190,70,20,indeterminate,medium,tentacles,white,Floating Pokémon,"With its thin, veil-like arms wrapped around the body of its opponent, it sinks to the ocean floor.",frillish --> jellicent,2,1,0,0.0,0.5,0.5,2.0,2.0,0.5,0.0,0.5,1.0,1.0,1.0,0.5,1.0,2.0,1.0,2.0,0.5,1.0
593,jellicent,jellicent-male,5,water,ghost,2,"water-absorb, cursed-body",damp,100,0.21,60,0.12,70,0.15,85,0.18,105,0.22,60,0.12,480,sp_defense,145,275,average,325.0,3,slightly_specialized,0.55,mid_tier,0.55,mid_tier,4,6,2,2.0,iron,bulky,iron-bulky,2.2,135.0,27.89,average,0,0.5,normal,168.0,70,60,70,20,indeterminate,medium,tentacles,white,Floating Pokémon,"The fate of the ships and crew that wander into Jellicent’s habitat: all sunken, all lost, all vanished.",frillish --> jellicent,2,2,1,0.0,0.5,0.5,2.0,2.0,0.5,0.0,0.5,1.0,1.0,1.0,0.5,1.0,2.0,1.0,2.0,0.5,1.0
593,jellicent,jellicent-female,5,water,ghost,2,"water-absorb, cursed-body",damp,100,0.21,60,0.12,70,0.15,85,0.18,105,0.22,60,0.12,480,sp_defense,145,275,average,325.0,3,slightly_specialized,0.55,mid_tier,0.55,mid_tier,4,6,2,2.0,iron,bulky,iron-bulky,2.2,135.0,27.89,average,0,0.5,normal,168.0,70,60,70,20,indeterminate,medium,tentacles,white,Floating Pokémon,"The fate of the ships and crew that wander into Jellicent’s habitat: all sunken, all lost, all vanished.",frillish --> jellicent,2,2,1,0.0,0.5,0.5,2.0,2.0,0.5,0.0,0.5,1.0,1.0,1.0,0.5,1.0,2.0,1.0,2.0,0.5,1.0
594,alomomola,alomomola,5,water,,1,"healer, hydration",regenerator,165,0.35,75,0.16,80,0.17,40,0.09,45,0.1,65,0.14,470,hp,115,290,average,1713.89,5,extreme,0.48,mid_tier,0.48,mid_tier,2,4,0,0.0,neutral,support,neutral-support,1.2,31.6,21.94,very_light,0,0.5,normal,165.0,74,75,70,40,"water1, water2",fast,fish,pink,Caring Pokémon,The special membrane enveloping Alomomola has the ability to heal wounds.,alomomola,1,0,0,1.0,0.5,0.5,2.0,2.0,0.5,1.0,1.0,1.0,1.0,1.0,1.0,1.0,1.0,1.0,1.0,0.5,1.0
595,joltik,joltik,5,bug,electric,2,"compound-eyes, unnerve",swarm,50,0.16,47,0.15,50,0.16,57,0.18,50,0.16,65,0.2,319,speed,104,150,average,37.14,1,balanced,0.2,bottom_tier,0.2,bottom_tier,2,4,0,0.0,neutral,fragile,neutral-fragile,0.1,0.6,60.0,very_heavy,0,0.5,normal,64.0,69,190,70,20,bug,medium,armor,yellow,Attaching Pokémon,Joltik that live in cities have learned a technique for sucking electricity from the outlets in houses.,joltik --> galvantula,2,1,0,1.0,2.0,1.0,0.5,0.5,1.0,0.5,1.0,1.0,1.0,1.0,1.0,2.0,1.0,1.0,1.0,0.5,1.0
596,galvantula,galvantula,5,bug,electric,2,"compound-eyes, unnerve",swarm,70,0.15,77,0.16,60,0.13,97,0.21,60,0.13,108,0.23,472,speed,174,190,fast,328.56,3,slightly_specialized,0.5,mid_tier,0.5,mid_tier,2,4,0,0.0,neutral,midrange,neutral-midrange,0.8,14.3,22.34,light,0,0.5,normal,165.0,69,75,70,20,bug,medium,armor,yellow,EleSpider Pokémon,"When attacked, they create an electric barrier by spitting out many electrically charged threads.",joltik --> galvantula,2,2,1,1.0,2.0,1.0,0.5,0.5,1.0,0.5,1.0,1.0,1.0,1.0,1.0,2.0,1.0,1.0,1.0,0.5,1.0
597,ferroseed,ferroseed,5,grass,steel,2,iron-barbs,,44,0.14,50,0.16,91,0.3,24,0.08,86,0.28,10,0.03,305,defense,74,221,slow,880.81,5,specialized,0.13,bottom_tier,0.13,bottom_tier,2,9,1,4.0,iron,slow_attacker,iron-slow_attacker,0.6,18.8,52.22,very_heavy,0,0.5,normal,61.0,60,255,70,20,"plant, mineral",medium,ball,gray,Thorn Seed Pokémon,"When threatened, it attacks by shooting a barrage of spikes, which gives it a chance to escape by rolling away.",ferroseed --> ferrothorn,2,1,0,0.5,4.0,0.5,0.5,0.25,1.0,2.0,0.0,1.0,1.0,0.5,1.0,0.5,1.0,0.5,1.0,0.5,0.5
598,ferrothorn,ferrothorn,5,grass,steel,2,iron-barbs,anticipation,74,0.15,94,0.19,131,0.27,54,0.11,116,0.24,20,0.04,489,defense,148,321,slow,1398.58,5,highly_specialized,0.63,upper_mid_tier,0.63,upper_mid_tier,2,9,1,4.0,iron,tank,iron-tank,1.0,110.0,110.0,very_heavy,0,0.5,normal,171.0,74,90,70,20,"plant, mineral",medium,tentacles,gray,Thorn Pod Pokémon,It fights by swinging around its three spiky feelers. A hit from these steel spikes can reduce a boulder to rubble.,ferroseed --> ferrothorn,2,2,1,0.5,4.0,0.5,0.5,0.25,1.0,2.0,0.0,1.0,1.0,0.5,1.0,0.5,1.0,0.5,1.0,0.5,0.5
599,klink,klink,5,steel,,1,"plus, minus",clear-body,40,0.13,55,0.18,70,0.23,45,0.15,60,0.2,30,0.1,300,defense,100,170,slow,175.0,2,balanced,0.1,bottom_tier,0.1,bottom_tier,3,10,1,3.5,iron,weak_slow,iron-weak_slow,0.3,21.0,233.33,very_heavy,1,0.0,normal,60.0,53,130,70,20,mineral,medium-slow,heads,gray,Gear Pokémon,The two minigears that mesh together are predetermined. Each will rebound from other minigears without meshing.,klink --> klang --> klinklang,3,1,0,0.5,2.0,1.0,1.0,0.5,0.5,2.0,0.0,2.0,0.5,0.5,0.5,0.5,1.0,0.5,1.0,0.5,0.5
600,klang,klang,5,steel,,1,"plus, minus",clear-body,60,0.14,80,0.18,95,0.22,70,0.16,85,0.19,50,0.11,440,defense,150,240,slow,230.56,2,slightly_specialized,0.43,mid_tier,0.43,mid_tier,3,10,1,3.5,iron,slow_attacker,iron-slow_attacker,0.6,51.0,141.67,very_heavy,1,0.0,normal,154.0,54,60,70,20,mineral,medium-slow,heads,gray,Gear Pokémon,"By changing the direction in which it rotates, it communicates its feelings to others. When angry, it rotates faster.",klink --> klang --> klinklang,3,2,0,0.5,2.0,1.0,1.0,0.5,0.5,2.0,0.0,2.0,0.5,0.5,0.5,0.5,1.0,0.5,1.0,0.5,0.5
601,klinklang,klinklang,5,steel,,1,"plus, minus",clear-body,60,0.12,100,0.19,115,0.22,70,0.13,85,0.16,90,0.17,520,defense,170,260,average,330.56,3,slightly_specialized,0.78,upper_mid_tier,0.78,upper_mid_tier,3,10,1,3.5,iron,bulky_speedster,iron-bulky_speedster,0.6,81.0,225.0,very_heavy,1,0.0,normal,234.0,60,30,70,20,mineral,medium-slow,heads,gray,Gear Pokémon,The gear with the red core is rotated at high speed for a rapid energy charge.,klink --> klang --> klinklang,3,3,1,0.5,2.0,1.0,1.0,0.5,0.5,2.0,0.0,2.0,0.5,0.5,0.5,0.5,1.0,0.5,1.0,0.5,0.5
602,tynamo,tynamo,5,electric,,1,levitate,,35,0.13,55,0.2,40,0.15,45,0.16,40,0.15,60,0.22,275,speed,100,115,average,78.47,1,balanced,0.03,bottom_tier,0.03,bottom_tier,1,3,0,0.5,solid,fragile,solid-fragile,0.2,0.3,7.5,very_light,0,0.5,normal,55.0,8,190,70,20,indeterminate,slow,fish,white,EleFish Pokémon,"While one alone doesn’t have much power, a chain of many Tynamo can be as powerful as lightning.",tynamo --> eelektrik --> eelektross,3,1,0,1.0,1.0,1.0,0.5,1.0,1.0,1.0,1.0,2.0,0.5,1.0,1.0,1.0,1.0,1.0,1.0,0.5,1.0
603,eelektrik,eelektrik,5,electric,,1,levitate,,65,0.16,85,0.21,70,0.17,75,0.19,70,0.17,40,0.1,405,attack,160,205,slow,189.58,2,balanced,0.38,lower_mid_tier,0.38,lower_mid_tier,1,3,0,0.5,solid,slow_attacker,solid-slow_attacker,1.2,22.0,15.28,very_light,0,0.5,normal,142.0,61,60,70,20,indeterminate,slow,fish,blue,EleFish Pokémon,They coil around foes and shock them with electricity-generating organs that seem simply to be circular patterns.,tynamo --> eelektrik --> eelektross,3,2,0,1.0,1.0,1.0,0.5,1.0,1.0,1.0,1.0,2.0,0.5,1.0,1.0,1.0,1.0,1.0,1.0,0.5,1.0
604,eelektross,eelektross,5,electric,,1,levitate,,85,0.17,115,0.22,80,0.16,105,0.2,80,0.16,50,0.1,515,attack,220,245,slow,428.47,4,slightly_specialized,0.76,upper_mid_tier,0.76,upper_mid_tier,1,3,0,0.5,solid,attacker,solid-attacker,2.1,80.5,18.25,very_light,0,0.5,normal,232.0,97,30,70,20,indeterminate,slow,fish,blue,EleFish Pokémon,They crawl out of the ocean using their arms. They will attack prey on shore and immediately drag it into the ocean.,tynamo --> eelektrik --> eelektross,3,3,1,1.0,1.0,1.0,0.5,1.0,1.0,1.0,1.0,2.0,0.5,1.0,1.0,1.0,1.0,1.0,1.0,0.5,1.0
604,eelektross,eelektross-mega,5,electric,,1,,,85,0.14,145,0.24,80,0.13,135,0.22,90,0.15,80,0.13,615,attack,280,255,average,722.92,5,specialized,0.96,top_tier,0.96,top_tier,1,3,0,0.5,solid,bulky_attacker,solid-bulky_attacker,3.0,180.0,20.0,very_light,0,0.5,normal,,0,30,70,20,indeterminate,slow,fish,blue,EleFish Pokémon,They crawl out of the ocean using their arms. They will attack prey on shore and immediately drag it into the ocean.,tynamo --> eelektrik --> eelektross,3,3,1,1.0,1.0,1.0,0.5,1.0,1.0,1.0,1.0,2.0,0.5,1.0,1.0,1.0,1.0,1.0,1.0,0.5,1.0
605,elgyem,elgyem,5,psychic,,1,"telepathy, synchronize",analytic,55,0.16,55,0.16,55,0.16,85,0.25,55,0.16,30,0.09,335,sp_attack,140,165,slow,253.47,2,slightly_specialized,0.26,lower_mid_tier,0.26,lower_mid_tier,3,2,0,-2.0,frail,slow_attacker,frail-slow_attacker,0.5,9.0,36.0,heavy,0,0.5,normal,67.0,82,255,70,20,humanshape,medium,upright,blue,Cerebral Pokémon,"It uses its strong psychic power to squeeze its opponent’s brain, causing unendurable headaches.",elgyem --> beheeyem,2,1,0,1.0,1.0,1.0,1.0,1.0,1.0,0.5,1.0,1.0,1.0,0.5,2.0,1.0,2.0,1.0,2.0,1.0,1.0
606,beheeyem,beheeyem,5,psychic,,1,"telepathy, synchronize",analytic,75,0.15,75,0.15,75,0.15,125,0.26,95,0.2,40,0.08,485,sp_attack,200,245,slow,653.47,4,specialized,0.6,mid_tier,0.6,mid_tier,3,2,0,-2.0,frail,attacker,frail-attacker,1.0,34.5,34.5,heavy,0,0.5,normal,170.0,84,90,70,20,humanshape,medium,humanoid,brown,Cerebral Pokémon,"It can manipulate an opponent’s memory. Apparently, it communicates by flashing its three different-colored fingers.",elgyem --> beheeyem,2,2,1,1.0,1.0,1.0,1.0,1.0,1.0,0.5,1.0,1.0,1.0,0.5,2.0,1.0,2.0,1.0,2.0,1.0,1.0
607,litwick,litwick,5,ghost,fire,2,"flash-fire, flame-body",infiltrator,50,0.18,30,0.11,55,0.2,65,0.24,55,0.2,20,0.07,275,sp_attack,95,160,slow,245.14,2,slightly_specialized,0.03,bottom_tier,0.03,bottom_tier,5,7,2,1.5,iron,weak_slow,iron-weak_slow,0.3,3.1,34.44,average,0,0.5,normal,55.0,72,190,70,20,indeterminate,medium-slow,blob,white,Candle Pokémon,"Litwick shines a light that absorbs the life energy of people and Pokémon, which becomes the fuel that it burns.",litwick --> lampent --> chandelure,3,1,0,0.0,0.5,2.0,1.0,0.5,0.5,0.0,0.5,2.0,1.0,1.0,0.25,2.0,2.0,1.0,2.0,0.5,0.5
608,lampent,lampent,5,ghost,fire,2,"flash-fire, flame-body",infiltrator,60,0.16,40,0.11,60,0.16,95,0.26,60,0.16,55,0.15,370,sp_attack,135,180,slow,272.22,3,slightly_specialized,0.33,lower_mid_tier,0.33,lower_mid_tier,5,7,2,1.5,iron,slow_attacker,iron-slow_attacker,0.6,13.0,36.11,heavy,0,0.5,normal,130.0,71,90,70,20,indeterminate,medium-slow,arms,black,Lamp Pokémon,"This ominous Pokémon is feared. Through cities it wanders, searching for the spirits of the fallen.",litwick --> lampent --> chandelure,3,2,0,0.0,0.5,2.0,1.0,0.5,0.5,0.0,0.5,2.0,1.0,1.0,0.25,2.0,2.0,1.0,2.0,0.5,0.5
609,chandelure,chandelure,5,ghost,fire,2,"flash-fire, flame-body",infiltrator,60,0.12,55,0.11,90,0.17,145,0.28,90,0.17,80,0.15,520,sp_attack,200,240,average,863.89,5,specialized,0.78,upper_mid_tier,0.78,upper_mid_tier,5,7,2,1.5,iron,attacker,iron-attacker,1.0,34.3,34.3,average,0,0.5,normal,234.0,75,45,70,20,indeterminate,medium-slow,arms,black,Luring Pokémon,"It absorbs a spirit, which it then burns. By waving the flames on its arms, it puts its foes into a hypnotic trance.",litwick --> lampent --> chandelure,3,3,1,0.0,0.5,2.0,1.0,0.5,0.5,0.0,0.5,2.0,1.0,1.0,0.25,2.0,2.0,1.0,2.0,0.5,0.5
609,chandelure,chandelure-mega,5,ghost,fire,2,,,60,0.1,75,0.12,110,0.18,175,0.28,110,0.18,90,0.15,620,sp_attack,250,280,average,1347.22,5,highly_specialized,0.97,top_tier,0.97,top_tier,5,7,2,1.5,iron,juggernaut,iron-juggernaut,2.5,69.6,11.14,very_light,0,0.5,normal,,0,45,70,20,indeterminate,medium-slow,arms,black,Luring Pokémon,"It absorbs a spirit, which it then burns. By waving the flames on its arms, it puts its foes into a hypnotic trance.",litwick --> lampent --> chandelure,3,3,1,0.0,0.5,2.0,1.0,0.5,0.5,0.0,0.5,2.0,1.0,1.0,0.25,2.0,2.0,1.0,2.0,0.5,0.5
610,axew,axew,5,dragon,,1,"rivalry, mold-breaker",unnerve,46,0.14,87,0.27,60,0.19,30,0.09,40,0.12,57,0.18,320,attack,117,146,slow,327.89,3,slightly_specialized,0.21,lower_mid_tier,0.21,lower_mid_tier,3,4,0,-1.0,exposed,fragile,exposed-fragile,0.6,18.0,50.0,very_heavy,0,0.5,normal,64.0,80,75,35,40,"monster, dragon",slow,upright,green,Tusk Pokémon,They use their tusks to crush the berries they eat. Repeated regrowth makes their tusks strong and sharp.,axew --> fraxure --> haxorus,3,1,0,1.0,0.5,0.5,0.5,0.5,2.0,1.0,1.0,1.0,1.0,1.0,1.0,1.0,1.0,2.0,1.0,1.0,2.0
611,fraxure,fraxure,5,dragon,,1,"rivalry, mold-breaker",unnerve,66,0.16,117,0.29,70,0.17,40,0.1,50,0.12,67,0.16,410,attack,157,186,average,586.22,4,specialized,0.39,lower_mid_tier,0.39,lower_mid_tier,3,4,0,-1.0,exposed,balanced,exposed-balanced,1.0,36.0,36.0,heavy,0,0.5,normal,144.0,76,60,35,40,"monster, dragon",slow,upright,green,Axe Jaw Pokémon,"Since a broken tusk will not grow back, they diligently sharpen their tusks on river rocks after they’ve been fighting.",axew --> fraxure --> haxorus,3,2,0,1.0,0.5,0.5,0.5,0.5,2.0,1.0,1.0,1.0,1.0,1.0,1.0,1.0,1.0,2.0,1.0,1.0,2.0
612,haxorus,haxorus,5,dragon,,1,"rivalry, mold-breaker",unnerve,76,0.14,147,0.27,90,0.17,60,0.11,70,0.13,97,0.18,540,attack,207,236,average,799.0,5,specialized,0.82,top_tier,0.82,top_tier,3,4,0,-1.0,exposed,sweeper,exposed-sweeper,1.8,105.5,32.56,average,0,0.5,normal,243.0,86,45,35,40,"monster, dragon",slow,upright,yellow,Axe Jaw Pokémon,They are kind but can be relentless when defending territory. They challenge foes with tusks that can cut steel.,axew --> fraxure --> haxorus,3,3,1,1.0,0.5,0.5,0.5,0.5,2.0,1.0,1.0,1.0,1.0,1.0,1.0,1.0,1.0,2.0,1.0,1.0,2.0
613,cubchoo,cubchoo,5,ice,,1,"snow-cloak, slush-rush",rattled,55,0.18,70,0.23,40,0.13,60,0.2,40,0.13,40,0.13,305,attack,130,135,slow,136.81,1,balanced,0.13,bottom_tier,0.13,bottom_tier,4,1,0,-3.5,frail,weak_slow,frail-weak_slow,0.5,8.5,34.0,average,0,0.5,normal,61.0,83,120,70,20,ground,medium,upright,white,Chill Pokémon,"When it is not feeling well, its mucus gets watery and the power of its Ice-type moves decreases.",cubchoo --> beartic,2,1,0,1.0,2.0,1.0,1.0,1.0,0.5,2.0,1.0,1.0,1.0,1.0,1.0,2.0,1.0,1.0,1.0,2.0,1.0
614,beartic,beartic,5,ice,,1,"snow-cloak, slush-rush",swift-swim,95,0.19,130,0.26,80,0.16,70,0.14,80,0.16,50,0.1,505,attack,200,255,slow,603.47,4,specialized,0.71,upper_mid_tier,0.71,upper_mid_tier,4,1,0,-3.5,frail,bulky_attacker,frail-bulky_attacker,2.6,260.0,38.46,heavy,0,0.5,normal,177.0,100,60,70,20,ground,medium,quadruped,white,Freezing Pokémon,"It can make its breath freeze at will. Very able in the water, it swims around in northern seas and catches prey.",cubchoo --> beartic,2,2,1,1.0,2.0,1.0,1.0,1.0,0.5,2.0,1.0,1.0,1.0,1.0,1.0,2.0,1.0,1.0,1.0,2.0,1.0
615,cryogonal,cryogonal,5,ice,,1,levitate,,80,0.16,50,0.1,50,0.1,95,0.18,135,0.26,105,0.2,515,sp_defense,145,265,fast,911.81,5,highly_specialized,0.76,upper_mid_tier,0.76,upper_mid_tier,4,1,0,-3.5,frail,bulky_speedster,frail-bulky_speedster,1.1,148.0,122.31,very_heavy,1,0.0,normal,180.0,66,25,70,25,mineral,medium,ball,blue,Crystallizing Pokémon,"When its body temperature goes up, it turns into steam and vanishes. When its temperature lowers, it returns to ice.",cryogonal,1,0,0,1.0,2.0,1.0,1.0,1.0,0.5,2.0,1.0,1.0,1.0,1.0,1.0,2.0,1.0,1.0,1.0,2.0,1.0
616,shelmet,shelmet,5,bug,,1,"hydration, shell-armor",overcoat,50,0.16,40,0.13,85,0.28,40,0.13,65,0.21,25,0.08,305,defense,80,200,slow,378.47,3,slightly_specialized,0.13,bottom_tier,0.13,bottom_tier,3,3,0,-1.5,exposed,slow_attacker,exposed-slow_attacker,0.4,7.7,48.12,very_heavy,0,0.5,normal,61.0,52,200,70,15,bug,medium,ball,red,Snail Pokémon,"When attacked, it defends itself by closing the lid of its shell. It can spit a sticky, poisonous liquid.",shelmet --> accelgor,2,1,0,1.0,2.0,1.0,1.0,0.5,1.0,0.5,1.0,0.5,2.0,1.0,1.0,2.0,1.0,1.0,1.0,1.0,1.0
617,accelgor,accelgor,5,bug,,1,"hydration, sticky-hold",unburden,80,0.16,70,0.14,40,0.08,100,0.2,60,0.12,145,0.29,495,speed,170,180,fast,1114.58,5,highly_specialized,0.66,upper_mid_tier,0.66,upper_mid_tier,3,3,0,-1.5,exposed,midrange,exposed-midrange,0.8,25.3,39.53,heavy,0,0.5,normal,173.0,62,75,70,15,bug,medium,arms,red,Shell Out Pokémon,"When its body dries out, it weakens. So, to prevent dehydration, it wraps itself in many layers of thin membrane.",shelmet --> accelgor,2,2,1,1.0,2.0,1.0,1.0,0.5,1.0,0.5,1.0,0.5,2.0,1.0,1.0,2.0,1.0,1.0,1.0,1.0,1.0
618,stunfisk,stunfisk,5,ground,electric,2,"static, limber",sand-veil,109,0.23,66,0.14,84,0.18,81,0.17,99,0.21,32,0.07,471,hp,147,292,slow,617.58,4,specialized,0.49,mid_tier,0.49,mid_tier,4,4,1,-0.5,neutral,tank,neutral-tank,0.7,11.0,22.45,light,0,0.5,normal,165.0,74,75,70,20,"water1, indeterminate",medium,fish,brown,Trap Pokémon,"Its skin is very hard, so it is unhurt even if stepped on by sumo wrestlers. It smiles when transmitting electricity.",stunfisk,1,0,0,1.0,1.0,2.0,0.0,2.0,2.0,1.0,0.5,2.0,0.5,1.0,1.0,0.5,1.0,1.0,1.0,0.5,1.0
618,stunfisk,stunfisk-galar,5,ground,steel,2,mimicry,,109,0.23,81,0.17,99,0.21,66,0.14,84,0.18,32,0.07,471,hp,147,292,slow,617.58,4,specialized,0.49,mid_tier,0.49,mid_tier,4,8,2,3.0,iron,tank,iron-tank,0.7,20.5,41.84,heavy,0,0.5,normal,165.0,57,75,70,20,"water1, indeterminate",medium,fish,brown,Trap Pokémon,"Its skin is very hard, so it is unhurt even if stepped on by sumo wrestlers. It smiles when transmitting electricity.",stunfisk,1,0,0,0.5,2.0,2.0,0.0,1.0,1.0,2.0,0.0,2.0,0.5,0.5,0.5,0.25,1.0,0.5,1.0,0.5,0.5
619,mienfoo,mienfoo,5,fighting,,1,"inner-focus, regenerator",reckless,45,0.13,85,0.24,50,0.14,55,0.16,50,0.14,65,0.19,350,attack,140,145,average,180.56,2,balanced,0.29,lower_mid_tier,0.29,lower_mid_tier,3,3,0,-1.5,exposed,midrange,exposed-midrange,0.9,20.0,24.69,light,0,0.5,normal,70.0,83,180,70,25,"ground, humanshape",medium-slow,upright,yellow,Martial Arts Pokémon,"In fights, they dominate with onslaughts of flowing, continuous attacks. With their sharp claws, they cut enemies.",mienfoo --> mienshao,2,1,0,1.0,1.0,1.0,1.0,1.0,1.0,1.0,1.0,1.0,2.0,2.0,0.5,0.5,1.0,1.0,0.5,1.0,2.0
620,mienshao,mienshao,5,fighting,,1,"inner-focus, regenerator",reckless,65,0.13,125,0.25,60,0.12,95,0.19,60,0.12,105,0.21,510,attack,220,185,fast,625.0,4,specialized,0.74,upper_mid_tier,0.74,upper_mid_tier,3,3,0,-1.5,exposed,sweeper,exposed-sweeper,1.4,35.5,18.11,very_light,0,0.5,normal,179.0,91,45,70,25,"ground, humanshape",medium-slow,upright,purple,Martial Arts Pokémon,It wields the fur on its arms like a whip. Its arm attacks come with such rapidity that they cannot even be seen.,mienfoo --> mienshao,2,2,1,1.0,1.0,1.0,1.0,1.0,1.0,1.0,1.0,1.0,2.0,2.0,0.5,0.5,1.0,1.0,0.5,1.0,2.0
621,druddigon,druddigon,5,dragon,,1,"rough-skin, sheer-force",mold-breaker,77,0.16,120,0.25,90,0.19,60,0.12,90,0.19,48,0.1,485,attack,180,257,slow,538.14,4,specialized,0.6,mid_tier,0.6,mid_tier,3,4,0,-1.0,exposed,bulky_attacker,exposed-bulky_attacker,1.6,139.0,54.3,very_heavy,0,0.5,normal,170.0,91,45,70,30,"dragon, monster",medium,upright,red,Cave Pokémon,"It warms its body by absorbing sunlight with its wings. When its body temperature falls, it can no longer move.",druddigon,1,0,0,1.0,0.5,0.5,0.5,0.5,2.0,1.0,1.0,1.0,1.0,1.0,1.0,1.0,1.0,2.0,1.0,1.0,2.0
622,golett,golett,5,ground,ghost,2,"iron-fist, klutz",no-guard,59,0.19,74,0.24,50,0.17,35,0.12,50,0.17,35,0.12,303,attack,109,159,slow,184.25,2,balanced,0.11,bottom_tier,0.11,bottom_tier,5,3,3,1.0,solid,weak_slow,solid-weak_slow,1.0,92.0,92.0,very_heavy,1,0.0,normal,61.0,89,190,70,25,mineral,medium,humanoid,green,Automaton Pokémon,"The energy that burns inside it enables it to move, but no one has yet been able to identify this energy.",golett --> golurk,2,1,0,0.0,1.0,2.0,0.0,2.0,2.0,0.0,0.25,1.0,1.0,1.0,0.5,0.5,2.0,1.0,2.0,1.0,1.0
623,golurk,golurk,5,ground,ghost,2,"iron-fist, klutz",no-guard,89,0.18,124,0.26,80,0.17,55,0.11,80,0.17,55,0.11,483,attack,179,249,slow,544.25,4,specialized,0.58,mid_tier,0.58,mid_tier,5,3,3,1.0,solid,tank,solid-tank,2.8,330.0,42.09,heavy,1,0.0,normal,169.0,105,90,70,25,mineral,medium,humanoid,green,Automaton Pokémon,It flies across the sky at Mach speeds. Removing the seal on its chest makes its internal energy go out of control.,golett --> golurk,2,2,1,0.0,1.0,2.0,0.0,2.0,2.0,0.0,0.25,1.0,1.0,1.0,0.5,0.5,2.0,1.0,2.0,1.0,1.0
623,golurk,golurk-mega,5,ground,ghost,2,,,89,0.15,159,0.27,105,0.18,70,0.12,105,0.18,55,0.09,583,attack,229,299,slow,1088.14,5,highly_specialized,0.89,top_tier,0.89,top_tier,5,3,3,1.0,solid,bulky_attacker,solid-bulky_attacker,4.0,330.0,20.62,very_light,1,0.0,normal,,0,90,70,25,mineral,medium,humanoid,green,Automaton Pokémon,It flies across the sky at Mach speeds. Removing the seal on its chest makes its internal energy go out of control.,golett --> golurk,2,2,1,0.0,1.0,2.0,0.0,2.0,2.0,0.0,0.25,1.0,1.0,1.0,0.5,0.5,2.0,1.0,2.0,1.0,1.0
624,pawniard,pawniard,5,dark,steel,2,"defiant, inner-focus",pressure,45,0.13,85,0.25,70,0.21,40,0.12,40,0.12,60,0.18,340,attack,125,155,average,280.56,3,slightly_specialized,0.28,lower_mid_tier,0.28,lower_mid_tier,3,9,2,4.5,iron,fragile,iron-fragile,0.5,10.2,40.8,heavy,0,0.5,normal,68.0,84,120,35,20,humanshape,medium,humanoid,red,Sharp Blade Pokémon,"Blades comprise this Pokémon’s entire body. If battling dulls the blades, it sharpens them on stones by the river.",pawniard --> bisharp --> kingambit,3,1,0,0.5,2.0,1.0,1.0,0.5,0.5,4.0,0.0,2.0,0.5,0.0,1.0,0.5,0.5,0.5,0.5,0.5,1.0
625,bisharp,bisharp,5,dark,steel,2,"defiant, inner-focus",pressure,65,0.13,125,0.26,100,0.2,60,0.12,70,0.14,70,0.14,490,attack,185,235,average,538.89,4,specialized,0.64,upper_mid_tier,0.64,upper_mid_tier,3,9,2,4.5,iron,attacker,iron-attacker,1.6,70.0,27.34,light,0,0.5,normal,172.0,85,45,35,20,humanshape,medium,humanoid,red,Sword Blade Pokémon,"It leads a group of Pawniard. It battles to become the boss, but will be driven from the group if it loses.",pawniard --> bisharp --> kingambit,3,2,0,0.5,2.0,1.0,1.0,0.5,0.5,4.0,0.0,2.0,0.5,0.0,1.0,0.5,0.5,0.5,0.5,0.5,1.0
626,bouffalant,bouffalant,5,normal,,1,"reckless, sap-sipper",soundproof,95,0.19,110,0.22,95,0.19,40,0.08,95,0.19,55,0.11,490,attack,150,285,slow,630.56,4,specialized,0.64,upper_mid_tier,0.64,upper_mid_tier,1,0,1,0.5,solid,tank,solid-tank,1.6,94.6,36.95,heavy,0,0.5,normal,172.0,73,45,70,20,ground,medium,quadruped,brown,Bash Buffalo Pokémon,"Their fluffy fur absorbs damage, even if they strike foes with a fierce headbutt.",bouffalant,1,0,0,1.0,1.0,1.0,1.0,1.0,1.0,2.0,1.0,1.0,1.0,1.0,1.0,1.0,0.0,1.0,1.0,1.0,1.0
627,rufflet,rufflet,5,normal,flying,2,"keen-eye, sheer-force",hustle,70,0.2,83,0.24,50,0.14,37,0.11,50,0.14,60,0.17,350,attack,120,170,average,223.56,2,slightly_specialized,0.29,lower_mid_tier,0.29,lower_mid_tier,3,2,2,1.0,solid,fragile,solid-fragile,0.5,10.5,42.0,heavy,0,0.0,normal,70.0,68,190,70,20,flying,slow,wings,white,Eaglet Pokémon,"They crush berries with their talons. They bravely stand up to any opponent, no matter how strong it is.",rufflet --> braviary,2,1,0,1.0,1.0,1.0,2.0,0.5,2.0,1.0,1.0,0.0,1.0,1.0,0.5,2.0,0.0,1.0,1.0,1.0,1.0
628,braviary,braviary,5,normal,flying,2,"keen-eye, sheer-force",defiant,100,0.2,123,0.24,75,0.15,57,0.11,75,0.15,80,0.16,510,attack,180,250,average,446.33,4,slightly_specialized,0.74,upper_mid_tier,0.74,upper_mid_tier,3,2,2,1.0,solid,bulky_attacker,solid-bulky_attacker,1.5,41.0,18.22,very_light,0,0.0,normal,179.0,73,60,70,20,flying,slow,wings,red,Valiant Pokémon,They fight for their friends without any thought about danger to themselves. One can carry a car while flying.,rufflet --> braviary,2,2,1,1.0,1.0,1.0,2.0,0.5,2.0,1.0,1.0,0.0,1.0,1.0,0.5,2.0,0.0,1.0,1.0,1.0,1.0
628,braviary,braviary-hisui,5,psychic,flying,2,"keen-eye, sheer-force",tinted-lens,110,0.22,83,0.16,70,0.14,112,0.22,70,0.14,65,0.13,510,sp_attack,195,250,average,368.0,3,slightly_specialized,0.74,upper_mid_tier,0.74,upper_mid_tier,5,3,1,-2.0,frail,bulky_attacker,frail-bulky_attacker,1.7,43.4,15.02,very_light,0,0.0,normal,179.0,75,60,70,20,flying,slow,wings,red,Valiant Pokémon,They fight for their friends without any thought about danger to themselves. One can carry a car while flying.,rufflet --> braviary,2,2,1,1.0,1.0,1.0,2.0,0.5,2.0,0.25,1.0,0.0,1.0,0.5,1.0,2.0,2.0,1.0,2.0,1.0,1.0
629,vullaby,vullaby,5,dark,flying,2,"big-pecks, overcoat",weak-armor,70,0.19,55,0.15,75,0.2,45,0.12,65,0.18,60,0.16,370,defense,100,210,average,97.22,1,balanced,0.33,lower_mid_tier,0.33,lower_mid_tier,4,3,2,0.5,solid,midrange,solid-midrange,0.5,9.0,36.0,heavy,0,1.0,normal,74.0,73,190,35,20,flying,slow,wings,brown,Diapered Pokémon,Their wings are too tiny to allow them to fly. They guard their posteriors with bones that were gathered by Mandibuzz.,vullaby --> mandibuzz,2,1,0,1.0,1.0,1.0,2.0,0.5,2.0,1.0,1.0,0.0,1.0,0.0,1.0,2.0,0.5,1.0,0.5,1.0,2.0
630,mandibuzz,mandibuzz,5,dark,flying,2,"big-pecks, overcoat",weak-armor,110,0.22,65,0.13,105,0.21,55,0.11,95,0.19,80,0.16,510,hp,120,310,average,408.33,4,slightly_specialized,0.74,upper_mid_tier,0.74,upper_mid_tier,4,3,2,0.5,solid,support,solid-support,1.2,39.5,27.43,light,0,1.0,normal,179.0,80,60,35,20,flying,slow,wings,brown,Bone Vulture Pokémon,It makes a nest out of bones it finds. It grabs weakened prey in its talons and hauls it to its nest of bones.,vullaby --> mandibuzz,2,2,1,1.0,1.0,1.0,2.0,0.5,2.0,1.0,1.0,0.0,1.0,0.0,1.0,2.0,0.5,1.0,0.5,1.0,2.0
631,heatmor,heatmor,5,fire,,1,"gluttony, flash-fire",white-smoke,85,0.18,97,0.2,66,0.14,105,0.22,66,0.14,65,0.13,484,sp_attack,202,217,average,258.89,3,slightly_specialized,0.59,mid_tier,0.59,mid_tier,3,6,0,0.0,neutral,attacker,neutral-attacker,1.4,58.0,29.59,average,0,0.5,normal,169.0,80,90,70,20,ground,medium,upright,red,Anteater Pokémon,It breathes through a hole in its tail while it burns with an internal fire. Durant is its prey.,heatmor,1,0,0,1.0,0.5,2.0,1.0,0.5,0.5,1.0,1.0,2.0,1.0,1.0,0.5,2.0,1.0,1.0,1.0,0.5,0.5
632,durant,durant,5,bug,steel,2,"swarm, hustle",truant,58,0.12,109,0.23,112,0.23,48,0.1,48,0.1,109,0.23,484,defense,157,218,fast,872.56,5,specialized,0.59,mid_tier,0.59,mid_tier,1,8,1,4.5,iron,midrange,iron-midrange,0.3,33.0,366.67,very_heavy,0,0.5,normal,169.0,65,90,70,20,bug,medium,armor,gray,Iron Ant Pokémon,"They attack in groups, covering themselves in steel armor to protect themselves from Heatmor.",durant,1,0,0,0.5,4.0,1.0,1.0,0.25,0.5,1.0,0.0,1.0,1.0,0.5,0.5,1.0,1.0,0.5,1.0,0.5,0.5
633,deino,deino,5,dark,dragon,2,hustle,,52,0.17,65,0.22,50,0.17,45,0.15,50,0.17,38,0.13,300,attack,110,152,slow,66.33,1,balanced,0.1,bottom_tier,0.1,bottom_tier,5,6,1,-0.5,neutral,weak_slow,neutral-weak_slow,0.8,17.3,27.03,light,0,0.5,normal,60.0,67,45,35,40,dragon,slow,quadruped,blue,Irate Pokémon,"It tends to bite everything, and it is not a picky eater. Approaching it carelessly is dangerous.",deino --> zweilous --> hydreigon,3,1,0,1.0,0.5,0.5,0.5,0.5,2.0,2.0,1.0,1.0,1.0,0.0,2.0,1.0,0.5,2.0,0.5,1.0,4.0
634,zweilous,zweilous,5,dark,dragon,2,hustle,,72,0.17,85,0.2,70,0.17,65,0.15,70,0.17,58,0.14,420,attack,150,212,slow,66.33,1,balanced,0.41,mid_tier,0.41,mid_tier,5,6,1,-0.5,neutral,balanced,neutral-balanced,1.4,50.0,25.51,light,0,0.5,normal,147.0,68,45,35,40,dragon,slow,quadruped,blue,Hostile Pokémon,"After it has eaten up all the food in its territory, it moves to another area. Its two heads do not get along.",deino --> zweilous --> hydreigon,3,2,0,1.0,0.5,0.5,0.5,0.5,2.0,2.0,1.0,1.0,1.0,0.0,2.0,1.0,0.5,2.0,0.5,1.0,4.0
635,hydreigon,hydreigon,5,dark,dragon,2,levitate,,92,0.15,105,0.18,90,0.15,125,0.21,90,0.15,98,0.16,600,sp_attack,230,272,average,153.0,2,balanced,0.93,top_tier,0.93,top_tier,5,6,1,-0.5,neutral,juggernaut,neutral-juggernaut,1.8,160.0,49.38,very_heavy,0,0.5,normal,270.0,104,45,35,40,dragon,slow,upright,blue,Brutal Pokémon,"This brutal Pokémon travels the skies on its six wings. Anything that moves seems like a foe to it, triggering its attack.",deino --> zweilous --> hydreigon,3,3,1,1.0,0.5,0.5,0.5,0.5,2.0,2.0,1.0,1.0,1.0,0.0,2.0,1.0,0.5,2.0,0.5,1.0,4.0
636,larvesta,larvesta,5,bug,fire,2,flame-body,swarm,55,0.15,85,0.24,55,0.15,50,0.14,55,0.15,60,0.17,360,attack,135,165,average,133.33,1,balanced,0.32,lower_mid_tier,0.32,lower_mid_tier,3,6,0,0.0,neutral,midrange,neutral-midrange,1.1,28.8,23.8,light,0,0.5,normal,72.0,61,45,70,40,bug,slow,armor,white,Torch Pokémon,"This Pokémon was believed to have been born from the sun. When it evolves, its entire body is engulfed in flames.",larvesta --> volcarona,2,1,0,1.0,1.0,2.0,1.0,0.25,0.5,0.5,1.0,1.0,2.0,1.0,0.5,4.0,1.0,1.0,1.0,0.5,0.5
637,volcarona,volcarona,5,bug,fire,2,flame-body,swarm,85,0.15,60,0.11,65,0.12,135,0.25,105,0.19,100,0.18,550,sp_attack,195,255,fast,647.22,4,specialized,0.83,top_tier,0.83,top_tier,3,6,0,0.0,neutral,juggernaut,neutral-juggernaut,1.6,46.0,17.97,very_light,0,0.5,normal,248.0,78,15,70,40,bug,slow,bug-wings,white,Sun Pokémon,"When volcanic ash darkened the atmosphere, it is said that Volcarona’s fire provided a replacement for the sun.",larvesta --> volcarona,2,2,1,1.0,1.0,2.0,1.0,0.25,0.5,0.5,1.0,1.0,2.0,1.0,0.5,4.0,1.0,1.0,1.0,0.5,0.5
638,cobalion,cobalion,5,steel,fighting,2,justified,,91,0.16,90,0.16,129,0.22,90,0.16,72,0.12,108,0.19,580,defense,180,292,fast,317.22,3,slightly_specialized,0.86,top_tier,0.86,top_tier,3,8,1,2.5,iron,juggernaut,iron-juggernaut,2.1,250.0,56.69,very_heavy,1,0.0,legendary,261.0,82,3,35,80,no-eggs,slow,quadruped,blue,Iron Will Pokémon,This legendary Pokémon battled against humans to protect Pokémon. Its personality is calm and composed.,cobalion,1,0,0,0.5,2.0,1.0,1.0,0.5,0.5,2.0,0.0,2.0,1.0,1.0,0.25,0.25,1.0,0.5,0.5,0.5,1.0
639,terrakion,terrakion,5,rock,fighting,2,justified,,91,0.16,129,0.22,90,0.16,72,0.12,90,0.16,108,0.19,580,attack,201,271,fast,317.22,3,slightly_specialized,0.86,top_tier,0.86,top_tier,7,6,0,-4.0,frail,juggernaut,frail-juggernaut,1.9,260.0,72.02,very_heavy,1,0.0,legendary,261.0,75,3,35,80,no-eggs,slow,quadruped,gray,Cavern Pokémon,This Pokémon came to the defense of Pokémon that had lost their homes in a war among humans.,terrakion,1,0,0,0.5,0.5,2.0,1.0,2.0,1.0,2.0,0.5,2.0,1.0,2.0,0.5,0.5,1.0,1.0,0.5,2.0,2.0
640,virizion,virizion,5,grass,fighting,2,justified,,91,0.16,90,0.16,72,0.12,90,0.16,129,0.22,108,0.19,580,sp_defense,180,292,fast,317.22,3,slightly_specialized,0.86,top_tier,0.86,top_tier,6,6,0,-3.0,frail,juggernaut,frail-juggernaut,2.0,200.0,50.0,very_heavy,1,0.0,legendary,261.0,81,3,35,80,no-eggs,slow,quadruped,green,Grassland Pokémon,This Pokémon fought humans in order to protect its friends. Legends about it continue to be passed down.,virizion,1,0,0,1.0,2.0,0.5,0.5,0.5,2.0,1.0,2.0,0.5,4.0,2.0,1.0,0.5,1.0,1.0,0.5,1.0,2.0
641,tornadus,tornadus-incarnate,5,flying,,1,prankster,defiant,79,0.14,115,0.2,70,0.12,125,0.22,80,0.14,111,0.19,580,sp_attack,240,229,fast,440.89,4,slightly_specialized,0.86,top_tier,0.86,top_tier,3,3,1,0.0,neutral,sweeper,neutral-sweeper,1.5,63.0,28.0,average,0,0.0,legendary,261.0,84,3,90,120,no-eggs,slow,arms,green,Cyclone Pokémon,The lower half of its body is wrapped in a cloud of energy. It zooms through the sky at 200 mph.,tornadus,1,0,0,1.0,1.0,1.0,2.0,0.5,2.0,0.5,1.0,0.0,1.0,1.0,0.5,2.0,1.0,1.0,1.0,1.0,1.0
641,tornadus,tornadus-therian,5,flying,,1,regenerator,,79,0.14,100,0.17,80,0.14,110,0.19,90,0.16,121,0.21,580,speed,210,249,fast,235.89,2,slightly_specialized,0.86,top_tier,0.86,top_tier,3,3,1,0.0,neutral,juggernaut,neutral-juggernaut,1.4,63.0,32.14,average,0,0.0,legendary,290.0,82,3,90,120,no-eggs,slow,arms,green,Cyclone Pokémon,The lower half of its body is wrapped in a cloud of energy. It zooms through the sky at 200 mph.,tornadus,1,0,0,1.0,1.0,1.0,2.0,0.5,2.0,0.5,1.0,0.0,1.0,1.0,0.5,2.0,1.0,1.0,1.0,1.0,1.0
642,thundurus,thundurus-incarnate,5,electric,flying,2,prankster,defiant,79,0.14,115,0.2,70,0.12,125,0.22,80,0.14,111,0.19,580,sp_attack,240,229,fast,440.89,4,slightly_specialized,0.86,top_tier,0.86,top_tier,2,5,1,2.0,iron,sweeper,iron-sweeper,1.5,61.0,27.11,light,0,0.0,legendary,261.0,94,3,90,120,no-eggs,slow,arms,blue,Bolt Strike Pokémon,Countless charred remains mar the landscape of places through which Thundurus has passed.,thundurus,1,0,0,1.0,1.0,1.0,1.0,0.5,2.0,0.5,1.0,0.0,0.5,1.0,0.5,2.0,1.0,1.0,1.0,0.5,1.0
642,thundurus,thundurus-therian,5,electric,flying,2,volt-absorb,,79,0.14,105,0.18,70,0.12,145,0.25,80,0.14,101,0.17,580,sp_attack,250,229,fast,620.89,4,specialized,0.86,top_tier,0.86,top_tier,2,5,1,2.0,iron,sweeper,iron-sweeper,3.0,61.0,6.78,very_light,0,0.0,legendary,290.0,90,3,90,120,no-eggs,slow,arms,blue,Bolt Strike Pokémon,Countless charred remains mar the landscape of places through which Thundurus has passed.,thundurus,1,0,0,1.0,1.0,1.0,1.0,0.5,2.0,0.5,1.0,0.0,0.5,1.0,0.5,2.0,1.0,1.0,1.0,0.5,1.0
643,reshiram,reshiram,5,dragon,fire,2,turboblaze,,100,0.15,120,0.18,100,0.15,150,0.22,120,0.18,90,0.13,680,sp_attack,270,320,average,388.89,4,slightly_specialized,0.99,top_tier,0.99,top_tier,3,5,0,-0.5,neutral,juggernaut,neutral-juggernaut,3.2,330.0,32.23,average,1,0.0,legendary,306.0,91,3,0,120,no-eggs,slow,wings,white,Vast White Pokémon,"This Pokémon appears in legends. It sends flames into the air from its tail, burning up everything around it.",reshiram,1,0,0,1.0,0.25,1.0,0.5,0.25,1.0,1.0,1.0,2.0,1.0,1.0,0.5,2.0,1.0,2.0,1.0,0.5,1.0
644,zekrom,zekrom,5,dragon,electric,2,teravolt,,100,0.15,150,0.22,120,0.18,120,0.18,100,0.15,90,0.13,680,attack,270,320,average,388.89,4,slightly_specialized,0.99,top_tier,0.99,top_tier,4,6,0,-1.0,exposed,juggernaut,exposed-juggernaut,2.9,345.0,41.02,heavy,1,0.0,legendary,306.0,98,3,0,120,no-eggs,slow,upright,black,Deep Black Pokémon,"Concealing itself in lightning clouds, it flies throughout the Unova region. It creates electricity in its tail.",zekrom,1,0,0,1.0,0.5,0.5,0.25,0.5,2.0,1.0,1.0,2.0,0.5,1.0,1.0,1.0,1.0,2.0,1.0,0.5,2.0
645,landorus,landorus-incarnate,5,ground,flying,2,sand-force,sheer-force,89,0.15,125,0.21,90,0.15,115,0.19,80,0.13,101,0.17,600,attack,240,259,fast,245.33,2,slightly_specialized,0.93,top_tier,0.93,top_tier,2,3,2,2.5,iron,juggernaut,iron-juggernaut,1.5,68.0,30.22,average,0,0.0,legendary,270.0,82,3,90,120,no-eggs,slow,arms,brown,Abundance Pokémon,Lands visited by Landorus grant such bountiful crops that it has been hailed as “The Guardian of the Fields.”,landorus,1,0,0,1.0,1.0,2.0,0.0,1.0,4.0,0.5,0.5,0.0,1.0,1.0,0.5,1.0,1.0,1.0,1.0,1.0,1.0
645,landorus,landorus-therian,5,ground,flying,2,intimidate,,89,0.15,145,0.24,90,0.15,105,0.18,80,0.13,91,0.15,600,attack,250,259,average,458.67,4,slightly_specialized,0.93,top_tier,0.93,top_tier,2,3,2,2.5,iron,juggernaut,iron-juggernaut,1.3,68.0,40.24,heavy,0,0.0,legendary,300.0,79,3,90,120,no-eggs,slow,arms,brown,Abundance Pokémon,Lands visited by Landorus grant such bountiful crops that it has been hailed as “The Guardian of the Fields.”,landorus,1,0,0,1.0,1.0,2.0,0.0,1.0,4.0,0.5,0.5,0.0,1.0,1.0,0.5,1.0,1.0,1.0,1.0,1.0,1.0
646,kyurem,kyurem,5,dragon,ice,2,pressure,,125,0.19,130,0.2,90,0.14,130,0.2,90,0.14,95,0.14,660,attack,260,305,average,341.67,3,slightly_specialized,0.98,top_tier,0.98,top_tier,5,3,0,-3.5,frail,juggernaut,frail-juggernaut,3.0,325.0,36.11,heavy,1,0.0,legendary,297.0,86,3,0,120,no-eggs,slow,upright,gray,Boundary Pokémon,"It generates a powerful, freezing energy inside itself, but its body became frozen when the energy leaked out.",kyurem,1,0,0,1.0,1.0,0.5,0.5,0.5,1.0,2.0,1.0,1.0,1.0,1.0,1.0,2.0,1.0,2.0,1.0,2.0,2.0
646,kyurem,kyurem-black,5,dragon,ice,2,teravolt,,125,0.18,170,0.24,100,0.14,120,0.17,90,0.13,95,0.14,700,attack,290,315,average,730.56,5,specialized,1.0,top_tier,1.0,top_tier,5,3,0,-3.5,frail,juggernaut,frail-juggernaut,3.3,325.0,29.84,average,1,0.0,legendary,350.0,87,3,0,120,no-eggs,slow,upright,gray,Boundary Pokémon,"It generates a powerful, freezing energy inside itself, but its body became frozen when the energy leaked out.",kyurem,1,0,0,1.0,1.0,0.5,0.5,0.5,1.0,2.0,1.0,1.0,1.0,1.0,1.0,2.0,1.0,2.0,1.0,2.0,2.0
646,kyurem,kyurem-white,5,dragon,ice,2,turboblaze,,125,0.18,120,0.17,90,0.13,170,0.24,100,0.14,95,0.14,700,sp_attack,290,315,average,730.56,5,specialized,1.0,top_tier,1.0,top_tier,5,3,0,-3.5,frail,juggernaut,frail-juggernaut,3.6,325.0,25.08,light,1,0.0,legendary,350.0,87,3,0,120,no-eggs,slow,upright,gray,Boundary Pokémon,"It generates a powerful, freezing energy inside itself, but its body became frozen when the energy leaked out.",kyurem,1,0,0,1.0,1.0,0.5,0.5,0.5,1.0,2.0,1.0,1.0,1.0,1.0,1.0,2.0,1.0,2.0,1.0,2.0,2.0
647,keldeo,keldeo-ordinary,5,water,fighting,2,justified,,91,0.16,72,0.12,90,0.16,129,0.22,90,0.16,108,0.19,580,sp_attack,201,271,fast,317.22,3,slightly_specialized,0.86,top_tier,0.86,top_tier,5,7,0,-1.5,exposed,juggernaut,exposed-juggernaut,1.4,48.5,24.74,light,1,0.0,mythical,261.0,81,3,35,80,no-eggs,slow,quadruped,yellow,Colt Pokémon,"By blasting water from its hooves, it can glide across water. It excels at using leg moves while battling.",keldeo,1,0,0,1.0,0.5,0.5,2.0,2.0,0.5,1.0,1.0,1.0,2.0,2.0,0.5,0.5,1.0,1.0,0.5,0.5,2.0
647,keldeo,keldeo-resolute,5,water,fighting,2,justified,,91,0.16,72,0.12,90,0.16,129,0.22,90,0.16,108,0.19,580,sp_attack,201,271,fast,317.22,3,slightly_specialized,0.86,top_tier,0.86,top_tier,5,7,0,-1.5,exposed,juggernaut,exposed-juggernaut,1.4,48.5,24.74,light,1,0.0,mythical,290.0,81,3,35,80,no-eggs,slow,quadruped,yellow,Colt Pokémon,"By blasting water from its hooves, it can glide across water. It excels at using leg moves while battling.",keldeo,1,0,0,1.0,0.5,0.5,2.0,2.0,0.5,1.0,1.0,1.0,2.0,2.0,0.5,0.5,1.0,1.0,0.5,0.5,2.0
648,meloetta,meloetta-aria,5,normal,psychic,2,serene-grace,,100,0.17,77,0.13,77,0.13,128,0.21,128,0.21,90,0.15,600,sp_attack,205,305,average,454.33,4,slightly_specialized,0.93,top_tier,0.93,top_tier,2,1,1,0.0,neutral,juggernaut,neutral-juggernaut,0.6,6.5,18.06,very_light,1,0.0,mythical,270.0,105,3,100,120,no-eggs,slow,humanoid,white,Melody Pokémon,Its melodies are sung with a special vocalization method that can control the feelings of those who hear it.,meloetta,1,0,0,1.0,1.0,1.0,1.0,1.0,1.0,1.0,1.0,1.0,1.0,0.5,2.0,1.0,0.0,1.0,2.0,1.0,1.0
648,meloetta,meloetta-pirouette,5,normal,fighting,2,serene-grace,,100,0.17,128,0.21,90,0.15,77,0.13,77,0.13,128,0.21,600,attack,205,267,fast,454.33,4,slightly_specialized,0.93,top_tier,0.93,top_tier,4,3,1,-1.0,exposed,juggernaut,exposed-juggernaut,0.6,6.5,18.06,very_light,1,0.0,mythical,270.0,105,3,100,120,no-eggs,slow,humanoid,white,Melody Pokémon,Its melodies are sung with a special vocalization method that can control the feelings of those who hear it.,meloetta,1,0,0,1.0,1.0,1.0,1.0,1.0,1.0,2.0,1.0,1.0,2.0,2.0,0.5,0.5,0.0,1.0,0.5,1.0,2.0
649,genesect,genesect,5,bug,steel,2,download,,71,0.12,120,0.2,95,0.16,120,0.2,95,0.16,99,0.16,600,attack,240,261,average,282.0,3,slightly_specialized,0.93,top_tier,0.93,top_tier,1,8,1,4.5,iron,juggernaut,iron-juggernaut,1.5,82.5,36.67,heavy,1,0.0,mythical,270.0,80,3,0,120,no-eggs,slow,humanoid,purple,Paleozoic Pokémon,"Over 300 million years ago, it was feared as the strongest of hunters. It has been modified by Team Plasma.",genesect,1,0,0,0.5,4.0,1.0,1.0,0.25,0.5,1.0,0.0,1.0,1.0,0.5,0.5,1.0,1.0,0.5,1.0,0.5,0.5
649,genesect,genesect-douse,5,bug,steel,2,download,,71,0.12,120,0.2,95,0.16,120,0.2,95,0.16,99,0.16,600,attack,240,261,average,282.0,3,slightly_specialized,0.93,top_tier,0.93,top_tier,1,8,1,4.5,iron,juggernaut,iron-juggernaut,1.5,82.5,36.67,heavy,1,0.0,mythical,270.0,80,3,0,120,no-eggs,slow,humanoid,purple,Paleozoic Pokémon,"Over 300 million years ago, it was feared as the strongest of hunters. It has been modified by Team Plasma.",genesect,1,0,0,0.5,4.0,1.0,1.0,0.25,0.5,1.0,0.0,1.0,1.0,0.5,0.5,1.0,1.0,0.5,1.0,0.5,0.5
649,genesect,genesect-shock,5,bug,steel,2,download,,71,0.12,120,0.2,95,0.16,120,0.2,95,0.16,99,0.16,600,attack,240,261,average,282.0,3,slightly_specialized,0.93,top_tier,0.93,top_tier,1,8,1,4.5,iron,juggernaut,iron-juggernaut,1.5,82.5,36.67,heavy,1,0.0,mythical,270.0,80,3,0,120,no-eggs,slow,humanoid,purple,Paleozoic Pokémon,"Over 300 million years ago, it was feared as the strongest of hunters. It has been modified by Team Plasma.",genesect,1,0,0,0.5,4.0,1.0,1.0,0.25,0.5,1.0,0.0,1.0,1.0,0.5,0.5,1.0,1.0,0.5,1.0,0.5,0.5
649,genesect,genesect-burn,5,bug,steel,2,download,,71,0.12,120,0.2,95,0.16,120,0.2,95,0.16,99,0.16,600,attack,240,261,average,282.0,3,slightly_specialized,0.93,top_tier,0.93,top_tier,1,8,1,4.5,iron,juggernaut,iron-juggernaut,1.5,82.5,36.67,heavy,1,0.0,mythical,270.0,80,3,0,120,no-eggs,slow,humanoid,purple,Paleozoic Pokémon,"Over 300 million years ago, it was feared as the strongest of hunters. It has been modified by Team Plasma.",genesect,1,0,0,0.5,4.0,1.0,1.0,0.25,0.5,1.0,0.0,1.0,1.0,0.5,0.5,1.0,1.0,0.5,1.0,0.5,0.5
649,genesect,genesect-chill,5,bug,steel,2,download,,71,0.12,120,0.2,95,0.16,120,0.2,95,0.16,99,0.16,600,attack,240,261,average,282.0,3,slightly_specialized,0.93,top_tier,0.93,top_tier,1,8,1,4.5,iron,juggernaut,iron-juggernaut,1.5,82.5,36.67,heavy,1,0.0,mythical,270.0,80,3,0,120,no-eggs,slow,humanoid,purple,Paleozoic Pokémon,"Over 300 million years ago, it was feared as the strongest of hunters. It has been modified by Team Plasma.",genesect,1,0,0,0.5,4.0,1.0,1.0,0.25,0.5,1.0,0.0,1.0,1.0,0.5,0.5,1.0,1.0,0.5,1.0,0.5,0.5
