pokedex_id,species_name,name,generation,type1,type2,type_count,abilities,hidden_abilities,hp,hp_ratio,attack,attack_ratio,defense,defense_ratio,sp_attack,sp_attack_ratio,sp_defense,sp_defense_ratio,speed,speed_ratio,base_stat_total,dominant_stat,offense,bulk,speed_tier,stat_variance,stat_variance_quantile,stat_specialization,bst_percentile_gen,bst_gen_class,bst_percentile_all,bst_all_class,weakness_count,resistance_count,immunity_count,typing_defense_score,typing_defense_class,battle_archetypes,combat_profile,height_m,weight_kg,mass_index,mass_index_class,is_genderless,female_ratio,pokemon_class,base_experience,moves_count,capture_rate,base_happiness,hatch_counter,egg_groups,growth_rate,shape,color,genus,flavor_text,evolution_line,evolution_chain_length,evolution_stage,is_final_evolution,against_normal,against_fire,against_water,against_electric,against_grass,against_ice,against_fighting,against_poison,against_ground,against_flying,against_psychic,against_bug,against_rock,against_ghost,against_dragon,against_dark,against_steel,against_fairy
650,chespin,chespin,6,grass,,1,overgrow,bulletproof,56,0.18,61,0.19,65,0.21,48,0.15,45,0.14,38,0.12,313,defense,109,166,slow,87.81,1,balanced,0.31,lower_mid_tier,0.31,lower_mid_tier,5,4,0,-3.0,frail,weak_slow,frail-weak_slow,0.4,9.0,56.25,very_heavy,0,0.125,normal,63.0,96,45,70,20,ground,medium-slow,upright,green,Spiny Nut Pokémon,"The quills on its head are usually soft. When it flexes them, the points become so hard and sharp that they can pierce rock.",chespin --> quilladin --> chesnaught,3,1,0,1.0,2.0,0.5,0.5,0.5,2.0,1.0,2.0,0.5,2.0,1.0,2.0,1.0,1.0,1.0,1.0,1.0,1.0
651,quilladin,quilladin,6,grass,,1,overgrow,bulletproof,61,0.15,78,0.19,95,0.23,56,0.14,58,0.14,57,0.14,405,defense,134,214,slow,206.92,3,slightly_specialized,0.43,mid_tier,0.43,mid_tier,5,4,0,-3.0,frail,balanced,frail-balanced,0.7,29.0,59.18,very_heavy,0,0.125,normal,142.0,97,45,70,20,ground,medium-slow,upright,green,Spiny Armor Pokémon,It relies on its sturdy shell to deflect predators’ attacks. It counterattacks with its sharp quills.,chespin --> quilladin --> chesnaught,3,2,0,1.0,2.0,0.5,0.5,0.5,2.0,1.0,2.0,0.5,2.0,1.0,2.0,1.0,1.0,1.0,1.0,1.0,1.0
652,chesnaught,chesnaught,6,grass,fighting,2,overgrow,bulletproof,88,0.17,107,0.2,122,0.23,74,0.14,75,0.14,64,0.12,530,defense,181,285,average,409.56,4,slightly_specialized,0.81,top_tier,0.81,top_tier,6,6,0,-3.0,frail,bulky_attacker,frail-bulky_attacker,1.6,90.0,35.16,heavy,0,0.125,normal,239.0,117,45,70,20,ground,medium-slow,upright,green,Spiny Armor Pokémon,Its Tackle is forceful enough to flip a 50-ton tank. It shields its allies from danger with its own body.,chespin --> quilladin --> chesnaught,3,3,1,1.0,2.0,0.5,0.5,0.5,2.0,1.0,2.0,0.5,4.0,2.0,1.0,0.5,1.0,1.0,0.5,1.0,2.0
652,chesnaught,chesnaught-mega,6,grass,fighting,2,,,88,0.14,137,0.22,172,0.27,74,0.12,115,0.18,44,0.07,630,defense,211,375,slow,1764.0,5,extreme,0.94,top_tier,0.94,top_tier,6,6,0,-3.0,frail,bulky_attacker,frail-bulky_attacker,1.6,90.0,35.16,heavy,0,0.125,normal,,0,45,70,20,ground,medium-slow,upright,green,Spiny Armor Pokémon,Its Tackle is forceful enough to flip a 50-ton tank. It shields its allies from danger with its own body.,chespin --> quilladin --> chesnaught,3,3,1,1.0,2.0,0.5,0.5,0.5,2.0,1.0,2.0,0.5,4.0,2.0,1.0,0.5,1.0,1.0,0.5,1.0,2.0
653,fennekin,fennekin,6,fire,,1,blaze,magician,40,0.13,45,0.15,40,0.13,62,0.2,60,0.2,60,0.2,307,sp_attack,107,140,average,93.47,1,balanced,0.3,lower_mid_tier,0.3,lower_mid_tier,3,6,0,0.0,neutral,fragile,neutral-fragile,0.4,9.4,58.75,very_heavy,0,0.125,normal,61.0,74,45,70,20,ground,medium-slow,quadruped,red,Fox Pokémon,"Eating a twig fills it with energy, and its roomy ears give vent to air hotter than 390 degrees Fahrenheit.",fennekin --> braixen --> delphox,3,1,0,1.0,0.5,2.0,1.0,0.5,0.5,1.0,1.0,2.0,1.0,1.0,0.5,2.0,1.0,1.0,1.0,0.5,0.5
654,braixen,braixen,6,fire,,1,blaze,magician,59,0.14,59,0.14,58,0.14,90,0.22,70,0.17,73,0.18,409,sp_attack,149,187,average,129.14,2,balanced,0.44,mid_tier,0.44,mid_tier,3,6,0,0.0,neutral,balanced,neutral-balanced,1.0,14.5,14.5,light,0,0.125,normal,143.0,85,45,70,20,ground,medium-slow,upright,red,Fox Pokémon,"It has a twig stuck in its tail. With friction from its tail fur, it sets the twig on fire and launches into battle.",fennekin --> braixen --> delphox,3,2,0,1.0,0.5,2.0,1.0,0.5,0.5,1.0,1.0,2.0,1.0,1.0,0.5,2.0,1.0,1.0,1.0,0.5,0.5
655,delphox,delphox,6,fire,psychic,2,blaze,magician,75,0.14,69,0.13,72,0.13,114,0.21,100,0.19,104,0.19,534,sp_attack,183,247,fast,309.33,3,slightly_specialized,0.83,top_tier,0.83,top_tier,5,7,0,-1.5,exposed,juggernaut,exposed-juggernaut,1.5,39.0,17.33,light,0,0.125,normal,240.0,106,45,70,20,ground,medium-slow,upright,red,Fox Pokémon,"It gazes into the flame at the tip of its branch to achieve a focused state, which allows it to see into the future.",fennekin --> braixen --> delphox,3,3,1,1.0,0.5,2.0,1.0,0.5,0.5,0.5,1.0,2.0,1.0,0.5,1.0,2.0,2.0,1.0,2.0,0.5,0.5
655,delphox,delphox-mega,6,fire,psychic,2,,,75,0.12,69,0.11,72,0.11,159,0.25,125,0.2,134,0.21,634,sp_attack,228,272,fast,1239.89,5,highly_specialized,0.95,top_tier,0.95,top_tier,5,7,0,-1.5,exposed,juggernaut,exposed-juggernaut,1.5,39.0,17.33,light,0,0.125,normal,,0,45,70,20,ground,medium-slow,upright,red,Fox Pokémon,"It gazes into the flame at the tip of its branch to achieve a focused state, which allows it to see into the future.",fennekin --> braixen --> delphox,3,3,1,1.0,0.5,2.0,1.0,0.5,0.5,0.5,1.0,2.0,1.0,0.5,1.0,2.0,2.0,1.0,2.0,0.5,0.5
656,froakie,froakie,6,water,,1,torrent,protean,41,0.13,56,0.18,40,0.13,62,0.2,44,0.14,71,0.23,314,speed,118,125,average,134.22,2,balanced,0.31,lower_mid_tier,0.31,lower_mid_tier,2,4,0,0.0,neutral,midrange,neutral-midrange,0.3,7.0,77.78,very_heavy,0,0.125,normal,63.0,77,45,70,20,water1,medium-slow,quadruped,blue,Bubble Frog Pokémon,It secretes flexible bubbles from its chest and back. The bubbles reduce the damage it would otherwise take when attacked.,froakie --> frogadier --> greninja,3,1,0,1.0,0.5,0.5,2.0,2.0,0.5,1.0,1.0,1.0,1.0,1.0,1.0,1.0,1.0,1.0,1.0,0.5,1.0
657,frogadier,frogadier,6,water,,1,torrent,protean,54,0.13,63,0.16,52,0.13,83,0.2,56,0.14,97,0.24,405,speed,146,162,average,280.92,3,slightly_specialized,0.43,mid_tier,0.43,mid_tier,2,4,0,0.0,neutral,midrange,neutral-midrange,0.6,10.9,30.28,heavy,0,0.125,normal,142.0,77,45,70,20,water1,medium-slow,humanoid,blue,Bubble Frog Pokémon,"It can throw bubble-covered pebbles with precise control, hitting empty cans up to a hundred feet away.",froakie --> frogadier --> greninja,3,2,0,1.0,0.5,0.5,2.0,2.0,0.5,1.0,1.0,1.0,1.0,1.0,1.0,1.0,1.0,1.0,1.0,0.5,1.0
658,greninja,greninja,6,water,dark,2,torrent,protean,72,0.14,95,0.18,67,0.13,103,0.19,71,0.13,122,0.23,530,speed,198,210,fast,402.56,4,slightly_specialized,0.81,top_tier,0.81,top_tier,5,6,1,-0.5,neutral,sweeper,neutral-sweeper,1.5,40.0,17.78,light,0,0.125,normal,239.0,93,45,70,20,water1,medium-slow,humanoid,blue,Ninja Pokémon,"It creates throwing stars out of compressed water. When it spins them and throws them at high speed, these stars can split metal in two.",froakie --> frogadier --> greninja,3,3,1,1.0,0.5,0.5,2.0,2.0,0.5,2.0,1.0,1.0,1.0,0.0,2.0,1.0,0.5,1.0,0.5,0.5,2.0
658,greninja,greninja-battle-bond,6,water,dark,2,battle-bond,,72,0.14,95,0.18,67,0.13,103,0.19,71,0.13,122,0.23,530,speed,198,210,fast,402.56,4,slightly_specialized,0.81,top_tier,0.81,top_tier,5,6,1,-0.5,neutral,sweeper,neutral-sweeper,1.5,40.0,17.78,light,0,0.125,normal,239.0,63,45,70,20,water1,medium-slow,humanoid,blue,Ninja Pokémon,"It creates throwing stars out of compressed water. When it spins them and throws them at high speed, these stars can split metal in two.",froakie --> frogadier --> greninja,3,3,1,1.0,0.5,0.5,2.0,2.0,0.5,2.0,1.0,1.0,1.0,0.0,2.0,1.0,0.5,1.0,0.5,0.5,2.0
658,greninja,greninja-ash,6,water,dark,2,battle-bond,,72,0.11,145,0.23,67,0.1,153,0.24,71,0.11,132,0.21,640,sp_attack,298,210,fast,1384.22,5,highly_specialized,0.96,top_tier,0.96,top_tier,5,6,1,-0.5,neutral,sweeper,neutral-sweeper,1.5,40.0,17.78,light,0,0.125,normal,288.0,81,45,70,20,water1,medium-slow,humanoid,blue,Ninja Pokémon,"It creates throwing stars out of compressed water. When it spins them and throws them at high speed, these stars can split metal in two.",froakie --> frogadier --> greninja,3,3,1,1.0,0.5,0.5,2.0,2.0,0.5,2.0,1.0,1.0,1.0,0.0,2.0,1.0,0.5,1.0,0.5,0.5,2.0
658,greninja,greninja-mega,6,water,dark,2,,,72,0.11,125,0.2,77,0.12,133,0.21,81,0.13,142,0.23,630,speed,258,230,fast,833.67,5,specialized,0.94,top_tier,0.94,top_tier,5,6,1,-0.5,neutral,juggernaut,neutral-juggernaut,1.5,40.0,17.78,light,0,0.125,normal,,0,45,70,20,water1,medium-slow,humanoid,blue,Ninja Pokémon,"It creates throwing stars out of compressed water. When it spins them and throws them at high speed, these stars can split metal in two.",froakie --> frogadier --> greninja,3,3,1,1.0,0.5,0.5,2.0,2.0,0.5,2.0,1.0,1.0,1.0,0.0,2.0,1.0,0.5,1.0,0.5,0.5,2.0
659,bunnelby,bunnelby,6,normal,,1,"pickup, cheek-pouch",huge-power,38,0.16,36,0.15,38,0.16,32,0.14,36,0.15,57,0.24,237,speed,68,112,slow,65.25,1,balanced,0.22,lower_mid_tier,0.22,lower_mid_tier,1,0,1,0.5,solid,fragile,solid-fragile,0.4,5.0,31.25,heavy,0,0.5,normal,47.0,65,255,70,15,ground,medium,upright,brown,Digging Pokémon,They use their large ears to dig burrows. They will dig the whole night through.,bunnelby --> diggersby,2,1,0,1.0,1.0,1.0,1.0,1.0,1.0,2.0,1.0,1.0,1.0,1.0,1.0,1.0,0.0,1.0,1.0,1.0,1.0
660,diggersby,diggersby,6,normal,ground,2,"pickup, cheek-pouch",huge-power,85,0.2,56,0.13,77,0.18,50,0.12,77,0.18,78,0.18,423,hp,106,239,average,163.58,2,balanced,0.56,mid_tier,0.56,mid_tier,4,2,2,0.0,neutral,support,neutral-support,1.0,42.4,42.4,heavy,0,0.5,normal,148.0,88,127,70,15,ground,medium,upright,brown,Digging Pokémon,"With their powerful ears, they can heft boulders of a ton or more with ease. They can be a big help at construction sites.",bunnelby --> diggersby,2,2,1,1.0,1.0,2.0,0.0,2.0,2.0,2.0,0.5,1.0,1.0,1.0,1.0,0.5,0.0,1.0,1.0,1.0,1.0
661,fletchling,fletchling,6,normal,flying,2,big-pecks,gale-wings,45,0.16,50,0.18,43,0.15,40,0.14,38,0.14,62,0.22,278,speed,90,126,average,63.56,1,balanced,0.23,lower_mid_tier,0.23,lower_mid_tier,3,2,2,1.0,solid,fragile,solid-fragile,0.3,1.7,18.89,light,0,0.5,normal,56.0,58,255,70,15,flying,medium-slow,wings,red,Tiny Robin Pokémon,These friendly Pokémon send signals to one another with beautiful chirps and tail-feather movements.,fletchling --> fletchinder --> talonflame,3,1,0,1.0,1.0,1.0,2.0,0.5,2.0,1.0,1.0,0.0,1.0,1.0,0.5,2.0,0.0,1.0,1.0,1.0,1.0
662,fletchinder,fletchinder,6,fire,flying,2,flame-body,gale-wings,62,0.16,73,0.19,55,0.14,56,0.15,52,0.14,84,0.22,382,speed,129,169,average,128.89,2,balanced,0.43,mid_tier,0.43,mid_tier,3,6,1,1.5,iron,midrange,iron-midrange,0.7,16.0,32.65,heavy,0,0.5,normal,134.0,63,120,70,15,flying,medium-slow,wings,red,Ember Pokémon,"From its beak, it expels embers that set the tall grass on fire. Then it pounces on the bewildered prey that pop out of the grass.",fletchling --> fletchinder --> talonflame,3,2,0,1.0,0.5,2.0,2.0,0.25,1.0,0.5,1.0,0.0,1.0,1.0,0.25,4.0,1.0,1.0,1.0,0.5,0.5
663,talonflame,talonflame,6,fire,flying,2,flame-body,gale-wings,78,0.16,81,0.16,71,0.14,74,0.15,69,0.14,126,0.25,499,speed,155,218,fast,383.14,4,slightly_specialized,0.73,upper_mid_tier,0.73,upper_mid_tier,3,6,1,1.5,iron,midrange,iron-midrange,1.2,24.5,17.01,light,0,0.5,normal,175.0,69,45,70,15,flying,medium-slow,wings,red,Scorching Pokémon,"In the fever of an exciting battle, it showers embers from the gaps between its feathers and takes to the air.",fletchling --> fletchinder --> talonflame,3,3,1,1.0,0.5,2.0,2.0,0.25,1.0,0.5,1.0,0.0,1.0,1.0,0.25,4.0,1.0,1.0,1.0,0.5,0.5
664,scatterbug,scatterbug-icy-snow,6,bug,,1,"shield-dust, compound-eyes",friend-guard,38,0.19,35,0.18,40,0.2,27,0.14,25,0.12,35,0.18,200,defense,62,103,slow,30.22,1,balanced,0.06,bottom_tier,0.06,bottom_tier,3,3,0,-1.5,exposed,weak_slow,exposed-weak_slow,0.3,2.5,27.78,average,0,0.5,normal,40.0,9,255,70,15,bug,medium,armor,black,Scatterdust Pokémon,"When under attack from bird Pokémon, it spews a poisonous black powder that causes paralysis on contact.",scatterbug --> spewpa --> vivillon,3,1,0,1.0,2.0,1.0,1.0,0.5,1.0,0.5,1.0,0.5,2.0,1.0,1.0,2.0,1.0,1.0,1.0,1.0,1.0
664,scatterbug,scatterbug-polar,6,bug,,1,"shield-dust, compound-eyes",friend-guard,38,0.19,35,0.18,40,0.2,27,0.14,25,0.12,35,0.18,200,defense,62,103,slow,30.22,1,balanced,0.06,bottom_tier,0.06,bottom_tier,3,3,0,-1.5,exposed,weak_slow,exposed-weak_slow,0.3,2.5,27.78,average,0,0.5,normal,40.0,9,255,70,15,bug,medium,armor,black,Scatterdust Pokémon,"When under attack from bird Pokémon, it spews a poisonous black powder that causes paralysis on contact.",scatterbug --> spewpa --> vivillon,3,1,0,1.0,2.0,1.0,1.0,0.5,1.0,0.5,1.0,0.5,2.0,1.0,1.0,2.0,1.0,1.0,1.0,1.0,1.0
664,scatterbug,scatterbug-tundra,6,bug,,1,"shield-dust, compound-eyes",friend-guard,38,0.19,35,0.18,40,0.2,27,0.14,25,0.12,35,0.18,200,defense,62,103,slow,30.22,1,balanced,0.06,bottom_tier,0.06,bottom_tier,3,3,0,-1.5,exposed,weak_slow,exposed-weak_slow,0.3,2.5,27.78,average,0,0.5,normal,40.0,9,255,70,15,bug,medium,armor,black,Scatterdust Pokémon,"When under attack from bird Pokémon, it spews a poisonous black powder that causes paralysis on contact.",scatterbug --> spewpa --> vivillon,3,1,0,1.0,2.0,1.0,1.0,0.5,1.0,0.5,1.0,0.5,2.0,1.0,1.0,2.0,1.0,1.0,1.0,1.0,1.0
664,scatterbug,scatterbug-continental,6,bug,,1,"shield-dust, compound-eyes",friend-guard,38,0.19,35,0.18,40,0.2,27,0.14,25,0.12,35,0.18,200,defense,62,103,slow,30.22,1,balanced,0.06,bottom_tier,0.06,bottom_tier,3,3,0,-1.5,exposed,weak_slow,exposed-weak_slow,0.3,2.5,27.78,average,0,0.5,normal,40.0,9,255,70,15,bug,medium,armor,black,Scatterdust Pokémon,"When under attack from bird Pokémon, it spews a poisonous black powder that causes paralysis on contact.",scatterbug --> spewpa --> vivillon,3,1,0,1.0,2.0,1.0,1.0,0.5,1.0,0.5,1.0,0.5,2.0,1.0,1.0,2.0,1.0,1.0,1.0,1.0,1.0
664,scatterbug,scatterbug-garden,6,bug,,1,"shield-dust, compound-eyes",friend-guard,38,0.19,35,0.18,40,0.2,27,0.14,25,0.12,35,0.18,200,defense,62,103,slow,30.22,1,balanced,0.06,bottom_tier,0.06,bottom_tier,3,3,0,-1.5,exposed,weak_slow,exposed-weak_slow,0.3,2.5,27.78,average,0,0.5,normal,40.0,9,255,70,15,bug,medium,armor,black,Scatterdust Pokémon,"When under attack from bird Pokémon, it spews a poisonous black powder that causes paralysis on contact.",scatterbug --> spewpa --> vivillon,3,1,0,1.0,2.0,1.0,1.0,0.5,1.0,0.5,1.0,0.5,2.0,1.0,1.0,2.0,1.0,1.0,1.0,1.0,1.0
664,scatterbug,scatterbug-elegant,6,bug,,1,"shield-dust, compound-eyes",friend-guard,38,0.19,35,0.18,40,0.2,27,0.14,25,0.12,35,0.18,200,defense,62,103,slow,30.22,1,balanced,0.06,bottom_tier,0.06,bottom_tier,3,3,0,-1.5,exposed,weak_slow,exposed-weak_slow,0.3,2.5,27.78,average,0,0.5,normal,40.0,9,255,70,15,bug,medium,armor,black,Scatterdust Pokémon,"When under attack from bird Pokémon, it spews a poisonous black powder that causes paralysis on contact.",scatterbug --> spewpa --> vivillon,3,1,0,1.0,2.0,1.0,1.0,0.5,1.0,0.5,1.0,0.5,2.0,1.0,1.0,2.0,1.0,1.0,1.0,1.0,1.0
664,scatterbug,scatterbug-meadow,6,bug,,1,"shield-dust, compound-eyes",friend-guard,38,0.19,35,0.18,40,0.2,27,0.14,25,0.12,35,0.18,200,defense,62,103,slow,30.22,1,balanced,0.06,bottom_tier,0.06,bottom_tier,3,3,0,-1.5,exposed,weak_slow,exposed-weak_slow,0.3,2.5,27.78,average,0,0.5,normal,40.0,9,255,70,15,bug,medium,armor,black,Scatterdust Pokémon,"When under attack from bird Pokémon, it spews a poisonous black powder that causes paralysis on contact.",scatterbug --> spewpa --> vivillon,3,1,0,1.0,2.0,1.0,1.0,0.5,1.0,0.5,1.0,0.5,2.0,1.0,1.0,2.0,1.0,1.0,1.0,1.0,1.0
664,scatterbug,scatterbug-modern,6,bug,,1,"shield-dust, compound-eyes",friend-guard,38,0.19,35,0.18,40,0.2,27,0.14,25,0.12,35,0.18,200,defense,62,103,slow,30.22,1,balanced,0.06,bottom_tier,0.06,bottom_tier,3,3,0,-1.5,exposed,weak_slow,exposed-weak_slow,0.3,2.5,27.78,average,0,0.5,normal,40.0,9,255,70,15,bug,medium,armor,black,Scatterdust Pokémon,"When under attack from bird Pokémon, it spews a poisonous black powder that causes paralysis on contact.",scatterbug --> spewpa --> vivillon,3,1,0,1.0,2.0,1.0,1.0,0.5,1.0,0.5,1.0,0.5,2.0,1.0,1.0,2.0,1.0,1.0,1.0,1.0,1.0
664,scatterbug,scatterbug-marine,6,bug,,1,"shield-dust, compound-eyes",friend-guard,38,0.19,35,0.18,40,0.2,27,0.14,25,0.12,35,0.18,200,defense,62,103,slow,30.22,1,balanced,0.06,bottom_tier,0.06,bottom_tier,3,3,0,-1.5,exposed,weak_slow,exposed-weak_slow,0.3,2.5,27.78,average,0,0.5,normal,40.0,9,255,70,15,bug,medium,armor,black,Scatterdust Pokémon,"When under attack from bird Pokémon, it spews a poisonous black powder that causes paralysis on contact.",scatterbug --> spewpa --> vivillon,3,1,0,1.0,2.0,1.0,1.0,0.5,1.0,0.5,1.0,0.5,2.0,1.0,1.0,2.0,1.0,1.0,1.0,1.0,1.0
664,scatterbug,scatterbug-archipelago,6,bug,,1,"shield-dust, compound-eyes",friend-guard,38,0.19,35,0.18,40,0.2,27,0.14,25,0.12,35,0.18,200,defense,62,103,slow,30.22,1,balanced,0.06,bottom_tier,0.06,bottom_tier,3,3,0,-1.5,exposed,weak_slow,exposed-weak_slow,0.3,2.5,27.78,average,0,0.5,normal,40.0,9,255,70,15,bug,medium,armor,black,Scatterdust Pokémon,"When under attack from bird Pokémon, it spews a poisonous black powder that causes paralysis on contact.",scatterbug --> spewpa --> vivillon,3,1,0,1.0,2.0,1.0,1.0,0.5,1.0,0.5,1.0,0.5,2.0,1.0,1.0,2.0,1.0,1.0,1.0,1.0,1.0
664,scatterbug,scatterbug-high-plains,6,bug,,1,"shield-dust, compound-eyes",friend-guard,38,0.19,35,0.18,40,0.2,27,0.14,25,0.12,35,0.18,200,defense,62,103,slow,30.22,1,balanced,0.06,bottom_tier,0.06,bottom_tier,3,3,0,-1.5,exposed,weak_slow,exposed-weak_slow,0.3,2.5,27.78,average,0,0.5,normal,40.0,9,255,70,15,bug,medium,armor,black,Scatterdust Pokémon,"When under attack from bird Pokémon, it spews a poisonous black powder that causes paralysis on contact.",scatterbug --> spewpa --> vivillon,3,1,0,1.0,2.0,1.0,1.0,0.5,1.0,0.5,1.0,0.5,2.0,1.0,1.0,2.0,1.0,1.0,1.0,1.0,1.0
664,scatterbug,scatterbug-sandstorm,6,bug,,1,"shield-dust, compound-eyes",friend-guard,38,0.19,35,0.18,40,0.2,27,0.14,25,0.12,35,0.18,200,defense,62,103,slow,30.22,1,balanced,0.06,bottom_tier,0.06,bottom_tier,3,3,0,-1.5,exposed,weak_slow,exposed-weak_slow,0.3,2.5,27.78,average,0,0.5,normal,40.0,9,255,70,15,bug,medium,armor,black,Scatterdust Pokémon,"When under attack from bird Pokémon, it spews a poisonous black powder that causes paralysis on contact.",scatterbug --> spewpa --> vivillon,3,1,0,1.0,2.0,1.0,1.0,0.5,1.0,0.5,1.0,0.5,2.0,1.0,1.0,2.0,1.0,1.0,1.0,1.0,1.0
664,scatterbug,scatterbug-river,6,bug,,1,"shield-dust, compound-eyes",friend-guard,38,0.19,35,0.18,40,0.2,27,0.14,25,0.12,35,0.18,200,defense,62,103,slow,30.22,1,balanced,0.06,bottom_tier,0.06,bottom_tier,3,3,0,-1.5,exposed,weak_slow,exposed-weak_slow,0.3,2.5,27.78,average,0,0.5,normal,40.0,9,255,70,15,bug,medium,armor,black,Scatterdust Pokémon,"When under attack from bird Pokémon, it spews a poisonous black powder that causes paralysis on contact.",scatterbug --> spewpa --> vivillon,3,1,0,1.0,2.0,1.0,1.0,0.5,1.0,0.5,1.0,0.5,2.0,1.0,1.0,2.0,1.0,1.0,1.0,1.0,1.0
664,scatterbug,scatterbug-monsoon,6,bug,,1,"shield-dust, compound-eyes",friend-guard,38,0.19,35,0.18,40,0.2,27,0.14,25,0.12,35,0.18,200,defense,62,103,slow,30.22,1,balanced,0.06,bottom_tier,0.06,bottom_tier,3,3,0,-1.5,exposed,weak_slow,exposed-weak_slow,0.3,2.5,27.78,average,0,0.5,normal,40.0,9,255,70,15,bug,medium,armor,black,Scatterdust Pokémon,"When under attack from bird Pokémon, it spews a poisonous black powder that causes paralysis on contact.",scatterbug --> spewpa --> vivillon,3,1,0,1.0,2.0,1.0,1.0,0.5,1.0,0.5,1.0,0.5,2.0,1.0,1.0,2.0,1.0,1.0,1.0,1.0,1.0
664,scatterbug,scatterbug-savanna,6,bug,,1,"shield-dust, compound-eyes",friend-guard,38,0.19,35,0.18,40,0.2,27,0.14,25,0.12,35,0.18,200,defense,62,103,slow,30.22,1,balanced,0.06,bottom_tier,0.06,bottom_tier,3,3,0,-1.5,exposed,weak_slow,exposed-weak_slow,0.3,2.5,27.78,average,0,0.5,normal,40.0,9,255,70,15,bug,medium,armor,black,Scatterdust Pokémon,"When under attack from bird Pokémon, it spews a poisonous black powder that causes paralysis on contact.",scatterbug --> spewpa --> vivillon,3,1,0,1.0,2.0,1.0,1.0,0.5,1.0,0.5,1.0,0.5,2.0,1.0,1.0,2.0,1.0,1.0,1.0,1.0,1.0
664,scatterbug,scatterbug-sun,6,bug,,1,"shield-dust, compound-eyes",friend-guard,38,0.19,35,0.18,40,0.2,27,0.14,25,0.12,35,0.18,200,defense,62,103,slow,30.22,1,balanced,0.06,bottom_tier,0.06,bottom_tier,3,3,0,-1.5,exposed,weak_slow,exposed-weak_slow,0.3,2.5,27.78,average,0,0.5,normal,40.0,9,255,70,15,bug,medium,armor,black,Scatterdust Pokémon,"When under attack from bird Pokémon, it spews a poisonous black powder that causes paralysis on contact.",scatterbug --> spewpa --> vivillon,3,1,0,1.0,2.0,1.0,1.0,0.5,1.0,0.5,1.0,0.5,2.0,1.0,1.0,2.0,1.0,1.0,1.0,1.0,1.0
664,scatterbug,scatterbug-ocean,6,bug,,1,"shield-dust, compound-eyes",friend-guard,38,0.19,35,0.18,40,0.2,27,0.14,25,0.12,35,0.18,200,defense,62,103,slow,30.22,1,balanced,0.06,bottom_tier,0.06,bottom_tier,3,3,0,-1.5,exposed,weak_slow,exposed-weak_slow,0.3,2.5,27.78,average,0,0.5,normal,40.0,9,255,70,15,bug,medium,armor,black,Scatterdust Pokémon,"When under attack from bird Pokémon, it spews a poisonous black powder that causes paralysis on contact.",scatterbug --> spewpa --> vivillon,3,1,0,1.0,2.0,1.0,1.0,0.5,1.0,0.5,1.0,0.5,2.0,1.0,1.0,2.0,1.0,1.0,1.0,1.0,1.0
664,scatterbug,scatterbug-jungle,6,bug,,1,"shield-dust, compound-eyes",friend-guard,38,0.19,35,0.18,40,0.2,27,0.14,25,0.12,35,0.18,200,defense,62,103,slow,30.22,1,balanced,0.06,bottom_tier,0.06,bottom_tier,3,3,0,-1.5,exposed,weak_slow,exposed-weak_slow,0.3,2.5,27.78,average,0,0.5,normal,40.0,9,255,70,15,bug,medium,armor,black,Scatterdust Pokémon,"When under attack from bird Pokémon, it spews a poisonous black powder that causes paralysis on contact.",scatterbug --> spewpa --> vivillon,3,1,0,1.0,2.0,1.0,1.0,0.5,1.0,0.5,1.0,0.5,2.0,1.0,1.0,2.0,1.0,1.0,1.0,1.0,1.0
664,scatterbug,scatterbug-fancy,6,bug,,1,"shield-dust, compound-eyes",friend-guard,38,0.19,35,0.18,40,0.2,27,0.14,25,0.12,35,0.18,200,defense,62,103,slow,30.22,1,balanced,0.06,bottom_tier,0.06,bottom_tier,3,3,0,-1.5,exposed,weak_slow,exposed-weak_slow,0.3,2.5,27.78,average,0,0.5,normal,40.0,9,255,70,15,bug,medium,armor,black,Scatterdust Pokémon,"When under attack from bird Pokémon, it spews a poisonous black powder that causes paralysis on contact.",scatterbug --> spewpa --> vivillon,3,1,0,1.0,2.0,1.0,1.0,0.5,1.0,0.5,1.0,0.5,2.0,1.0,1.0,2.0,1.0,1.0,1.0,1.0,1.0
664,scatterbug,scatterbug-poke-ball,6,bug,,1,"shield-dust, compound-eyes",friend-guard,38,0.19,35,0.18,40,0.2,27,0.14,25,0.12,35,0.18,200,defense,62,103,slow,30.22,1,balanced,0.06,bottom_tier,0.06,bottom_tier,3,3,0,-1.5,exposed,weak_slow,exposed-weak_slow,0.3,2.5,27.78,average,0,0.5,normal,40.0,9,255,70,15,bug,medium,armor,black,Scatterdust Pokémon,"When under attack from bird Pokémon, it spews a poisonous black powder that causes paralysis on contact.",scatterbug --> spewpa --> vivillon,3,1,0,1.0,2.0,1.0,1.0,0.5,1.0,0.5,1.0,0.5,2.0,1.0,1.0,2.0,1.0,1.0,1.0,1.0,1.0
665,spewpa,spewpa-icy-snow,6,bug,,1,shed-skin,friend-guard,45,0.21,22,0.1,60,0.28,27,0.13,30,0.14,29,0.14,213,defense,49,135,slow,169.58,2,balanced,0.17,bottom_tier,0.17,bottom_tier,3,3,0,-1.5,exposed,weak_slow,exposed-weak_slow,0.3,8.4,93.33,very_heavy,0,0.5,normal,75.0,8,120,70,15,bug,medium,blob,black,Scatterdust Pokémon,"It lives hidden within thicket shadows. When predators attack, it quickly bristles the fur covering its body in an effort to threaten them.",scatterbug --> spewpa --> vivillon,3,2,0,1.0,2.0,1.0,1.0,0.5,1.0,0.5,1.0,0.5,2.0,1.0,1.0,2.0,1.0,1.0,1.0,1.0,1.0
665,spewpa,spewpa-polar,6,bug,,1,shed-skin,friend-guard,45,0.21,22,0.1,60,0.28,27,0.13,30,0.14,29,0.14,213,defense,49,135,slow,169.58,2,balanced,0.17,bottom_tier,0.17,bottom_tier,3,3,0,-1.5,exposed,weak_slow,exposed-weak_slow,0.3,8.4,93.33,very_heavy,0,0.5,normal,75.0,8,120,70,15,bug,medium,blob,black,Scatterdust Pokémon,"It lives hidden within thicket shadows. When predators attack, it quickly bristles the fur covering its body in an effort to threaten them.",scatterbug --> spewpa --> vivillon,3,2,0,1.0,2.0,1.0,1.0,0.5,1.0,0.5,1.0,0.5,2.0,1.0,1.0,2.0,1.0,1.0,1.0,1.0,1.0
665,spewpa,spewpa-tundra,6,bug,,1,shed-skin,friend-guard,45,0.21,22,0.1,60,0.28,27,0.13,30,0.14,29,0.14,213,defense,49,135,slow,169.58,2,balanced,0.17,bottom_tier,0.17,bottom_tier,3,3,0,-1.5,exposed,weak_slow,exposed-weak_slow,0.3,8.4,93.33,very_heavy,0,0.5,normal,75.0,8,120,70,15,bug,medium,blob,black,Scatterdust Pokémon,"It lives hidden within thicket shadows. When predators attack, it quickly bristles the fur covering its body in an effort to threaten them.",scatterbug --> spewpa --> vivillon,3,2,0,1.0,2.0,1.0,1.0,0.5,1.0,0.5,1.0,0.5,2.0,1.0,1.0,2.0,1.0,1.0,1.0,1.0,1.0
665,spewpa,spewpa-continental,6,bug,,1,shed-skin,friend-guard,45,0.21,22,0.1,60,0.28,27,0.13,30,0.14,29,0.14,213,defense,49,135,slow,169.58,2,balanced,0.17,bottom_tier,0.17,bottom_tier,3,3,0,-1.5,exposed,weak_slow,exposed-weak_slow,0.3,8.4,93.33,very_heavy,0,0.5,normal,75.0,8,120,70,15,bug,medium,blob,black,Scatterdust Pokémon,"It lives hidden within thicket shadows. When predators attack, it quickly bristles the fur covering its body in an effort to threaten them.",scatterbug --> spewpa --> vivillon,3,2,0,1.0,2.0,1.0,1.0,0.5,1.0,0.5,1.0,0.5,2.0,1.0,1.0,2.0,1.0,1.0,1.0,1.0,1.0
665,spewpa,spewpa-garden,6,bug,,1,shed-skin,friend-guard,45,0.21,22,0.1,60,0.28,27,0.13,30,0.14,29,0.14,213,defense,49,135,slow,169.58,2,balanced,0.17,bottom_tier,0.17,bottom_tier,3,3,0,-1.5,exposed,weak_slow,exposed-weak_slow,0.3,8.4,93.33,very_heavy,0,0.5,normal,75.0,8,120,70,15,bug,medium,blob,black,Scatterdust Pokémon,"It lives hidden within thicket shadows. When predators attack, it quickly bristles the fur covering its body in an effort to threaten them.",scatterbug --> spewpa --> vivillon,3,2,0,1.0,2.0,1.0,1.0,0.5,1.0,0.5,1.0,0.5,2.0,1.0,1.0,2.0,1.0,1.0,1.0,1.0,1.0
665,spewpa,spewpa-elegant,6,bug,,1,shed-skin,friend-guard,45,0.21,22,0.1,60,0.28,27,0.13,30,0.14,29,0.14,213,defense,49,135,slow,169.58,2,balanced,0.17,bottom_tier,0.17,bottom_tier,3,3,0,-1.5,exposed,weak_slow,exposed-weak_slow,0.3,8.4,93.33,very_heavy,0,0.5,normal,75.0,8,120,70,15,bug,medium,blob,black,Scatterdust Pokémon,"It lives hidden within thicket shadows. When predators attack, it quickly bristles the fur covering its body in an effort to threaten them.",scatterbug --> spewpa --> vivillon,3,2,0,1.0,2.0,1.0,1.0,0.5,1.0,0.5,1.0,0.5,2.0,1.0,1.0,2.0,1.0,1.0,1.0,1.0,1.0
665,spewpa,spewpa-meadow,6,bug,,1,shed-skin,friend-guard,45,0.21,22,0.1,60,0.28,27,0.13,30,0.14,29,0.14,213,defense,49,135,slow,169.58,2,balanced,0.17,bottom_tier,0.17,bottom_tier,3,3,0,-1.5,exposed,weak_slow,exposed-weak_slow,0.3,8.4,93.33,very_heavy,0,0.5,normal,75.0,8,120,70,15,bug,medium,blob,black,Scatterdust Pokémon,"It lives hidden within thicket shadows. When predators attack, it quickly bristles the fur covering its body in an effort to threaten them.",scatterbug --> spewpa --> vivillon,3,2,0,1.0,2.0,1.0,1.0,0.5,1.0,0.5,1.0,0.5,2.0,1.0,1.0,2.0,1.0,1.0,1.0,1.0,1.0
665,spewpa,spewpa-modern,6,bug,,1,shed-skin,friend-guard,45,0.21,22,0.1,60,0.28,27,0.13,30,0.14,29,0.14,213,defense,49,135,slow,169.58,2,balanced,0.17,bottom_tier,0.17,bottom_tier,3,3,0,-1.5,exposed,weak_slow,exposed-weak_slow,0.3,8.4,93.33,very_heavy,0,0.5,normal,75.0,8,120,70,15,bug,medium,blob,black,Scatterdust Pokémon,"It lives hidden within thicket shadows. When predators attack, it quickly bristles the fur covering its body in an effort to threaten them.",scatterbug --> spewpa --> vivillon,3,2,0,1.0,2.0,1.0,1.0,0.5,1.0,0.5,1.0,0.5,2.0,1.0,1.0,2.0,1.0,1.0,1.0,1.0,1.0
665,spewpa,spewpa-marine,6,bug,,1,shed-skin,friend-guard,45,0.21,22,0.1,60,0.28,27,0.13,30,0.14,29,0.14,213,defense,49,135,slow,169.58,2,balanced,0.17,bottom_tier,0.17,bottom_tier,3,3,0,-1.5,exposed,weak_slow,exposed-weak_slow,0.3,8.4,93.33,very_heavy,0,0.5,normal,75.0,8,120,70,15,bug,medium,blob,black,Scatterdust Pokémon,"It lives hidden within thicket shadows. When predators attack, it quickly bristles the fur covering its body in an effort to threaten them.",scatterbug --> spewpa --> vivillon,3,2,0,1.0,2.0,1.0,1.0,0.5,1.0,0.5,1.0,0.5,2.0,1.0,1.0,2.0,1.0,1.0,1.0,1.0,1.0
665,spewpa,spewpa-archipelago,6,bug,,1,shed-skin,friend-guard,45,0.21,22,0.1,60,0.28,27,0.13,30,0.14,29,0.14,213,defense,49,135,slow,169.58,2,balanced,0.17,bottom_tier,0.17,bottom_tier,3,3,0,-1.5,exposed,weak_slow,exposed-weak_slow,0.3,8.4,93.33,very_heavy,0,0.5,normal,75.0,8,120,70,15,bug,medium,blob,black,Scatterdust Pokémon,"It lives hidden within thicket shadows. When predators attack, it quickly bristles the fur covering its body in an effort to threaten them.",scatterbug --> spewpa --> vivillon,3,2,0,1.0,2.0,1.0,1.0,0.5,1.0,0.5,1.0,0.5,2.0,1.0,1.0,2.0,1.0,1.0,1.0,1.0,1.0
665,spewpa,spewpa-high-plains,6,bug,,1,shed-skin,friend-guard,45,0.21,22,0.1,60,0.28,27,0.13,30,0.14,29,0.14,213,defense,49,135,slow,169.58,2,balanced,0.17,bottom_tier,0.17,bottom_tier,3,3,0,-1.5,exposed,weak_slow,exposed-weak_slow,0.3,8.4,93.33,very_heavy,0,0.5,normal,75.0,8,120,70,15,bug,medium,blob,black,Scatterdust Pokémon,"It lives hidden within thicket shadows. When predators attack, it quickly bristles the fur covering its body in an effort to threaten them.",scatterbug --> spewpa --> vivillon,3,2,0,1.0,2.0,1.0,1.0,0.5,1.0,0.5,1.0,0.5,2.0,1.0,1.0,2.0,1.0,1.0,1.0,1.0,1.0
665,spewpa,spewpa-sandstorm,6,bug,,1,shed-skin,friend-guard,45,0.21,22,0.1,60,0.28,27,0.13,30,0.14,29,0.14,213,defense,49,135,slow,169.58,2,balanced,0.17,bottom_tier,0.17,bottom_tier,3,3,0,-1.5,exposed,weak_slow,exposed-weak_slow,0.3,8.4,93.33,very_heavy,0,0.5,normal,75.0,8,120,70,15,bug,medium,blob,black,Scatterdust Pokémon,"It lives hidden within thicket shadows. When predators attack, it quickly bristles the fur covering its body in an effort to threaten them.",scatterbug --> spewpa --> vivillon,3,2,0,1.0,2.0,1.0,1.0,0.5,1.0,0.5,1.0,0.5,2.0,1.0,1.0,2.0,1.0,1.0,1.0,1.0,1.0
665,spewpa,spewpa-river,6,bug,,1,shed-skin,friend-guard,45,0.21,22,0.1,60,0.28,27,0.13,30,0.14,29,0.14,213,defense,49,135,slow,169.58,2,balanced,0.17,bottom_tier,0.17,bottom_tier,3,3,0,-1.5,exposed,weak_slow,exposed-weak_slow,0.3,8.4,93.33,very_heavy,0,0.5,normal,75.0,8,120,70,15,bug,medium,blob,black,Scatterdust Pokémon,"It lives hidden within thicket shadows. When predators attack, it quickly bristles the fur covering its body in an effort to threaten them.",scatterbug --> spewpa --> vivillon,3,2,0,1.0,2.0,1.0,1.0,0.5,1.0,0.5,1.0,0.5,2.0,1.0,1.0,2.0,1.0,1.0,1.0,1.0,1.0
665,spewpa,spewpa-monsoon,6,bug,,1,shed-skin,friend-guard,45,0.21,22,0.1,60,0.28,27,0.13,30,0.14,29,0.14,213,defense,49,135,slow,169.58,2,balanced,0.17,bottom_tier,0.17,bottom_tier,3,3,0,-1.5,exposed,weak_slow,exposed-weak_slow,0.3,8.4,93.33,very_heavy,0,0.5,normal,75.0,8,120,70,15,bug,medium,blob,black,Scatterdust Pokémon,"It lives hidden within thicket shadows. When predators attack, it quickly bristles the fur covering its body in an effort to threaten them.",scatterbug --> spewpa --> vivillon,3,2,0,1.0,2.0,1.0,1.0,0.5,1.0,0.5,1.0,0.5,2.0,1.0,1.0,2.0,1.0,1.0,1.0,1.0,1.0
665,spewpa,spewpa-savanna,6,bug,,1,shed-skin,friend-guard,45,0.21,22,0.1,60,0.28,27,0.13,30,0.14,29,0.14,213,defense,49,135,slow,169.58,2,balanced,0.17,bottom_tier,0.17,bottom_tier,3,3,0,-1.5,exposed,weak_slow,exposed-weak_slow,0.3,8.4,93.33,very_heavy,0,0.5,normal,75.0,8,120,70,15,bug,medium,blob,black,Scatterdust Pokémon,"It lives hidden within thicket shadows. When predators attack, it quickly bristles the fur covering its body in an effort to threaten them.",scatterbug --> spewpa --> vivillon,3,2,0,1.0,2.0,1.0,1.0,0.5,1.0,0.5,1.0,0.5,2.0,1.0,1.0,2.0,1.0,1.0,1.0,1.0,1.0
665,spewpa,spewpa-sun,6,bug,,1,shed-skin,friend-guard,45,0.21,22,0.1,60,0.28,27,0.13,30,0.14,29,0.14,213,defense,49,135,slow,169.58,2,balanced,0.17,bottom_tier,0.17,bottom_tier,3,3,0,-1.5,exposed,weak_slow,exposed-weak_slow,0.3,8.4,93.33,very_heavy,0,0.5,normal,75.0,8,120,70,15,bug,medium,blob,black,Scatterdust Pokémon,"It lives hidden within thicket shadows. When predators attack, it quickly bristles the fur covering its body in an effort to threaten them.",scatterbug --> spewpa --> vivillon,3,2,0,1.0,2.0,1.0,1.0,0.5,1.0,0.5,1.0,0.5,2.0,1.0,1.0,2.0,1.0,1.0,1.0,1.0,1.0
665,spewpa,spewpa-ocean,6,bug,,1,shed-skin,friend-guard,45,0.21,22,0.1,60,0.28,27,0.13,30,0.14,29,0.14,213,defense,49,135,slow,169.58,2,balanced,0.17,bottom_tier,0.17,bottom_tier,3,3,0,-1.5,exposed,weak_slow,exposed-weak_slow,0.3,8.4,93.33,very_heavy,0,0.5,normal,75.0,8,120,70,15,bug,medium,blob,black,Scatterdust Pokémon,"It lives hidden within thicket shadows. When predators attack, it quickly bristles the fur covering its body in an effort to threaten them.",scatterbug --> spewpa --> vivillon,3,2,0,1.0,2.0,1.0,1.0,0.5,1.0,0.5,1.0,0.5,2.0,1.0,1.0,2.0,1.0,1.0,1.0,1.0,1.0
665,spewpa,spewpa-jungle,6,bug,,1,shed-skin,friend-guard,45,0.21,22,0.1,60,0.28,27,0.13,30,0.14,29,0.14,213,defense,49,135,slow,169.58,2,balanced,0.17,bottom_tier,0.17,bottom_tier,3,3,0,-1.5,exposed,weak_slow,exposed-weak_slow,0.3,8.4,93.33,very_heavy,0,0.5,normal,75.0,8,120,70,15,bug,medium,blob,black,Scatterdust Pokémon,"It lives hidden within thicket shadows. When predators attack, it quickly bristles the fur covering its body in an effort to threaten them.",scatterbug --> spewpa --> vivillon,3,2,0,1.0,2.0,1.0,1.0,0.5,1.0,0.5,1.0,0.5,2.0,1.0,1.0,2.0,1.0,1.0,1.0,1.0,1.0
665,spewpa,spewpa-fancy,6,bug,,1,shed-skin,friend-guard,45,0.21,22,0.1,60,0.28,27,0.13,30,0.14,29,0.14,213,defense,49,135,slow,169.58,2,balanced,0.17,bottom_tier,0.17,bottom_tier,3,3,0,-1.5,exposed,weak_slow,exposed-weak_slow,0.3,8.4,93.33,very_heavy,0,0.5,normal,75.0,8,120,70,15,bug,medium,blob,black,Scatterdust Pokémon,"It lives hidden within thicket shadows. When predators attack, it quickly bristles the fur covering its body in an effort to threaten them.",scatterbug --> spewpa --> vivillon,3,2,0,1.0,2.0,1.0,1.0,0.5,1.0,0.5,1.0,0.5,2.0,1.0,1.0,2.0,1.0,1.0,1.0,1.0,1.0
665,spewpa,spewpa-poke-ball,6,bug,,1,shed-skin,friend-guard,45,0.21,22,0.1,60,0.28,27,0.13,30,0.14,29,0.14,213,defense,49,135,slow,169.58,2,balanced,0.17,bottom_tier,0.17,bottom_tier,3,3,0,-1.5,exposed,weak_slow,exposed-weak_slow,0.3,8.4,93.33,very_heavy,0,0.5,normal,75.0,8,120,70,15,bug,medium,blob,black,Scatterdust Pokémon,"It lives hidden within thicket shadows. When predators attack, it quickly bristles the fur covering its body in an effort to threaten them.",scatterbug --> spewpa --> vivillon,3,2,0,1.0,2.0,1.0,1.0,0.5,1.0,0.5,1.0,0.5,2.0,1.0,1.0,2.0,1.0,1.0,1.0,1.0,1.0
666,vivillon,vivillon-meadow,6,bug,flying,2,"shield-dust, compound-eyes",friend-guard,80,0.19,52,0.13,50,0.12,90,0.22,50,0.12,89,0.22,411,sp_attack,142,180,average,328.58,3,slightly_specialized,0.5,mid_tier,0.5,mid_tier,5,3,1,-2.0,frail,midrange,frail-midrange,1.2,17.0,11.81,very_light,0,0.5,normal,185.0,67,45,70,15,bug,medium,bug-wings,white,Scale Pokémon,Vivillon with many different patterns are found all over the world. These patterns are affected by the climate of their habitat.,scatterbug --> spewpa --> vivillon,3,3,1,1.0,2.0,1.0,2.0,0.25,2.0,0.25,1.0,0.0,2.0,1.0,0.5,4.0,1.0,1.0,1.0,1.0,1.0
666,vivillon,vivillon-icy-snow,6,bug,flying,2,"shield-dust, compound-eyes",friend-guard,80,0.19,52,0.13,50,0.12,90,0.22,50,0.12,89,0.22,411,sp_attack,142,180,average,328.58,3,slightly_specialized,0.5,mid_tier,0.5,mid_tier,5,3,1,-2.0,frail,midrange,frail-midrange,1.2,17.0,11.81,very_light,0,0.5,normal,185.0,67,45,70,15,bug,medium,bug-wings,white,Scale Pokémon,Vivillon with many different patterns are found all over the world. These patterns are affected by the climate of their habitat.,scatterbug --> spewpa --> vivillon,3,3,1,1.0,2.0,1.0,2.0,0.25,2.0,0.25,1.0,0.0,2.0,1.0,0.5,4.0,1.0,1.0,1.0,1.0,1.0
666,vivillon,vivillon-polar,6,bug,flying,2,"shield-dust, compound-eyes",friend-guard,80,0.19,52,0.13,50,0.12,90,0.22,50,0.12,89,0.22,411,sp_attack,142,180,average,328.58,3,slightly_specialized,0.5,mid_tier,0.5,mid_tier,5,3,1,-2.0,frail,midrange,frail-midrange,1.2,17.0,11.81,very_light,0,0.5,normal,185.0,67,45,70,15,bug,medium,bug-wings,white,Scale Pokémon,Vivillon with many different patterns are found all over the world. These patterns are affected by the climate of their habitat.,scatterbug --> spewpa --> vivillon,3,3,1,1.0,2.0,1.0,2.0,0.25,2.0,0.25,1.0,0.0,2.0,1.0,0.5,4.0,1.0,1.0,1.0,1.0,1.0
666,vivillon,vivillon-tundra,6,bug,flying,2,"shield-dust, compound-eyes",friend-guard,80,0.19,52,0.13,50,0.12,90,0.22,50,0.12,89,0.22,411,sp_attack,142,180,average,328.58,3,slightly_specialized,0.5,mid_tier,0.5,mid_tier,5,3,1,-2.0,frail,midrange,frail-midrange,1.2,17.0,11.81,very_light,0,0.5,normal,185.0,67,45,70,15,bug,medium,bug-wings,white,Scale Pokémon,Vivillon with many different patterns are found all over the world. These patterns are affected by the climate of their habitat.,scatterbug --> spewpa --> vivillon,3,3,1,1.0,2.0,1.0,2.0,0.25,2.0,0.25,1.0,0.0,2.0,1.0,0.5,4.0,1.0,1.0,1.0,1.0,1.0
666,vivillon,vivillon-continental,6,bug,flying,2,"shield-dust, compound-eyes",friend-guard,80,0.19,52,0.13,50,0.12,90,0.22,50,0.12,89,0.22,411,sp_attack,142,180,average,328.58,3,slightly_specialized,0.5,mid_tier,0.5,mid_tier,5,3,1,-2.0,frail,midrange,frail-midrange,1.2,17.0,11.81,very_light,0,0.5,normal,185.0,67,45,70,15,bug,medium,bug-wings,white,Scale Pokémon,Vivillon with many different patterns are found all over the world. These patterns are affected by the climate of their habitat.,scatterbug --> spewpa --> vivillon,3,3,1,1.0,2.0,1.0,2.0,0.25,2.0,0.25,1.0,0.0,2.0,1.0,0.5,4.0,1.0,1.0,1.0,1.0,1.0
666,vivillon,vivillon-garden,6,bug,flying,2,"shield-dust, compound-eyes",friend-guard,80,0.19,52,0.13,50,0.12,90,0.22,50,0.12,89,0.22,411,sp_attack,142,180,average,328.58,3,slightly_specialized,0.5,mid_tier,0.5,mid_tier,5,3,1,-2.0,frail,midrange,frail-midrange,1.2,17.0,11.81,very_light,0,0.5,normal,185.0,67,45,70,15,bug,medium,bug-wings,white,Scale Pokémon,Vivillon with many different patterns are found all over the world. These patterns are affected by the climate of their habitat.,scatterbug --> spewpa --> vivillon,3,3,1,1.0,2.0,1.0,2.0,0.25,2.0,0.25,1.0,0.0,2.0,1.0,0.5,4.0,1.0,1.0,1.0,1.0,1.0
666,vivillon,vivillon-elegant,6,bug,flying,2,"shield-dust, compound-eyes",friend-guard,80,0.19,52,0.13,50,0.12,90,0.22,50,0.12,89,0.22,411,sp_attack,142,180,average,328.58,3,slightly_specialized,0.5,mid_tier,0.5,mid_tier,5,3,1,-2.0,frail,midrange,frail-midrange,1.2,17.0,11.81,very_light,0,0.5,normal,185.0,67,45,70,15,bug,medium,bug-wings,white,Scale Pokémon,Vivillon with many different patterns are found all over the world. These patterns are affected by the climate of their habitat.,scatterbug --> spewpa --> vivillon,3,3,1,1.0,2.0,1.0,2.0,0.25,2.0,0.25,1.0,0.0,2.0,1.0,0.5,4.0,1.0,1.0,1.0,1.0,1.0
666,vivillon,vivillon-modern,6,bug,flying,2,"shield-dust, compound-eyes",friend-guard,80,0.19,52,0.13,50,0.12,90,0.22,50,0.12,89,0.22,411,sp_attack,142,180,average,328.58,3,slightly_specialized,0.5,mid_tier,0.5,mid_tier,5,3,1,-2.0,frail,midrange,frail-midrange,1.2,17.0,11.81,very_light,0,0.5,normal,185.0,67,45,70,15,bug,medium,bug-wings,white,Scale Pokémon,Vivillon with many different patterns are found all over the world. These patterns are affected by the climate of their habitat.,scatterbug --> spewpa --> vivillon,3,3,1,1.0,2.0,1.0,2.0,0.25,2.0,0.25,1.0,0.0,2.0,1.0,0.5,4.0,1.0,1.0,1.0,1.0,1.0
666,vivillon,vivillon-marine,6,bug,flying,2,"shield-dust, compound-eyes",friend-guard,80,0.19,52,0.13,50,0.12,90,0.22,50,0.12,89,0.22,411,sp_attack,142,180,average,328.58,3,slightly_specialized,0.5,mid_tier,0.5,mid_tier,5,3,1,-2.0,frail,midrange,frail-midrange,1.2,17.0,11.81,very_light,0,0.5,normal,185.0,67,45,70,15,bug,medium,bug-wings,white,Scale Pokémon,Vivillon with many different patterns are found all over the world. These patterns are affected by the climate of their habitat.,scatterbug --> spewpa --> vivillon,3,3,1,1.0,2.0,1.0,2.0,0.25,2.0,0.25,1.0,0.0,2.0,1.0,0.5,4.0,1.0,1.0,1.0,1.0,1.0
666,vivillon,vivillon-archipelago,6,bug,flying,2,"shield-dust, compound-eyes",friend-guard,80,0.19,52,0.13,50,0.12,90,0.22,50,0.12,89,0.22,411,sp_attack,142,180,average,328.58,3,slightly_specialized,0.5,mid_tier,0.5,mid_tier,5,3,1,-2.0,frail,midrange,frail-midrange,1.2,17.0,11.81,very_light,0,0.5,normal,185.0,67,45,70,15,bug,medium,bug-wings,white,Scale Pokémon,Vivillon with many different patterns are found all over the world. These patterns are affected by the climate of their habitat.,scatterbug --> spewpa --> vivillon,3,3,1,1.0,2.0,1.0,2.0,0.25,2.0,0.25,1.0,0.0,2.0,1.0,0.5,4.0,1.0,1.0,1.0,1.0,1.0
666,vivillon,vivillon-high-plains,6,bug,flying,2,"shield-dust, compound-eyes",friend-guard,80,0.19,52,0.13,50,0.12,90,0.22,50,0.12,89,0.22,411,sp_attack,142,180,average,328.58,3,slightly_specialized,0.5,mid_tier,0.5,mid_tier,5,3,1,-2.0,frail,midrange,frail-midrange,1.2,17.0,11.81,very_light,0,0.5,normal,185.0,67,45,70,15,bug,medium,bug-wings,white,Scale Pokémon,Vivillon with many different patterns are found all over the world. These patterns are affected by the climate of their habitat.,scatterbug --> spewpa --> vivillon,3,3,1,1.0,2.0,1.0,2.0,0.25,2.0,0.25,1.0,0.0,2.0,1.0,0.5,4.0,1.0,1.0,1.0,1.0,1.0
666,vivillon,vivillon-sandstorm,6,bug,flying,2,"shield-dust, compound-eyes",friend-guard,80,0.19,52,0.13,50,0.12,90,0.22,50,0.12,89,0.22,411,sp_attack,142,180,average,328.58,3,slightly_specialized,0.5,mid_tier,0.5,mid_tier,5,3,1,-2.0,frail,midrange,frail-midrange,1.2,17.0,11.81,very_light,0,0.5,normal,185.0,67,45,70,15,bug,medium,bug-wings,white,Scale Pokémon,Vivillon with many different patterns are found all over the world. These patterns are affected by the climate of their habitat.,scatterbug --> spewpa --> vivillon,3,3,1,1.0,2.0,1.0,2.0,0.25,2.0,0.25,1.0,0.0,2.0,1.0,0.5,4.0,1.0,1.0,1.0,1.0,1.0
666,vivillon,vivillon-river,6,bug,flying,2,"shield-dust, compound-eyes",friend-guard,80,0.19,52,0.13,50,0.12,90,0.22,50,0.12,89,0.22,411,sp_attack,142,180,average,328.58,3,slightly_specialized,0.5,mid_tier,0.5,mid_tier,5,3,1,-2.0,frail,midrange,frail-midrange,1.2,17.0,11.81,very_light,0,0.5,normal,185.0,67,45,70,15,bug,medium,bug-wings,white,Scale Pokémon,Vivillon with many different patterns are found all over the world. These patterns are affected by the climate of their habitat.,scatterbug --> spewpa --> vivillon,3,3,1,1.0,2.0,1.0,2.0,0.25,2.0,0.25,1.0,0.0,2.0,1.0,0.5,4.0,1.0,1.0,1.0,1.0,1.0
666,vivillon,vivillon-monsoon,6,bug,flying,2,"shield-dust, compound-eyes",friend-guard,80,0.19,52,0.13,50,0.12,90,0.22,50,0.12,89,0.22,411,sp_attack,142,180,average,328.58,3,slightly_specialized,0.5,mid_tier,0.5,mid_tier,5,3,1,-2.0,frail,midrange,frail-midrange,1.2,17.0,11.81,very_light,0,0.5,normal,185.0,67,45,70,15,bug,medium,bug-wings,white,Scale Pokémon,Vivillon with many different patterns are found all over the world. These patterns are affected by the climate of their habitat.,scatterbug --> spewpa --> vivillon,3,3,1,1.0,2.0,1.0,2.0,0.25,2.0,0.25,1.0,0.0,2.0,1.0,0.5,4.0,1.0,1.0,1.0,1.0,1.0
666,vivillon,vivillon-savanna,6,bug,flying,2,"shield-dust, compound-eyes",friend-guard,80,0.19,52,0.13,50,0.12,90,0.22,50,0.12,89,0.22,411,sp_attack,142,180,average,328.58,3,slightly_specialized,0.5,mid_tier,0.5,mid_tier,5,3,1,-2.0,frail,midrange,frail-midrange,1.2,17.0,11.81,very_light,0,0.5,normal,185.0,67,45,70,15,bug,medium,bug-wings,white,Scale Pokémon,Vivillon with many different patterns are found all over the world. These patterns are affected by the climate of their habitat.,scatterbug --> spewpa --> vivillon,3,3,1,1.0,2.0,1.0,2.0,0.25,2.0,0.25,1.0,0.0,2.0,1.0,0.5,4.0,1.0,1.0,1.0,1.0,1.0
666,vivillon,vivillon-sun,6,bug,flying,2,"shield-dust, compound-eyes",friend-guard,80,0.19,52,0.13,50,0.12,90,0.22,50,0.12,89,0.22,411,sp_attack,142,180,average,328.58,3,slightly_specialized,0.5,mid_tier,0.5,mid_tier,5,3,1,-2.0,frail,midrange,frail-midrange,1.2,17.0,11.81,very_light,0,0.5,normal,185.0,67,45,70,15,bug,medium,bug-wings,white,Scale Pokémon,Vivillon with many different patterns are found all over the world. These patterns are affected by the climate of their habitat.,scatterbug --> spewpa --> vivillon,3,3,1,1.0,2.0,1.0,2.0,0.25,2.0,0.25,1.0,0.0,2.0,1.0,0.5,4.0,1.0,1.0,1.0,1.0,1.0
666,vivillon,vivillon-ocean,6,bug,flying,2,"shield-dust, compound-eyes",friend-guard,80,0.19,52,0.13,50,0.12,90,0.22,50,0.12,89,0.22,411,sp_attack,142,180,average,328.58,3,slightly_specialized,0.5,mid_tier,0.5,mid_tier,5,3,1,-2.0,frail,midrange,frail-midrange,1.2,17.0,11.81,very_light,0,0.5,normal,185.0,67,45,70,15,bug,medium,bug-wings,white,Scale Pokémon,Vivillon with many different patterns are found all over the world. These patterns are affected by the climate of their habitat.,scatterbug --> spewpa --> vivillon,3,3,1,1.0,2.0,1.0,2.0,0.25,2.0,0.25,1.0,0.0,2.0,1.0,0.5,4.0,1.0,1.0,1.0,1.0,1.0
666,vivillon,vivillon-jungle,6,bug,flying,2,"shield-dust, compound-eyes",friend-guard,80,0.19,52,0.13,50,0.12,90,0.22,50,0.12,89,0.22,411,sp_attack,142,180,average,328.58,3,slightly_specialized,0.5,mid_tier,0.5,mid_tier,5,3,1,-2.0,frail,midrange,frail-midrange,1.2,17.0,11.81,very_light,0,0.5,normal,185.0,67,45,70,15,bug,medium,bug-wings,white,Scale Pokémon,Vivillon with many different patterns are found all over the world. These patterns are affected by the climate of their habitat.,scatterbug --> spewpa --> vivillon,3,3,1,1.0,2.0,1.0,2.0,0.25,2.0,0.25,1.0,0.0,2.0,1.0,0.5,4.0,1.0,1.0,1.0,1.0,1.0
666,vivillon,vivillon-fancy,6,bug,flying,2,"shield-dust, compound-eyes",friend-guard,80,0.19,52,0.13,50,0.12,90,0.22,50,0.12,89,0.22,411,sp_attack,142,180,average,328.58,3,slightly_specialized,0.5,mid_tier,0.5,mid_tier,5,3,1,-2.0,frail,midrange,frail-midrange,1.2,17.0,11.81,very_light,0,0.5,normal,185.0,67,45,70,15,bug,medium,bug-wings,white,Scale Pokémon,Vivillon with many different patterns are found all over the world. These patterns are affected by the climate of their habitat.,scatterbug --> spewpa --> vivillon,3,3,1,1.0,2.0,1.0,2.0,0.25,2.0,0.25,1.0,0.0,2.0,1.0,0.5,4.0,1.0,1.0,1.0,1.0,1.0
666,vivillon,vivillon-poke-ball,6,bug,flying,2,"shield-dust, compound-eyes",friend-guard,80,0.19,52,0.13,50,0.12,90,0.22,50,0.12,89,0.22,411,sp_attack,142,180,average,328.58,3,slightly_specialized,0.5,mid_tier,0.5,mid_tier,5,3,1,-2.0,frail,midrange,frail-midrange,1.2,17.0,11.81,very_light,0,0.5,normal,185.0,67,45,70,15,bug,medium,bug-wings,white,Scale Pokémon,Vivillon with many different patterns are found all over the world. These patterns are affected by the climate of their habitat.,scatterbug --> spewpa --> vivillon,3,3,1,1.0,2.0,1.0,2.0,0.25,2.0,0.25,1.0,0.0,2.0,1.0,0.5,4.0,1.0,1.0,1.0,1.0,1.0
667,litleo,litleo,6,fire,normal,2,"rivalry, unnerve",moxie,62,0.17,50,0.14,58,0.16,73,0.2,54,0.15,72,0.2,369,sp_attack,123,174,average,73.92,1,balanced,0.39,lower_mid_tier,0.39,lower_mid_tier,4,6,1,0.5,solid,balanced,solid-balanced,0.6,13.5,37.5,heavy,0,0.875,normal,74.0,67,220,70,20,ground,medium-slow,quadruped,brown,Lion Cub Pokémon,"The stronger the opponent it faces, the more heat surges from its mane and the more power flows through its body.",litleo --> pyroar,2,1,0,1.0,0.5,2.0,1.0,0.5,0.5,2.0,1.0,2.0,1.0,1.0,0.5,2.0,0.0,1.0,1.0,0.5,0.5
668,pyroar,pyroar-male,6,fire,normal,2,"rivalry, unnerve",moxie,86,0.17,68,0.13,72,0.14,109,0.21,66,0.13,106,0.21,507,sp_attack,177,224,fast,305.92,3,slightly_specialized,0.77,upper_mid_tier,0.77,upper_mid_tier,4,6,1,0.5,solid,sweeper,solid-sweeper,1.5,81.5,36.22,heavy,0,0.875,normal,177.0,70,65,70,20,ground,medium-slow,quadruped,brown,Royal Pokémon,The male with the largest mane of fire is the leader of the pride.,litleo --> pyroar,2,2,1,1.0,0.5,2.0,1.0,0.5,0.5,2.0,1.0,2.0,1.0,1.0,0.5,2.0,0.0,1.0,1.0,0.5,0.5
668,pyroar,pyroar-female,6,fire,normal,2,"rivalry, unnerve",moxie,86,0.17,68,0.13,72,0.14,109,0.21,66,0.13,106,0.21,507,sp_attack,177,224,fast,305.92,3,slightly_specialized,0.77,upper_mid_tier,0.77,upper_mid_tier,4,6,1,0.5,solid,sweeper,solid-sweeper,1.5,81.5,36.22,heavy,0,0.875,normal,177.0,70,65,70,20,ground,medium-slow,quadruped,brown,Royal Pokémon,The male with the largest mane of fire is the leader of the pride.,litleo --> pyroar,2,2,1,1.0,0.5,2.0,1.0,0.5,0.5,2.0,1.0,2.0,1.0,1.0,0.5,2.0,0.0,1.0,1.0,0.5,0.5
668,pyroar,pyroar-mega,6,fire,normal,2,,,86,0.14,88,0.14,92,0.15,129,0.21,86,0.14,126,0.21,607,sp_attack,217,264,fast,351.47,4,slightly_specialized,0.93,top_tier,0.93,top_tier,4,6,1,0.5,solid,juggernaut,solid-juggernaut,1.5,93.3,41.47,heavy,0,0.875,normal,,0,65,70,20,ground,medium-slow,quadruped,brown,Royal Pokémon,The male with the largest mane of fire is the leader of the pride.,litleo --> pyroar,2,2,1,1.0,0.5,2.0,1.0,0.5,0.5,2.0,1.0,2.0,1.0,1.0,0.5,2.0,0.0,1.0,1.0,0.5,0.5
669,flabebe,flabebe-red,6,fairy,,1,flower-veil,symbiosis,44,0.15,38,0.13,39,0.13,61,0.2,79,0.26,42,0.14,303,sp_defense,99,162,slow,220.92,3,slightly_specialized,0.27,lower_mid_tier,0.27,lower_mid_tier,2,3,1,1.0,solid,weak_slow,solid-weak_slow,0.1,0.1,10.0,very_light,0,1.0,normal,61.0,69,225,70,20,fairy,medium,arms,white,Single Bloom Pokémon,It draws out and controls the hidden power of flowers. The flower Flabébé holds is most likely part of its body.,flabebe --> floette --> florges,3,1,0,1.0,1.0,1.0,1.0,1.0,1.0,0.5,2.0,1.0,1.0,1.0,0.5,1.0,1.0,0.0,0.5,2.0,1.0
669,flabebe,flabebe-yellow,6,fairy,,1,flower-veil,symbiosis,44,0.15,38,0.13,39,0.13,61,0.2,79,0.26,42,0.14,303,sp_defense,99,162,slow,220.92,3,slightly_specialized,0.27,lower_mid_tier,0.27,lower_mid_tier,2,3,1,1.0,solid,weak_slow,solid-weak_slow,0.1,0.1,10.0,very_light,0,1.0,normal,61.0,69,225,70,20,fairy,medium,arms,white,Single Bloom Pokémon,It draws out and controls the hidden power of flowers. The flower Flabébé holds is most likely part of its body.,flabebe --> floette --> florges,3,1,0,1.0,1.0,1.0,1.0,1.0,1.0,0.5,2.0,1.0,1.0,1.0,0.5,1.0,1.0,0.0,0.5,2.0,1.0
669,flabebe,flabebe-orange,6,fairy,,1,flower-veil,symbiosis,44,0.15,38,0.13,39,0.13,61,0.2,79,0.26,42,0.14,303,sp_defense,99,162,slow,220.92,3,slightly_specialized,0.27,lower_mid_tier,0.27,lower_mid_tier,2,3,1,1.0,solid,weak_slow,solid-weak_slow,0.1,0.1,10.0,very_light,0,1.0,normal,61.0,69,225,70,20,fairy,medium,arms,white,Single Bloom Pokémon,It draws out and controls the hidden power of flowers. The flower Flabébé holds is most likely part of its body.,flabebe --> floette --> florges,3,1,0,1.0,1.0,1.0,1.0,1.0,1.0,0.5,2.0,1.0,1.0,1.0,0.5,1.0,1.0,0.0,0.5,2.0,1.0
669,flabebe,flabebe-blue,6,fairy,,1,flower-veil,symbiosis,44,0.15,38,0.13,39,0.13,61,0.2,79,0.26,42,0.14,303,sp_defense,99,162,slow,220.92,3,slightly_specialized,0.27,lower_mid_tier,0.27,lower_mid_tier,2,3,1,1.0,solid,weak_slow,solid-weak_slow,0.1,0.1,10.0,very_light,0,1.0,normal,61.0,69,225,70,20,fairy,medium,arms,white,Single Bloom Pokémon,It draws out and controls the hidden power of flowers. The flower Flabébé holds is most likely part of its body.,flabebe --> floette --> florges,3,1,0,1.0,1.0,1.0,1.0,1.0,1.0,0.5,2.0,1.0,1.0,1.0,0.5,1.0,1.0,0.0,0.5,2.0,1.0
669,flabebe,flabebe-white,6,fairy,,1,flower-veil,symbiosis,44,0.15,38,0.13,39,0.13,61,0.2,79,0.26,42,0.14,303,sp_defense,99,162,slow,220.92,3,slightly_specialized,0.27,lower_mid_tier,0.27,lower_mid_tier,2,3,1,1.0,solid,weak_slow,solid-weak_slow,0.1,0.1,10.0,very_light,0,1.0,normal,61.0,69,225,70,20,fairy,medium,arms,white,Single Bloom Pokémon,It draws out and controls the hidden power of flowers. The flower Flabébé holds is most likely part of its body.,flabebe --> floette --> florges,3,1,0,1.0,1.0,1.0,1.0,1.0,1.0,0.5,2.0,1.0,1.0,1.0,0.5,1.0,1.0,0.0,0.5,2.0,1.0
670,floette,floette-red,6,fairy,,1,flower-veil,symbiosis,54,0.15,45,0.12,47,0.13,75,0.2,98,0.26,52,0.14,371,sp_defense,120,199,slow,357.14,4,slightly_specialized,0.41,mid_tier,0.41,mid_tier,2,3,1,1.0,solid,balanced,solid-balanced,0.2,0.9,22.5,average,0,1.0,normal,130.0,68,120,70,20,fairy,medium,arms,white,Single Bloom Pokémon,It flutters around fields of flowers and cares for flowers that are starting to wilt. It draws out the hidden power of flowers to battle.,flabebe --> floette --> florges,3,2,0,1.0,1.0,1.0,1.0,1.0,1.0,0.5,2.0,1.0,1.0,1.0,0.5,1.0,1.0,0.0,0.5,2.0,1.0
670,floette,floette-yellow,6,fairy,,1,flower-veil,symbiosis,54,0.15,45,0.12,47,0.13,75,0.2,98,0.26,52,0.14,371,sp_defense,120,199,slow,357.14,4,slightly_specialized,0.41,mid_tier,0.41,mid_tier,2,3,1,1.0,solid,balanced,solid-balanced,0.2,0.9,22.5,average,0,1.0,normal,130.0,68,120,70,20,fairy,medium,arms,white,Single Bloom Pokémon,It flutters around fields of flowers and cares for flowers that are starting to wilt. It draws out the hidden power of flowers to battle.,flabebe --> floette --> florges,3,2,0,1.0,1.0,1.0,1.0,1.0,1.0,0.5,2.0,1.0,1.0,1.0,0.5,1.0,1.0,0.0,0.5,2.0,1.0
670,floette,floette-orange,6,fairy,,1,flower-veil,symbiosis,54,0.15,45,0.12,47,0.13,75,0.2,98,0.26,52,0.14,371,sp_defense,120,199,slow,357.14,4,slightly_specialized,0.41,mid_tier,0.41,mid_tier,2,3,1,1.0,solid,balanced,solid-balanced,0.2,0.9,22.5,average,0,1.0,normal,130.0,68,120,70,20,fairy,medium,arms,white,Single Bloom Pokémon,It flutters around fields of flowers and cares for flowers that are starting to wilt. It draws out the hidden power of flowers to battle.,flabebe --> floette --> florges,3,2,0,1.0,1.0,1.0,1.0,1.0,1.0,0.5,2.0,1.0,1.0,1.0,0.5,1.0,1.0,0.0,0.5,2.0,1.0
670,floette,floette-blue,6,fairy,,1,flower-veil,symbiosis,54,0.15,45,0.12,47,0.13,75,0.2,98,0.26,52,0.14,371,sp_defense,120,199,slow,357.14,4,slightly_specialized,0.41,mid_tier,0.41,mid_tier,2,3,1,1.0,solid,balanced,solid-balanced,0.2,0.9,22.5,average,0,1.0,normal,130.0,68,120,70,20,fairy,medium,arms,white,Single Bloom Pokémon,It flutters around fields of flowers and cares for flowers that are starting to wilt. It draws out the hidden power of flowers to battle.,flabebe --> floette --> florges,3,2,0,1.0,1.0,1.0,1.0,1.0,1.0,0.5,2.0,1.0,1.0,1.0,0.5,1.0,1.0,0.0,0.5,2.0,1.0
670,floette,floette-white,6,fairy,,1,flower-veil,symbiosis,54,0.15,45,0.12,47,0.13,75,0.2,98,0.26,52,0.14,371,sp_defense,120,199,slow,357.14,4,slightly_specialized,0.41,mid_tier,0.41,mid_tier,2,3,1,1.0,solid,balanced,solid-balanced,0.2,0.9,22.5,average,0,1.0,normal,130.0,68,120,70,20,fairy,medium,arms,white,Single Bloom Pokémon,It flutters around fields of flowers and cares for flowers that are starting to wilt. It draws out the hidden power of flowers to battle.,flabebe --> floette --> florges,3,2,0,1.0,1.0,1.0,1.0,1.0,1.0,0.5,2.0,1.0,1.0,1.0,0.5,1.0,1.0,0.0,0.5,2.0,1.0
670,floette,floette-eternal,6,fairy,,1,flower-veil,symbiosis,74,0.13,65,0.12,67,0.12,125,0.23,128,0.23,92,0.17,551,sp_defense,190,269,average,677.14,5,specialized,0.84,top_tier,0.84,top_tier,2,3,1,1.0,solid,juggernaut,solid-juggernaut,0.2,0.9,22.5,average,0,1.0,normal,243.0,53,120,70,20,fairy,medium,arms,white,Single Bloom Pokémon,It flutters around fields of flowers and cares for flowers that are starting to wilt. It draws out the hidden power of flowers to battle.,flabebe --> floette --> florges,3,2,0,1.0,1.0,1.0,1.0,1.0,1.0,0.5,2.0,1.0,1.0,1.0,0.5,1.0,1.0,0.0,0.5,2.0,1.0
670,floette,floette-mega,6,fairy,,1,,,74,0.11,85,0.13,87,0.13,155,0.24,148,0.23,102,0.16,651,sp_attack,240,309,fast,994.92,5,highly_specialized,0.96,top_tier,0.96,top_tier,2,3,1,1.0,solid,juggernaut,solid-juggernaut,0.2,100.8,2520.0,very_heavy,0,1.0,normal,,0,120,70,20,fairy,medium,arms,white,Single Bloom Pokémon,It flutters around fields of flowers and cares for flowers that are starting to wilt. It draws out the hidden power of flowers to battle.,flabebe --> floette --> florges,3,2,0,1.0,1.0,1.0,1.0,1.0,1.0,0.5,2.0,1.0,1.0,1.0,0.5,1.0,1.0,0.0,0.5,2.0,1.0
671,florges,florges-red,6,fairy,,1,flower-veil,symbiosis,78,0.14,65,0.12,68,0.12,112,0.2,154,0.28,75,0.14,552,sp_defense,177,300,average,1005.67,5,highly_specialized,0.85,top_tier,0.85,top_tier,2,3,1,1.0,solid,bulky_attacker,solid-bulky_attacker,1.1,10.0,8.26,very_light,0,1.0,normal,248.0,70,45,70,20,fairy,medium,arms,white,Garden Pokémon,"It claims exquisite flower gardens as its territory, and it obtains power from basking in the energy emitted by flowering plants.",flabebe --> floette --> florges,3,3,1,1.0,1.0,1.0,1.0,1.0,1.0,0.5,2.0,1.0,1.0,1.0,0.5,1.0,1.0,0.0,0.5,2.0,1.0
671,florges,florges-yellow,6,fairy,,1,flower-veil,symbiosis,78,0.14,65,0.12,68,0.12,112,0.2,154,0.28,75,0.14,552,sp_defense,177,300,average,1005.67,5,highly_specialized,0.85,top_tier,0.85,top_tier,2,3,1,1.0,solid,bulky_attacker,solid-bulky_attacker,1.1,10.0,8.26,very_light,0,1.0,normal,248.0,70,45,70,20,fairy,medium,arms,white,Garden Pokémon,"It claims exquisite flower gardens as its territory, and it obtains power from basking in the energy emitted by flowering plants.",flabebe --> floette --> florges,3,3,1,1.0,1.0,1.0,1.0,1.0,1.0,0.5,2.0,1.0,1.0,1.0,0.5,1.0,1.0,0.0,0.5,2.0,1.0
671,florges,florges-orange,6,fairy,,1,flower-veil,symbiosis,78,0.14,65,0.12,68,0.12,112,0.2,154,0.28,75,0.14,552,sp_defense,177,300,average,1005.67,5,highly_specialized,0.85,top_tier,0.85,top_tier,2,3,1,1.0,solid,bulky_attacker,solid-bulky_attacker,1.1,10.0,8.26,very_light,0,1.0,normal,248.0,70,45,70,20,fairy,medium,arms,white,Garden Pokémon,"It claims exquisite flower gardens as its territory, and it obtains power from basking in the energy emitted by flowering plants.",flabebe --> floette --> florges,3,3,1,1.0,1.0,1.0,1.0,1.0,1.0,0.5,2.0,1.0,1.0,1.0,0.5,1.0,1.0,0.0,0.5,2.0,1.0
671,florges,florges-blue,6,fairy,,1,flower-veil,symbiosis,78,0.14,65,0.12,68,0.12,112,0.2,154,0.28,75,0.14,552,sp_defense,177,300,average,1005.67,5,highly_specialized,0.85,top_tier,0.85,top_tier,2,3,1,1.0,solid,bulky_attacker,solid-bulky_attacker,1.1,10.0,8.26,very_light,0,1.0,normal,248.0,70,45,70,20,fairy,medium,arms,white,Garden Pokémon,"It claims exquisite flower gardens as its territory, and it obtains power from basking in the energy emitted by flowering plants.",flabebe --> floette --> florges,3,3,1,1.0,1.0,1.0,1.0,1.0,1.0,0.5,2.0,1.0,1.0,1.0,0.5,1.0,1.0,0.0,0.5,2.0,1.0
671,florges,florges-white,6,fairy,,1,flower-veil,symbiosis,78,0.14,65,0.12,68,0.12,112,0.2,154,0.28,75,0.14,552,sp_defense,177,300,average,1005.67,5,highly_specialized,0.85,top_tier,0.85,top_tier,2,3,1,1.0,solid,bulky_attacker,solid-bulky_attacker,1.1,10.0,8.26,very_light,0,1.0,normal,248.0,70,45,70,20,fairy,medium,arms,white,Garden Pokémon,"It claims exquisite flower gardens as its territory, and it obtains power from basking in the energy emitted by flowering plants.",flabebe --> floette --> florges,3,3,1,1.0,1.0,1.0,1.0,1.0,1.0,0.5,2.0,1.0,1.0,1.0,0.5,1.0,1.0,0.0,0.5,2.0,1.0
672,skiddo,skiddo,6,grass,,1,sap-sipper,grass-pelt,66,0.19,65,0.19,48,0.14,62,0.18,57,0.16,52,0.15,350,hp,127,171,slow,44.22,1,balanced,0.37,lower_mid_tier,0.37,lower_mid_tier,5,4,0,-3.0,frail,balanced,frail-balanced,0.9,31.0,38.27,heavy,0,0.5,normal,70.0,69,200,70,20,ground,medium,quadruped,brown,Mount Pokémon,"Thought to be one of the first Pokémon to live in harmony with humans, it has a placid disposition.",skiddo --> gogoat,2,1,0,1.0,2.0,0.5,0.5,0.5,2.0,1.0,2.0,0.5,2.0,1.0,2.0,1.0,1.0,1.0,1.0,1.0,1.0
673,gogoat,gogoat,6,grass,,1,sap-sipper,grass-pelt,123,0.23,100,0.19,62,0.12,97,0.18,81,0.15,68,0.13,531,hp,197,266,average,428.92,4,slightly_specialized,0.82,top_tier,0.82,top_tier,5,4,0,-3.0,frail,bulky_attacker,frail-bulky_attacker,1.7,91.0,31.49,heavy,0,0.5,normal,186.0,75,45,70,20,ground,medium,quadruped,brown,Mount Pokémon,It can tell how its Trainer is feeling by subtle shifts in the grip on its horns. This empathic sense lets them run as if one being.,skiddo --> gogoat,2,2,1,1.0,2.0,0.5,0.5,0.5,2.0,1.0,2.0,0.5,2.0,1.0,2.0,1.0,1.0,1.0,1.0,1.0,1.0
674,pancham,pancham,6,fighting,,1,"iron-fist, mold-breaker",scrappy,67,0.19,82,0.24,62,0.18,46,0.13,48,0.14,43,0.12,348,attack,128,177,slow,190.33,2,balanced,0.37,lower_mid_tier,0.37,lower_mid_tier,3,3,0,-1.5,exposed,slow_attacker,exposed-slow_attacker,0.6,8.0,22.22,average,0,0.5,normal,70.0,91,220,70,25,"ground, humanshape",medium,upright,white,Playful Pokémon,"It does its best to be taken seriously by its enemies, but its glare is not sufficiently intimidating. Chewing on a leaf is its trademark.",pancham --> pangoro,2,1,0,1.0,1.0,1.0,1.0,1.0,1.0,1.0,1.0,1.0,2.0,2.0,0.5,0.5,1.0,1.0,0.5,1.0,2.0
675,pangoro,pangoro,6,fighting,dark,2,"iron-fist, mold-breaker",scrappy,95,0.19,124,0.25,78,0.16,69,0.14,71,0.14,58,0.12,495,attack,193,244,slow,468.92,4,slightly_specialized,0.72,upper_mid_tier,0.72,upper_mid_tier,3,3,1,0.0,neutral,bulky_attacker,neutral-bulky_attacker,2.1,136.0,30.84,heavy,0,0.5,normal,173.0,112,65,70,25,"ground, humanshape",medium,humanoid,white,Daunting Pokémon,"Although it possesses a violent temperament, it won’t put up with bullying. It uses the leaf in its mouth to sense the movements of its enemies.",pancham --> pangoro,2,2,1,1.0,1.0,1.0,1.0,1.0,1.0,2.0,1.0,1.0,2.0,0.0,1.0,0.5,0.5,1.0,0.25,1.0,4.0
676,furfrou,furfrou-natural,6,normal,,1,fur-coat,,75,0.16,80,0.17,60,0.13,65,0.14,90,0.19,102,0.22,472,speed,145,225,fast,203.89,2,slightly_specialized,0.63,upper_mid_tier,0.63,upper_mid_tier,1,0,1,0.5,solid,bulky_speedster,solid-bulky_speedster,1.2,28.0,19.44,light,0,0.5,normal,165.0,57,160,70,20,ground,medium,quadruped,white,Poodle Pokémon,Trimming its fluffy fur not only makes it more elegant but also increases the swiftness of its movements.,furfrou,1,0,0,1.0,1.0,1.0,1.0,1.0,1.0,2.0,1.0,1.0,1.0,1.0,1.0,1.0,0.0,1.0,1.0,1.0,1.0
676,furfrou,furfrou-heart,6,normal,,1,fur-coat,,75,0.16,80,0.17,60,0.13,65,0.14,90,0.19,102,0.22,472,speed,145,225,fast,203.89,2,slightly_specialized,0.63,upper_mid_tier,0.63,upper_mid_tier,1,0,1,0.5,solid,bulky_speedster,solid-bulky_speedster,1.2,28.0,19.44,light,0,0.5,normal,165.0,57,160,70,20,ground,medium,quadruped,white,Poodle Pokémon,Trimming its fluffy fur not only makes it more elegant but also increases the swiftness of its movements.,furfrou,1,0,0,1.0,1.0,1.0,1.0,1.0,1.0,2.0,1.0,1.0,1.0,1.0,1.0,1.0,0.0,1.0,1.0,1.0,1.0
676,furfrou,furfrou-star,6,normal,,1,fur-coat,,75,0.16,80,0.17,60,0.13,65,0.14,90,0.19,102,0.22,472,speed,145,225,fast,203.89,2,slightly_specialized,0.63,upper_mid_tier,0.63,upper_mid_tier,1,0,1,0.5,solid,bulky_speedster,solid-bulky_speedster,1.2,28.0,19.44,light,0,0.5,normal,165.0,57,160,70,20,ground,medium,quadruped,white,Poodle Pokémon,Trimming its fluffy fur not only makes it more elegant but also increases the swiftness of its movements.,furfrou,1,0,0,1.0,1.0,1.0,1.0,1.0,1.0,2.0,1.0,1.0,1.0,1.0,1.0,1.0,0.0,1.0,1.0,1.0,1.0
676,furfrou,furfrou-diamond,6,normal,,1,fur-coat,,75,0.16,80,0.17,60,0.13,65,0.14,90,0.19,102,0.22,472,speed,145,225,fast,203.89,2,slightly_specialized,0.63,upper_mid_tier,0.63,upper_mid_tier,1,0,1,0.5,solid,bulky_speedster,solid-bulky_speedster,1.2,28.0,19.44,light,0,0.5,normal,165.0,57,160,70,20,ground,medium,quadruped,white,Poodle Pokémon,Trimming its fluffy fur not only makes it more elegant but also increases the swiftness of its movements.,furfrou,1,0,0,1.0,1.0,1.0,1.0,1.0,1.0,2.0,1.0,1.0,1.0,1.0,1.0,1.0,0.0,1.0,1.0,1.0,1.0
676,furfrou,furfrou-debutante,6,normal,,1,fur-coat,,75,0.16,80,0.17,60,0.13,65,0.14,90,0.19,102,0.22,472,speed,145,225,fast,203.89,2,slightly_specialized,0.63,upper_mid_tier,0.63,upper_mid_tier,1,0,1,0.5,solid,bulky_speedster,solid-bulky_speedster,1.2,28.0,19.44,light,0,0.5,normal,165.0,57,160,70,20,ground,medium,quadruped,white,Poodle Pokémon,Trimming its fluffy fur not only makes it more elegant but also increases the swiftness of its movements.,furfrou,1,0,0,1.0,1.0,1.0,1.0,1.0,1.0,2.0,1.0,1.0,1.0,1.0,1.0,1.0,0.0,1.0,1.0,1.0,1.0
676,furfrou,furfrou-matron,6,normal,,1,fur-coat,,75,0.16,80,0.17,60,0.13,65,0.14,90,0.19,102,0.22,472,speed,145,225,fast,203.89,2,slightly_specialized,0.63,upper_mid_tier,0.63,upper_mid_tier,1,0,1,0.5,solid,bulky_speedster,solid-bulky_speedster,1.2,28.0,19.44,light,0,0.5,normal,165.0,57,160,70,20,ground,medium,quadruped,white,Poodle Pokémon,Trimming its fluffy fur not only makes it more elegant but also increases the swiftness of its movements.,furfrou,1,0,0,1.0,1.0,1.0,1.0,1.0,1.0,2.0,1.0,1.0,1.0,1.0,1.0,1.0,0.0,1.0,1.0,1.0,1.0
676,furfrou,furfrou-dandy,6,normal,,1,fur-coat,,75,0.16,80,0.17,60,0.13,65,0.14,90,0.19,102,0.22,472,speed,145,225,fast,203.89,2,slightly_specialized,0.63,upper_mid_tier,0.63,upper_mid_tier,1,0,1,0.5,solid,bulky_speedster,solid-bulky_speedster,1.2,28.0,19.44,light,0,0.5,normal,165.0,57,160,70,20,ground,medium,quadruped,white,Poodle Pokémon,Trimming its fluffy fur not only makes it more elegant but also increases the swiftness of its movements.,furfrou,1,0,0,1.0,1.0,1.0,1.0,1.0,1.0,2.0,1.0,1.0,1.0,1.0,1.0,1.0,0.0,1.0,1.0,1.0,1.0
676,furfrou,furfrou-la-reine,6,normal,,1,fur-coat,,75,0.16,80,0.17,60,0.13,65,0.14,90,0.19,102,0.22,472,speed,145,225,fast,203.89,2,slightly_specialized,0.63,upper_mid_tier,0.63,upper_mid_tier,1,0,1,0.5,solid,bulky_speedster,solid-bulky_speedster,1.2,28.0,19.44,light,0,0.5,normal,165.0,57,160,70,20,ground,medium,quadruped,white,Poodle Pokémon,Trimming its fluffy fur not only makes it more elegant but also increases the swiftness of its movements.,furfrou,1,0,0,1.0,1.0,1.0,1.0,1.0,1.0,2.0,1.0,1.0,1.0,1.0,1.0,1.0,0.0,1.0,1.0,1.0,1.0
676,furfrou,furfrou-kabuki,6,normal,,1,fur-coat,,75,0.16,80,0.17,60,0.13,65,0.14,90,0.19,102,0.22,472,speed,145,225,fast,203.89,2,slightly_specialized,0.63,upper_mid_tier,0.63,upper_mid_tier,1,0,1,0.5,solid,bulky_speedster,solid-bulky_speedster,1.2,28.0,19.44,light,0,0.5,normal,165.0,57,160,70,20,ground,medium,quadruped,white,Poodle Pokémon,Trimming its fluffy fur not only makes it more elegant but also increases the swiftness of its movements.,furfrou,1,0,0,1.0,1.0,1.0,1.0,1.0,1.0,2.0,1.0,1.0,1.0,1.0,1.0,1.0,0.0,1.0,1.0,1.0,1.0
676,furfrou,furfrou-pharaoh,6,normal,,1,fur-coat,,75,0.16,80,0.17,60,0.13,65,0.14,90,0.19,102,0.22,472,speed,145,225,fast,203.89,2,slightly_specialized,0.63,upper_mid_tier,0.63,upper_mid_tier,1,0,1,0.5,solid,bulky_speedster,solid-bulky_speedster,1.2,28.0,19.44,light,0,0.5,normal,165.0,57,160,70,20,ground,medium,quadruped,white,Poodle Pokémon,Trimming its fluffy fur not only makes it more elegant but also increases the swiftness of its movements.,furfrou,1,0,0,1.0,1.0,1.0,1.0,1.0,1.0,2.0,1.0,1.0,1.0,1.0,1.0,1.0,0.0,1.0,1.0,1.0,1.0
677,espurr,espurr,6,psychic,,1,"keen-eye, infiltrator",own-tempo,62,0.17,48,0.14,54,0.15,63,0.18,60,0.17,68,0.19,355,speed,111,176,average,42.14,1,balanced,0.38,lower_mid_tier,0.38,lower_mid_tier,3,2,0,-2.0,frail,balanced,frail-balanced,0.3,3.5,38.89,heavy,0,0.5,normal,71.0,77,190,70,20,ground,medium,upright,gray,Restraint Pokémon,The organ that emits its intense psychic power is sheltered by its ears to keep power from leaking out.,espurr --> meowstic,2,1,0,1.0,1.0,1.0,1.0,1.0,1.0,0.5,1.0,1.0,1.0,0.5,2.0,1.0,2.0,1.0,2.0,1.0,1.0
678,meowstic,meowstic-male,6,psychic,,1,"keen-eye, infiltrator",prankster,74,0.16,48,0.1,76,0.16,83,0.18,81,0.17,104,0.22,466,speed,131,231,fast,271.56,3,slightly_specialized,0.59,mid_tier,0.59,mid_tier,3,2,0,-2.0,frail,bulky_speedster,frail-bulky_speedster,0.6,8.5,23.61,average,0,0.5,normal,163.0,91,75,70,20,ground,medium,upright,blue,Constraint Pokémon,"When in danger, it raises its ears and releases enough psychic power to grind a 10-ton truck into dust.",espurr --> meowstic,2,2,1,1.0,1.0,1.0,1.0,1.0,1.0,0.5,1.0,1.0,1.0,0.5,2.0,1.0,2.0,1.0,2.0,1.0,1.0
678,meowstic,meowstic-female,6,psychic,,1,"keen-eye, infiltrator",competitive,74,0.16,48,0.1,76,0.16,83,0.18,81,0.17,104,0.22,466,speed,131,231,fast,271.56,3,slightly_specialized,0.59,mid_tier,0.59,mid_tier,3,2,0,-2.0,frail,bulky_speedster,frail-bulky_speedster,0.6,8.5,23.61,average,0,0.5,normal,163.0,90,75,70,20,ground,medium,upright,blue,Constraint Pokémon,"When in danger, it raises its ears and releases enough psychic power to grind a 10-ton truck into dust.",espurr --> meowstic,2,2,1,1.0,1.0,1.0,1.0,1.0,1.0,0.5,1.0,1.0,1.0,0.5,2.0,1.0,2.0,1.0,2.0,1.0,1.0
678,meowstic,meowstic-mega,6,psychic,,1,,,74,0.13,48,0.08,76,0.13,143,0.25,101,0.18,124,0.22,566,sp_attack,191,251,fast,1031.56,5,highly_specialized,0.87,top_tier,0.87,top_tier,3,2,0,-2.0,frail,juggernaut,frail-juggernaut,0.8,10.1,15.78,light,0,0.5,normal,,0,75,70,20,ground,medium,upright,blue,Constraint Pokémon,"When in danger, it raises its ears and releases enough psychic power to grind a 10-ton truck into dust.",espurr --> meowstic,2,2,1,1.0,1.0,1.0,1.0,1.0,1.0,0.5,1.0,1.0,1.0,0.5,2.0,1.0,2.0,1.0,2.0,1.0,1.0
679,honedge,honedge,6,steel,ghost,2,no-guard,,45,0.14,80,0.25,100,0.31,35,0.11,37,0.11,28,0.09,325,defense,115,182,slow,699.81,5,specialized,0.32,lower_mid_tier,0.32,lower_mid_tier,4,9,3,5.0,iron,slow_attacker,iron-slow_attacker,0.8,2.0,3.12,very_light,0,0.5,normal,65.0,57,180,70,20,mineral,medium,blob,brown,Sword Pokémon,Apparently this Pokémon is born when a departed spirit inhabits a sword. It attaches itself to people and drinks their life force.,honedge --> doublade --> aegislash,3,1,0,0.0,2.0,1.0,1.0,0.5,0.5,0.0,0.0,2.0,0.5,0.5,0.25,0.5,2.0,0.5,2.0,0.5,0.5
680,doublade,doublade,6,steel,ghost,2,no-guard,,59,0.13,110,0.25,150,0.33,45,0.1,49,0.11,35,0.08,448,defense,155,258,slow,1713.56,5,extreme,0.57,mid_tier,0.57,mid_tier,4,9,3,5.0,iron,tank,iron-tank,0.8,4.5,7.03,very_light,0,0.5,normal,157.0,54,90,70,20,mineral,medium,heads,brown,Sword Pokémon,"When Honedge evolves, it divides into two swords, which cooperate via telepathy to coordinate attacks and slash their enemies to ribbons.",honedge --> doublade --> aegislash,3,2,0,0.0,2.0,1.0,1.0,0.5,0.5,0.0,0.0,2.0,0.5,0.5,0.25,0.5,2.0,0.5,2.0,0.5,0.5
681,aegislash,aegislash-shield,6,steel,ghost,2,stance-change,,60,0.12,50,0.1,140,0.28,50,0.1,140,0.28,60,0.12,500,defense,100,340,average,1622.22,5,extreme,0.75,upper_mid_tier,0.75,upper_mid_tier,4,9,3,5.0,iron,support,iron-support,1.7,53.0,18.34,light,0,0.5,normal,234.0,62,45,70,20,mineral,medium,blob,brown,Royal Sword Pokémon,"Generations of kings were attended by these Pokémon, which used their spectral power to manipulate and control people and Pokémon.",honedge --> doublade --> aegislash,3,3,1,0.0,2.0,1.0,1.0,0.5,0.5,0.0,0.0,2.0,0.5,0.5,0.25,0.5,2.0,0.5,2.0,0.5,0.5
681,aegislash,aegislash-blade,6,steel,ghost,2,stance-change,,60,0.12,140,0.28,50,0.1,140,0.28,50,0.1,60,0.12,500,attack,280,160,average,1622.22,5,extreme,0.75,upper_mid_tier,0.75,upper_mid_tier,4,9,3,5.0,iron,glass_cannon,iron-glass_cannon,1.7,53.0,18.34,light,0,0.5,normal,250.0,62,45,70,20,mineral,medium,blob,brown,Royal Sword Pokémon,"Generations of kings were attended by these Pokémon, which used their spectral power to manipulate and control people and Pokémon.",honedge --> doublade --> aegislash,3,3,1,0.0,2.0,1.0,1.0,0.5,0.5,0.0,0.0,2.0,0.5,0.5,0.25,0.5,2.0,0.5,2.0,0.5,0.5
682,spritzee,spritzee,6,fairy,,1,healer,aroma-veil,78,0.23,52,0.15,60,0.18,63,0.18,65,0.19,23,0.07,341,hp,115,203,slow,288.47,3,slightly_specialized,0.36,lower_mid_tier,0.36,lower_mid_tier,2,3,1,1.0,solid,slow_attacker,solid-slow_attacker,0.2,0.5,12.5,light,0,0.5,normal,68.0,63,200,70,20,fairy,medium,arms,pink,Perfume Pokémon,It emits a scent that enraptures those who smell it. This fragrance changes depending on what it has eaten.,spritzee --> aromatisse,2,1,0,1.0,1.0,1.0,1.0,1.0,1.0,0.5,2.0,1.0,1.0,1.0,0.5,1.0,1.0,0.0,0.5,2.0,1.0
683,aromatisse,aromatisse,6,fairy,,1,healer,aroma-veil,101,0.22,72,0.16,72,0.16,99,0.21,89,0.19,29,0.06,462,hp,171,262,slow,593.0,5,specialized,0.58,mid_tier,0.58,mid_tier,2,3,1,1.0,solid,bulky_attacker,solid-bulky_attacker,0.8,15.5,24.22,average,0,0.5,normal,162.0,67,140,70,20,fairy,medium,humanoid,pink,Fragrance Pokémon,"It devises various scents, pleasant and unpleasant, and emits scents that its enemies dislike in order to gain an edge in battle.",spritzee --> aromatisse,2,2,1,1.0,1.0,1.0,1.0,1.0,1.0,0.5,2.0,1.0,1.0,1.0,0.5,1.0,1.0,0.0,0.5,2.0,1.0
684,swirlix,swirlix,6,fairy,,1,sweet-veil,unburden,62,0.18,48,0.14,66,0.19,59,0.17,57,0.17,49,0.14,341,defense,107,185,slow,42.47,1,balanced,0.36,lower_mid_tier,0.36,lower_mid_tier,2,3,1,1.0,solid,midrange,solid-midrange,0.4,3.5,21.87,light,0,0.5,normal,68.0,58,200,70,20,fairy,medium,legs,white,Cotton Candy Pokémon,"To entangle its opponents in battle, it extrudes white threads as sweet and sticky as cotton candy.",swirlix --> slurpuff,2,1,0,1.0,1.0,1.0,1.0,1.0,1.0,0.5,2.0,1.0,1.0,1.0,0.5,1.0,1.0,0.0,0.5,2.0,1.0
685,slurpuff,slurpuff,6,fairy,,1,sweet-veil,unburden,82,0.17,80,0.17,86,0.18,85,0.18,75,0.16,72,0.15,480,defense,165,243,average,25.67,1,balanced,0.67,upper_mid_tier,0.67,upper_mid_tier,2,3,1,1.0,solid,bulky_attacker,solid-bulky_attacker,0.8,5.0,7.81,very_light,0,0.5,normal,168.0,60,140,70,20,fairy,medium,humanoid,white,Meringue Pokémon,It can distinguish the faintest of scents. It puts its sensitive sense of smell to use by helping pastry chefs in their work.,swirlix --> slurpuff,2,2,1,1.0,1.0,1.0,1.0,1.0,1.0,0.5,2.0,1.0,1.0,1.0,0.5,1.0,1.0,0.0,0.5,2.0,1.0
686,inkay,inkay,6,dark,psychic,2,"contrary, suction-cups",infiltrator,53,0.18,54,0.19,53,0.18,37,0.13,46,0.16,45,0.16,288,attack,91,152,slow,36.67,1,balanced,0.24,lower_mid_tier,0.24,lower_mid_tier,2,0,1,-0.5,neutral,fragile,neutral-fragile,0.4,3.5,21.87,light,0,0.5,normal,58.0,85,190,70,20,"water1, water2",medium,tentacles,blue,Revolving Pokémon,Opponents who stare at the flashing of the light-emitting spots on its body become dazed and lose their will to fight.,inkay --> malamar,2,1,0,1.0,1.0,1.0,1.0,1.0,1.0,1.0,1.0,1.0,1.0,0.0,4.0,1.0,1.0,1.0,1.0,1.0,2.0
687,malamar,malamar,6,dark,psychic,2,"contrary, suction-cups",infiltrator,86,0.18,92,0.19,88,0.18,68,0.14,75,0.16,73,0.15,482,attack,160,249,average,76.89,1,balanced,0.68,upper_mid_tier,0.68,upper_mid_tier,2,0,1,-0.5,neutral,bulky_attacker,neutral-bulky_attacker,1.5,47.0,20.89,light,0,0.5,normal,169.0,91,80,70,20,"water1, water2",medium,blob,blue,Overturning Pokémon,"It wields the most compelling hypnotic powers of any Pokémon, and it forces others to do whatever it wants.",inkay --> malamar,2,2,1,1.0,1.0,1.0,1.0,1.0,1.0,1.0,1.0,1.0,1.0,0.0,4.0,1.0,1.0,1.0,1.0,1.0,2.0
687,malamar,malamar-mega,6,dark,psychic,2,,,86,0.15,102,0.18,88,0.15,98,0.17,120,0.21,88,0.15,582,sp_defense,200,294,average,139.67,2,balanced,0.87,top_tier,0.87,top_tier,2,0,1,-0.5,neutral,bulky_attacker,neutral-bulky_attacker,2.9,69.8,8.3,very_light,0,0.5,normal,,0,80,70,20,"water1, water2",medium,blob,blue,Overturning Pokémon,"It wields the most compelling hypnotic powers of any Pokémon, and it forces others to do whatever it wants.",inkay --> malamar,2,2,1,1.0,1.0,1.0,1.0,1.0,1.0,1.0,1.0,1.0,1.0,0.0,4.0,1.0,1.0,1.0,1.0,1.0,2.0
688,binacle,binacle,6,rock,water,2,"tough-claws, sniper",pickpocket,42,0.14,52,0.17,67,0.22,39,0.13,56,0.18,50,0.16,306,defense,91,165,slow,84.67,1,balanced,0.29,lower_mid_tier,0.29,lower_mid_tier,4,5,0,-1.5,exposed,fragile,exposed-fragile,0.5,31.0,124.0,very_heavy,0,0.5,normal,61.0,86,120,70,20,water3,medium,heads,brown,Two-Handed Pokémon,"Two Binacle live together on one rock. When they fight, one of them will move to a different rock.",binacle --> barbaracle,2,1,0,0.5,0.25,1.0,2.0,4.0,0.5,2.0,0.5,2.0,0.5,1.0,1.0,1.0,1.0,1.0,1.0,1.0,1.0
689,barbaracle,barbaracle,6,rock,water,2,"tough-claws, sniper",pickpocket,72,0.14,105,0.21,115,0.23,54,0.11,86,0.17,68,0.14,500,defense,159,273,average,450.56,4,slightly_specialized,0.75,upper_mid_tier,0.75,upper_mid_tier,4,5,0,-1.5,exposed,bulky_attacker,exposed-bulky_attacker,1.3,96.0,56.8,very_heavy,0,0.5,normal,175.0,98,45,70,20,water3,medium,heads,brown,Collective Pokémon,"When they evolve, two Binacle multiply into seven. They fight with the power of seven Binacle.",binacle --> barbaracle,2,2,1,0.5,0.25,1.0,2.0,4.0,0.5,2.0,0.5,2.0,0.5,1.0,1.0,1.0,1.0,1.0,1.0,1.0,1.0
689,barbaracle,barbaracle-mega,6,rock,fighting,2,,,72,0.12,140,0.23,130,0.22,64,0.11,106,0.18,88,0.15,600,attack,204,308,average,793.33,5,specialized,0.91,top_tier,0.91,top_tier,7,6,0,-4.0,frail,bulky_attacker,frail-bulky_attacker,2.2,100.0,20.66,light,0,0.5,normal,,0,45,70,20,water3,medium,heads,brown,Collective Pokémon,"When they evolve, two Binacle multiply into seven. They fight with the power of seven Binacle.",binacle --> barbaracle,2,2,1,0.5,0.5,2.0,1.0,2.0,1.0,2.0,0.5,2.0,1.0,2.0,0.5,0.5,1.0,1.0,0.5,2.0,2.0
690,skrelp,skrelp,6,poison,water,2,"poison-point, poison-touch",adaptability,50,0.16,60,0.19,60,0.19,60,0.19,60,0.19,30,0.09,320,attack,120,170,slow,122.22,2,balanced,0.32,lower_mid_tier,0.32,lower_mid_tier,3,8,0,1.0,solid,slow_attacker,solid-slow_attacker,0.5,7.3,29.2,heavy,0,0.5,normal,64.0,69,225,70,20,"water1, dragon",medium,blob,brown,Mock Kelp Pokémon,"Camouflaged as rotten kelp, they spray liquid poison on prey that approaches unawares and then finish it off.",skrelp --> dragalge,2,1,0,1.0,0.5,0.5,2.0,1.0,0.5,0.5,0.5,2.0,1.0,2.0,0.5,1.0,1.0,1.0,1.0,0.5,0.5
691,dragalge,dragalge,6,poison,dragon,2,"poison-point, poison-touch",adaptability,65,0.13,75,0.15,90,0.18,97,0.2,123,0.25,44,0.09,494,sp_defense,172,278,slow,625.22,5,specialized,0.7,upper_mid_tier,0.7,upper_mid_tier,4,7,0,-0.5,neutral,bulky_attacker,neutral-bulky_attacker,1.8,81.5,25.15,average,0,0.5,normal,173.0,73,55,70,20,"water1, dragon",medium,blob,brown,Mock Kelp Pokémon,"Their poison is strong enough to eat through the hull of a tanker, and they spit it indiscriminately at anything that enters their territory.",skrelp --> dragalge,2,2,1,1.0,0.5,0.5,0.5,0.25,2.0,0.5,0.5,2.0,1.0,2.0,0.5,1.0,1.0,2.0,1.0,1.0,1.0
691,dragalge,dragalge-mega,6,poison,dragon,2,,,65,0.11,85,0.14,105,0.18,132,0.22,163,0.27,44,0.07,594,sp_defense,217,333,slow,1599.67,5,extreme,0.88,top_tier,0.88,top_tier,4,7,0,-0.5,neutral,bulky_attacker,neutral-bulky_attacker,2.1,100.3,22.74,average,0,0.5,normal,,0,55,70,20,"water1, dragon",medium,blob,brown,Mock Kelp Pokémon,"Their poison is strong enough to eat through the hull of a tanker, and they spit it indiscriminately at anything that enters their territory.",skrelp --> dragalge,2,2,1,1.0,0.5,0.5,0.5,0.25,2.0,0.5,0.5,2.0,1.0,2.0,0.5,1.0,1.0,2.0,1.0,1.0,1.0
692,clauncher,clauncher,6,water,,1,mega-launcher,,50,0.15,53,0.16,62,0.19,58,0.18,63,0.19,44,0.13,330,sp_defense,111,175,slow,45.33,1,balanced,0.33,lower_mid_tier,0.33,lower_mid_tier,2,4,0,0.0,neutral,slow_attacker,neutral-slow_attacker,0.5,8.3,33.2,heavy,0,0.5,normal,66.0,66,225,70,15,"water1, water3",slow,armor,blue,Water Gun Pokémon,They knock down flying prey by firing compressed water from their massive claws like shooting a pistol.,clauncher --> clawitzer,2,1,0,1.0,0.5,0.5,2.0,2.0,0.5,1.0,1.0,1.0,1.0,1.0,1.0,1.0,1.0,1.0,1.0,0.5,1.0
693,clawitzer,clawitzer,6,water,,1,mega-launcher,,71,0.14,73,0.15,88,0.18,120,0.24,89,0.18,59,0.12,500,sp_attack,193,248,slow,374.89,4,slightly_specialized,0.75,upper_mid_tier,0.75,upper_mid_tier,2,4,0,0.0,neutral,bulky_attacker,neutral-bulky_attacker,1.3,35.3,20.89,light,0,0.5,normal,100.0,73,55,70,15,"water1, water3",slow,squiggle,blue,Howitzer Pokémon,Their enormous claws launch cannonballs of water powerful enough to pierce tanker hulls.,clauncher --> clawitzer,2,2,1,1.0,0.5,0.5,2.0,2.0,0.5,1.0,1.0,1.0,1.0,1.0,1.0,1.0,1.0,1.0,1.0,0.5,1.0
694,helioptile,helioptile,6,electric,normal,2,"dry-skin, sand-veil",solar-power,44,0.15,38,0.13,33,0.11,61,0.21,43,0.15,70,0.24,289,speed,99,120,average,169.81,2,balanced,0.25,lower_mid_tier,0.25,lower_mid_tier,2,3,1,1.0,solid,fragile,solid-fragile,0.5,6.0,24.0,average,0,0.5,normal,58.0,63,190,70,20,"monster, dragon",medium,upright,yellow,Generator Pokémon,"They make their home in deserts. They can generate their energy from basking in the sun, so eating food is not a requirement.",helioptile --> heliolisk,2,1,0,1.0,1.0,1.0,0.5,1.0,1.0,2.0,1.0,2.0,0.5,1.0,1.0,1.0,0.0,1.0,1.0,0.5,1.0
695,heliolisk,heliolisk,6,electric,normal,2,"dry-skin, sand-veil",solar-power,62,0.13,55,0.11,52,0.11,109,0.23,94,0.2,109,0.23,481,sp_attack,164,208,fast,601.81,5,specialized,0.67,upper_mid_tier,0.67,upper_mid_tier,2,3,1,1.0,solid,sweeper,solid-sweeper,1.0,21.0,21.0,light,0,0.5,normal,168.0,77,75,70,20,"monster, dragon",medium,upright,yellow,Generator Pokémon,They flare their frills and generate energy. A single Heliolisk can generate sufficient electricity to power a skyscraper.,helioptile --> heliolisk,2,2,1,1.0,1.0,1.0,0.5,1.0,1.0,2.0,1.0,2.0,0.5,1.0,1.0,1.0,0.0,1.0,1.0,0.5,1.0
696,tyrunt,tyrunt,6,rock,dragon,2,strong-jaw,sturdy,58,0.16,89,0.25,77,0.21,45,0.12,45,0.12,48,0.13,362,attack,134,180,slow,287.89,3,slightly_specialized,0.39,lower_mid_tier,0.39,lower_mid_tier,6,5,0,-3.5,frail,balanced,frail-balanced,0.8,26.0,40.62,heavy,0,0.125,normal,72.0,75,45,70,30,"monster, dragon",medium,upright,brown,Royal Heir Pokémon,"This Pokémon was restored from a fossil. If something happens that it doesn’t like, it throws a tantrum and runs wild.",tyrunt --> tyrantrum,2,1,0,0.5,0.25,1.0,0.5,1.0,2.0,2.0,0.5,2.0,0.5,1.0,1.0,1.0,1.0,2.0,1.0,2.0,2.0
697,tyrantrum,tyrantrum,6,rock,dragon,2,strong-jaw,rock-head,82,0.16,121,0.23,119,0.23,69,0.13,59,0.11,71,0.14,521,attack,190,260,average,594.81,5,specialized,0.79,upper_mid_tier,0.79,upper_mid_tier,6,5,0,-3.5,frail,bulky_attacker,frail-bulky_attacker,2.5,270.0,43.2,heavy,0,0.125,normal,182.0,78,45,70,30,"monster, dragon",medium,upright,red,Despot Pokémon,"Thanks to its gargantuan jaws, which could shred thick metal plates as if they were paper, it was invincible in the ancient world it once inhabited.",tyrunt --> tyrantrum,2,2,1,0.5,0.25,1.0,0.5,1.0,2.0,2.0,0.5,2.0,0.5,1.0,1.0,1.0,1.0,2.0,1.0,2.0,2.0
698,amaura,amaura,6,rock,ice,2,refrigerate,snow-warning,77,0.21,59,0.16,50,0.14,67,0.19,63,0.17,46,0.13,362,hp,126,190,slow,107.22,2,balanced,0.39,lower_mid_tier,0.39,lower_mid_tier,6,4,0,-4.0,frail,balanced,frail-balanced,1.3,25.2,14.91,light,0,0.125,normal,72.0,78,45,70,30,monster,medium,quadruped,blue,Tundra Pokémon,This ancient Pokémon was restored from part of its body that had been frozen in ice for over 100 million years.,amaura --> aurorus,2,1,0,0.5,1.0,2.0,1.0,2.0,0.5,4.0,0.5,2.0,0.5,1.0,1.0,2.0,1.0,1.0,1.0,4.0,1.0
699,aurorus,aurorus,6,rock,ice,2,refrigerate,snow-warning,123,0.24,77,0.15,72,0.14,99,0.19,92,0.18,58,0.11,521,hp,176,287,slow,438.47,4,slightly_specialized,0.79,upper_mid_tier,0.79,upper_mid_tier,6,4,0,-4.0,frail,bulky_attacker,frail-bulky_attacker,2.7,225.0,30.86,heavy,0,0.125,normal,104.0,78,45,70,30,monster,medium,quadruped,blue,Tundra Pokémon,"The diamond-shaped crystals on its body expel air as cold as -240 degrees Fahrenheit, surrounding its enemies and encasing them in ice.",amaura --> aurorus,2,2,1,0.5,1.0,2.0,1.0,2.0,0.5,4.0,0.5,2.0,0.5,1.0,1.0,2.0,1.0,1.0,1.0,4.0,1.0
700,sylveon,sylveon,6,fairy,,1,cute-charm,pixilate,95,0.18,65,0.12,65,0.12,110,0.21,130,0.25,60,0.11,525,sp_defense,175,290,average,689.58,5,specialized,0.8,upper_mid_tier,0.8,upper_mid_tier,2,3,1,1.0,solid,bulky_attacker,solid-bulky_attacker,1.0,23.5,23.5,average,0,0.125,normal,184.0,80,45,70,35,ground,medium,quadruped,pink,Intertwining Pokémon,It sends a soothing aura from its ribbonlike feelers to calm fights.,eevee --> vaporeon,2,2,1,1.0,1.0,1.0,1.0,1.0,1.0,0.5,2.0,1.0,1.0,1.0,0.5,1.0,1.0,0.0,0.5,2.0,1.0
701,hawlucha,hawlucha,6,fighting,flying,2,"limber, unburden",mold-breaker,78,0.16,92,0.18,75,0.15,74,0.15,63,0.13,118,0.24,500,speed,166,216,fast,312.56,3,slightly_specialized,0.75,upper_mid_tier,0.75,upper_mid_tier,5,4,1,-1.5,exposed,sweeper,exposed-sweeper,0.8,21.5,33.59,heavy,0,0.5,normal,175.0,108,100,70,20,"flying, humanshape",medium,humanoid,green,Wrestling Pokémon,"Although its body is small, its proficient fighting skills enable it to keep up with big bruisers like Machamp and Hariyama.",hawlucha,1,0,0,1.0,1.0,1.0,2.0,0.5,2.0,0.5,1.0,0.0,2.0,2.0,0.25,1.0,1.0,1.0,0.5,1.0,2.0
701,hawlucha,hawlucha-mega,6,fighting,flying,2,,,78,0.13,137,0.23,100,0.17,74,0.12,93,0.16,118,0.2,600,attack,211,271,fast,483.67,4,slightly_specialized,0.91,top_tier,0.91,top_tier,5,4,1,-1.5,exposed,juggernaut,exposed-juggernaut,1.0,25.0,25.0,average,0,0.5,normal,,0,100,70,20,"flying, humanshape",medium,humanoid,green,Wrestling Pokémon,"Although its body is small, its proficient fighting skills enable it to keep up with big bruisers like Machamp and Hariyama.",hawlucha,1,0,0,1.0,1.0,1.0,2.0,0.5,2.0,0.5,1.0,0.0,2.0,2.0,0.25,1.0,1.0,1.0,0.5,1.0,2.0
702,dedenne,dedenne,6,electric,fairy,2,"cheek-pouch, pickup",plus,67,0.16,58,0.13,57,0.13,81,0.19,67,0.16,101,0.23,431,speed,139,191,fast,232.14,3,slightly_specialized,0.56,mid_tier,0.56,mid_tier,2,5,1,2.0,iron,midrange,iron-midrange,0.2,2.2,55.0,very_heavy,0,0.5,normal,151.0,75,180,70,20,"ground, fairy",medium,upright,yellow,Antenna Pokémon,"Its whiskers serve as antennas. By sending and receiving electrical waves, it can communicate with others over vast distances.",dedenne,1,0,0,1.0,1.0,1.0,0.5,1.0,1.0,0.5,2.0,2.0,0.5,1.0,0.5,1.0,1.0,0.0,0.5,1.0,1.0
703,carbink,carbink,6,rock,fairy,2,clear-body,sturdy,50,0.1,50,0.1,150,0.3,50,0.1,150,0.3,50,0.1,500,defense,100,350,slow,2222.22,5,extreme,0.75,upper_mid_tier,0.75,upper_mid_tier,4,5,1,0.0,neutral,support,neutral-support,0.3,5.7,63.33,very_heavy,1,0.0,normal,100.0,79,60,70,25,"fairy, mineral",slow,ball,gray,Jewel Pokémon,"Born from the temperatures and pressures deep underground, it fires beams from the stone in its head.",carbink,1,0,0,0.5,0.5,2.0,1.0,2.0,1.0,1.0,1.0,2.0,0.5,1.0,0.5,1.0,1.0,0.0,0.5,4.0,1.0
704,goomy,goomy,6,dragon,,1,"sap-sipper, hydration",gooey,45,0.15,50,0.17,35,0.12,55,0.18,75,0.25,40,0.13,300,sp_defense,105,155,slow,166.67,2,balanced,0.25,lower_mid_tier,0.25,lower_mid_tier,3,4,0,-1.0,neutral,weak_slow,neutral-weak_slow,0.3,2.8,31.11,heavy,0,0.5,normal,60.0,53,45,35,40,dragon,slow,squiggle,purple,Soft Tissue Pokémon,"The weakest Dragon-type Pokémon, it lives in damp, shady places, so its body doesn’t dry out.",goomy --> sliggoo --> goodra,3,1,0,1.0,0.5,0.5,0.5,0.5,2.0,1.0,1.0,1.0,1.0,1.0,1.0,1.0,1.0,2.0,1.0,1.0,2.0
705,sliggoo,sliggoo,6,dragon,,1,"sap-sipper, hydration",gooey,68,0.15,75,0.17,53,0.12,83,0.18,113,0.25,60,0.13,452,sp_defense,158,234,average,377.56,4,slightly_specialized,0.58,mid_tier,0.58,mid_tier,3,4,0,-1.0,neutral,bulky_attacker,neutral-bulky_attacker,0.8,17.5,27.34,average,0,0.5,normal,158.0,51,45,35,40,dragon,slow,squiggle,purple,Soft Tissue Pokémon,"It drives away opponents by excreting a sticky liquid that can dissolve anything. Its eyes devolved, so it can’t see anything.",goomy --> sliggoo --> goodra,3,2,0,1.0,0.5,0.5,0.5,0.5,2.0,1.0,1.0,1.0,1.0,1.0,1.0,1.0,1.0,2.0,1.0,1.0,2.0
705,sliggoo,sliggoo-hisui,6,steel,dragon,2,"sap-sipper, shell-armor",gooey,58,0.13,75,0.17,83,0.18,83,0.18,113,0.25,40,0.09,452,sp_defense,158,254,slow,514.22,5,specialized,0.58,mid_tier,0.58,mid_tier,2,9,1,4.0,iron,bulky_attacker,iron-bulky_attacker,0.7,68.5,139.8,very_heavy,0,0.5,normal,158.0,47,45,35,40,dragon,slow,squiggle,purple,Soft Tissue Pokémon,"It drives away opponents by excreting a sticky liquid that can dissolve anything. Its eyes devolved, so it can’t see anything.",goomy --> sliggoo --> goodra,3,2,0,0.5,1.0,0.5,0.5,0.25,1.0,2.0,0.0,2.0,0.5,0.5,0.5,0.5,1.0,1.0,1.0,0.5,1.0
706,goodra,goodra,6,dragon,,1,"sap-sipper, hydration",gooey,90,0.15,100,0.17,70,0.12,110,0.18,150,0.25,80,0.13,600,sp_defense,210,310,average,666.67,5,specialized,0.91,top_tier,0.91,top_tier,3,4,0,-1.0,neutral,bulky_attacker,neutral-bulky_attacker,2.0,150.5,37.62,heavy,0,0.5,normal,270.0,86,45,35,40,dragon,slow,upright,purple,Dragon Pokémon,"This very friendly Dragon-type Pokémon will hug its beloved Trainer, leaving that Trainer covered in sticky slime.",goomy --> sliggoo --> goodra,3,3,1,1.0,0.5,0.5,0.5,0.5,2.0,1.0,1.0,1.0,1.0,1.0,1.0,1.0,1.0,2.0,1.0,1.0,2.0
706,goodra,goodra-hisui,6,steel,dragon,2,"sap-sipper, shell-armor",gooey,80,0.13,100,0.17,100,0.17,110,0.18,150,0.25,60,0.1,600,sp_defense,210,330,average,766.67,5,specialized,0.91,top_tier,0.91,top_tier,2,9,1,4.0,iron,bulky_attacker,iron-bulky_attacker,1.7,334.1,115.61,very_heavy,0,0.5,normal,270.0,69,45,35,40,dragon,slow,upright,purple,Dragon Pokémon,"This very friendly Dragon-type Pokémon will hug its beloved Trainer, leaving that Trainer covered in sticky slime.",goomy --> sliggoo --> goodra,3,3,1,0.5,1.0,0.5,0.5,0.25,1.0,2.0,0.0,2.0,0.5,0.5,0.5,0.5,1.0,1.0,1.0,0.5,1.0
707,klefki,klefki,6,steel,fairy,2,prankster,magician,57,0.12,80,0.17,91,0.19,80,0.17,87,0.19,75,0.16,470,defense,160,235,average,117.89,2,balanced,0.6,mid_tier,0.6,mid_tier,2,9,2,5.5,iron,bulky_attacker,iron-bulky_attacker,0.2,3.0,75.0,very_heavy,0,0.5,normal,165.0,65,75,70,20,mineral,fast,ball,gray,Key Ring Pokémon,These key collectors threaten any attackers by fiercely jingling their keys at them.,klefki,1,0,0,0.5,2.0,1.0,1.0,0.5,0.5,1.0,0.0,2.0,0.5,0.5,0.25,0.5,1.0,0.0,0.5,1.0,0.5
708,phantump,phantump,6,ghost,grass,2,"natural-cure, frisk",harvest,43,0.14,70,0.23,48,0.16,50,0.16,60,0.19,38,0.12,309,attack,120,151,slow,113.92,2,balanced,0.3,lower_mid_tier,0.3,lower_mid_tier,5,4,2,0.0,neutral,slow_attacker,neutral-slow_attacker,0.4,7.0,43.75,very_heavy,0,0.5,normal,62.0,84,120,70,20,"plant, indeterminate",medium,arms,brown,Stump Pokémon,These Pokémon are created when spirits possess rotten tree stumps. They prefer to live in abandoned forests.,phantump --> trevenant,2,1,0,0.0,2.0,0.5,0.5,0.5,2.0,0.0,1.0,0.5,2.0,1.0,1.0,1.0,2.0,1.0,2.0,1.0,1.0
709,trevenant,trevenant,6,ghost,grass,2,"natural-cure, frisk",harvest,85,0.18,110,0.23,76,0.16,65,0.14,82,0.17,56,0.12,474,attack,175,243,slow,290.0,3,slightly_specialized,0.66,upper_mid_tier,0.66,upper_mid_tier,5,4,2,0.0,neutral,bulky_attacker,neutral-bulky_attacker,1.5,71.0,31.56,heavy,0,0.5,normal,166.0,99,60,70,20,"plant, indeterminate",medium,tentacles,brown,Elder Tree Pokémon,"It can control trees at will. It will trap people who harm the forest, so they can never leave.",phantump --> trevenant,2,2,1,0.0,2.0,0.5,0.5,0.5,2.0,0.0,1.0,0.5,2.0,1.0,1.0,1.0,2.0,1.0,2.0,1.0,1.0
710,pumpkaboo,pumpkaboo-average,6,ghost,grass,2,"pickup, frisk",insomnia,49,0.15,66,0.2,70,0.21,44,0.13,55,0.16,51,0.15,335,defense,110,174,slow,85.81,1,balanced,0.34,lower_mid_tier,0.34,lower_mid_tier,5,4,2,0.0,neutral,midrange,neutral-midrange,0.4,5.0,31.25,heavy,0,0.5,normal,67.0,73,120,70,20,indeterminate,medium,ball,brown,Pumpkin Pokémon,"The pumpkin body is inhabited by a spirit trapped in this world. As the sun sets, it becomes restless and active.",pumpkaboo --> gourgeist,2,1,0,0.0,2.0,0.5,0.5,0.5,2.0,0.0,1.0,0.5,2.0,1.0,1.0,1.0,2.0,1.0,2.0,1.0,1.0
710,pumpkaboo,pumpkaboo-small,6,ghost,grass,2,"pickup, frisk",insomnia,44,0.13,66,0.2,70,0.21,44,0.13,55,0.16,56,0.17,335,defense,110,169,slow,97.47,1,balanced,0.34,lower_mid_tier,0.34,lower_mid_tier,5,4,2,0.0,neutral,fragile,neutral-fragile,0.3,3.5,38.89,heavy,0,0.5,normal,67.0,73,120,70,20,indeterminate,medium,ball,brown,Pumpkin Pokémon,"The pumpkin body is inhabited by a spirit trapped in this world. As the sun sets, it becomes restless and active.",pumpkaboo --> gourgeist,2,1,0,0.0,2.0,0.5,0.5,0.5,2.0,0.0,1.0,0.5,2.0,1.0,1.0,1.0,2.0,1.0,2.0,1.0,1.0
710,pumpkaboo,pumpkaboo-large,6,ghost,grass,2,"pickup, frisk",insomnia,54,0.16,66,0.2,70,0.21,44,0.13,55,0.16,46,0.14,335,defense,110,179,slow,90.81,1,balanced,0.34,lower_mid_tier,0.34,lower_mid_tier,5,4,2,0.0,neutral,midrange,neutral-midrange,0.5,7.5,30.0,heavy,0,0.5,normal,67.0,73,120,70,20,indeterminate,medium,ball,brown,Pumpkin Pokémon,"The pumpkin body is inhabited by a spirit trapped in this world. As the sun sets, it becomes restless and active.",pumpkaboo --> gourgeist,2,1,0,0.0,2.0,0.5,0.5,0.5,2.0,0.0,1.0,0.5,2.0,1.0,1.0,1.0,2.0,1.0,2.0,1.0,1.0
710,pumpkaboo,pumpkaboo-super,6,ghost,grass,2,"pickup, frisk",insomnia,59,0.18,66,0.2,70,0.21,44,0.13,55,0.16,41,0.12,335,defense,110,184,slow,112.47,2,balanced,0.34,lower_mid_tier,0.34,lower_mid_tier,5,4,2,0.0,neutral,slow_attacker,neutral-slow_attacker,0.8,15.0,23.44,average,0,0.5,normal,67.0,73,120,70,20,indeterminate,medium,ball,brown,Pumpkin Pokémon,"The pumpkin body is inhabited by a spirit trapped in this world. As the sun sets, it becomes restless and active.",pumpkaboo --> gourgeist,2,1,0,0.0,2.0,0.5,0.5,0.5,2.0,0.0,1.0,0.5,2.0,1.0,1.0,1.0,2.0,1.0,2.0,1.0,1.0
711,gourgeist,gourgeist-average,6,ghost,grass,2,"pickup, frisk",insomnia,65,0.13,90,0.18,122,0.25,58,0.12,75,0.15,84,0.17,494,defense,148,262,average,430.22,4,slightly_specialized,0.7,upper_mid_tier,0.7,upper_mid_tier,5,4,2,0.0,neutral,bulky,neutral-bulky,0.9,12.5,15.43,light,0,0.5,normal,173.0,77,60,70,20,indeterminate,medium,blob,brown,Pumpkin Pokémon,"Singing in eerie voices, they wander town streets on the night of the new moon. Anyone who hears their song is cursed.",pumpkaboo --> gourgeist,2,2,1,0.0,2.0,0.5,0.5,0.5,2.0,0.0,1.0,0.5,2.0,1.0,1.0,1.0,2.0,1.0,2.0,1.0,1.0
711,gourgeist,gourgeist-small,6,ghost,grass,2,"pickup, frisk",insomnia,55,0.11,85,0.17,122,0.25,58,0.12,75,0.15,99,0.2,494,defense,143,252,average,541.89,5,specialized,0.7,upper_mid_tier,0.7,upper_mid_tier,5,4,2,0.0,neutral,bulky_speedster,neutral-bulky_speedster,0.7,9.5,19.39,light,0,0.5,normal,173.0,77,60,70,20,indeterminate,medium,blob,brown,Pumpkin Pokémon,"Singing in eerie voices, they wander town streets on the night of the new moon. Anyone who hears their song is cursed.",pumpkaboo --> gourgeist,2,2,1,0.0,2.0,0.5,0.5,0.5,2.0,0.0,1.0,0.5,2.0,1.0,1.0,1.0,2.0,1.0,2.0,1.0,1.0
711,gourgeist,gourgeist-large,6,ghost,grass,2,"pickup, frisk",insomnia,75,0.15,95,0.19,122,0.25,58,0.12,75,0.15,69,0.14,494,defense,153,272,average,435.22,4,slightly_specialized,0.7,upper_mid_tier,0.7,upper_mid_tier,5,4,2,0.0,neutral,bulky,neutral-bulky,1.1,14.0,11.57,very_light,0,0.5,normal,173.0,77,60,70,20,indeterminate,medium,blob,brown,Pumpkin Pokémon,"Singing in eerie voices, they wander town streets on the night of the new moon. Anyone who hears their song is cursed.",pumpkaboo --> gourgeist,2,2,1,0.0,2.0,0.5,0.5,0.5,2.0,0.0,1.0,0.5,2.0,1.0,1.0,1.0,2.0,1.0,2.0,1.0,1.0
711,gourgeist,gourgeist-super,6,ghost,grass,2,"pickup, frisk",insomnia,85,0.17,100,0.2,122,0.25,58,0.12,75,0.15,54,0.11,494,defense,158,282,slow,556.89,5,specialized,0.7,upper_mid_tier,0.7,upper_mid_tier,5,4,2,0.0,neutral,bulky_attacker,neutral-bulky_attacker,1.7,39.0,13.49,light,0,0.5,normal,173.0,77,60,70,20,indeterminate,medium,blob,brown,Pumpkin Pokémon,"Singing in eerie voices, they wander town streets on the night of the new moon. Anyone who hears their song is cursed.",pumpkaboo --> gourgeist,2,2,1,0.0,2.0,0.5,0.5,0.5,2.0,0.0,1.0,0.5,2.0,1.0,1.0,1.0,2.0,1.0,2.0,1.0,1.0
712,bergmite,bergmite,6,ice,,1,"own-tempo, ice-body",sturdy,55,0.18,69,0.23,85,0.28,32,0.11,35,0.12,28,0.09,304,defense,101,175,slow,440.22,4,slightly_specialized,0.28,lower_mid_tier,0.28,lower_mid_tier,4,1,0,-3.5,frail,slow_attacker,frail-slow_attacker,1.0,99.5,99.5,very_heavy,0,0.5,normal,61.0,63,190,70,20,"monster, mineral",medium,quadruped,blue,Ice Chunk Pokémon,It blocks opponents’ attacks with the ice that shields its body. It uses cold air to repair any cracks with new ice.,bergmite --> avalugg,2,1,0,1.0,2.0,1.0,1.0,1.0,0.5,2.0,1.0,1.0,1.0,1.0,1.0,2.0,1.0,1.0,1.0,2.0,1.0
713,avalugg,avalugg,6,ice,,1,"own-tempo, ice-body",sturdy,95,0.18,117,0.23,184,0.36,44,0.09,46,0.09,28,0.05,514,defense,161,325,slow,2895.56,5,extreme,0.78,upper_mid_tier,0.78,upper_mid_tier,4,1,0,-3.5,frail,bulky_attacker,frail-bulky_attacker,2.0,505.0,126.25,very_heavy,0,0.5,normal,180.0,74,55,70,20,"monster, mineral",medium,quadruped,blue,Iceberg Pokémon,Its ice-covered body is as hard as steel. Its cumbersome frame crushes anything that stands in its way.,bergmite --> avalugg,2,2,1,1.0,2.0,1.0,1.0,1.0,0.5,2.0,1.0,1.0,1.0,1.0,1.0,2.0,1.0,1.0,1.0,2.0,1.0
713,avalugg,avalugg-hisui,6,ice,rock,2,"strong-jaw, ice-body",sturdy,95,0.18,127,0.25,184,0.36,34,0.07,36,0.07,38,0.07,514,defense,161,315,slow,3145.56,5,extreme,0.78,upper_mid_tier,0.78,upper_mid_tier,6,4,0,-4.0,frail,bulky_attacker,frail-bulky_attacker,1.4,262.4,133.88,very_heavy,0,0.5,normal,180.0,58,55,70,20,"monster, mineral",medium,quadruped,blue,Iceberg Pokémon,Its ice-covered body is as hard as steel. Its cumbersome frame crushes anything that stands in its way.,bergmite --> avalugg,2,2,1,0.5,1.0,2.0,1.0,2.0,0.5,4.0,0.5,2.0,0.5,1.0,1.0,2.0,1.0,1.0,1.0,4.0,1.0
714,noibat,noibat,6,flying,dragon,2,"frisk, infiltrator",telepathy,40,0.16,30,0.12,35,0.14,45,0.18,40,0.16,55,0.22,245,speed,75,115,slow,61.81,1,balanced,0.23,lower_mid_tier,0.23,lower_mid_tier,4,5,1,0.0,neutral,fragile,neutral-fragile,0.5,8.0,32.0,heavy,0,0.5,normal,49.0,72,190,70,20,"flying, dragon",medium,wings,purple,Sound Wave Pokémon,"They live in pitch-black caves. Their enormous ears can emit ultrasonic waves of 200,000 hertz.",noibat --> noivern,2,1,0,1.0,0.5,0.5,1.0,0.25,4.0,0.5,1.0,0.0,1.0,1.0,0.5,2.0,1.0,2.0,1.0,1.0,2.0
715,noivern,noivern,6,flying,dragon,2,"frisk, infiltrator",telepathy,85,0.16,70,0.13,80,0.15,97,0.18,80,0.15,123,0.23,535,speed,167,245,fast,293.14,3,slightly_specialized,0.83,top_tier,0.83,top_tier,4,5,1,0.0,neutral,juggernaut,neutral-juggernaut,1.5,85.0,37.78,heavy,0,0.5,normal,187.0,86,45,70,20,"flying, dragon",medium,wings,purple,Sound Wave Pokémon,They fly around on moonless nights and attack careless prey. Nothing can beat them in a battle in the dark.,noibat --> noivern,2,2,1,1.0,0.5,0.5,1.0,0.25,4.0,0.5,1.0,0.0,1.0,1.0,0.5,2.0,1.0,2.0,1.0,1.0,2.0
716,xerneas,xerneas-active,6,fairy,,1,fairy-aura,,126,0.19,131,0.19,95,0.14,131,0.19,98,0.14,99,0.15,680,attack,262,319,average,260.22,3,slightly_specialized,0.98,top_tier,0.98,top_tier,2,3,1,1.0,solid,juggernaut,solid-juggernaut,3.0,215.0,23.89,average,1,0.0,legendary,306.0,69,45,0,120,no-eggs,slow,quadruped,blue,Life Pokémon,Legends say it can share eternal life. It slept for a thousand years in the form of a tree before its revival.,xerneas,1,0,0,1.0,1.0,1.0,1.0,1.0,1.0,0.5,2.0,1.0,1.0,1.0,0.5,1.0,1.0,0.0,0.5,2.0,1.0
716,xerneas,xerneas-neutral,6,fairy,,1,fairy-aura,,126,0.19,131,0.19,95,0.14,131,0.19,98,0.14,99,0.15,680,attack,262,319,average,260.22,3,slightly_specialized,0.98,top_tier,0.98,top_tier,2,3,1,1.0,solid,juggernaut,solid-juggernaut,3.0,215.0,23.89,average,1,0.0,legendary,306.0,69,45,0,120,no-eggs,slow,quadruped,blue,Life Pokémon,Legends say it can share eternal life. It slept for a thousand years in the form of a tree before its revival.,xerneas,1,0,0,1.0,1.0,1.0,1.0,1.0,1.0,0.5,2.0,1.0,1.0,1.0,0.5,1.0,1.0,0.0,0.5,2.0,1.0
717,yveltal,yveltal,6,dark,flying,2,dark-aura,,126,0.19,131,0.19,95,0.14,131,0.19,98,0.14,99,0.15,680,attack,262,319,average,260.22,3,slightly_specialized,0.98,top_tier,0.98,top_tier,4,3,2,0.5,solid,juggernaut,solid-juggernaut,5.8,203.0,6.03,very_light,1,0.0,legendary,306.0,66,45,0,120,no-eggs,slow,wings,red,Destruction Pokémon,"When this legendary Pokémon’s wings and tail feathers spread wide and glow red, it absorbs the life force of living creatures.",yveltal,1,0,0,1.0,1.0,1.0,2.0,0.5,2.0,1.0,1.0,0.0,1.0,0.0,1.0,2.0,0.5,1.0,0.5,1.0,2.0
718,zygarde,zygarde-50,6,dragon,ground,2,aura-break,,108,0.18,100,0.17,121,0.2,81,0.14,95,0.16,95,0.16,600,defense,181,324,average,152.67,2,balanced,0.91,top_tier,0.91,top_tier,3,3,1,0.0,neutral,juggernaut,neutral-juggernaut,5.0,305.0,12.2,light,1,0.0,legendary,270.0,70,3,0,120,no-eggs,slow,squiggle,green,Order Pokémon,"When the Kalos region’s ecosystem falls into disarray, it appears and reveals its secret power.",zygarde,1,0,0,1.0,0.5,1.0,0.0,1.0,4.0,1.0,0.5,1.0,1.0,1.0,1.0,0.5,1.0,2.0,1.0,1.0,2.0
718,zygarde,zygarde-10-power-construct,6,dragon,ground,2,power-construct,,54,0.11,100,0.21,71,0.15,61,0.13,85,0.17,115,0.24,486,speed,161,210,fast,460.33,4,slightly_specialized,0.69,upper_mid_tier,0.69,upper_mid_tier,3,3,1,0.0,neutral,sweeper,neutral-sweeper,1.2,33.5,23.26,average,1,0.0,legendary,243.0,67,3,0,120,no-eggs,slow,squiggle,green,Order Pokémon,"When the Kalos region’s ecosystem falls into disarray, it appears and reveals its secret power.",zygarde,1,0,0,1.0,0.5,1.0,0.0,1.0,4.0,1.0,0.5,1.0,1.0,1.0,1.0,0.5,1.0,2.0,1.0,1.0,2.0
718,zygarde,zygarde-50-power-construct,6,dragon,ground,2,power-construct,,108,0.18,100,0.17,121,0.2,81,0.14,95,0.16,95,0.16,600,defense,181,324,average,152.67,2,balanced,0.91,top_tier,0.91,top_tier,3,3,1,0.0,neutral,juggernaut,neutral-juggernaut,5.0,305.0,12.2,light,1,0.0,legendary,300.0,67,3,0,120,no-eggs,slow,squiggle,green,Order Pokémon,"When the Kalos region’s ecosystem falls into disarray, it appears and reveals its secret power.",zygarde,1,0,0,1.0,0.5,1.0,0.0,1.0,4.0,1.0,0.5,1.0,1.0,1.0,1.0,0.5,1.0,2.0,1.0,1.0,2.0
718,zygarde,zygarde-complete,6,dragon,ground,2,power-construct,,216,0.31,100,0.14,121,0.17,91,0.13,95,0.13,85,0.12,708,hp,191,432,average,2047.33,5,extreme,0.99,top_tier,0.99,top_tier,3,3,1,0.0,neutral,bulky_attacker,neutral-bulky_attacker,4.5,610.0,30.12,heavy,1,0.0,legendary,354.0,67,3,0,120,no-eggs,slow,squiggle,green,Order Pokémon,"When the Kalos region’s ecosystem falls into disarray, it appears and reveals its secret power.",zygarde,1,0,0,1.0,0.5,1.0,0.0,1.0,4.0,1.0,0.5,1.0,1.0,1.0,1.0,0.5,1.0,2.0,1.0,1.0,2.0
718,zygarde,zygarde-10,6,dragon,ground,2,aura-break,,54,0.11,100,0.21,71,0.15,61,0.13,85,0.17,115,0.24,486,speed,161,210,fast,460.33,4,slightly_specialized,0.69,upper_mid_tier,0.69,upper_mid_tier,3,3,1,0.0,neutral,sweeper,neutral-sweeper,1.2,33.5,23.26,average,1,0.0,legendary,243.0,67,3,0,120,no-eggs,slow,squiggle,green,Order Pokémon,"When the Kalos region’s ecosystem falls into disarray, it appears and reveals its secret power.",zygarde,1,0,0,1.0,0.5,1.0,0.0,1.0,4.0,1.0,0.5,1.0,1.0,1.0,1.0,0.5,1.0,2.0,1.0,1.0,2.0
718,zygarde,zygarde-mega,6,dragon,ground,2,,,216,0.28,70,0.09,91,0.12,216,0.28,85,0.11,100,0.13,778,hp,286,392,fast,3806.22,5,extreme,1.0,top_tier,1.0,top_tier,3,3,1,0.0,neutral,juggernaut,neutral-juggernaut,7.7,610.0,10.29,very_light,1,0.0,legendary,,0,3,0,120,no-eggs,slow,squiggle,green,Order Pokémon,"When the Kalos region’s ecosystem falls into disarray, it appears and reveals its secret power.",zygarde,1,0,0,1.0,0.5,1.0,0.0,1.0,4.0,1.0,0.5,1.0,1.0,1.0,1.0,0.5,1.0,2.0,1.0,1.0,2.0
719,diancie,diancie,6,rock,fairy,2,clear-body,,50,0.08,100,0.17,150,0.25,100,0.17,150,0.25,50,0.08,600,defense,200,350,slow,1666.67,5,extreme,0.91,top_tier,0.91,top_tier,4,5,1,0.0,neutral,bulky_attacker,neutral-bulky_attacker,0.7,8.8,17.96,light,1,0.0,mythical,270.0,90,3,70,25,no-eggs,slow,arms,pink,Jewel Pokémon,"A sudden transformation of Carbink, its pink, glimmering body is said to be the loveliest sight in the whole world.",diancie,1,0,0,0.5,0.5,2.0,1.0,2.0,1.0,1.0,1.0,2.0,0.5,1.0,0.5,1.0,1.0,0.0,0.5,4.0,1.0
719,diancie,diancie-mega,6,rock,fairy,2,magic-bounce,,50,0.07,160,0.23,110,0.16,160,0.23,110,0.16,110,0.16,700,attack,320,270,fast,1388.89,5,highly_specialized,0.99,top_tier,0.99,top_tier,4,5,1,0.0,neutral,juggernaut,neutral-juggernaut,1.1,27.8,22.98,average,1,0.0,mythical,315.0,62,3,70,25,no-eggs,slow,arms,pink,Jewel Pokémon,"A sudden transformation of Carbink, its pink, glimmering body is said to be the loveliest sight in the whole world.",diancie,1,0,0,0.5,0.5,2.0,1.0,2.0,1.0,1.0,1.0,2.0,0.5,1.0,0.5,1.0,1.0,0.0,0.5,4.0,1.0
720,hoopa,hoopa,6,psychic,ghost,2,magician,,80,0.13,110,0.18,60,0.1,150,0.25,130,0.22,70,0.12,600,sp_attack,260,270,average,1066.67,5,highly_specialized,0.91,top_tier,0.91,top_tier,2,2,2,2.0,iron,bulky_attacker,iron-bulky_attacker,0.5,9.0,36.0,heavy,1,0.0,mythical,270.0,96,3,100,120,no-eggs,slow,arms,purple,Mischief Pokémon,"This troublemaker sends anything and everything to faraway places using its loop, which can warp space.",hoopa,1,0,0,0.0,1.0,1.0,1.0,1.0,1.0,0.0,0.5,1.0,1.0,0.5,1.0,1.0,4.0,1.0,4.0,1.0,1.0
720,hoopa,hoopa-unbound,6,psychic,dark,2,magician,,80,0.12,160,0.24,60,0.09,170,0.25,130,0.19,80,0.12,680,sp_attack,330,270,average,1788.89,5,extreme,0.98,top_tier,0.98,top_tier,2,0,1,-0.5,neutral,bulky_attacker,neutral-bulky_attacker,6.5,490.0,11.6,very_light,1,0.0,mythical,306.0,96,3,100,120,no-eggs,slow,arms,purple,Mischief Pokémon,"This troublemaker sends anything and everything to faraway places using its loop, which can warp space.",hoopa,1,0,0,1.0,1.0,1.0,1.0,1.0,1.0,1.0,1.0,1.0,1.0,0.0,4.0,1.0,1.0,1.0,1.0,1.0,2.0
721,volcanion,volcanion,6,fire,water,2,water-absorb,,80,0.13,110,0.18,120,0.2,130,0.22,90,0.15,70,0.12,600,sp_attack,240,290,average,466.67,4,slightly_specialized,0.91,top_tier,0.91,top_tier,3,5,0,-0.5,neutral,bulky_attacker,neutral-bulky_attacker,1.7,195.0,67.47,very_heavy,1,0.0,mythical,270.0,82,3,100,120,no-eggs,slow,quadruped,brown,Steam Pokémon,It lets out billows of steam and disappears into the dense fog. It’s said to live in mountains where humans do not tread.,volcanion,1,0,0,1.0,0.25,1.0,2.0,1.0,0.25,1.0,1.0,2.0,1.0,1.0,0.5,2.0,1.0,1.0,1.0,0.25,0.5
