pokedex_id,species_name,name,generation,type1,type2,type_count,abilities,hidden_abilities,hp,hp_ratio,attack,attack_ratio,defense,defense_ratio,sp_attack,sp_attack_ratio,sp_defense,sp_defense_ratio,speed,speed_ratio,base_stat_total,dominant_stat,offense,bulk,speed_tier,stat_variance,stat_variance_quantile,stat_specialization,bst_percentile_gen,bst_gen_class,bst_percentile_all,bst_all_class,weakness_count,resistance_count,immunity_count,typing_defense_score,typing_defense_class,battle_archetypes,combat_profile,height_m,weight_kg,mass_index,mass_index_class,is_genderless,female_ratio,pokemon_class,base_experience,moves_count,capture_rate,base_happiness,hatch_counter,egg_groups,growth_rate,shape,color,genus,flavor_text,evolution_line,evolution_chain_length,evolution_stage,is_final_evolution,against_normal,against_fire,against_water,against_electric,against_grass,against_ice,against_fighting,against_poison,against_ground,against_flying,against_psychic,against_bug,against_rock,against_ghost,against_dragon,against_dark,against_steel,against_fairy
252,treecko,treecko,3,grass,,1,overgrow,unburden,40,0.13,45,0.15,35,0.11,65,0.21,55,0.18,70,0.23,310,speed,110,130,average,163.89,2,balanced,0.24,lower_mid_tier,0.24,lower_mid_tier,5,4,0,-3.0,frail,fragile,frail-fragile,0.5,5.0,20.0,light,0,0.125,normal,62.0,98,45,70,20,"monster, dragon",medium-slow,upright,green,Wood Gecko Pokémon,TREECKO has small hooks on the bottom of its feet that enable it to scale vertical walls. This POKéMON attacks by slamming foes with its thick tail.,treecko --> grovyle --> sceptile,3,1,0,1.0,2.0,0.5,0.5,0.5,2.0,1.0,2.0,0.5,2.0,1.0,2.0,1.0,1.0,1.0,1.0,1.0,1.0
253,grovyle,grovyle,3,grass,,1,overgrow,unburden,50,0.12,65,0.16,45,0.11,85,0.21,65,0.16,95,0.23,405,speed,150,160,average,314.58,3,slightly_specialized,0.39,lower_mid_tier,0.39,lower_mid_tier,5,4,0,-3.0,frail,midrange,frail-midrange,0.9,21.6,26.67,average,0,0.125,normal,142.0,100,45,70,20,"monster, dragon",medium-slow,upright,green,Wood Gecko Pokémon,The leaves growing out of GROVYLE’s body are convenient for camouflaging it from enemies in the forest. This POKéMON is a master at climbing trees in jungles.,treecko --> grovyle --> sceptile,3,2,0,1.0,2.0,0.5,0.5,0.5,2.0,1.0,2.0,0.5,2.0,1.0,2.0,1.0,1.0,1.0,1.0,1.0,1.0
254,sceptile,sceptile,3,grass,,1,overgrow,unburden,70,0.13,85,0.16,65,0.12,105,0.2,85,0.16,120,0.23,530,speed,190,220,fast,363.89,3,slightly_specialized,0.76,upper_mid_tier,0.76,upper_mid_tier,5,4,0,-3.0,frail,sweeper,frail-sweeper,1.7,52.2,18.06,light,0,0.125,normal,239.0,121,45,70,20,"monster, dragon",medium-slow,upright,green,Forest Pokémon,The leaves growing on SCEPTILE’s body are very sharp edged. This POKéMON is very agile - it leaps all over the branches of trees and jumps on its foe from above or behind.,treecko --> grovyle --> sceptile,3,3,1,1.0,2.0,0.5,0.5,0.5,2.0,1.0,2.0,0.5,2.0,1.0,2.0,1.0,1.0,1.0,1.0,1.0,1.0
254,sceptile,sceptile-mega,3,grass,dragon,2,lightning-rod,,70,0.11,110,0.17,75,0.12,145,0.23,85,0.13,145,0.23,630,sp_attack,255,230,fast,958.33,5,highly_specialized,0.92,top_tier,0.92,top_tier,6,4,0,-4.0,frail,sweeper,frail-sweeper,1.9,55.2,15.29,very_light,0,0.125,normal,284.0,80,45,70,20,"monster, dragon",medium-slow,upright,green,Forest Pokémon,The leaves growing on SCEPTILE’s body are very sharp edged. This POKéMON is very agile - it leaps all over the branches of trees and jumps on its foe from above or behind.,treecko --> grovyle --> sceptile,3,3,1,1.0,1.0,0.25,0.25,0.25,4.0,1.0,2.0,0.5,2.0,1.0,2.0,1.0,1.0,2.0,1.0,1.0,2.0
255,torchic,torchic,3,fire,,1,blaze,speed-boost,45,0.15,60,0.19,40,0.13,70,0.23,50,0.16,45,0.15,310,sp_attack,130,135,slow,105.56,1,balanced,0.24,lower_mid_tier,0.24,lower_mid_tier,3,6,0,0.0,neutral,weak_slow,neutral-weak_slow,0.4,2.5,15.62,light,0,0.125,normal,62.0,82,45,70,20,ground,medium-slow,legs,red,Chick Pokémon,"TORCHIC sticks with its TRAINER, following behind with unsteady steps. This POKéMON breathes fire of over 1,800 degrees F, including fireballs that leave the foe scorched black.",torchic --> combusken --> blaziken,3,1,0,1.0,0.5,2.0,1.0,0.5,0.5,1.0,1.0,2.0,1.0,1.0,0.5,2.0,1.0,1.0,1.0,0.5,0.5
256,combusken,combusken,3,fire,fighting,2,blaze,speed-boost,60,0.15,85,0.21,60,0.15,85,0.21,60,0.15,55,0.14,405,attack,170,180,slow,156.25,2,balanced,0.39,lower_mid_tier,0.39,lower_mid_tier,4,6,0,-1.0,exposed,midrange,exposed-midrange,0.9,19.5,24.07,average,0,0.125,normal,142.0,101,45,70,20,ground,medium-slow,upright,red,Young Fowl Pokémon,"COMBUSKEN toughens up its legs and thighs by running through fields and mountains. This POKéMON’s legs possess both speed and power, enabling it to dole out ten kicks in one second.",torchic --> combusken --> blaziken,3,2,0,1.0,0.5,2.0,1.0,0.5,0.5,1.0,1.0,2.0,2.0,2.0,0.25,1.0,1.0,1.0,0.5,0.5,1.0
257,blaziken,blaziken,3,fire,fighting,2,blaze,speed-boost,80,0.15,120,0.23,70,0.13,110,0.21,70,0.13,80,0.15,530,attack,230,220,average,380.56,3,slightly_specialized,0.76,upper_mid_tier,0.76,upper_mid_tier,4,6,0,-1.0,exposed,sweeper,exposed-sweeper,1.9,52.0,14.4,very_light,0,0.125,normal,239.0,122,45,70,20,ground,medium-slow,upright,red,Blaze Pokémon,"In battle, BLAZIKEN blows out intense flames from its wrists and attacks foes courageously. The stronger the foe, the more intensely this POKéMON’s wrists burn.",torchic --> combusken --> blaziken,3,3,1,1.0,0.5,2.0,1.0,0.5,0.5,1.0,1.0,2.0,2.0,2.0,0.25,1.0,1.0,1.0,0.5,0.5,1.0
257,blaziken,blaziken-mega,3,fire,fighting,2,speed-boost,,80,0.13,160,0.25,80,0.13,130,0.21,80,0.13,100,0.16,630,attack,290,240,fast,925.0,5,highly_specialized,0.92,top_tier,0.92,top_tier,4,6,0,-1.0,exposed,juggernaut,exposed-juggernaut,1.9,52.0,14.4,very_light,0,0.125,normal,284.0,80,45,70,20,ground,medium-slow,upright,red,Blaze Pokémon,"In battle, BLAZIKEN blows out intense flames from its wrists and attacks foes courageously. The stronger the foe, the more intensely this POKéMON’s wrists burn.",torchic --> combusken --> blaziken,3,3,1,1.0,0.5,2.0,1.0,0.5,0.5,1.0,1.0,2.0,2.0,2.0,0.25,1.0,1.0,1.0,0.5,0.5,1.0
258,mudkip,mudkip,3,water,,1,torrent,damp,50,0.16,70,0.23,50,0.16,50,0.16,50,0.16,40,0.13,310,attack,120,150,slow,80.56,1,balanced,0.24,lower_mid_tier,0.24,lower_mid_tier,2,4,0,0.0,neutral,weak_slow,neutral-weak_slow,0.4,7.6,47.5,heavy,0,0.125,normal,62.0,85,45,70,20,"monster, water1",medium-slow,quadruped,blue,Mud Fish Pokémon,"The fin on MUDKIP’s head acts as highly sensitive radar. Using this fin to sense movements of water and air, this POKéMON can determine what is taking place around it without using its eyes.",mudkip --> marshtomp --> swampert,3,1,0,1.0,0.5,0.5,2.0,2.0,0.5,1.0,1.0,1.0,1.0,1.0,1.0,1.0,1.0,1.0,1.0,0.5,1.0
259,marshtomp,marshtomp,3,water,ground,2,torrent,damp,70,0.17,85,0.21,70,0.17,60,0.15,70,0.17,50,0.12,405,attack,145,210,slow,114.58,1,balanced,0.39,lower_mid_tier,0.39,lower_mid_tier,1,4,1,2.5,iron,slow_attacker,iron-slow_attacker,0.7,28.0,57.14,heavy,0,0.125,normal,142.0,96,45,70,20,"monster, water1",medium-slow,upright,blue,Mud Fish Pokémon,"The surface of MARSHTOMP’s body is enveloped by a thin, sticky film that enables it to live on land. This POKéMON plays in mud on beaches when the ocean tide is low.",mudkip --> marshtomp --> swampert,3,2,0,1.0,0.5,1.0,0.0,4.0,1.0,1.0,0.5,1.0,1.0,1.0,1.0,0.5,1.0,1.0,1.0,0.5,1.0
260,swampert,swampert,3,water,ground,2,torrent,damp,100,0.19,110,0.21,90,0.17,85,0.16,90,0.17,60,0.11,535,attack,195,280,average,236.81,2,slightly_specialized,0.77,upper_mid_tier,0.77,upper_mid_tier,1,4,1,2.5,iron,bulky_attacker,iron-bulky_attacker,1.5,81.9,36.4,heavy,0,0.125,normal,241.0,116,45,70,20,"monster, water1",medium-slow,upright,blue,Mud Fish Pokémon,SWAMPERT is very strong. It has enough power to easily drag a boulder weighing more than a ton. This POKéMON also has powerful vision that lets it see even in murky water.,mudkip --> marshtomp --> swampert,3,3,1,1.0,0.5,1.0,0.0,4.0,1.0,1.0,0.5,1.0,1.0,1.0,1.0,0.5,1.0,1.0,1.0,0.5,1.0
260,swampert,swampert-mega,3,water,ground,2,swift-swim,,100,0.16,150,0.24,110,0.17,95,0.15,110,0.17,70,0.11,635,attack,245,320,average,570.14,4,specialized,0.93,top_tier,0.93,top_tier,1,4,1,2.5,iron,bulky_attacker,iron-bulky_attacker,1.9,102.0,28.25,average,0,0.125,normal,286.0,69,45,70,20,"monster, water1",medium-slow,upright,blue,Mud Fish Pokémon,SWAMPERT is very strong. It has enough power to easily drag a boulder weighing more than a ton. This POKéMON also has powerful vision that lets it see even in murky water.,mudkip --> marshtomp --> swampert,3,3,1,1.0,0.5,1.0,0.0,4.0,1.0,1.0,0.5,1.0,1.0,1.0,1.0,0.5,1.0,1.0,1.0,0.5,1.0
261,poochyena,poochyena,3,dark,,1,"run-away, quick-feet",rattled,35,0.16,55,0.25,35,0.16,30,0.14,30,0.14,35,0.16,220,attack,85,100,slow,72.22,1,balanced,0.05,bottom_tier,0.05,bottom_tier,3,2,1,-0.5,neutral,weak_slow,neutral-weak_slow,0.5,13.6,54.4,heavy,0,0.5,normal,56.0,77,255,70,15,ground,medium,quadruped,gray,Bite Pokémon,"At first sight, POOCHYENA takes a bite at anything that moves. This POKéMON chases after prey until the victim becomes exhausted. However, it may turn tail if the prey strikes back.",poochyena --> mightyena,2,1,0,1.0,1.0,1.0,1.0,1.0,1.0,2.0,1.0,1.0,1.0,0.0,2.0,1.0,0.5,1.0,0.5,1.0,2.0
262,mightyena,mightyena,3,dark,,1,"intimidate, quick-feet",moxie,70,0.17,90,0.21,70,0.17,60,0.14,60,0.14,70,0.17,420,attack,150,200,average,100.0,1,balanced,0.44,mid_tier,0.44,mid_tier,3,2,1,-0.5,neutral,balanced,neutral-balanced,1.0,37.0,37.0,heavy,0,0.5,normal,147.0,80,127,70,15,ground,medium,quadruped,gray,Bite Pokémon,MIGHTYENA gives obvious signals when it is preparing to attack. It starts to growl deeply and then flattens its body. This POKéMON will bite savagely with its sharply pointed fangs.,poochyena --> mightyena,2,2,1,1.0,1.0,1.0,1.0,1.0,1.0,2.0,1.0,1.0,1.0,0.0,2.0,1.0,0.5,1.0,0.5,1.0,2.0
263,zigzagoon,zigzagoon,3,normal,,1,"pickup, gluttony",quick-feet,38,0.16,30,0.12,41,0.17,30,0.12,41,0.17,60,0.25,240,speed,60,120,average,101.0,1,balanced,0.08,bottom_tier,0.08,bottom_tier,1,0,1,0.5,solid,fragile,solid-fragile,0.4,17.5,109.37,very_heavy,0,0.5,normal,56.0,81,255,70,15,ground,medium,quadruped,brown,Tiny Raccoon Pokémon,ZIGZAGOON restlessly wanders everywhere at all times. This POKéMON does so because it is very curious. It becomes interested in anything that it happens to see.,zigzagoon --> linoone --> obstagoon,3,1,0,1.0,1.0,1.0,1.0,1.0,1.0,2.0,1.0,1.0,1.0,1.0,1.0,1.0,0.0,1.0,1.0,1.0,1.0
263,zigzagoon,zigzagoon-galar,3,dark,normal,2,"pickup, gluttony",quick-feet,38,0.16,30,0.12,41,0.17,30,0.12,41,0.17,60,0.25,240,speed,60,120,average,101.0,1,balanced,0.08,bottom_tier,0.08,bottom_tier,3,1,2,0.5,solid,fragile,solid-fragile,0.4,17.5,109.37,very_heavy,0,0.5,normal,56.0,56,255,70,15,ground,medium,quadruped,brown,Tiny Raccoon Pokémon,ZIGZAGOON restlessly wanders everywhere at all times. This POKéMON does so because it is very curious. It becomes interested in anything that it happens to see.,zigzagoon --> linoone --> obstagoon,3,1,0,1.0,1.0,1.0,1.0,1.0,1.0,4.0,1.0,1.0,1.0,0.0,2.0,1.0,0.0,1.0,0.5,1.0,2.0
264,linoone,linoone,3,normal,,1,"pickup, gluttony",quick-feet,78,0.19,70,0.17,61,0.15,50,0.12,61,0.15,100,0.24,420,speed,120,200,fast,254.33,3,slightly_specialized,0.44,mid_tier,0.44,mid_tier,1,0,1,0.5,solid,midrange,solid-midrange,0.5,32.5,130.0,very_heavy,0,0.5,normal,147.0,88,90,70,15,ground,medium,quadruped,white,Rushing Pokémon,"LINOONE always runs full speed and only in straight lines. If facing an obstacle, it makes a right-angle turn to evade it. This POKéMON is very challenged by gently curving roads.",zigzagoon --> linoone --> obstagoon,3,2,0,1.0,1.0,1.0,1.0,1.0,1.0,2.0,1.0,1.0,1.0,1.0,1.0,1.0,0.0,1.0,1.0,1.0,1.0
264,linoone,linoone-galar,3,dark,normal,2,"pickup, gluttony",quick-feet,78,0.19,70,0.17,61,0.15,50,0.12,61,0.15,100,0.24,420,speed,120,200,fast,254.33,3,slightly_specialized,0.44,mid_tier,0.44,mid_tier,3,1,2,0.5,solid,midrange,solid-midrange,0.5,32.5,130.0,very_heavy,0,0.5,normal,147.0,63,90,70,15,ground,medium,quadruped,white,Rushing Pokémon,"LINOONE always runs full speed and only in straight lines. If facing an obstacle, it makes a right-angle turn to evade it. This POKéMON is very challenged by gently curving roads.",zigzagoon --> linoone --> obstagoon,3,2,0,1.0,1.0,1.0,1.0,1.0,1.0,4.0,1.0,1.0,1.0,0.0,2.0,1.0,0.0,1.0,0.5,1.0,2.0
265,wurmple,wurmple,3,bug,,1,shield-dust,run-away,45,0.23,45,0.23,35,0.18,20,0.1,30,0.15,20,0.1,195,hp,65,110,slow,106.25,1,balanced,0.01,bottom_tier,0.01,bottom_tier,3,3,0,-1.5,exposed,weak_slow,exposed-weak_slow,0.3,3.6,40.0,heavy,0,0.5,normal,56.0,6,255,70,15,bug,medium,armor,red,Worm Pokémon,"Using the spikes on its rear end,   WURMPLE peels the bark off trees and feeds on the sap that oozes out. This POKéMON’s feet are tipped with suction pads that allow it to cling to glass without slipping.",wurmple --> silcoon --> beautifly,3,1,0,1.0,2.0,1.0,1.0,0.5,1.0,0.5,1.0,0.5,2.0,1.0,1.0,2.0,1.0,1.0,1.0,1.0,1.0
266,silcoon,silcoon,3,bug,,1,shed-skin,,50,0.24,35,0.17,55,0.27,25,0.12,25,0.12,15,0.07,205,defense,60,130,slow,203.47,2,slightly_specialized,0.03,bottom_tier,0.03,bottom_tier,3,3,0,-1.5,exposed,weak_slow,exposed-weak_slow,0.6,10.0,27.78,average,0,0.5,normal,72.0,7,120,70,15,bug,medium,ball,white,Cocoon Pokémon,"SILCOON tethers itself to a tree branch using silk to keep from falling. There,  this POKéMON hangs quietly while it awaits evolution. It peers out of the silk cocoon through a small hole.",wurmple --> silcoon --> beautifly,3,2,0,1.0,2.0,1.0,1.0,0.5,1.0,0.5,1.0,0.5,2.0,1.0,1.0,2.0,1.0,1.0,1.0,1.0,1.0
267,beautifly,beautifly,3,bug,flying,2,swarm,rivalry,60,0.15,70,0.18,50,0.13,100,0.25,50,0.13,65,0.16,395,sp_attack,170,160,average,286.81,3,slightly_specialized,0.35,lower_mid_tier,0.35,lower_mid_tier,5,3,1,-2.0,frail,midrange,frail-midrange,1.0,28.4,28.4,average,0,0.5,normal,178.0,66,45,70,15,bug,medium,bug-wings,yellow,Butterfly Pokémon,"BEAUTIFLY’s favorite food is the sweet pollen of flowers. If you want to see this POKéMON, just leave a potted flower by an open window. BEAUTIFLY is sure to come looking for pollen.",wurmple --> silcoon --> beautifly,3,3,1,1.0,2.0,1.0,2.0,0.25,2.0,0.25,1.0,0.0,2.0,1.0,0.5,4.0,1.0,1.0,1.0,1.0,1.0
268,cascoon,cascoon,3,bug,,1,shed-skin,,50,0.24,35,0.17,55,0.27,25,0.12,25,0.12,15,0.07,205,defense,60,130,slow,203.47,2,slightly_specialized,0.03,bottom_tier,0.03,bottom_tier,3,3,0,-1.5,exposed,weak_slow,exposed-weak_slow,0.7,11.5,23.47,light,0,0.5,normal,72.0,7,120,70,15,bug,medium,ball,purple,Cocoon Pokémon,"CASCOON makes its protective cocoon by wrapping its body entirely with a fine silk from its mouth. Once the silk goes around its body, it hardens. This POKéMON prepares for its evolution inside the cocoon.",wurmple --> silcoon --> beautifly,3,2,0,1.0,2.0,1.0,1.0,0.5,1.0,0.5,1.0,0.5,2.0,1.0,1.0,2.0,1.0,1.0,1.0,1.0,1.0
269,dustox,dustox,3,bug,poison,2,shield-dust,compound-eyes,60,0.16,50,0.13,70,0.18,50,0.13,90,0.23,65,0.17,385,sp_defense,100,220,average,186.81,2,balanced,0.35,lower_mid_tier,0.35,lower_mid_tier,4,5,0,-1.5,exposed,midrange,exposed-midrange,1.2,31.6,21.94,light,0,0.5,normal,173.0,66,45,70,15,bug,medium,bug-wings,green,Poison Moth Pokémon,"DUSTOX is instinctively drawn to light. Swarms of this POKéMON are attracted by the bright lights of cities, where they wreak havoc by stripping the leaves off roadside trees for food.",wurmple --> silcoon --> beautifly,3,3,1,1.0,2.0,1.0,1.0,0.25,1.0,0.25,0.5,1.0,2.0,2.0,0.5,2.0,1.0,1.0,1.0,1.0,0.5
270,lotad,lotad,3,water,grass,2,"swift-swim, rain-dish",own-tempo,40,0.18,30,0.14,30,0.14,40,0.18,50,0.23,30,0.14,220,sp_defense,70,120,slow,55.56,1,balanced,0.05,bottom_tier,0.05,bottom_tier,3,3,0,-1.5,exposed,weak_slow,exposed-weak_slow,0.5,2.6,10.4,very_light,0,0.5,normal,44.0,72,255,70,15,"water1, plant",medium-slow,armor,green,Water Weed Pokémon,"It searches about for clean water. If it does not drink water for too long, the leaf on its head wilts.",lotad --> lombre --> ludicolo,3,1,0,1.0,1.0,0.25,1.0,1.0,1.0,1.0,2.0,0.5,2.0,1.0,2.0,1.0,1.0,1.0,1.0,0.5,1.0
271,lombre,lombre,3,water,grass,2,"swift-swim, rain-dish",own-tempo,60,0.18,50,0.15,50,0.15,60,0.18,70,0.21,50,0.15,340,sp_defense,110,180,slow,55.56,1,balanced,0.29,lower_mid_tier,0.29,lower_mid_tier,3,3,0,-1.5,exposed,weak_slow,exposed-weak_slow,1.2,32.5,22.57,light,0,0.5,normal,119.0,97,120,70,15,"water1, plant",medium-slow,humanoid,green,Jolly Pokémon,It lives at the water’s edge where it is sunny. It sleeps on a bed of water grass by day and becomes active at night.,lotad --> lombre --> ludicolo,3,2,0,1.0,1.0,0.25,1.0,1.0,1.0,1.0,2.0,0.5,2.0,1.0,2.0,1.0,1.0,1.0,1.0,0.5,1.0
272,ludicolo,ludicolo,3,water,grass,2,"swift-swim, rain-dish",own-tempo,80,0.17,70,0.15,70,0.15,90,0.19,100,0.21,70,0.15,480,sp_defense,160,250,average,133.33,1,balanced,0.66,upper_mid_tier,0.66,upper_mid_tier,3,3,0,-1.5,exposed,bulky,exposed-bulky,1.5,55.0,24.44,average,0,0.5,normal,216.0,104,45,70,15,"water1, plant",medium-slow,humanoid,green,Carefree Pokémon,"LUDICOLO begins dancing as soon as it hears cheerful, festive music. This POKéMON is said to appear when it hears the singing of children on hiking outings.",lotad --> lombre --> ludicolo,3,3,1,1.0,1.0,0.25,1.0,1.0,1.0,1.0,2.0,0.5,2.0,1.0,2.0,1.0,1.0,1.0,1.0,0.5,1.0
273,seedot,seedot,3,grass,,1,"chlorophyll, early-bird",pickpocket,40,0.18,40,0.18,50,0.23,30,0.14,30,0.14,30,0.14,220,defense,70,120,slow,55.56,1,balanced,0.05,bottom_tier,0.05,bottom_tier,5,4,0,-3.0,frail,weak_slow,frail-weak_slow,0.5,4.0,16.0,light,0,0.5,normal,44.0,75,255,70,15,"ground, plant",medium-slow,legs,brown,Acorn Pokémon,"SEEDOT attaches itself to a tree branch using the top of its head. It sucks moisture from the tree while hanging off the branch. The more water it drinks, the glossier this POKéMON’s body becomes.",seedot --> nuzleaf --> shiftry,3,1,0,1.0,2.0,0.5,0.5,0.5,2.0,1.0,2.0,0.5,2.0,1.0,2.0,1.0,1.0,1.0,1.0,1.0,1.0
274,nuzleaf,nuzleaf,3,grass,dark,2,"chlorophyll, early-bird",pickpocket,70,0.21,70,0.21,40,0.12,60,0.18,40,0.12,60,0.18,340,hp,130,150,average,155.56,2,balanced,0.29,lower_mid_tier,0.29,lower_mid_tier,7,6,1,-2.5,frail,fragile,frail-fragile,1.0,28.0,28.0,average,0,0.5,normal,119.0,108,120,70,15,"ground, plant",medium-slow,humanoid,brown,Wily Pokémon,NUZLEAF live in densely overgrown forests. They occasionally venture out of the forest to startle people. This POKéMON dislikes having its long nose pinched.,seedot --> nuzleaf --> shiftry,3,2,0,1.0,2.0,0.5,0.5,0.5,2.0,2.0,2.0,0.5,2.0,0.0,4.0,1.0,0.5,1.0,0.5,1.0,2.0
275,shiftry,shiftry,3,grass,dark,2,"chlorophyll, wind-rider",pickpocket,90,0.19,100,0.21,60,0.12,90,0.19,60,0.12,80,0.17,480,attack,190,210,average,233.33,2,slightly_specialized,0.66,upper_mid_tier,0.66,upper_mid_tier,7,6,1,-2.5,frail,sweeper,frail-sweeper,1.3,59.6,35.27,heavy,0,0.5,normal,216.0,136,45,70,15,"ground, plant",medium-slow,humanoid,brown,Wicked Pokémon,It lives quietly in the deep forest. It is said to create chilly winter winds with the fans it holds.,seedot --> nuzleaf --> shiftry,3,3,1,1.0,2.0,0.5,0.5,0.5,2.0,2.0,2.0,0.5,2.0,0.0,4.0,1.0,0.5,1.0,0.5,1.0,2.0
276,taillow,taillow,3,normal,flying,2,guts,scrappy,40,0.15,55,0.2,30,0.11,30,0.11,30,0.11,85,0.31,270,speed,85,100,average,400.0,3,slightly_specialized,0.12,bottom_tier,0.12,bottom_tier,3,2,2,1.0,solid,fragile,solid-fragile,0.3,2.3,25.56,average,0,0.5,normal,54.0,61,200,70,15,flying,medium-slow,wings,blue,Tiny Swallow Pokémon,"TAILLOW courageously stands its ground against foes, however strong they may be. This gutsy POKéMON will remain defiant even after a loss. On the other hand, it cries loudly if it becomes hungry.",taillow --> swellow,2,1,0,1.0,1.0,1.0,2.0,0.5,2.0,1.0,1.0,0.0,1.0,1.0,0.5,2.0,0.0,1.0,1.0,1.0,1.0
277,swellow,swellow,3,normal,flying,2,guts,scrappy,60,0.13,85,0.19,60,0.13,75,0.16,50,0.11,125,0.27,455,speed,160,170,fast,611.81,4,specialized,0.52,mid_tier,0.52,mid_tier,3,2,2,1.0,solid,midrange,solid-midrange,0.7,19.8,40.41,heavy,0,0.5,normal,159.0,57,45,70,15,flying,medium-slow,wings,blue,Swallow Pokémon,"SWELLOW flies high above our heads, making graceful arcs in the sky. This POKéMON dives at a steep angle as soon as it spots its prey. The hapless prey is tightly grasped by SWELLOW’s clawed feet, preventing escape.",taillow --> swellow,2,2,1,1.0,1.0,1.0,2.0,0.5,2.0,1.0,1.0,0.0,1.0,1.0,0.5,2.0,0.0,1.0,1.0,1.0,1.0
278,wingull,wingull,3,water,flying,2,"keen-eye, hydration",rain-dish,40,0.15,30,0.11,30,0.11,55,0.2,30,0.11,85,0.31,270,speed,85,100,average,400.0,3,slightly_specialized,0.12,bottom_tier,0.12,bottom_tier,2,5,1,2.0,iron,fragile,iron-fragile,0.6,9.5,26.39,average,0,0.5,normal,54.0,78,190,70,20,"water1, flying",medium,wings,white,Seagull Pokémon,WINGULL has the habit of carrying prey and valuables in its beak and hiding them in all sorts of locations. This POKéMON rides the winds and flies as if it were skating across the sky.,wingull --> pelipper,2,1,0,1.0,0.5,0.5,4.0,1.0,1.0,0.5,1.0,0.0,1.0,1.0,0.5,2.0,1.0,1.0,1.0,0.5,1.0
279,pelipper,pelipper,3,water,flying,2,"keen-eye, drizzle",rain-dish,60,0.14,50,0.11,100,0.23,95,0.22,70,0.16,65,0.15,440,defense,145,230,average,330.56,3,slightly_specialized,0.5,mid_tier,0.5,mid_tier,2,5,1,2.0,iron,balanced,iron-balanced,1.2,28.0,19.44,light,0,0.5,normal,154.0,87,45,70,20,"water1, flying",medium,wings,yellow,Water Bird Pokémon,"It is a messenger of the skies, carrying small Pokémon and eggs to safety in its bill.",wingull --> pelipper,2,2,1,1.0,0.5,0.5,4.0,1.0,1.0,0.5,1.0,0.0,1.0,1.0,0.5,2.0,1.0,1.0,1.0,0.5,1.0
280,ralts,ralts,3,psychic,fairy,2,"synchronize, trace",telepathy,28,0.14,25,0.13,25,0.13,45,0.23,35,0.18,40,0.2,198,sp_attack,70,88,slow,58.33,1,balanced,0.02,bottom_tier,0.02,bottom_tier,3,2,1,-0.5,neutral,weak_slow,neutral-weak_slow,0.4,6.6,41.25,heavy,0,0.5,normal,40.0,105,235,35,20,"humanshape, indeterminate",slow,humanoid,white,Feeling Pokémon,"RALTS senses the emotions of people using the horns on its head. This POKéMON rarely appears before people. But when it does, it draws closer if it senses that the person has a positive disposition.",ralts --> kirlia --> gardevoir,3,1,0,1.0,1.0,1.0,1.0,1.0,1.0,0.25,2.0,1.0,1.0,0.5,1.0,1.0,2.0,0.0,1.0,2.0,1.0
281,kirlia,kirlia,3,psychic,fairy,2,"synchronize, trace",telepathy,38,0.14,35,0.13,35,0.13,65,0.23,55,0.2,50,0.18,278,sp_attack,100,128,slow,127.22,1,balanced,0.13,bottom_tier,0.13,bottom_tier,3,2,1,-0.5,neutral,weak_slow,neutral-weak_slow,0.8,20.2,31.56,average,0,0.5,normal,97.0,98,120,35,20,"humanshape, indeterminate",slow,humanoid,white,Emotion Pokémon,It is said that a KIRLIA that is exposed to the positive emotions of its TRAINER grows beautiful. This POKéMON controls psychokinetic powers with its highly developed brain.,ralts --> kirlia --> gardevoir,3,2,0,1.0,1.0,1.0,1.0,1.0,1.0,0.25,2.0,1.0,1.0,0.5,1.0,1.0,2.0,0.0,1.0,2.0,1.0
282,gardevoir,gardevoir,3,psychic,fairy,2,"synchronize, trace",telepathy,68,0.13,65,0.13,65,0.13,125,0.24,115,0.22,80,0.15,518,sp_attack,190,248,average,600.56,4,specialized,0.74,upper_mid_tier,0.74,upper_mid_tier,3,2,1,-0.5,neutral,juggernaut,neutral-juggernaut,1.6,48.4,18.91,light,0,0.5,normal,233.0,115,45,35,20,"humanshape, indeterminate",slow,humanoid,white,Embrace Pokémon,"GARDEVOIR has the ability to read the future. If it senses impending danger to its TRAINER, this POKéMON is said to unleash its psychokinetic energy at full power.",ralts --> kirlia --> gardevoir,3,3,1,1.0,1.0,1.0,1.0,1.0,1.0,0.25,2.0,1.0,1.0,0.5,1.0,1.0,2.0,0.0,1.0,2.0,1.0
282,gardevoir,gardevoir-mega,3,psychic,fairy,2,pixilate,,68,0.11,85,0.14,65,0.11,165,0.27,135,0.22,100,0.16,618,sp_attack,250,268,fast,1311.67,5,highly_specialized,0.91,top_tier,0.91,top_tier,3,2,1,-0.5,neutral,juggernaut,neutral-juggernaut,1.6,48.4,18.91,light,0,0.5,normal,278.0,81,45,35,20,"humanshape, indeterminate",slow,humanoid,white,Embrace Pokémon,"GARDEVOIR has the ability to read the future. If it senses impending danger to its TRAINER, this POKéMON is said to unleash its psychokinetic energy at full power.",ralts --> kirlia --> gardevoir,3,3,1,1.0,1.0,1.0,1.0,1.0,1.0,0.25,2.0,1.0,1.0,0.5,1.0,1.0,2.0,0.0,1.0,2.0,1.0
283,surskit,surskit,3,bug,water,2,swift-swim,rain-dish,40,0.15,30,0.11,32,0.12,50,0.19,52,0.19,65,0.24,269,speed,80,124,average,148.81,2,balanced,0.11,bottom_tier,0.11,bottom_tier,3,5,0,-0.5,neutral,fragile,neutral-fragile,0.5,1.7,6.8,very_light,0,0.5,normal,54.0,74,200,70,15,"water1, bug",medium,armor,blue,Pond Skater Pokémon,"From the tips of its feet, SURSKIT secretes an oil that enables it to walk on water as if it were skating. This POKéMON feeds on microscopic organisms in ponds and lakes.",surskit --> masquerain,2,1,0,1.0,1.0,0.5,2.0,1.0,0.5,0.5,1.0,0.5,2.0,1.0,1.0,2.0,1.0,1.0,1.0,0.5,1.0
284,masquerain,masquerain,3,bug,flying,2,intimidate,unnerve,70,0.15,60,0.13,62,0.14,100,0.22,82,0.18,80,0.18,454,sp_attack,160,214,average,185.89,2,balanced,0.51,mid_tier,0.51,mid_tier,5,3,1,-2.0,frail,midrange,frail-midrange,0.8,3.6,5.62,very_light,0,0.5,normal,159.0,94,75,70,15,"water1, bug",medium,bug-wings,blue,Eyeball Pokémon,MASQUERAIN intimidates enemies with the eyelike patterns on its antennas. This POKéMON flaps its four wings to freely fly in any direction - even sideways and backwards - as if it were a helicopter.,surskit --> masquerain,2,2,1,1.0,2.0,1.0,2.0,0.25,2.0,0.25,1.0,0.0,2.0,1.0,0.5,4.0,1.0,1.0,1.0,1.0,1.0
285,shroomish,shroomish,3,grass,,1,"effect-spore, poison-heal",quick-feet,60,0.2,40,0.14,60,0.2,40,0.14,60,0.2,35,0.12,295,hp,80,180,slow,120.14,1,balanced,0.17,bottom_tier,0.17,bottom_tier,5,4,0,-3.0,frail,weak_slow,frail-weak_slow,0.4,4.5,28.12,average,0,0.5,normal,59.0,63,255,70,15,"fairy, plant",fast-then-very-slow,legs,brown,Mushroom Pokémon,"SHROOMISH live in damp soil in the dark depths of forests. They are often found keeping still under fallen leaves. This POKéMON feeds on compost that is made up of fallen, rotted leaves.",shroomish --> breloom,2,1,0,1.0,2.0,0.5,0.5,0.5,2.0,1.0,2.0,0.5,2.0,1.0,2.0,1.0,1.0,1.0,1.0,1.0,1.0
286,breloom,breloom,3,grass,fighting,2,"effect-spore, poison-heal",technician,60,0.13,130,0.28,80,0.17,60,0.13,60,0.13,70,0.15,460,attack,190,200,average,622.22,4,specialized,0.57,mid_tier,0.57,mid_tier,6,6,0,-3.0,frail,attacker,frail-attacker,1.2,39.2,27.22,average,0,0.5,normal,161.0,103,90,70,15,"fairy, plant",fast-then-very-slow,upright,green,Mushroom Pokémon,"BRELOOM closes in on its foe with light and sprightly footwork, then throws punches with its stretchy arms. This POKéMON’s fighting technique puts boxers to shame.",shroomish --> breloom,2,2,1,1.0,2.0,0.5,0.5,0.5,2.0,1.0,2.0,0.5,4.0,2.0,1.0,0.5,1.0,1.0,0.5,1.0,2.0
287,slakoth,slakoth,3,normal,,1,truant,,60,0.21,60,0.21,60,0.21,35,0.12,35,0.12,30,0.11,280,hp,95,155,slow,180.56,2,balanced,0.13,bottom_tier,0.13,bottom_tier,1,0,1,0.5,solid,weak_slow,solid-weak_slow,0.8,24.0,37.5,heavy,0,0.5,normal,56.0,96,255,70,15,ground,slow,quadruped,brown,Slacker Pokémon,"SLAKOTH lolls around for over twenty hours every day. Because it moves so little, it does not need much food. This POKéMON’s sole daily meal consists of just three leaves.",slakoth --> vigoroth --> slaking,3,1,0,1.0,1.0,1.0,1.0,1.0,1.0,2.0,1.0,1.0,1.0,1.0,1.0,1.0,0.0,1.0,1.0,1.0,1.0
288,vigoroth,vigoroth,3,normal,,1,vital-spirit,,80,0.18,80,0.18,80,0.18,55,0.12,55,0.12,90,0.2,440,speed,135,215,average,180.56,2,balanced,0.5,mid_tier,0.5,mid_tier,1,0,1,0.5,solid,midrange,solid-midrange,1.4,46.5,23.72,light,0,0.5,normal,154.0,113,120,70,15,ground,slow,upright,white,Wild Monkey Pokémon,VIGOROTH is always itching and agitated to go on a wild rampage. It simply can’t tolerate sitting still for even a minute. This POKéMON’s stress level rises if it can’t be moving constantly.,slakoth --> vigoroth --> slaking,3,2,0,1.0,1.0,1.0,1.0,1.0,1.0,2.0,1.0,1.0,1.0,1.0,1.0,1.0,0.0,1.0,1.0,1.0,1.0
289,slaking,slaking,3,normal,,1,truant,,150,0.22,160,0.24,100,0.15,95,0.14,65,0.1,100,0.15,670,attack,255,315,fast,1088.89,5,highly_specialized,0.95,top_tier,0.95,top_tier,1,0,1,0.5,solid,juggernaut,solid-juggernaut,2.0,130.5,32.62,average,0,0.5,normal,252.0,127,45,70,15,ground,slow,humanoid,brown,Lazy Pokémon,"SLAKING spends all day lying down and lolling about. It eats grass growing within its reach. If it eats all the grass it can reach, this POKéMON reluctantly moves to another spot.",slakoth --> vigoroth --> slaking,3,3,1,1.0,1.0,1.0,1.0,1.0,1.0,2.0,1.0,1.0,1.0,1.0,1.0,1.0,0.0,1.0,1.0,1.0,1.0
290,nincada,nincada,3,bug,ground,2,compound-eyes,run-away,31,0.12,45,0.17,90,0.34,30,0.11,30,0.11,40,0.15,266,defense,75,151,slow,448.89,4,slightly_specialized,0.1,bottom_tier,0.1,bottom_tier,4,3,1,-1.0,exposed,weak_slow,exposed-weak_slow,0.5,5.5,22.0,light,0,0.5,normal,53.0,54,255,70,15,bug,slow-then-very-fast,armor,gray,Trainee Pokémon,NINCADA lives underground for many years in complete darkness. This POKéMON absorbs nutrients from the roots of trees. It stays motionless as it waits for evolution.,nincada --> ninjask,2,1,0,1.0,2.0,2.0,0.0,1.0,2.0,0.5,0.5,0.5,2.0,1.0,1.0,1.0,1.0,1.0,1.0,1.0,1.0
291,ninjask,ninjask,3,bug,flying,2,speed-boost,infiltrator,61,0.13,90,0.2,45,0.1,50,0.11,50,0.11,160,0.35,456,speed,140,156,fast,1631.67,5,extreme,0.54,mid_tier,0.54,mid_tier,5,3,1,-2.0,frail,midrange,frail-midrange,0.8,12.0,18.75,light,0,0.5,normal,160.0,69,120,70,15,bug,slow-then-very-fast,bug-wings,yellow,Ninja Pokémon,"NINJASK moves around at such a high speed that it cannot be seen, even while its crying can be clearly heard. For that reason, this POKéMON was long believed to be invisible.",nincada --> ninjask,2,2,1,1.0,2.0,1.0,2.0,0.25,2.0,0.25,1.0,0.0,2.0,1.0,0.5,4.0,1.0,1.0,1.0,1.0,1.0
292,shedinja,shedinja,3,bug,ghost,2,wonder-guard,,1,0.0,90,0.38,45,0.19,30,0.13,30,0.13,40,0.17,236,attack,120,76,slow,707.22,4,specialized,0.06,bottom_tier,0.06,bottom_tier,5,4,2,0.0,neutral,weak_slow,neutral-weak_slow,0.8,1.2,1.87,very_light,1,0.0,normal,83.0,66,45,70,15,mineral,slow-then-very-fast,blob,brown,Shed Pokémon,"SHEDINJA’s hard body doesn’t move - not even a twitch. In fact, its body appears to be merely a hollow shell. It is believed that this POKéMON will steal the spirit of anyone peering into its hollow body from its back.",nincada --> ninjask,2,2,1,0.0,2.0,1.0,1.0,0.5,1.0,0.0,0.5,0.5,2.0,1.0,0.5,2.0,2.0,1.0,2.0,1.0,1.0
293,whismur,whismur,3,normal,,1,soundproof,rattled,64,0.27,51,0.21,23,0.1,51,0.21,23,0.1,28,0.12,240,hp,102,110,slow,256.67,3,slightly_specialized,0.08,bottom_tier,0.08,bottom_tier,1,0,1,0.5,solid,weak_slow,solid-weak_slow,0.6,16.3,45.28,heavy,0,0.5,normal,48.0,72,190,70,20,"monster, ground",medium-slow,upright,pink,Whisper Pokémon,"Normally, WHISMUR’s voice is very quiet - it is barely audible even if one is paying close attention. However, if this POKéMON senses danger, it starts crying at an earsplitting volume.",whismur --> loudred --> exploud,3,1,0,1.0,1.0,1.0,1.0,1.0,1.0,2.0,1.0,1.0,1.0,1.0,1.0,1.0,0.0,1.0,1.0,1.0,1.0
294,loudred,loudred,3,normal,,1,soundproof,scrappy,84,0.23,71,0.2,43,0.12,71,0.2,43,0.12,48,0.13,360,hp,142,170,slow,256.67,3,slightly_specialized,0.32,lower_mid_tier,0.32,lower_mid_tier,1,0,1,0.5,solid,slow_attacker,solid-slow_attacker,1.0,40.5,40.5,heavy,0,0.5,normal,126.0,79,120,70,20,"monster, ground",medium-slow,upright,blue,Big Voice Pokémon,LOUDRED’s bellowing can completely decimate a wood-frame house. It uses its voice to punish its foes. This POKéMON’s round ears serve as loudspeakers.,whismur --> loudred --> exploud,3,2,0,1.0,1.0,1.0,1.0,1.0,1.0,2.0,1.0,1.0,1.0,1.0,1.0,1.0,0.0,1.0,1.0,1.0,1.0
295,exploud,exploud,3,normal,,1,soundproof,scrappy,104,0.21,91,0.19,63,0.13,91,0.19,73,0.15,68,0.14,490,hp,182,240,average,213.89,2,slightly_specialized,0.7,upper_mid_tier,0.7,upper_mid_tier,1,0,1,0.5,solid,bulky_attacker,solid-bulky_attacker,1.5,84.0,37.33,heavy,0,0.5,normal,221.0,94,45,70,20,"monster, ground",medium-slow,upright,blue,Loud Noise Pokémon,"EXPLOUD triggers earthquakes with the tremors it creates by bellowing. If this POKéMON violently inhales from the ports on its body, it’s a sign that it is preparing to let loose a huge bellow.",whismur --> loudred --> exploud,3,3,1,1.0,1.0,1.0,1.0,1.0,1.0,2.0,1.0,1.0,1.0,1.0,1.0,1.0,0.0,1.0,1.0,1.0,1.0
296,makuhita,makuhita,3,fighting,,1,"thick-fat, guts",sheer-force,72,0.3,60,0.25,30,0.13,20,0.08,30,0.13,25,0.11,237,hp,80,132,slow,374.58,3,slightly_specialized,0.07,bottom_tier,0.07,bottom_tier,3,3,0,-1.5,exposed,weak_slow,exposed-weak_slow,1.0,86.4,86.4,very_heavy,0,0.25,normal,47.0,100,180,70,20,humanshape,fast-then-very-slow,humanoid,yellow,Guts Pokémon,"MAKUHITA is tenacious - it will keep getting up and attacking its foe however many times it is knocked down. Every time it gets back up, this POKéMON stores more energy in its body for evolving.",makuhita --> hariyama,2,1,0,1.0,1.0,1.0,1.0,1.0,1.0,1.0,1.0,1.0,2.0,2.0,0.5,0.5,1.0,1.0,0.5,1.0,2.0
297,hariyama,hariyama,3,fighting,,1,"thick-fat, guts",sheer-force,144,0.3,120,0.25,60,0.13,40,0.08,60,0.13,50,0.11,474,hp,160,264,slow,1498.33,5,extreme,0.63,upper_mid_tier,0.63,upper_mid_tier,3,3,0,-1.5,exposed,tank,exposed-tank,2.3,253.8,47.98,heavy,0,0.25,normal,166.0,101,200,70,20,humanshape,fast-then-very-slow,humanoid,brown,Arm Thrust Pokémon,It has the habit of challenging others without hesitation to tests of strength. It’s been known to stand on train tracks and stop trains using forearm thrusts.,makuhita --> hariyama,2,2,1,1.0,1.0,1.0,1.0,1.0,1.0,1.0,1.0,1.0,2.0,2.0,0.5,0.5,1.0,1.0,0.5,1.0,2.0
298,azurill,azurill,3,normal,fairy,2,"thick-fat, huge-power",sap-sipper,50,0.26,20,0.11,40,0.21,20,0.11,40,0.21,20,0.11,190,hp,40,130,slow,147.22,2,balanced,0.01,bottom_tier,0.01,bottom_tier,2,2,2,2.0,iron,weak_slow,iron-weak_slow,0.2,2.0,50.0,heavy,0,0.75,normal,38.0,74,150,70,10,no-eggs,fast,legs,blue,Polka Dot Pokémon,A Pokémon that lives by water. It moves quickly on land by bouncing on its big tail.,azurill --> marill --> azumarill,3,1,0,1.0,1.0,1.0,1.0,1.0,1.0,1.0,2.0,1.0,1.0,1.0,0.5,1.0,0.0,0.0,0.5,2.0,1.0
299,nosepass,nosepass,3,rock,,1,"sturdy, magnet-pull",sand-force,30,0.08,45,0.12,135,0.36,45,0.12,90,0.24,30,0.08,375,defense,90,255,slow,1456.25,5,extreme,0.33,lower_mid_tier,0.33,lower_mid_tier,5,4,0,-3.0,frail,tank,frail-tank,1.0,97.0,97.0,very_heavy,0,0.5,normal,75.0,84,255,70,20,mineral,medium,humanoid,gray,Compass Pokémon,"NOSEPASS’s magnetic nose is always pointed to the north. If two of these POKéMON meet, they cannot turn their faces to each other when they are close because their magnetic noses repel one another.",nosepass --> probopass,2,1,0,0.5,0.5,2.0,1.0,2.0,1.0,2.0,0.5,2.0,0.5,1.0,1.0,1.0,1.0,1.0,1.0,2.0,1.0
300,skitty,skitty,3,normal,,1,"cute-charm, normalize",wonder-skin,50,0.19,45,0.17,45,0.17,35,0.13,35,0.13,50,0.19,260,hp,80,130,slow,38.89,1,balanced,0.09,bottom_tier,0.09,bottom_tier,1,0,1,0.5,solid,weak_slow,solid-weak_slow,0.6,11.0,30.56,average,0,0.75,normal,52.0,85,255,70,15,"ground, fairy",fast,quadruped,pink,Kitten Pokémon,SKITTY has the habit of becoming fascinated by moving objects and chasing them around. This POKéMON is known to chase after its own tail and become dizzy.,skitty --> delcatty,2,1,0,1.0,1.0,1.0,1.0,1.0,1.0,2.0,1.0,1.0,1.0,1.0,1.0,1.0,0.0,1.0,1.0,1.0,1.0
301,delcatty,delcatty,3,normal,,1,"cute-charm, normalize",wonder-skin,70,0.18,65,0.16,65,0.16,55,0.14,55,0.14,90,0.22,400,speed,120,190,average,138.89,2,balanced,0.37,lower_mid_tier,0.37,lower_mid_tier,1,0,1,0.5,solid,midrange,solid-midrange,1.1,32.6,26.94,average,0,0.75,normal,140.0,81,60,70,15,"ground, fairy",fast,quadruped,purple,Prim Pokémon,"DELCATTY prefers to live an unfettered existence in which it can do as it pleases at its own pace. Because this POKéMON eats and sleeps whenever it decides, its daily routines are completely random.",skitty --> delcatty,2,2,1,1.0,1.0,1.0,1.0,1.0,1.0,2.0,1.0,1.0,1.0,1.0,1.0,1.0,0.0,1.0,1.0,1.0,1.0
302,sableye,sableye,3,dark,ghost,2,"keen-eye, stall",prankster,50,0.13,75,0.2,75,0.2,65,0.17,65,0.17,50,0.13,380,attack,140,190,slow,105.56,1,balanced,0.34,lower_mid_tier,0.34,lower_mid_tier,1,1,3,4.0,iron,slow_attacker,iron-slow_attacker,0.5,11.0,44.0,heavy,0,0.5,normal,133.0,135,45,35,25,humanshape,medium-slow,humanoid,purple,Darkness Pokémon,"SABLEYE lead quiet lives deep inside caverns. They are feared, however, because these POKéMON are thought to steal the spirits of people when their eyes burn with a sinister glow in the darkness.",sableye,1,0,0,0.0,1.0,1.0,1.0,1.0,1.0,0.0,0.5,1.0,1.0,0.0,1.0,1.0,1.0,1.0,1.0,1.0,2.0
302,sableye,sableye-mega,3,dark,ghost,2,magic-bounce,,50,0.1,85,0.18,125,0.26,85,0.18,115,0.24,20,0.04,480,defense,170,290,slow,1300.0,5,highly_specialized,0.66,upper_mid_tier,0.66,upper_mid_tier,1,1,3,4.0,iron,tank,iron-tank,0.5,161.0,644.0,very_heavy,0,0.5,normal,168.0,93,45,35,25,humanshape,medium-slow,humanoid,purple,Darkness Pokémon,"SABLEYE lead quiet lives deep inside caverns. They are feared, however, because these POKéMON are thought to steal the spirits of people when their eyes burn with a sinister glow in the darkness.",sableye,1,0,0,0.0,1.0,1.0,1.0,1.0,1.0,0.0,0.5,1.0,1.0,0.0,1.0,1.0,1.0,1.0,1.0,1.0,2.0
303,mawile,mawile,3,steel,fairy,2,"hyper-cutter, intimidate",sheer-force,50,0.13,85,0.22,85,0.22,55,0.14,55,0.14,50,0.13,380,attack,140,190,slow,238.89,2,slightly_specialized,0.34,lower_mid_tier,0.34,lower_mid_tier,2,9,2,5.5,iron,slow_attacker,iron-slow_attacker,0.6,11.5,31.94,average,0,0.5,normal,133.0,109,45,70,20,"ground, fairy",fast,humanoid,black,Deceiver Pokémon,"MAWHILE’s huge jaws are actually steel horns that have been transformed. Its docile-looking face serves to lull its foe into letting down its guard. When the foe least expects it, MAWHILE chomps it with its gaping jaws.",mawile,1,0,0,0.5,2.0,1.0,1.0,0.5,0.5,1.0,0.0,2.0,0.5,0.5,0.25,0.5,1.0,0.0,0.5,1.0,0.5
303,mawile,mawile-mega,3,steel,fairy,2,huge-power,,50,0.1,105,0.22,125,0.26,55,0.11,95,0.2,50,0.1,480,defense,160,270,slow,883.33,5,specialized,0.66,upper_mid_tier,0.66,upper_mid_tier,2,9,2,5.5,iron,tank,iron-tank,1.0,23.5,23.5,light,0,0.5,normal,168.0,91,45,70,20,"ground, fairy",fast,humanoid,black,Deceiver Pokémon,"MAWHILE’s huge jaws are actually steel horns that have been transformed. Its docile-looking face serves to lull its foe into letting down its guard. When the foe least expects it, MAWHILE chomps it with its gaping jaws.",mawile,1,0,0,0.5,2.0,1.0,1.0,0.5,0.5,1.0,0.0,2.0,0.5,0.5,0.25,0.5,1.0,0.0,0.5,1.0,0.5
304,aron,aron,3,steel,rock,2,"sturdy, rock-head",heavy-metal,50,0.15,70,0.21,100,0.3,40,0.12,40,0.12,30,0.09,330,defense,110,190,slow,558.33,4,specialized,0.26,lower_mid_tier,0.26,lower_mid_tier,3,8,1,2.5,iron,slow_attacker,iron-slow_attacker,0.4,60.0,375.0,very_heavy,0,0.5,normal,66.0,74,180,35,35,monster,slow,quadruped,gray,Iron Armor Pokémon,"This POKéMON has a body of steel. To make its body, ARON feeds on iron ore that it digs from mountains. Occasionally, it causes major trouble by eating bridges and rails.",aron --> lairon --> aggron,3,1,0,0.25,1.0,2.0,1.0,1.0,0.5,4.0,0.0,4.0,0.25,0.5,0.5,0.5,1.0,0.5,1.0,1.0,0.5
305,lairon,lairon,3,steel,rock,2,"sturdy, rock-head",heavy-metal,60,0.14,90,0.21,140,0.33,50,0.12,50,0.12,40,0.09,430,defense,140,250,slow,1180.56,5,highly_specialized,0.48,mid_tier,0.48,mid_tier,3,8,1,2.5,iron,tank,iron-tank,0.9,120.0,148.15,very_heavy,0,0.5,normal,151.0,73,90,35,35,monster,slow,quadruped,gray,Iron Armor Pokémon,LAIRON tempers its steel body by drinking highly nutritious mineral springwater until it is bloated. This POKéMON makes its nest close to springs of delicious water.,aron --> lairon --> aggron,3,2,0,0.25,1.0,2.0,1.0,1.0,0.5,4.0,0.0,4.0,0.25,0.5,0.5,0.5,1.0,0.5,1.0,1.0,0.5
306,aggron,aggron,3,steel,rock,2,"sturdy, rock-head",heavy-metal,70,0.13,110,0.21,180,0.34,60,0.11,60,0.11,50,0.09,530,defense,170,310,slow,2047.22,5,extreme,0.76,upper_mid_tier,0.76,upper_mid_tier,3,8,1,2.5,iron,tank,iron-tank,2.1,360.0,81.63,very_heavy,0,0.5,normal,239.0,121,45,35,35,monster,slow,upright,gray,Iron Armor Pokémon,AGGRON claims an entire mountain as its own territory. It mercilessly beats up anything that violates its environment. This POKéMON vigilantly patrols its territory at all times.,aron --> lairon --> aggron,3,3,1,0.25,1.0,2.0,1.0,1.0,0.5,4.0,0.0,4.0,0.25,0.5,0.5,0.5,1.0,0.5,1.0,1.0,0.5
306,aggron,aggron-mega,3,steel,,1,filter,,70,0.11,140,0.22,230,0.37,60,0.1,80,0.13,50,0.08,630,defense,200,380,slow,3958.33,5,extreme,0.92,top_tier,0.92,top_tier,3,10,1,3.5,iron,bulky_attacker,iron-bulky_attacker,2.2,395.0,81.61,very_heavy,0,0.5,normal,284.0,92,45,35,35,monster,slow,upright,gray,Iron Armor Pokémon,AGGRON claims an entire mountain as its own territory. It mercilessly beats up anything that violates its environment. This POKéMON vigilantly patrols its territory at all times.,aron --> lairon --> aggron,3,3,1,0.5,2.0,1.0,1.0,0.5,0.5,2.0,0.0,2.0,0.5,0.5,0.5,0.5,1.0,0.5,1.0,0.5,0.5
307,meditite,meditite,3,fighting,psychic,2,pure-power,telepathy,30,0.11,40,0.14,55,0.2,40,0.14,55,0.2,60,0.21,280,speed,80,140,average,113.89,1,balanced,0.13,bottom_tier,0.13,bottom_tier,3,2,0,-2.0,frail,fragile,frail-fragile,0.6,11.2,31.11,average,0,0.5,normal,56.0,110,180,70,20,humanshape,medium,humanoid,blue,Meditate Pokémon,"MEDITITE undertakes rigorous mental training deep in the mountains. However, whenever it meditates, this POKéMON always loses its concentration and focus. As a result, its training never ends.",meditite --> medicham,2,1,0,1.0,1.0,1.0,1.0,1.0,1.0,0.5,1.0,1.0,2.0,1.0,1.0,0.5,2.0,1.0,1.0,1.0,2.0
308,medicham,medicham,3,fighting,psychic,2,pure-power,telepathy,60,0.15,60,0.15,75,0.18,60,0.15,75,0.18,80,0.2,410,speed,120,210,average,72.22,1,balanced,0.41,mid_tier,0.41,mid_tier,3,2,0,-2.0,frail,midrange,frail-midrange,1.3,31.5,18.64,light,0,0.5,normal,144.0,109,90,70,20,humanshape,medium,humanoid,red,Meditate Pokémon,"It is said that through meditation, MEDICHAM heightens energy inside its body and sharpens its sixth sense. This POKéMON hides its presence by merging itself with fields and mountains.",meditite --> medicham,2,2,1,1.0,1.0,1.0,1.0,1.0,1.0,0.5,1.0,1.0,2.0,1.0,1.0,0.5,2.0,1.0,1.0,1.0,2.0
308,medicham,medicham-mega,3,fighting,psychic,2,pure-power,,60,0.12,100,0.2,85,0.17,80,0.16,85,0.17,100,0.2,510,attack,180,230,fast,183.33,2,balanced,0.73,upper_mid_tier,0.73,upper_mid_tier,3,2,0,-2.0,frail,sweeper,frail-sweeper,1.3,31.5,18.64,light,0,0.5,normal,179.0,75,90,70,20,humanshape,medium,humanoid,red,Meditate Pokémon,"It is said that through meditation, MEDICHAM heightens energy inside its body and sharpens its sixth sense. This POKéMON hides its presence by merging itself with fields and mountains.",meditite --> medicham,2,2,1,1.0,1.0,1.0,1.0,1.0,1.0,0.5,1.0,1.0,2.0,1.0,1.0,0.5,2.0,1.0,1.0,1.0,2.0
309,electrike,electrike,3,electric,,1,"static, lightning-rod",minus,40,0.14,45,0.15,40,0.14,65,0.22,40,0.14,65,0.22,295,sp_attack,110,120,average,128.47,1,balanced,0.17,bottom_tier,0.17,bottom_tier,1,3,0,0.5,solid,fragile,solid-fragile,0.6,15.2,42.22,heavy,0,0.5,normal,59.0,65,120,70,20,ground,slow,quadruped,green,Lightning Pokémon,ELECTRIKE stores electricity in its long body hair. This POKéMON stimulates its leg muscles with electric charges. These jolts of power give its legs explosive acceleration performance.,electrike --> manectric,2,1,0,1.0,1.0,1.0,0.5,1.0,1.0,1.0,1.0,2.0,0.5,1.0,1.0,1.0,1.0,1.0,1.0,0.5,1.0
310,manectric,manectric,3,electric,,1,"static, lightning-rod",minus,70,0.15,75,0.16,60,0.13,105,0.22,60,0.13,105,0.22,475,sp_attack,180,190,fast,361.81,3,slightly_specialized,0.64,upper_mid_tier,0.64,upper_mid_tier,1,3,0,0.5,solid,sweeper,solid-sweeper,1.5,40.2,17.87,light,0,0.5,normal,166.0,70,45,70,20,ground,slow,quadruped,yellow,Discharge Pokémon,"MANECTRIC is constantly discharging electricity from its mane. The sparks sometimes ignite forest fires. When it enters a battle, this POKéMON creates thunderclouds.",electrike --> manectric,2,2,1,1.0,1.0,1.0,0.5,1.0,1.0,1.0,1.0,2.0,0.5,1.0,1.0,1.0,1.0,1.0,1.0,0.5,1.0
310,manectric,manectric-mega,3,electric,,1,intimidate,,70,0.12,75,0.13,80,0.14,135,0.23,80,0.14,135,0.23,575,sp_attack,210,230,fast,778.47,4,specialized,0.82,top_tier,0.82,top_tier,1,3,0,0.5,solid,sweeper,solid-sweeper,1.8,44.0,13.58,very_light,0,0.5,normal,201.0,51,45,70,20,ground,slow,quadruped,yellow,Discharge Pokémon,"MANECTRIC is constantly discharging electricity from its mane. The sparks sometimes ignite forest fires. When it enters a battle, this POKéMON creates thunderclouds.",electrike --> manectric,2,2,1,1.0,1.0,1.0,0.5,1.0,1.0,1.0,1.0,2.0,0.5,1.0,1.0,1.0,1.0,1.0,1.0,0.5,1.0
311,plusle,plusle,3,electric,,1,plus,lightning-rod,60,0.15,50,0.12,40,0.1,85,0.21,75,0.19,95,0.23,405,speed,135,175,average,372.92,3,slightly_specialized,0.39,lower_mid_tier,0.39,lower_mid_tier,1,3,0,0.5,solid,midrange,solid-midrange,0.4,4.2,26.25,average,0,0.5,normal,142.0,87,200,70,20,fairy,medium,upright,yellow,Cheering Pokémon,"PLUSLE always acts as a cheerleader for its partners. Whenever a teammate puts out a good effort in battle, this POKéMON shorts out its body to create the crackling noises of sparks to show its joy.",plusle,1,0,0,1.0,1.0,1.0,0.5,1.0,1.0,1.0,1.0,2.0,0.5,1.0,1.0,1.0,1.0,1.0,1.0,0.5,1.0
312,minun,minun,3,electric,,1,minus,volt-absorb,60,0.15,40,0.1,50,0.12,75,0.19,85,0.21,95,0.23,405,speed,115,195,average,372.92,3,slightly_specialized,0.39,lower_mid_tier,0.39,lower_mid_tier,1,3,0,0.5,solid,midrange,solid-midrange,0.4,4.2,26.25,average,0,0.5,normal,142.0,85,200,70,20,fairy,medium,upright,yellow,Cheering Pokémon,MINUN is more concerned about cheering on its partners than its own safety. It shorts out the electricity in its body to create brilliant showers of sparks to cheer on its teammates.,minun,1,0,0,1.0,1.0,1.0,0.5,1.0,1.0,1.0,1.0,2.0,0.5,1.0,1.0,1.0,1.0,1.0,1.0,0.5,1.0
313,volbeat,volbeat,3,bug,,1,"illuminate, swarm",prankster,65,0.15,73,0.17,75,0.17,47,0.11,85,0.2,85,0.2,430,sp_defense,120,225,average,170.22,2,balanced,0.48,mid_tier,0.48,mid_tier,3,3,0,-1.5,exposed,midrange,exposed-midrange,0.7,17.7,36.12,heavy,0,0.0,normal,151.0,90,150,70,15,"bug, humanshape",slow-then-very-fast,upright,gray,Firefly Pokémon,"With the arrival of night, VOLBEAT emits light from its tail. It communicates with others by adjusting the intensity and flashing of its light. This POKéMON is attracted by the sweet aroma of ILLUMISE.",volbeat,1,0,0,1.0,2.0,1.0,1.0,0.5,1.0,0.5,1.0,0.5,2.0,1.0,1.0,2.0,1.0,1.0,1.0,1.0,1.0
314,illumise,illumise,3,bug,,1,"oblivious, tinted-lens",prankster,65,0.15,47,0.11,75,0.17,73,0.17,85,0.2,85,0.2,430,sp_defense,120,225,average,170.22,2,balanced,0.48,mid_tier,0.48,mid_tier,3,3,0,-1.5,exposed,midrange,exposed-midrange,0.6,17.7,49.17,heavy,0,1.0,normal,151.0,94,150,70,15,"bug, humanshape",fast-then-very-slow,humanoid,purple,Firefly Pokémon,"With its sweet aroma, it guides Volbeat to draw signs with light in the night sky.",illumise,1,0,0,1.0,2.0,1.0,1.0,0.5,1.0,0.5,1.0,0.5,2.0,1.0,1.0,2.0,1.0,1.0,1.0,1.0,1.0
315,roselia,roselia,3,grass,poison,2,"natural-cure, poison-point",leaf-guard,50,0.12,60,0.15,45,0.11,100,0.25,80,0.2,65,0.16,400,sp_attack,160,175,average,347.22,3,slightly_specialized,0.37,lower_mid_tier,0.37,lower_mid_tier,4,5,0,-1.5,exposed,midrange,exposed-midrange,0.3,2.0,22.22,light,0,0.5,normal,140.0,76,150,70,20,"fairy, plant",medium-slow,humanoid,green,Thorn Pokémon,ROSELIA shoots sharp thorns as projectiles at any opponent that tries to steal the flowers on its arms. The aroma of this POKéMON brings serenity to living things.,budew --> roselia --> roserade,3,2,0,1.0,2.0,0.5,0.5,0.25,2.0,0.5,1.0,1.0,2.0,2.0,1.0,1.0,1.0,1.0,1.0,1.0,0.5
316,gulpin,gulpin,3,poison,,1,"liquid-ooze, sticky-hold",gluttony,70,0.23,43,0.14,53,0.18,43,0.14,53,0.18,40,0.13,302,hp,86,176,slow,102.56,1,balanced,0.21,lower_mid_tier,0.21,lower_mid_tier,2,5,0,0.5,solid,weak_slow,solid-weak_slow,0.4,10.3,64.37,very_heavy,0,0.5,normal,60.0,86,225,70,20,indeterminate,fast-then-very-slow,arms,green,Stomach Pokémon,"Virtually all of GULPIN’s body is its stomach. As a result, it can swallow something its own size. This POKéMON’s stomach contains a special fluid that digests anything.",gulpin --> swalot,2,1,0,1.0,1.0,1.0,1.0,0.5,1.0,0.5,0.5,2.0,1.0,2.0,0.5,1.0,1.0,1.0,1.0,1.0,0.5
317,swalot,swalot,3,poison,,1,"liquid-ooze, sticky-hold",gluttony,100,0.21,73,0.16,83,0.18,73,0.16,83,0.18,55,0.12,467,hp,146,266,slow,185.47,2,balanced,0.6,mid_tier,0.6,mid_tier,2,5,0,0.5,solid,bulky,solid-bulky,1.7,80.0,27.68,average,0,0.5,normal,163.0,90,75,70,20,indeterminate,fast-then-very-slow,arms,purple,Poison Bag Pokémon,"When SWALOT spots prey, it spurts out a hideously toxic fluid from its pores and sprays the target. Once the prey has weakened, this POKéMON gulps it down whole with its cavernous mouth.",gulpin --> swalot,2,2,1,1.0,1.0,1.0,1.0,0.5,1.0,0.5,0.5,2.0,1.0,2.0,0.5,1.0,1.0,1.0,1.0,1.0,0.5
318,carvanha,carvanha,3,water,dark,2,rough-skin,speed-boost,45,0.15,90,0.3,20,0.07,65,0.21,20,0.07,65,0.21,305,attack,155,85,average,645.14,4,specialized,0.22,lower_mid_tier,0.22,lower_mid_tier,5,6,1,-0.5,neutral,midrange,neutral-midrange,0.8,20.8,32.5,average,0,0.5,normal,61.0,70,225,35,20,water2,slow,fish,red,Savage Pokémon,CARVANHA’s strongly developed jaws and its sharply pointed fangs pack the destructive power to rip out boat hulls. Many boats have been attacked and sunk by this POKéMON.,carvanha --> sharpedo,2,1,0,1.0,0.5,0.5,2.0,2.0,0.5,2.0,1.0,1.0,1.0,0.0,2.0,1.0,0.5,1.0,0.5,0.5,2.0
319,sharpedo,sharpedo,3,water,dark,2,rough-skin,speed-boost,70,0.15,120,0.26,40,0.09,95,0.21,40,0.09,95,0.21,460,attack,215,150,average,880.56,5,specialized,0.57,mid_tier,0.57,mid_tier,5,6,1,-0.5,neutral,sweeper,neutral-sweeper,1.8,88.8,27.41,average,0,0.5,normal,161.0,82,60,35,20,water2,slow,fish,blue,Brutal Pokémon,"Nicknamed “the bully of the sea,” SHARPEDO is widely feared. Its cruel fangs grow back immediately if they snap off. Just one of these POKéMON can thoroughly tear apart a supertanker.",carvanha --> sharpedo,2,2,1,1.0,0.5,0.5,2.0,2.0,0.5,2.0,1.0,1.0,1.0,0.0,2.0,1.0,0.5,1.0,0.5,0.5,2.0
319,sharpedo,sharpedo-mega,3,water,dark,2,strong-jaw,,70,0.12,140,0.25,70,0.12,110,0.2,65,0.12,105,0.19,560,attack,250,205,fast,747.22,4,specialized,0.8,upper_mid_tier,0.8,upper_mid_tier,5,6,1,-0.5,neutral,sweeper,neutral-sweeper,2.5,130.3,20.85,light,0,0.5,normal,196.0,64,60,35,20,water2,slow,fish,blue,Brutal Pokémon,"Nicknamed “the bully of the sea,” SHARPEDO is widely feared. Its cruel fangs grow back immediately if they snap off. Just one of these POKéMON can thoroughly tear apart a supertanker.",carvanha --> sharpedo,2,2,1,1.0,0.5,0.5,2.0,2.0,0.5,2.0,1.0,1.0,1.0,0.0,2.0,1.0,0.5,1.0,0.5,0.5,2.0
320,wailmer,wailmer,3,water,,1,"water-veil, oblivious",pressure,130,0.32,70,0.18,35,0.09,70,0.18,35,0.09,60,0.15,400,hp,140,200,average,1013.89,5,highly_specialized,0.37,lower_mid_tier,0.37,lower_mid_tier,2,4,0,0.0,neutral,balanced,neutral-balanced,2.0,130.0,32.5,average,0,0.5,normal,80.0,68,125,70,40,"ground, water2",fast-then-very-slow,fish,blue,Ball Whale Pokémon,WAILMER’s nostrils are located above its eyes. This playful POKéMON loves to startle people by forcefully snorting out seawater it stores inside its body out of its nostrils.,wailmer --> wailord,2,1,0,1.0,0.5,0.5,2.0,2.0,0.5,1.0,1.0,1.0,1.0,1.0,1.0,1.0,1.0,1.0,1.0,0.5,1.0
321,wailord,wailord,3,water,,1,"water-veil, oblivious",pressure,170,0.34,90,0.18,45,0.09,90,0.18,45,0.09,60,0.12,500,hp,180,260,average,1847.22,5,extreme,0.72,upper_mid_tier,0.72,upper_mid_tier,2,4,0,0.0,neutral,bulky_attacker,neutral-bulky_attacker,14.5,398.0,1.89,very_light,0,0.5,normal,175.0,68,60,70,40,"ground, water2",fast-then-very-slow,fish,blue,Float Whale Pokémon,"WAILORD is the largest of all identified POKéMON up to now. This giant POKéMON swims languorously in the vast open sea, eating massive amounts of food at once with its enormous mouth.",wailmer --> wailord,2,2,1,1.0,0.5,0.5,2.0,2.0,0.5,1.0,1.0,1.0,1.0,1.0,1.0,1.0,1.0,1.0,1.0,0.5,1.0
322,numel,numel,3,fire,ground,2,"oblivious, simple",own-tempo,60,0.2,60,0.2,40,0.13,65,0.21,45,0.15,35,0.11,305,sp_attack,125,145,slow,128.47,1,balanced,0.22,lower_mid_tier,0.22,lower_mid_tier,2,5,1,2.0,iron,weak_slow,iron-weak_slow,0.7,24.0,48.98,heavy,0,0.5,normal,61.0,90,255,70,20,ground,medium,quadruped,yellow,Numb Pokémon,"NUMEL is extremely dull witted - it doesn’t notice being hit. However, it can’t stand hunger for even a second. This POKéMON’s body is a seething cauldron of boiling magma.",numel --> camerupt,2,1,0,1.0,0.5,4.0,0.0,1.0,1.0,1.0,0.5,2.0,1.0,1.0,0.5,1.0,1.0,1.0,1.0,0.5,0.5
323,camerupt,camerupt,3,fire,ground,2,"magma-armor, solid-rock",anger-point,70,0.15,100,0.22,70,0.15,105,0.23,75,0.16,40,0.09,460,sp_attack,205,215,slow,463.89,4,slightly_specialized,0.57,mid_tier,0.57,mid_tier,2,5,1,2.0,iron,attacker,iron-attacker,1.9,220.0,60.94,very_heavy,0,0.5,normal,161.0,91,150,70,20,ground,medium,quadruped,red,Eruption Pokémon,"CAMERUPT has a volcano inside its body. Magma of 18,000 degrees F courses through its body. Occasionally, the humps on this POKéMON’s back erupt, spewing the superheated magma.",numel --> camerupt,2,2,1,1.0,0.5,4.0,0.0,1.0,1.0,1.0,0.5,2.0,1.0,1.0,0.5,1.0,1.0,1.0,1.0,0.5,0.5
323,camerupt,camerupt-mega,3,fire,ground,2,sheer-force,,70,0.12,120,0.21,100,0.18,145,0.26,105,0.19,20,0.04,560,sp_attack,265,275,slow,1580.56,5,extreme,0.8,upper_mid_tier,0.8,upper_mid_tier,2,5,1,2.0,iron,bulky_attacker,iron-bulky_attacker,2.5,320.5,51.28,heavy,0,0.5,normal,196.0,60,150,70,20,ground,medium,quadruped,red,Eruption Pokémon,"CAMERUPT has a volcano inside its body. Magma of 18,000 degrees F courses through its body. Occasionally, the humps on this POKéMON’s back erupt, spewing the superheated magma.",numel --> camerupt,2,2,1,1.0,0.5,4.0,0.0,1.0,1.0,1.0,0.5,2.0,1.0,1.0,0.5,1.0,1.0,1.0,1.0,0.5,0.5
324,torkoal,torkoal,3,fire,,1,"white-smoke, drought",shell-armor,70,0.15,85,0.18,140,0.3,85,0.18,70,0.15,20,0.04,470,defense,170,280,slow,1238.89,5,highly_specialized,0.62,upper_mid_tier,0.62,upper_mid_tier,3,6,0,0.0,neutral,tank,neutral-tank,0.5,80.4,321.6,very_heavy,0,0.5,normal,165.0,88,90,70,20,ground,medium,quadruped,brown,Coal Pokémon,You can tell how it’s feeling by the smoke spouting from its shell. Tremendous velocity is a sign of good health.,torkoal,1,0,0,1.0,0.5,2.0,1.0,0.5,0.5,1.0,1.0,2.0,1.0,1.0,0.5,2.0,1.0,1.0,1.0,0.5,0.5
325,spoink,spoink,3,psychic,,1,"thick-fat, own-tempo",gluttony,60,0.18,25,0.08,35,0.11,70,0.21,80,0.24,60,0.18,330,sp_defense,95,175,average,366.67,3,slightly_specialized,0.26,lower_mid_tier,0.26,lower_mid_tier,3,2,0,-2.0,frail,fragile,frail-fragile,0.7,30.6,62.45,very_heavy,0,0.5,normal,66.0,92,255,70,20,ground,fast,arms,black,Bounce Pokémon,"SPOINK bounces around on its tail. The shock of its bouncing makes its heart pump. As a result, this POKéMON cannot afford to stop bouncing - if it stops, its heart will stop.",spoink --> grumpig,2,1,0,1.0,1.0,1.0,1.0,1.0,1.0,0.5,1.0,1.0,1.0,0.5,2.0,1.0,2.0,1.0,2.0,1.0,1.0
326,grumpig,grumpig,3,psychic,,1,"thick-fat, own-tempo",gluttony,80,0.17,45,0.1,65,0.14,90,0.19,110,0.23,80,0.17,470,sp_defense,135,255,average,405.56,3,slightly_specialized,0.62,upper_mid_tier,0.62,upper_mid_tier,3,2,0,-2.0,frail,bulky_speedster,frail-bulky_speedster,0.9,71.5,88.27,very_heavy,0,0.5,normal,165.0,121,60,70,20,ground,fast,upright,purple,Manipulate Pokémon,"GRUMPIG uses the black pearls on its body to amplify its psychic power waves for gaining total control over its foe. When this POKéMON uses its special power, its snorting breath grows labored.",spoink --> grumpig,2,2,1,1.0,1.0,1.0,1.0,1.0,1.0,0.5,1.0,1.0,1.0,0.5,2.0,1.0,2.0,1.0,2.0,1.0,1.0
327,spinda,spinda,3,normal,,1,"own-tempo, tangled-feet",contrary,60,0.17,60,0.17,60,0.17,60,0.17,60,0.17,60,0.17,360,hp,120,180,average,0.0,1,balanced,0.32,lower_mid_tier,0.32,lower_mid_tier,1,0,1,0.5,solid,fragile,solid-fragile,1.1,5.0,4.13,very_light,0,0.5,normal,126.0,100,255,70,15,"ground, humanshape",fast,upright,brown,Spot Panda Pokémon,No two Spinda have the same pattern of spots. Its tottering step fouls the aim of foes.,spinda,1,0,0,1.0,1.0,1.0,1.0,1.0,1.0,2.0,1.0,1.0,1.0,1.0,1.0,1.0,0.0,1.0,1.0,1.0,1.0
328,trapinch,trapinch,3,ground,,1,"hyper-cutter, arena-trap",sheer-force,45,0.16,100,0.34,45,0.16,45,0.16,45,0.16,10,0.03,290,attack,145,135,slow,697.22,4,specialized,0.15,bottom_tier,0.15,bottom_tier,3,2,1,-0.5,neutral,slow_attacker,neutral-slow_attacker,0.7,15.0,30.61,average,0,0.5,normal,58.0,63,255,70,20,"bug, dragon",medium-slow,armor,brown,Ant Pit Pokémon,"TRAPINCH’s nest is a sloped, bowl-like pit dug in sand. This POKéMON patiently waits for prey to tumble down the pit. Its giant jaws have enough strength to crush even boulders.",trapinch --> vibrava --> flygon,3,1,0,1.0,1.0,2.0,0.0,2.0,2.0,1.0,0.5,1.0,1.0,1.0,1.0,0.5,1.0,1.0,1.0,1.0,1.0
329,vibrava,vibrava,3,ground,dragon,2,levitate,,50,0.15,70,0.21,50,0.15,50,0.15,50,0.15,70,0.21,340,attack,120,150,average,88.89,1,balanced,0.29,lower_mid_tier,0.29,lower_mid_tier,3,3,1,0.0,neutral,fragile,neutral-fragile,1.1,15.3,12.64,very_light,0,0.5,normal,119.0,93,120,70,20,"bug, dragon",medium-slow,bug-wings,green,Vibration Pokémon,"To make prey faint, VIBRAVA generates ultrasonic waves by vigorously making its two wings vibrate. This POKéMON’s ultrasonic waves are so powerful, they can bring on headaches in people.",trapinch --> vibrava --> flygon,3,2,0,1.0,0.5,1.0,0.0,1.0,4.0,1.0,0.5,1.0,1.0,1.0,1.0,0.5,1.0,2.0,1.0,1.0,2.0
330,flygon,flygon,3,ground,dragon,2,levitate,,80,0.15,100,0.19,80,0.15,80,0.15,80,0.15,100,0.19,520,attack,180,240,fast,88.89,1,balanced,0.74,upper_mid_tier,0.74,upper_mid_tier,3,3,1,0.0,neutral,juggernaut,neutral-juggernaut,2.0,82.0,20.5,light,0,0.5,normal,234.0,114,45,70,20,"bug, dragon",medium-slow,wings,green,Mystic Pokémon,"FLYGON is nicknamed “the elemental  spirit of the desert.” Because its flapping wings whip up a cloud of sand, this POKéMON is always enveloped in a sandstorm while flying.",trapinch --> vibrava --> flygon,3,3,1,1.0,0.5,1.0,0.0,1.0,4.0,1.0,0.5,1.0,1.0,1.0,1.0,0.5,1.0,2.0,1.0,1.0,2.0
331,cacnea,cacnea,3,grass,,1,sand-veil,water-absorb,50,0.15,85,0.25,40,0.12,85,0.25,40,0.12,35,0.1,335,attack,170,130,slow,445.14,4,slightly_specialized,0.28,lower_mid_tier,0.28,lower_mid_tier,5,4,0,-3.0,frail,slow_attacker,frail-slow_attacker,0.4,51.3,320.62,very_heavy,0,0.5,normal,67.0,104,190,35,20,"plant, humanshape",medium-slow,humanoid,green,Cactus Pokémon,"CACNEA lives in arid locations such as deserts. It releases a strong aroma from its flower to attract prey. When prey comes near, this POKéMON shoots sharp thorns from its body to bring the victim down.",cacnea --> cacturne,2,1,0,1.0,2.0,0.5,0.5,0.5,2.0,1.0,2.0,0.5,2.0,1.0,2.0,1.0,1.0,1.0,1.0,1.0,1.0
332,cacturne,cacturne,3,grass,dark,2,sand-veil,water-absorb,70,0.15,115,0.24,60,0.13,115,0.24,60,0.13,55,0.12,475,attack,230,190,slow,661.81,4,specialized,0.64,upper_mid_tier,0.64,upper_mid_tier,7,6,1,-2.5,frail,attacker,frail-attacker,1.3,77.4,45.8,heavy,0,0.5,normal,166.0,112,60,35,20,"plant, humanshape",medium-slow,humanoid,green,Scarecrow Pokémon,"During the daytime, CACTURNE remains unmoving so that it does not lose any moisture to the harsh desert sun. This POKéMON becomes active at night when the temperature drops.",cacnea --> cacturne,2,2,1,1.0,2.0,0.5,0.5,0.5,2.0,2.0,2.0,0.5,2.0,0.0,4.0,1.0,0.5,1.0,0.5,1.0,2.0
333,swablu,swablu,3,normal,flying,2,natural-cure,cloud-nine,45,0.15,40,0.13,60,0.19,40,0.13,75,0.24,50,0.16,310,sp_defense,80,180,slow,155.56,2,balanced,0.24,lower_mid_tier,0.24,lower_mid_tier,3,2,2,1.0,solid,weak_slow,solid-weak_slow,0.4,1.2,7.5,very_light,0,0.5,normal,62.0,83,255,70,20,"flying, dragon",slow-then-very-fast,wings,blue,Cotton Bird Pokémon,SWABLU has light and fluffy wings that are like cottony clouds. This POKéMON is not frightened of people. It lands on the heads of people and sits there like a cotton-fluff hat.,swablu --> altaria,2,1,0,1.0,1.0,1.0,2.0,0.5,2.0,1.0,1.0,0.0,1.0,1.0,0.5,2.0,0.0,1.0,1.0,1.0,1.0
334,altaria,altaria,3,dragon,flying,2,natural-cure,cloud-nine,75,0.15,70,0.14,90,0.18,70,0.14,105,0.21,80,0.16,490,sp_defense,140,270,average,155.56,2,balanced,0.7,upper_mid_tier,0.7,upper_mid_tier,4,5,1,0.0,neutral,bulky_speedster,neutral-bulky_speedster,1.1,20.6,17.02,light,0,0.5,normal,172.0,100,45,70,20,"flying, dragon",slow-then-very-fast,wings,blue,Humming Pokémon,"ALTARIA dances and wheels through the sky among billowing, cotton-like clouds. By singing melodies in its crystal-clear voice, this POKéMON makes its listeners experience dreamy wonderment.",swablu --> altaria,2,2,1,1.0,0.5,0.5,1.0,0.25,4.0,0.5,1.0,0.0,1.0,1.0,0.5,2.0,1.0,2.0,1.0,1.0,2.0
334,altaria,altaria-mega,3,dragon,fairy,2,pixilate,,75,0.13,110,0.19,110,0.19,110,0.19,105,0.18,80,0.14,590,attack,220,290,average,222.22,2,slightly_specialized,0.85,top_tier,0.85,top_tier,4,7,1,1.0,solid,juggernaut,solid-juggernaut,1.5,20.6,9.16,very_light,0,0.5,normal,207.0,69,45,70,20,"flying, dragon",slow-then-very-fast,wings,blue,Humming Pokémon,"ALTARIA dances and wheels through the sky among billowing, cotton-like clouds. By singing melodies in its crystal-clear voice, this POKéMON makes its listeners experience dreamy wonderment.",swablu --> altaria,2,2,1,1.0,0.5,0.5,0.5,0.5,2.0,0.5,2.0,1.0,1.0,1.0,0.5,1.0,1.0,0.0,0.5,2.0,2.0
335,zangoose,zangoose,3,normal,,1,immunity,toxic-boost,73,0.16,115,0.25,60,0.13,60,0.13,60,0.13,90,0.2,458,attack,175,193,average,415.56,4,slightly_specialized,0.55,mid_tier,0.55,mid_tier,1,0,1,0.5,solid,sweeper,solid-sweeper,1.3,40.3,23.85,average,0,0.5,normal,160.0,124,90,70,20,ground,slow-then-very-fast,upright,white,Cat Ferret Pokémon,Memories of battling its arch-rival SEVIPER are etched into every cell of ZANGOOSE’s body. This POKéMON adroitly dodges attacks with incredible agility.,zangoose,1,0,0,1.0,1.0,1.0,1.0,1.0,1.0,2.0,1.0,1.0,1.0,1.0,1.0,1.0,0.0,1.0,1.0,1.0,1.0
336,seviper,seviper,3,poison,,1,shed-skin,infiltrator,73,0.16,100,0.22,60,0.13,100,0.22,60,0.13,65,0.14,458,attack,200,193,average,298.89,3,slightly_specialized,0.55,mid_tier,0.55,mid_tier,2,5,0,0.5,solid,attacker,solid-attacker,2.7,52.5,7.2,very_light,0,0.5,normal,160.0,104,90,70,20,"ground, dragon",fast-then-very-slow,squiggle,black,Fang Snake Pokémon,SEVIPER shares a generations-long feud with ZANGOOSE. The scars on its body are evidence of vicious battles. This POKéMON attacks using its sword- edged tail.,seviper,1,0,0,1.0,1.0,1.0,1.0,0.5,1.0,0.5,0.5,2.0,1.0,2.0,0.5,1.0,1.0,1.0,1.0,1.0,0.5
337,lunatone,lunatone,3,rock,psychic,2,levitate,,90,0.2,55,0.12,65,0.14,95,0.21,85,0.18,70,0.15,460,sp_attack,150,240,average,205.56,2,slightly_specialized,0.57,mid_tier,0.57,mid_tier,7,5,0,-4.5,frail,bulky,frail-bulky,1.0,168.0,168.0,very_heavy,1,0.0,normal,161.0,94,45,70,25,mineral,fast,ball,yellow,Meteorite Pokémon,"LUNATONE was discovered at a location where a meteorite fell. As a result, some people theorize that this POKéMON came from space. However, no one has been able to prove this theory so far.",lunatone,1,0,0,0.5,0.5,2.0,1.0,2.0,1.0,1.0,0.5,2.0,0.5,0.5,2.0,1.0,2.0,1.0,2.0,2.0,1.0
338,solrock,solrock,3,rock,psychic,2,levitate,,90,0.2,95,0.21,85,0.18,55,0.12,65,0.14,70,0.15,460,attack,150,240,average,205.56,2,slightly_specialized,0.57,mid_tier,0.57,mid_tier,7,5,0,-4.5,frail,bulky,frail-bulky,1.2,154.0,106.94,very_heavy,1,0.0,normal,161.0,98,45,70,25,mineral,fast,ball,red,Meteorite Pokémon,"Solar energy is the source of its power, so it is strong during the daytime. When it spins, its body shines.",solrock,1,0,0,0.5,0.5,2.0,1.0,2.0,1.0,1.0,0.5,2.0,0.5,0.5,2.0,1.0,2.0,1.0,2.0,2.0,1.0
339,barboach,barboach,3,water,ground,2,"oblivious, anticipation",hydration,50,0.17,48,0.17,43,0.15,46,0.16,41,0.14,60,0.21,288,speed,94,134,average,37.67,1,balanced,0.14,bottom_tier,0.14,bottom_tier,1,4,1,2.5,iron,fragile,iron-fragile,0.4,1.9,11.87,very_light,0,0.5,normal,58.0,70,190,70,20,water2,medium,fish,gray,Whiskers Pokémon,"BARBOACH’s sensitive whiskers serve as a superb radar system. This POKéMON hides in mud, leaving only its two whiskers exposed while it waits for prey to come along.",barboach --> whiscash,2,1,0,1.0,0.5,1.0,0.0,4.0,1.0,1.0,0.5,1.0,1.0,1.0,1.0,0.5,1.0,1.0,1.0,0.5,1.0
340,whiscash,whiscash,3,water,ground,2,"oblivious, anticipation",hydration,110,0.24,78,0.17,73,0.16,76,0.16,71,0.15,60,0.13,468,hp,154,254,average,237.67,2,slightly_specialized,0.61,upper_mid_tier,0.61,upper_mid_tier,1,4,1,2.5,iron,bulky,iron-bulky,0.9,23.6,29.14,average,0,0.5,normal,164.0,81,75,70,20,water2,medium,fish,blue,Whiskers Pokémon,"WHISCASH is extremely territorial. Just one of these POKéMON will claim a large pond as its exclusive territory. If a foe approaches it, it thrashes about and triggers a massive earthquake.",barboach --> whiscash,2,2,1,1.0,0.5,1.0,0.0,4.0,1.0,1.0,0.5,1.0,1.0,1.0,1.0,0.5,1.0,1.0,1.0,0.5,1.0
341,corphish,corphish,3,water,,1,"hyper-cutter, shell-armor",adaptability,43,0.14,80,0.26,65,0.21,50,0.16,35,0.11,35,0.11,308,attack,130,143,slow,268.89,3,slightly_specialized,0.23,lower_mid_tier,0.23,lower_mid_tier,2,4,0,0.0,neutral,weak_slow,neutral-weak_slow,0.6,11.5,31.94,average,0,0.5,normal,62.0,85,205,70,15,"water1, water3",fast-then-very-slow,armor,red,Ruffian Pokémon,Its hardy vitality enables it to adapt to any environment. Its pincers will never release prey.,corphish --> crawdaunt,2,1,0,1.0,0.5,0.5,2.0,2.0,0.5,1.0,1.0,1.0,1.0,1.0,1.0,1.0,1.0,1.0,1.0,0.5,1.0
342,crawdaunt,crawdaunt,3,water,dark,2,"hyper-cutter, shell-armor",adaptability,63,0.13,120,0.26,85,0.18,90,0.19,55,0.12,55,0.12,468,attack,210,203,slow,540.0,4,specialized,0.61,upper_mid_tier,0.61,upper_mid_tier,5,6,1,-0.5,neutral,attacker,neutral-attacker,1.1,32.8,27.11,average,0,0.5,normal,164.0,98,155,70,15,"water1, water3",fast-then-very-slow,armor,red,Rogue Pokémon,"CRAWDAUNT has an extremely violent nature that compels it to challenge other living things to battle. Other life-forms refuse to live in ponds inhabited by this POKéMON, making them desolate places.",corphish --> crawdaunt,2,2,1,1.0,0.5,0.5,2.0,2.0,0.5,2.0,1.0,1.0,1.0,0.0,2.0,1.0,0.5,1.0,0.5,0.5,2.0
343,baltoy,baltoy,3,ground,psychic,2,levitate,,40,0.13,40,0.13,55,0.18,40,0.13,70,0.23,55,0.18,300,sp_defense,80,165,slow,125.0,1,balanced,0.19,bottom_tier,0.19,bottom_tier,6,4,1,-2.5,frail,fragile,frail-fragile,0.5,21.5,86.0,very_heavy,1,0.0,normal,60.0,84,255,70,20,mineral,medium,arms,brown,Clay Doll Pokémon,BALTOY moves while spinning around on its one foot. Primitive wall paintings depicting this POKéMON living among people were discovered in some ancient ruins.,baltoy --> claydol,2,1,0,1.0,1.0,2.0,0.0,2.0,2.0,0.5,0.5,1.0,1.0,0.5,2.0,0.5,2.0,1.0,2.0,1.0,1.0
344,claydol,claydol,3,ground,psychic,2,levitate,,60,0.12,70,0.14,105,0.21,70,0.14,120,0.24,75,0.15,500,sp_defense,140,285,average,463.89,4,slightly_specialized,0.72,upper_mid_tier,0.72,upper_mid_tier,6,4,1,-2.5,frail,bulky,frail-bulky,1.5,108.0,48.0,heavy,1,0.0,normal,175.0,94,90,70,20,mineral,medium,arms,black,Clay Doll Pokémon,CLAYDOL are said to be dolls of mud made by primitive humans and brought to life by exposure to a mysterious ray. This POKéMON moves about while levitating.,baltoy --> claydol,2,2,1,1.0,1.0,2.0,0.0,2.0,2.0,0.5,0.5,1.0,1.0,0.5,2.0,0.5,2.0,1.0,2.0,1.0,1.0
345,lileep,lileep,3,rock,grass,2,suction-cups,storm-drain,66,0.19,41,0.12,77,0.22,61,0.17,87,0.25,23,0.06,355,sp_defense,102,230,slow,463.47,4,slightly_specialized,0.31,lower_mid_tier,0.31,lower_mid_tier,4,2,0,-3.0,frail,slow_attacker,frail-slow_attacker,1.0,23.8,23.8,light,0,0.125,normal,71.0,70,45,70,30,water3,slow-then-very-fast,blob,purple,Sea Lily Pokémon,LILEEP became extinct approximately a hundred million years ago. This ancient POKéMON attaches itself to a rock on the seafloor and catches approaching prey using tentacles  shaped like flower petals.,lileep --> cradily,2,1,0,0.5,1.0,1.0,0.5,1.0,2.0,2.0,1.0,1.0,1.0,1.0,2.0,1.0,1.0,1.0,1.0,2.0,1.0
346,cradily,cradily,3,rock,grass,2,suction-cups,storm-drain,86,0.17,81,0.16,97,0.2,81,0.16,107,0.22,43,0.09,495,sp_defense,162,290,slow,397.92,3,slightly_specialized,0.71,upper_mid_tier,0.71,upper_mid_tier,4,2,0,-3.0,frail,tank,frail-tank,1.5,60.4,26.84,average,0,0.125,normal,173.0,79,45,70,30,water3,slow-then-very-fast,blob,green,Barnacle Pokémon,CRADILY roams around the ocean floor in search of food. This POKéMON freely extends its tree trunk-like neck and captures unwary prey using its eight tentacles.,lileep --> cradily,2,2,1,0.5,1.0,1.0,0.5,1.0,2.0,2.0,1.0,1.0,1.0,1.0,2.0,1.0,1.0,1.0,1.0,2.0,1.0
347,anorith,anorith,3,rock,bug,2,battle-armor,swift-swim,45,0.13,95,0.27,50,0.14,40,0.11,50,0.14,75,0.21,355,attack,135,145,average,378.47,3,slightly_specialized,0.31,lower_mid_tier,0.31,lower_mid_tier,3,2,0,-2.0,frail,midrange,frail-midrange,0.7,12.5,25.51,average,0,0.125,normal,71.0,66,45,70,30,water3,slow-then-very-fast,armor,gray,Old Shrimp Pokémon,ANORITH was regenerated from a prehistoric fossil. This primitive POKéMON once lived in warm seas. It grips its prey firmly between its two large claws.,anorith --> armaldo,2,1,0,0.5,1.0,2.0,1.0,1.0,1.0,1.0,0.5,1.0,1.0,1.0,1.0,2.0,1.0,1.0,1.0,2.0,1.0
348,armaldo,armaldo,3,rock,bug,2,battle-armor,swift-swim,75,0.15,125,0.25,100,0.2,70,0.14,80,0.16,45,0.09,495,attack,195,255,slow,622.92,4,specialized,0.71,upper_mid_tier,0.71,upper_mid_tier,3,2,0,-2.0,frail,bulky_attacker,frail-bulky_attacker,1.5,68.2,30.31,average,0,0.125,normal,173.0,79,45,70,30,water3,slow-then-very-fast,upright,gray,Plate Pokémon,ARMALDO’s tough armor makes all attacks bounce off. This POKéMON’s two enormous claws can be freely extended or contracted. They have the power to punch right through a steel slab.,anorith --> armaldo,2,2,1,0.5,1.0,2.0,1.0,1.0,1.0,1.0,0.5,1.0,1.0,1.0,1.0,2.0,1.0,1.0,1.0,2.0,1.0
349,feebas,feebas,3,water,,1,"swift-swim, oblivious",adaptability,20,0.1,15,0.08,20,0.1,10,0.05,55,0.28,80,0.4,200,speed,25,95,average,647.22,4,specialized,0.02,bottom_tier,0.02,bottom_tier,2,4,0,0.0,neutral,fragile,neutral-fragile,0.6,7.4,20.56,light,0,0.5,normal,40.0,53,255,70,20,"water1, dragon",slow-then-very-fast,fish,brown,Fish Pokémon,"FEEBAS’s fins are ragged and tattered from the start of its life. Because of its shoddy appearance, this POKéMON is largely ignored. It is capable of living in both the sea and in rivers.",feebas --> milotic,2,1,0,1.0,0.5,0.5,2.0,2.0,0.5,1.0,1.0,1.0,1.0,1.0,1.0,1.0,1.0,1.0,1.0,0.5,1.0
350,milotic,milotic,3,water,,1,"marvel-scale, competitive",cute-charm,95,0.18,60,0.11,79,0.15,100,0.19,125,0.23,81,0.15,540,sp_defense,160,299,average,408.67,3,slightly_specialized,0.78,upper_mid_tier,0.78,upper_mid_tier,2,4,0,0.0,neutral,bulky_speedster,neutral-bulky_speedster,6.2,162.0,4.21,very_light,0,0.5,normal,189.0,90,60,70,20,"water1, dragon",slow-then-very-fast,squiggle,pink,Tender Pokémon,Its lovely scales are described as rainbow colored. They change color depending on the viewing angle.,feebas --> milotic,2,2,1,1.0,0.5,0.5,2.0,2.0,0.5,1.0,1.0,1.0,1.0,1.0,1.0,1.0,1.0,1.0,1.0,0.5,1.0
351,castform,castform,3,normal,,1,forecast,,70,0.17,70,0.17,70,0.17,70,0.17,70,0.17,70,0.17,420,hp,140,210,average,0.0,1,balanced,0.44,mid_tier,0.44,mid_tier,1,0,1,0.5,solid,balanced,solid-balanced,0.3,0.8,8.89,very_light,0,0.5,normal,147.0,70,45,70,25,"fairy, indeterminate",medium,ball,gray,Weather Pokémon,CASTFORM’s appearance changes with the weather. This POKéMON gained the ability to use the vast power of nature to protect its tiny body.,castform,1,0,0,1.0,1.0,1.0,1.0,1.0,1.0,2.0,1.0,1.0,1.0,1.0,1.0,1.0,0.0,1.0,1.0,1.0,1.0
351,castform,castform-sunny,3,fire,,1,forecast,,70,0.17,70,0.17,70,0.17,70,0.17,70,0.17,70,0.17,420,hp,140,210,average,0.0,1,balanced,0.44,mid_tier,0.44,mid_tier,3,6,0,0.0,neutral,balanced,neutral-balanced,0.3,0.8,8.89,very_light,0,0.5,normal,147.0,70,45,70,25,"fairy, indeterminate",medium,ball,gray,Weather Pokémon,CASTFORM’s appearance changes with the weather. This POKéMON gained the ability to use the vast power of nature to protect its tiny body.,castform,1,0,0,1.0,0.5,2.0,1.0,0.5,0.5,1.0,1.0,2.0,1.0,1.0,0.5,2.0,1.0,1.0,1.0,0.5,0.5
351,castform,castform-rainy,3,water,,1,forecast,,70,0.17,70,0.17,70,0.17,70,0.17,70,0.17,70,0.17,420,hp,140,210,average,0.0,1,balanced,0.44,mid_tier,0.44,mid_tier,2,4,0,0.0,neutral,balanced,neutral-balanced,0.3,0.8,8.89,very_light,0,0.5,normal,147.0,70,45,70,25,"fairy, indeterminate",medium,ball,gray,Weather Pokémon,CASTFORM’s appearance changes with the weather. This POKéMON gained the ability to use the vast power of nature to protect its tiny body.,castform,1,0,0,1.0,0.5,0.5,2.0,2.0,0.5,1.0,1.0,1.0,1.0,1.0,1.0,1.0,1.0,1.0,1.0,0.5,1.0
351,castform,castform-snowy,3,ice,,1,forecast,,70,0.17,70,0.17,70,0.17,70,0.17,70,0.17,70,0.17,420,hp,140,210,average,0.0,1,balanced,0.44,mid_tier,0.44,mid_tier,4,1,0,-3.5,frail,balanced,frail-balanced,0.3,0.8,8.89,very_light,0,0.5,normal,147.0,70,45,70,25,"fairy, indeterminate",medium,ball,gray,Weather Pokémon,CASTFORM’s appearance changes with the weather. This POKéMON gained the ability to use the vast power of nature to protect its tiny body.,castform,1,0,0,1.0,2.0,1.0,1.0,1.0,0.5,2.0,1.0,1.0,1.0,1.0,1.0,2.0,1.0,1.0,1.0,2.0,1.0
352,kecleon,kecleon,3,normal,,1,color-change,protean,60,0.14,90,0.2,70,0.16,60,0.14,120,0.27,40,0.09,440,sp_defense,150,250,slow,655.56,4,specialized,0.5,mid_tier,0.5,mid_tier,1,0,1,0.5,solid,tank,solid-tank,1.0,22.0,22.0,light,0,0.5,normal,154.0,111,200,70,20,ground,medium-slow,upright,green,Color Swap Pokémon,It changes body color to blend in with its surroundings. It also changes color if it is happy or sad.,kecleon,1,0,0,1.0,1.0,1.0,1.0,1.0,1.0,2.0,1.0,1.0,1.0,1.0,1.0,1.0,0.0,1.0,1.0,1.0,1.0
353,shuppet,shuppet,3,ghost,,1,"insomnia, frisk",cursed-body,44,0.15,75,0.25,35,0.12,63,0.21,33,0.11,45,0.15,295,attack,138,112,slow,227.47,2,slightly_specialized,0.17,bottom_tier,0.17,bottom_tier,2,2,2,2.0,iron,slow_attacker,iron-slow_attacker,0.6,2.3,6.39,very_light,0,0.5,normal,59.0,88,225,35,25,indeterminate,fast,ball,black,Puppet Pokémon,"SHUPPET is attracted by feelings of jealousy and vindictiveness. If someone develops strong feelings of vengeance, this POKéMON will appear in a swarm and line up beneath the eaves of that person’s home.",shuppet --> banette,2,1,0,0.0,1.0,1.0,1.0,1.0,1.0,0.0,0.5,1.0,1.0,1.0,0.5,1.0,2.0,1.0,2.0,1.0,1.0
354,banette,banette,3,ghost,,1,"insomnia, frisk",cursed-body,64,0.14,115,0.25,65,0.14,83,0.18,63,0.14,65,0.14,455,attack,198,192,average,354.14,3,slightly_specialized,0.52,mid_tier,0.52,mid_tier,2,2,2,2.0,iron,attacker,iron-attacker,1.1,12.5,10.33,very_light,0,0.5,normal,159.0,93,45,35,25,indeterminate,fast,upright,black,Marionette Pokémon,BANETTE generates energy for laying strong curses by sticking pins into its own body. This POKéMON was originally a pitiful plush doll that was thrown away.,shuppet --> banette,2,2,1,0.0,1.0,1.0,1.0,1.0,1.0,0.0,0.5,1.0,1.0,1.0,0.5,1.0,2.0,1.0,2.0,1.0,1.0
354,banette,banette-mega,3,ghost,,1,prankster,,64,0.12,165,0.3,75,0.14,93,0.17,83,0.15,75,0.14,555,attack,258,222,average,1128.58,5,highly_specialized,0.79,upper_mid_tier,0.79,upper_mid_tier,2,2,2,2.0,iron,attacker,iron-attacker,1.2,13.0,9.03,very_light,0,0.5,normal,194.0,67,45,35,25,indeterminate,fast,upright,black,Marionette Pokémon,BANETTE generates energy for laying strong curses by sticking pins into its own body. This POKéMON was originally a pitiful plush doll that was thrown away.,shuppet --> banette,2,2,1,0.0,1.0,1.0,1.0,1.0,1.0,0.0,0.5,1.0,1.0,1.0,0.5,1.0,2.0,1.0,2.0,1.0,1.0
355,duskull,duskull,3,ghost,,1,levitate,frisk,20,0.07,40,0.14,90,0.31,30,0.1,90,0.31,25,0.08,295,defense,70,200,slow,870.14,5,specialized,0.17,bottom_tier,0.17,bottom_tier,2,2,2,2.0,iron,slow_attacker,iron-slow_attacker,0.8,15.0,23.44,light,0,0.5,normal,59.0,83,190,35,25,indeterminate,fast,arms,black,Requiem Pokémon,"DUSKULL can pass through any wall no matter how thick it may be. Once this POKéMON chooses a target, it will doggedly pursue the intended victim until the break of dawn.",duskull --> dusclops --> dusknoir,3,1,0,0.0,1.0,1.0,1.0,1.0,1.0,0.0,0.5,1.0,1.0,1.0,0.5,1.0,2.0,1.0,2.0,1.0,1.0
356,dusclops,dusclops,3,ghost,,1,pressure,frisk,40,0.09,70,0.15,130,0.29,60,0.13,130,0.29,25,0.05,455,defense,130,300,slow,1670.14,5,extreme,0.52,mid_tier,0.52,mid_tier,2,2,2,2.0,iron,tank,iron-tank,1.6,30.6,11.95,very_light,0,0.5,normal,159.0,103,90,35,25,indeterminate,fast,humanoid,black,Beckon Pokémon,"DUSCLOPS’s body is completely hollow - there is nothing at all inside. It is said that its body is like a black hole. This POKéMON will absorb anything into its body, but nothing will ever come back out.",duskull --> dusclops --> dusknoir,3,2,0,0.0,1.0,1.0,1.0,1.0,1.0,0.0,0.5,1.0,1.0,1.0,0.5,1.0,2.0,1.0,2.0,1.0,1.0
357,tropius,tropius,3,grass,flying,2,"chlorophyll, solar-power",harvest,99,0.22,68,0.15,83,0.18,72,0.16,87,0.19,51,0.11,460,hp,140,269,slow,233.56,2,slightly_specialized,0.57,mid_tier,0.57,mid_tier,5,3,1,-2.0,frail,bulky,frail-bulky,2.0,100.0,25.0,average,0,0.5,normal,161.0,95,200,70,25,"monster, plant",slow,quadruped,green,Fruit Pokémon,"The bunches of fruit around TROPIUS’s neck are very popular with children. This POKéMON loves fruit, and eats it continuously. Apparently, its love for fruit resulted in its own outgrowth of fruit.",tropius,1,0,0,1.0,2.0,0.5,1.0,0.25,4.0,0.5,2.0,0.0,2.0,1.0,1.0,2.0,1.0,1.0,1.0,1.0,1.0
358,chimecho,chimecho,3,psychic,,1,levitate,,75,0.16,50,0.11,80,0.18,95,0.21,90,0.2,65,0.14,455,sp_attack,145,245,average,228.47,2,slightly_specialized,0.52,mid_tier,0.52,mid_tier,3,2,0,-2.0,frail,bulky,frail-bulky,0.6,1.0,2.78,very_light,0,0.5,normal,159.0,103,45,70,25,indeterminate,fast,arms,blue,Wind Chime Pokémon,"CHIMECHO makes its cries echo inside its hollow body. When this POKéMON becomes enraged, its cries result in ultrasonic waves that have the power to knock foes flying.",chingling --> chimecho,2,2,1,1.0,1.0,1.0,1.0,1.0,1.0,0.5,1.0,1.0,1.0,0.5,2.0,1.0,2.0,1.0,2.0,1.0,1.0
358,chimecho,chimecho-mega,3,psychic,steel,2,,,75,0.14,50,0.09,110,0.2,135,0.24,120,0.22,65,0.12,555,sp_attack,185,305,average,956.25,5,highly_specialized,0.79,upper_mid_tier,0.79,upper_mid_tier,4,9,1,2.0,iron,bulky_attacker,iron-bulky_attacker,1.2,8.0,5.56,very_light,0,0.5,normal,,0,45,70,25,indeterminate,fast,arms,blue,Wind Chime Pokémon,"CHIMECHO makes its cries echo inside its hollow body. When this POKéMON becomes enraged, its cries result in ultrasonic waves that have the power to knock foes flying.",chingling --> chimecho,2,2,1,0.5,2.0,1.0,1.0,0.5,0.5,1.0,0.0,2.0,0.5,0.25,1.0,0.5,2.0,0.5,2.0,0.5,0.5
359,absol,absol,3,dark,,1,"pressure, super-luck",justified,65,0.14,130,0.28,60,0.13,75,0.16,60,0.13,75,0.16,465,attack,205,185,average,589.58,4,specialized,0.59,mid_tier,0.59,mid_tier,3,2,1,-0.5,neutral,attacker,neutral-attacker,1.2,47.0,32.64,heavy,0,0.5,normal,163.0,112,30,35,25,ground,medium-slow,quadruped,white,Disaster Pokémon,"Every time ABSOL appears before people, it is followed by a disaster such as an earthquake or a tidal wave. As a result, it came to be known as the disaster POKéMON.",absol,1,0,0,1.0,1.0,1.0,1.0,1.0,1.0,2.0,1.0,1.0,1.0,0.0,2.0,1.0,0.5,1.0,0.5,1.0,2.0
359,absol,absol-mega,3,dark,,1,magic-bounce,,65,0.12,150,0.27,60,0.11,115,0.2,60,0.11,115,0.2,565,attack,265,185,fast,1195.14,5,highly_specialized,0.81,top_tier,0.81,top_tier,3,2,1,-0.5,neutral,sweeper,neutral-sweeper,1.2,49.0,34.03,heavy,0,0.5,normal,198.0,98,30,35,25,ground,medium-slow,quadruped,white,Disaster Pokémon,"Every time ABSOL appears before people, it is followed by a disaster such as an earthquake or a tidal wave. As a result, it came to be known as the disaster POKéMON.",absol,1,0,0,1.0,1.0,1.0,1.0,1.0,1.0,2.0,1.0,1.0,1.0,0.0,2.0,1.0,0.5,1.0,0.5,1.0,2.0
359,absol,absol-mega-z,3,dark,ghost,2,,,65,0.12,154,0.27,60,0.11,75,0.13,60,0.11,151,0.27,565,attack,229,185,fast,1727.14,5,extreme,0.81,top_tier,0.81,top_tier,1,1,3,4.0,iron,sweeper,iron-sweeper,1.2,49.0,34.03,heavy,0,0.5,normal,,0,30,35,25,ground,medium-slow,quadruped,white,Disaster Pokémon,"Every time ABSOL appears before people, it is followed by a disaster such as an earthquake or a tidal wave. As a result, it came to be known as the disaster POKéMON.",absol,1,0,0,0.0,1.0,1.0,1.0,1.0,1.0,0.0,0.5,1.0,1.0,0.0,1.0,1.0,1.0,1.0,1.0,1.0,2.0
360,wynaut,wynaut,3,psychic,,1,shadow-tag,telepathy,95,0.37,23,0.09,48,0.18,23,0.09,48,0.18,23,0.09,260,hp,46,191,slow,658.89,4,specialized,0.09,bottom_tier,0.09,bottom_tier,3,2,0,-2.0,frail,slow_attacker,frail-slow_attacker,0.6,14.0,38.89,heavy,0,0.5,normal,52.0,8,125,70,20,no-eggs,medium,upright,blue,Bright Pokémon,"WYNAUT can always be seen with a big, happy smile on its face. Look at its tail to determine if it is angry. When angered, this POKéMON will be slapping the ground with its tail.",wynaut --> wobbuffet,2,1,0,1.0,1.0,1.0,1.0,1.0,1.0,0.5,1.0,1.0,1.0,0.5,2.0,1.0,2.0,1.0,2.0,1.0,1.0
361,snorunt,snorunt,3,ice,,1,"inner-focus, ice-body",moody,50,0.17,50,0.17,50,0.17,50,0.17,50,0.17,50,0.17,300,hp,100,150,slow,0.0,1,balanced,0.19,bottom_tier,0.19,bottom_tier,4,1,0,-3.5,frail,weak_slow,frail-weak_slow,0.7,16.8,34.29,heavy,0,0.5,normal,60.0,62,190,70,20,"fairy, mineral",medium,humanoid,gray,Snow Hat Pokémon,"SNORUNT live in regions with heavy snowfall. In seasons without snow, such as spring and summer, this POKéMON steals away to live quietly among stalactites and stalagmites deep in caverns.",snorunt --> glalie,2,1,0,1.0,2.0,1.0,1.0,1.0,0.5,2.0,1.0,1.0,1.0,1.0,1.0,2.0,1.0,1.0,1.0,2.0,1.0
362,glalie,glalie,3,ice,,1,"inner-focus, ice-body",moody,80,0.17,80,0.17,80,0.17,80,0.17,80,0.17,80,0.17,480,hp,160,240,average,0.0,1,balanced,0.66,upper_mid_tier,0.66,upper_mid_tier,4,1,0,-3.5,frail,bulky_speedster,frail-bulky_speedster,1.5,256.5,114.0,very_heavy,0,0.5,normal,168.0,80,75,70,20,"fairy, mineral",medium,ball,gray,Face Pokémon,"GLALIE has a body made of rock, which it hardens with an armor of ice. This POKéMON has the ability to freeze moisture in the atmosphere into any shape it desires.",snorunt --> glalie,2,2,1,1.0,2.0,1.0,1.0,1.0,0.5,2.0,1.0,1.0,1.0,1.0,1.0,2.0,1.0,1.0,1.0,2.0,1.0
362,glalie,glalie-mega,3,ice,,1,refrigerate,,80,0.14,120,0.21,80,0.14,120,0.21,80,0.14,100,0.17,580,attack,240,240,fast,322.22,3,slightly_specialized,0.84,top_tier,0.84,top_tier,4,1,0,-3.5,frail,juggernaut,frail-juggernaut,2.1,350.2,79.41,very_heavy,0,0.5,normal,203.0,52,75,70,20,"fairy, mineral",medium,ball,gray,Face Pokémon,"GLALIE has a body made of rock, which it hardens with an armor of ice. This POKéMON has the ability to freeze moisture in the atmosphere into any shape it desires.",snorunt --> glalie,2,2,1,1.0,2.0,1.0,1.0,1.0,0.5,2.0,1.0,1.0,1.0,1.0,1.0,2.0,1.0,1.0,1.0,2.0,1.0
363,spheal,spheal,3,ice,water,2,"thick-fat, ice-body",oblivious,70,0.24,40,0.14,50,0.17,55,0.19,50,0.17,25,0.09,290,hp,95,170,slow,188.89,2,balanced,0.15,bottom_tier,0.15,bottom_tier,4,2,0,-3.0,frail,weak_slow,frail-weak_slow,0.8,39.5,61.72,very_heavy,0,0.5,normal,58.0,68,255,70,20,"water1, ground",medium-slow,fish,blue,Clap Pokémon,"SPHEAL is much faster rolling than  walking to get around. When groups of this POKéMON eat, they all clap at once to show their pleasure. Because of this, their mealtimes are noisy.",spheal --> sealeo --> walrein,3,1,0,1.0,1.0,0.5,2.0,2.0,0.25,2.0,1.0,1.0,1.0,1.0,1.0,2.0,1.0,1.0,1.0,1.0,1.0
364,sealeo,sealeo,3,ice,water,2,"thick-fat, ice-body",oblivious,90,0.22,60,0.15,70,0.17,75,0.18,70,0.17,45,0.11,410,hp,135,230,slow,188.89,2,balanced,0.41,mid_tier,0.41,mid_tier,4,2,0,-3.0,frail,slow_attacker,frail-slow_attacker,1.1,87.6,72.4,very_heavy,0,0.5,normal,144.0,60,120,70,20,"water1, ground",medium-slow,fish,blue,Ball Roll Pokémon,SEALEO has the habit of always juggling on the tip of its nose anything it sees for the first time. This POKéMON occasionally entertains itself by balancing and rolling a SPHEAL on its nose.,spheal --> sealeo --> walrein,3,2,0,1.0,1.0,0.5,2.0,2.0,0.25,2.0,1.0,1.0,1.0,1.0,1.0,2.0,1.0,1.0,1.0,1.0,1.0
365,walrein,walrein,3,ice,water,2,"thick-fat, ice-body",oblivious,110,0.21,80,0.15,90,0.17,95,0.18,90,0.17,65,0.12,530,hp,175,290,average,188.89,2,balanced,0.76,upper_mid_tier,0.76,upper_mid_tier,4,2,0,-3.0,frail,bulky_attacker,frail-bulky_attacker,1.4,150.6,76.84,very_heavy,0,0.5,normal,239.0,73,45,70,20,"water1, ground",medium-slow,quadruped,blue,Ice Break Pokémon,It swims through icy seas while shattering ice floes with its large tusks. It is protected by its thick blubber.,spheal --> sealeo --> walrein,3,3,1,1.0,1.0,0.5,2.0,2.0,0.25,2.0,1.0,1.0,1.0,1.0,1.0,2.0,1.0,1.0,1.0,1.0,1.0
366,clamperl,clamperl,3,water,,1,shell-armor,rattled,35,0.1,64,0.19,85,0.25,74,0.21,55,0.16,32,0.09,345,defense,138,175,slow,372.25,3,slightly_specialized,0.3,lower_mid_tier,0.3,lower_mid_tier,2,4,0,0.0,neutral,slow_attacker,neutral-slow_attacker,0.4,52.5,328.12,very_heavy,0,0.5,normal,69.0,45,255,70,20,water1,slow-then-very-fast,ball,blue,Bivalve Pokémon,CLAMPERL’s sturdy shell is not only good for protection - it is also used for clamping and catching prey. A fully grown CLAMPERL’s shell will be scored with nicks and scratches all over.,clamperl --> huntail,2,1,0,1.0,0.5,0.5,2.0,2.0,0.5,1.0,1.0,1.0,1.0,1.0,1.0,1.0,1.0,1.0,1.0,0.5,1.0
367,huntail,huntail,3,water,,1,swift-swim,water-veil,55,0.11,104,0.21,105,0.22,94,0.19,75,0.15,52,0.11,485,defense,198,235,slow,471.14,4,slightly_specialized,0.68,upper_mid_tier,0.68,upper_mid_tier,2,4,0,0.0,neutral,attacker,neutral-attacker,1.7,27.0,9.34,very_light,0,0.5,normal,170.0,58,60,70,20,water1,slow-then-very-fast,squiggle,blue,Deep Sea Pokémon,HUNTAIL’s presence went unnoticed by people for a long time because it lives at extreme depths in the sea. This POKéMON’s eyes can see clearly even in the murky dark depths of the ocean.,clamperl --> huntail,2,2,1,1.0,0.5,0.5,2.0,2.0,0.5,1.0,1.0,1.0,1.0,1.0,1.0,1.0,1.0,1.0,1.0,0.5,1.0
368,gorebyss,gorebyss,3,water,,1,swift-swim,hydration,55,0.11,84,0.17,105,0.22,114,0.24,75,0.15,52,0.11,485,sp_attack,198,235,slow,537.81,4,specialized,0.68,upper_mid_tier,0.68,upper_mid_tier,2,4,0,0.0,neutral,attacker,neutral-attacker,1.8,22.6,6.98,very_light,0,0.5,normal,170.0,59,60,70,20,water1,slow-then-very-fast,squiggle,pink,South Sea Pokémon,"GOREBYSS lives in the southern seas at extreme depths. Its body is built to withstand the enormous pressure of water at incredible depths. Because of this, this POKéMON’s body is unharmed by ordinary attacks.",clamperl --> huntail,2,2,1,1.0,0.5,0.5,2.0,2.0,0.5,1.0,1.0,1.0,1.0,1.0,1.0,1.0,1.0,1.0,1.0,0.5,1.0
369,relicanth,relicanth,3,water,rock,2,"swift-swim, rock-head",sturdy,100,0.21,90,0.19,130,0.27,45,0.09,65,0.13,55,0.11,485,defense,135,295,slow,845.14,5,specialized,0.68,upper_mid_tier,0.68,upper_mid_tier,4,5,0,-1.5,exposed,bulky,exposed-bulky,1.0,23.4,23.4,light,0,0.125,normal,170.0,78,25,70,40,"water1, water2",slow,fish,gray,Longevity Pokémon,RELICANTH is a POKéMON species that existed for a hundred million years without ever changing its form. This ancient POKéMON feeds on microscopic organisms with its toothless mouth.,relicanth,1,0,0,0.5,0.25,1.0,2.0,4.0,0.5,2.0,0.5,2.0,0.5,1.0,1.0,1.0,1.0,1.0,1.0,1.0,1.0
370,luvdisc,luvdisc,3,water,,1,swift-swim,hydration,43,0.13,30,0.09,55,0.17,40,0.12,65,0.2,97,0.29,330,speed,70,163,average,476.33,4,slightly_specialized,0.26,lower_mid_tier,0.26,lower_mid_tier,2,4,0,0.0,neutral,fragile,neutral-fragile,0.6,8.7,24.17,average,0,0.75,normal,116.0,66,225,70,20,water2,fast,fish,pink,Rendezvous Pokémon,LUVDISC live in shallow seas in the tropics. This heart-shaped POKéMON earned its name by swimming after loving couples it spotted in the ocean’s waves.,luvdisc,1,0,0,1.0,0.5,0.5,2.0,2.0,0.5,1.0,1.0,1.0,1.0,1.0,1.0,1.0,1.0,1.0,1.0,0.5,1.0
371,bagon,bagon,3,dragon,,1,rock-head,sheer-force,45,0.15,75,0.25,60,0.2,40,0.13,30,0.1,50,0.17,300,attack,115,135,slow,208.33,2,slightly_specialized,0.19,bottom_tier,0.19,bottom_tier,3,4,0,-1.0,exposed,weak_slow,exposed-weak_slow,0.6,42.1,116.94,very_heavy,0,0.5,normal,60.0,71,45,35,40,dragon,slow,humanoid,blue,Rock Head Pokémon,"Dreaming of one day flying, it practices by leaping off cliffs every day.",bagon --> shelgon --> salamence,3,1,0,1.0,0.5,0.5,0.5,0.5,2.0,1.0,1.0,1.0,1.0,1.0,1.0,1.0,1.0,2.0,1.0,1.0,2.0
372,shelgon,shelgon,3,dragon,,1,rock-head,overcoat,65,0.15,95,0.23,100,0.24,60,0.14,50,0.12,50,0.12,420,defense,155,215,slow,408.33,3,slightly_specialized,0.44,mid_tier,0.44,mid_tier,3,4,0,-1.0,exposed,slow_attacker,exposed-slow_attacker,1.1,110.5,91.32,very_heavy,0,0.5,normal,147.0,70,45,35,40,dragon,slow,quadruped,white,Endurance Pokémon,"Inside SHELGON’s armor-like shell, cells are in the midst of transformation to create an entirely new body. This POKéMON’s shell is extremely heavy, making its movements sluggish.",bagon --> shelgon --> salamence,3,2,0,1.0,0.5,0.5,0.5,0.5,2.0,1.0,1.0,1.0,1.0,1.0,1.0,1.0,1.0,2.0,1.0,1.0,2.0
373,salamence,salamence,3,dragon,flying,2,intimidate,moxie,95,0.16,135,0.22,80,0.13,110,0.18,80,0.13,100,0.17,600,attack,245,255,fast,358.33,3,slightly_specialized,0.88,top_tier,0.88,top_tier,4,5,1,0.0,neutral,juggernaut,neutral-juggernaut,1.5,102.6,45.6,heavy,0,0.5,normal,270.0,94,45,35,40,dragon,slow,quadruped,blue,Dragon Pokémon,"SALAMENCE came about as a result of a strong, long-held dream of growing wings. It is said that this powerful desire triggered a sudden mutation in this POKéMON’s cells, causing it to sprout its magnificent wings.",bagon --> shelgon --> salamence,3,3,1,1.0,0.5,0.5,1.0,0.25,4.0,0.5,1.0,0.0,1.0,1.0,0.5,2.0,1.0,2.0,1.0,1.0,2.0
373,salamence,salamence-mega,3,dragon,flying,2,aerilate,,95,0.14,145,0.21,130,0.19,120,0.17,90,0.13,120,0.17,700,attack,265,315,fast,363.89,3,slightly_specialized,0.97,top_tier,0.97,top_tier,4,5,1,0.0,neutral,juggernaut,neutral-juggernaut,1.8,112.6,34.75,heavy,0,0.5,normal,315.0,65,45,35,40,dragon,slow,quadruped,blue,Dragon Pokémon,"SALAMENCE came about as a result of a strong, long-held dream of growing wings. It is said that this powerful desire triggered a sudden mutation in this POKéMON’s cells, causing it to sprout its magnificent wings.",bagon --> shelgon --> salamence,3,3,1,1.0,0.5,0.5,1.0,0.25,4.0,0.5,1.0,0.0,1.0,1.0,0.5,2.0,1.0,2.0,1.0,1.0,2.0
374,beldum,beldum,3,steel,psychic,2,clear-body,light-metal,40,0.13,55,0.18,80,0.27,35,0.12,60,0.2,30,0.1,300,defense,90,180,slow,291.67,3,slightly_specialized,0.19,bottom_tier,0.19,bottom_tier,4,9,1,2.0,iron,weak_slow,iron-weak_slow,0.6,95.2,264.44,very_heavy,1,0.0,normal,60.0,8,3,35,40,mineral,slow,blob,blue,Iron Ball Pokémon,"Instead of blood, a powerful magnetic force courses throughout BELDUM’s body. This POKéMON communicates with others by sending controlled pulses of magnetism.",beldum --> metang --> metagross,3,1,0,0.5,2.0,1.0,1.0,0.5,0.5,1.0,0.0,2.0,0.5,0.25,1.0,0.5,2.0,0.5,2.0,0.5,0.5
375,metang,metang,3,steel,psychic,2,clear-body,light-metal,60,0.14,75,0.18,100,0.24,55,0.13,80,0.19,50,0.12,420,defense,130,240,slow,291.67,3,slightly_specialized,0.44,mid_tier,0.44,mid_tier,4,9,1,2.0,iron,tank,iron-tank,1.2,202.5,140.62,very_heavy,1,0.0,normal,147.0,93,3,35,40,mineral,slow,arms,blue,Iron Claw Pokémon,"When two BELDUM fuse together, METANG is formed. The brains of the BELDUM are joined by a magnetic nervous system. By linking its brains magnetically, this POKéMON generates strong psychokinetic power.",beldum --> metang --> metagross,3,2,0,0.5,2.0,1.0,1.0,0.5,0.5,1.0,0.0,2.0,0.5,0.25,1.0,0.5,2.0,0.5,2.0,0.5,0.5
376,metagross,metagross,3,steel,psychic,2,clear-body,light-metal,80,0.13,135,0.22,130,0.22,95,0.16,90,0.15,70,0.12,600,attack,230,300,average,591.67,4,specialized,0.88,top_tier,0.88,top_tier,4,9,1,2.0,iron,bulky_attacker,iron-bulky_attacker,1.6,550.0,214.84,very_heavy,1,0.0,normal,270.0,103,3,35,40,mineral,slow,heads,blue,Iron Leg Pokémon,"METAGROSS has four brains in total. Combined, the four brains can breeze through difficult calculations faster than a supercomputer. This POKéMON can float in the air by tucking in its four legs.",beldum --> metang --> metagross,3,3,1,0.5,2.0,1.0,1.0,0.5,0.5,1.0,0.0,2.0,0.5,0.25,1.0,0.5,2.0,0.5,2.0,0.5,0.5
376,metagross,metagross-mega,3,steel,psychic,2,tough-claws,,80,0.11,145,0.21,150,0.21,105,0.15,110,0.16,110,0.16,700,defense,250,340,fast,580.56,4,specialized,0.97,top_tier,0.97,top_tier,4,9,1,2.0,iron,juggernaut,iron-juggernaut,2.5,942.9,150.86,very_heavy,1,0.0,normal,315.0,70,3,35,40,mineral,slow,heads,blue,Iron Leg Pokémon,"METAGROSS has four brains in total. Combined, the four brains can breeze through difficult calculations faster than a supercomputer. This POKéMON can float in the air by tucking in its four legs.",beldum --> metang --> metagross,3,3,1,0.5,2.0,1.0,1.0,0.5,0.5,1.0,0.0,2.0,0.5,0.25,1.0,0.5,2.0,0.5,2.0,0.5,0.5
377,regirock,regirock,3,rock,,1,clear-body,sturdy,80,0.14,100,0.17,200,0.34,50,0.09,100,0.17,50,0.09,580,defense,150,380,slow,2555.56,5,extreme,0.84,top_tier,0.84,top_tier,5,4,0,-3.0,frail,tank,frail-tank,1.7,230.0,79.58,very_heavy,1,0.0,legendary,261.0,87,3,35,80,no-eggs,slow,humanoid,brown,Rock Peak Pokémon,"Its entire body is made of rock. If any part chips off in battle, it attaches rocks to repair itself.",regirock,1,0,0,0.5,0.5,2.0,1.0,2.0,1.0,2.0,0.5,2.0,0.5,1.0,1.0,1.0,1.0,1.0,1.0,2.0,1.0
378,regice,regice,3,ice,,1,clear-body,ice-body,80,0.14,50,0.09,100,0.17,100,0.17,200,0.34,50,0.09,580,sp_defense,150,380,slow,2555.56,5,extreme,0.84,top_tier,0.84,top_tier,4,1,0,-3.5,frail,tank,frail-tank,1.8,175.0,54.01,heavy,1,0.0,legendary,261.0,83,3,35,80,no-eggs,slow,humanoid,blue,Iceberg Pokémon,"REGICE’s body was made during an ice age. The deep-frozen body can’t be melted, even by fire. This POKéMON controls frigid air of minus 328 degrees F.",regice,1,0,0,1.0,2.0,1.0,1.0,1.0,0.5,2.0,1.0,1.0,1.0,1.0,1.0,2.0,1.0,1.0,1.0,2.0,1.0
379,registeel,registeel,3,steel,,1,clear-body,light-metal,80,0.14,75,0.13,150,0.26,75,0.13,150,0.26,50,0.09,580,defense,150,380,slow,1513.89,5,extreme,0.84,top_tier,0.84,top_tier,3,10,1,3.5,iron,tank,iron-tank,1.9,205.0,56.79,heavy,1,0.0,legendary,261.0,89,3,35,80,no-eggs,slow,humanoid,gray,Iron Pokémon,REGISTEEL has a body that is harder than any kind of metal. Its body is apparently hollow. No one has any idea what this POKéMON eats.,registeel,1,0,0,0.5,2.0,1.0,1.0,0.5,0.5,2.0,0.0,2.0,0.5,0.5,0.5,0.5,1.0,0.5,1.0,0.5,0.5
380,latias,latias,3,dragon,psychic,2,levitate,,80,0.13,80,0.13,90,0.15,110,0.18,130,0.22,110,0.18,600,sp_defense,190,300,fast,333.33,3,slightly_specialized,0.88,top_tier,0.88,top_tier,6,6,0,-3.0,frail,juggernaut,frail-juggernaut,1.4,40.0,20.41,light,0,1.0,legendary,270.0,122,3,90,120,no-eggs,slow,wings,red,Eon Pokémon,"LATIAS is highly sensitive to the emotions of people. If it senses any hostility, this POKéMON ruffles the feathers all over its body and cries shrilly to intimidate the foe.",latias,1,0,0,1.0,0.5,0.5,0.5,0.5,2.0,0.5,1.0,1.0,1.0,0.5,2.0,1.0,2.0,2.0,2.0,1.0,2.0
380,latias,latias-mega,3,dragon,psychic,2,levitate,,80,0.11,100,0.14,120,0.17,140,0.2,150,0.21,110,0.16,700,sp_defense,240,350,fast,555.56,4,specialized,0.97,top_tier,0.97,top_tier,6,6,0,-3.0,frail,juggernaut,frail-juggernaut,1.8,52.0,16.05,light,0,1.0,legendary,315.0,87,3,90,120,no-eggs,slow,wings,red,Eon Pokémon,"LATIAS is highly sensitive to the emotions of people. If it senses any hostility, this POKéMON ruffles the feathers all over its body and cries shrilly to intimidate the foe.",latias,1,0,0,1.0,0.5,0.5,0.5,0.5,2.0,0.5,1.0,1.0,1.0,0.5,2.0,1.0,2.0,2.0,2.0,1.0,2.0
381,latios,latios,3,dragon,psychic,2,levitate,,80,0.13,90,0.15,80,0.13,130,0.22,110,0.18,110,0.18,600,sp_attack,220,270,fast,333.33,3,slightly_specialized,0.88,top_tier,0.88,top_tier,6,6,0,-3.0,frail,juggernaut,frail-juggernaut,2.0,60.0,15.0,very_light,0,0.0,legendary,270.0,116,3,90,120,no-eggs,slow,wings,blue,Eon Pokémon,LATIOS has the ability to make its foe see an image of what it has seen or imagines in its head. This POKéMON is intelligent and understands human speech.,latios,1,0,0,1.0,0.5,0.5,0.5,0.5,2.0,0.5,1.0,1.0,1.0,0.5,2.0,1.0,2.0,2.0,2.0,1.0,2.0
381,latios,latios-mega,3,dragon,psychic,2,levitate,,80,0.11,130,0.19,100,0.14,160,0.23,120,0.17,110,0.16,700,sp_attack,290,300,fast,622.22,4,specialized,0.97,top_tier,0.97,top_tier,6,6,0,-3.0,frail,juggernaut,frail-juggernaut,2.3,70.0,13.23,very_light,0,0.0,legendary,315.0,83,3,90,120,no-eggs,slow,wings,blue,Eon Pokémon,LATIOS has the ability to make its foe see an image of what it has seen or imagines in its head. This POKéMON is intelligent and understands human speech.,latios,1,0,0,1.0,0.5,0.5,0.5,0.5,2.0,0.5,1.0,1.0,1.0,0.5,2.0,1.0,2.0,2.0,2.0,1.0,2.0
382,kyogre,kyogre,3,water,,1,drizzle,,100,0.15,100,0.15,90,0.13,150,0.22,140,0.21,90,0.13,670,sp_attack,250,330,average,580.56,4,specialized,0.95,top_tier,0.95,top_tier,2,4,0,0.0,neutral,juggernaut,neutral-juggernaut,4.5,352.0,17.38,light,1,0.0,legendary,302.0,73,3,0,120,no-eggs,slow,fish,blue,Sea Basin Pokémon,KYOGRE has the power to create massive rain clouds that cover the entire sky and bring about torrential downpours. This POKéMON saved people who were suffering from droughts.,kyogre,1,0,0,1.0,0.5,0.5,2.0,2.0,0.5,1.0,1.0,1.0,1.0,1.0,1.0,1.0,1.0,1.0,1.0,0.5,1.0
382,kyogre,kyogre-primal,3,water,,1,primordial-sea,,100,0.13,150,0.19,90,0.12,180,0.23,160,0.21,90,0.12,770,sp_attack,330,350,average,1313.89,5,highly_specialized,0.99,top_tier,0.99,top_tier,2,4,0,0.0,neutral,juggernaut,neutral-juggernaut,9.8,430.0,4.48,very_light,1,0.0,legendary,347.0,58,3,0,120,no-eggs,slow,fish,blue,Sea Basin Pokémon,KYOGRE has the power to create massive rain clouds that cover the entire sky and bring about torrential downpours. This POKéMON saved people who were suffering from droughts.,kyogre,1,0,0,1.0,0.5,0.5,2.0,2.0,0.5,1.0,1.0,1.0,1.0,1.0,1.0,1.0,1.0,1.0,1.0,0.5,1.0
383,groudon,groudon,3,ground,,1,drought,,100,0.15,150,0.22,140,0.21,100,0.15,90,0.13,90,0.13,670,attack,250,330,average,580.56,4,specialized,0.95,top_tier,0.95,top_tier,3,2,1,-0.5,neutral,juggernaut,neutral-juggernaut,3.5,950.0,77.55,very_heavy,1,0.0,legendary,302.0,108,3,0,120,no-eggs,slow,upright,red,Continent Pokémon,GROUDON has long been described in  mythology as the POKéMON that raised lands and expanded continents. This POKéMON took to sleep after a cataclysmic battle with KYOGRE.,groudon,1,0,0,1.0,1.0,2.0,0.0,2.0,2.0,1.0,0.5,1.0,1.0,1.0,1.0,0.5,1.0,1.0,1.0,1.0,1.0
383,groudon,groudon-primal,3,ground,fire,2,desolate-land,,100,0.13,180,0.23,160,0.21,150,0.19,90,0.12,90,0.12,770,attack,330,350,average,1313.89,5,highly_specialized,0.99,top_tier,0.99,top_tier,2,5,1,2.0,iron,juggernaut,iron-juggernaut,5.0,999.7,39.99,heavy,1,0.0,legendary,347.0,72,3,0,120,no-eggs,slow,upright,red,Continent Pokémon,GROUDON has long been described in  mythology as the POKéMON that raised lands and expanded continents. This POKéMON took to sleep after a cataclysmic battle with KYOGRE.,groudon,1,0,0,1.0,0.5,4.0,0.0,1.0,1.0,1.0,0.5,2.0,1.0,1.0,0.5,1.0,1.0,1.0,1.0,0.5,0.5
384,rayquaza,rayquaza,3,dragon,flying,2,air-lock,,105,0.15,150,0.22,90,0.13,150,0.22,90,0.13,95,0.14,680,attack,300,285,average,697.22,4,specialized,0.96,top_tier,0.96,top_tier,4,5,1,0.0,neutral,juggernaut,neutral-juggernaut,7.0,206.5,4.21,very_light,1,0.0,legendary,306.0,105,45,0,120,no-eggs,slow,squiggle,green,Sky High Pokémon,"RAYQUAZA lived for hundreds of millions of years in the earth’s ozone layer,  never descending to the ground. This POKéMON appears to feed on water and particles in the atmosphere.",rayquaza,1,0,0,1.0,0.5,0.5,1.0,0.25,4.0,0.5,1.0,0.0,1.0,1.0,0.5,2.0,1.0,2.0,1.0,1.0,2.0
384,rayquaza,rayquaza-mega,3,dragon,flying,2,delta-stream,,105,0.13,180,0.23,100,0.13,180,0.23,100,0.13,115,0.15,780,attack,360,305,fast,1275.0,5,highly_specialized,1.0,top_tier,1.0,top_tier,4,5,1,0.0,neutral,juggernaut,neutral-juggernaut,10.8,392.0,3.36,very_light,1,0.0,legendary,351.0,81,45,0,120,no-eggs,slow,squiggle,green,Sky High Pokémon,"RAYQUAZA lived for hundreds of millions of years in the earth’s ozone layer,  never descending to the ground. This POKéMON appears to feed on water and particles in the atmosphere.",rayquaza,1,0,0,1.0,0.5,0.5,1.0,0.25,4.0,0.5,1.0,0.0,1.0,1.0,0.5,2.0,1.0,2.0,1.0,1.0,2.0
385,jirachi,jirachi,3,steel,psychic,2,serene-grace,,100,0.17,100,0.17,100,0.17,100,0.17,100,0.17,100,0.17,600,hp,200,300,fast,0.0,1,balanced,0.88,top_tier,0.88,top_tier,4,9,1,2.0,iron,juggernaut,iron-juggernaut,0.3,1.1,12.22,very_light,1,0.0,mythical,270.0,108,3,100,120,no-eggs,slow,humanoid,yellow,Wish Pokémon,"A legend states that JIRACHI will make true any wish that is written on notes attached to its head when it awakens. If this POKéMON senses danger, it will fight without awakening.",jirachi,1,0,0,0.5,2.0,1.0,1.0,0.5,0.5,1.0,0.0,2.0,0.5,0.25,1.0,0.5,2.0,0.5,2.0,0.5,0.5
386,deoxys,deoxys-normal,3,psychic,,1,pressure,,50,0.08,150,0.25,50,0.08,150,0.25,50,0.08,150,0.25,600,attack,300,150,fast,2500.0,5,extreme,0.88,top_tier,0.88,top_tier,3,2,0,-2.0,frail,sweeper,frail-sweeper,1.7,60.8,21.04,light,1,0.0,mythical,270.0,116,3,0,120,no-eggs,slow,humanoid,red,DNA Pokémon,The DNA of a space virus underwent a sudden mutation upon exposure to a laser beam and resulted in DEOXYS. The crystalline organ on this POKéMON’s chest appears to be its brain.,deoxys,1,0,0,1.0,1.0,1.0,1.0,1.0,1.0,0.5,1.0,1.0,1.0,0.5,2.0,1.0,2.0,1.0,2.0,1.0,1.0
386,deoxys,deoxys-attack,3,psychic,,1,pressure,,50,0.08,180,0.3,20,0.03,180,0.3,20,0.03,150,0.25,600,attack,360,90,fast,5100.0,5,extreme,0.88,top_tier,0.88,top_tier,3,2,0,-2.0,frail,sweeper,frail-sweeper,1.7,60.8,21.04,light,1,0.0,mythical,270.0,119,3,0,120,no-eggs,slow,humanoid,red,DNA Pokémon,The DNA of a space virus underwent a sudden mutation upon exposure to a laser beam and resulted in DEOXYS. The crystalline organ on this POKéMON’s chest appears to be its brain.,deoxys,1,0,0,1.0,1.0,1.0,1.0,1.0,1.0,0.5,1.0,1.0,1.0,0.5,2.0,1.0,2.0,1.0,2.0,1.0,1.0
386,deoxys,deoxys-defense,3,psychic,,1,pressure,,50,0.08,70,0.12,160,0.27,70,0.12,160,0.27,90,0.15,600,defense,140,370,average,1933.33,5,extreme,0.88,top_tier,0.88,top_tier,3,2,0,-2.0,frail,bulky_speedster,frail-bulky_speedster,1.7,60.8,21.04,light,1,0.0,mythical,270.0,119,3,0,120,no-eggs,slow,humanoid,red,DNA Pokémon,The DNA of a space virus underwent a sudden mutation upon exposure to a laser beam and resulted in DEOXYS. The crystalline organ on this POKéMON’s chest appears to be its brain.,deoxys,1,0,0,1.0,1.0,1.0,1.0,1.0,1.0,0.5,1.0,1.0,1.0,0.5,2.0,1.0,2.0,1.0,2.0,1.0,1.0
386,deoxys,deoxys-speed,3,psychic,,1,pressure,,50,0.08,95,0.16,90,0.15,95,0.16,90,0.15,180,0.3,600,speed,190,230,fast,1525.0,5,extreme,0.88,top_tier,0.88,top_tier,3,2,0,-2.0,frail,sweeper,frail-sweeper,1.7,60.8,21.04,light,1,0.0,mythical,270.0,119,3,0,120,no-eggs,slow,humanoid,red,DNA Pokémon,The DNA of a space virus underwent a sudden mutation upon exposure to a laser beam and resulted in DEOXYS. The crystalline organ on this POKéMON’s chest appears to be its brain.,deoxys,1,0,0,1.0,1.0,1.0,1.0,1.0,1.0,0.5,1.0,1.0,1.0,0.5,2.0,1.0,2.0,1.0,2.0,1.0,1.0
