pokedex_id,species_name,name,generation,type1,type2,type_count,abilities,hidden_abilities,hp,hp_ratio,attack,attack_ratio,defense,defense_ratio,sp_attack,sp_attack_ratio,sp_defense,sp_defense_ratio,speed,speed_ratio,base_stat_total,dominant_stat,offense,bulk,speed_tier,stat_variance,stat_variance_quantile,stat_specialization,bst_percentile_gen,bst_gen_class,bst_percentile_all,bst_all_class,weakness_count,resistance_count,immunity_count,typing_defense_score,typing_defense_class,battle_archetypes,combat_profile,height_m,weight_kg,mass_index,mass_index_class,is_genderless,female_ratio,pokemon_class,base_experience,moves_count,capture_rate,base_happiness,hatch_counter,egg_groups,growth_rate,shape,color,genus,flavor_text,evolution_line,evolution_chain_length,evolution_stage,is_final_evolution,against_normal,against_fire,against_water,against_electric,against_grass,against_ice,against_fighting,against_poison,against_ground,against_flying,against_psychic,against_bug,against_rock,against_ghost,against_dragon,against_dark,against_steel,against_fairy
1,bulbasaur,bulbasaur,1,grass,poison,2,overgrow,chlorophyll,45,0.14,49,0.15,49,0.15,65,0.2,65,0.2,45,0.14,318,sp_attack,114,159,slow,74.67,1,balanced,0.18,bottom_tier,0.18,bottom_tier,4,5,0,-1.5,frail,weak_slow,frail-weak_slow,0.7,6.9,14.08,very_light,0,0.125,normal,64.0,86,45,70,20,"monster, plant",medium-slow,quadruped,green,Seed Pokémon,A strange seed was planted on its back at birth. The plant sprouts and grows with this POKéMON.,bulbasaur --> ivysaur --> venusaur,3,1,0,1.0,2.0,0.5,0.5,0.25,2.0,0.5,1.0,1.0,2.0,2.0,1.0,1.0,1.0,1.0,1.0,1.0,0.5
2,ivysaur,ivysaur,1,grass,poison,2,overgrow,chlorophyll,60,0.15,62,0.15,63,0.16,80,0.2,80,0.2,60,0.15,405,sp_attack,142,203,average,79.25,1,balanced,0.44,mid_tier,0.44,mid_tier,4,5,0,-1.5,frail,slow_attacker,frail-slow_attacker,1.0,13.0,13.0,very_light,0,0.125,normal,142.0,83,45,70,20,"monster, plant",medium-slow,quadruped,green,Seed Pokémon,"When the bulb on its back grows large, it appears to lose the ability to stand on its hind legs.",bulbasaur --> ivysaur --> venusaur,3,2,0,1.0,2.0,0.5,0.5,0.25,2.0,0.5,1.0,1.0,2.0,2.0,1.0,1.0,1.0,1.0,1.0,1.0,0.5
3,venusaur,venusaur,1,grass,poison,2,overgrow,chlorophyll,80,0.15,82,0.16,83,0.16,100,0.19,100,0.19,80,0.15,525,sp_attack,182,263,average,79.25,1,balanced,0.81,top_tier,0.81,top_tier,4,5,0,-1.5,frail,bulky_attacker,frail-bulky_attacker,2.0,100.0,25.0,light,0,0.125,normal,236.0,96,45,70,20,"monster, plant",medium-slow,quadruped,green,Seed Pokémon,The plant blooms when it is absorbing solar energy. It stays on the move to seek sunlight.,bulbasaur --> ivysaur --> venusaur,3,3,1,1.0,2.0,0.5,0.5,0.25,2.0,0.5,1.0,1.0,2.0,2.0,1.0,1.0,1.0,1.0,1.0,1.0,0.5
3,venusaur,venusaur-mega,1,grass,poison,2,thick-fat,,80,0.13,100,0.16,123,0.2,122,0.2,120,0.19,80,0.13,625,defense,222,323,average,351.47,3,slightly_specialized,0.96,top_tier,0.96,top_tier,4,5,0,-1.5,frail,bulky_attacker,frail-bulky_attacker,2.4,155.5,27.0,average,0,0.125,normal,281.0,66,45,70,20,"monster, plant",medium-slow,quadruped,green,Seed Pokémon,The plant blooms when it is absorbing solar energy. It stays on the move to seek sunlight.,bulbasaur --> ivysaur --> venusaur,3,3,1,1.0,2.0,0.5,0.5,0.25,2.0,0.5,1.0,1.0,2.0,2.0,1.0,1.0,1.0,1.0,1.0,1.0,0.5
3,venusaur,venusaur-gmax,1,grass,poison,2,overgrow,chlorophyll,80,0.15,82,0.16,83,0.16,100,0.19,100,0.19,80,0.15,525,sp_attack,182,263,average,79.25,1,balanced,0.81,top_tier,0.81,top_tier,4,5,0,-1.5,frail,bulky_attacker,frail-bulky_attacker,24.0,1000.0,1.74,very_light,0,0.125,normal,236.0,0,45,70,20,"monster, plant",medium-slow,quadruped,green,Seed Pokémon,The plant blooms when it is absorbing solar energy. It stays on the move to seek sunlight.,bulbasaur --> ivysaur --> venusaur,3,3,1,1.0,2.0,0.5,0.5,0.25,2.0,0.5,1.0,1.0,2.0,2.0,1.0,1.0,1.0,1.0,1.0,1.0,0.5
4,charmander,charmander,1,fire,,1,blaze,solar-power,39,0.13,52,0.17,43,0.14,60,0.19,50,0.16,65,0.21,309,speed,112,132,average,80.92,1,balanced,0.16,bottom_tier,0.16,bottom_tier,3,6,0,0.0,neutral,fragile,neutral-fragile,0.6,8.5,23.61,light,0,0.125,normal,62.0,105,45,70,20,"monster, dragon",medium-slow,upright,red,Lizard Pokémon,"Obviously prefers hot places. When it rains, steam is said to spout from the tip of its tail.",charmander --> charmeleon --> charizard,3,1,0,1.0,0.5,2.0,1.0,0.5,0.5,1.0,1.0,2.0,1.0,1.0,0.5,2.0,1.0,1.0,1.0,0.5,0.5
5,charmeleon,charmeleon,1,fire,,1,blaze,solar-power,58,0.14,64,0.16,58,0.14,80,0.2,65,0.16,80,0.2,405,sp_attack,144,181,average,85.25,1,balanced,0.44,mid_tier,0.44,mid_tier,3,6,0,0.0,neutral,balanced,neutral-balanced,1.1,19.0,15.7,very_light,0,0.125,normal,142.0,103,45,70,20,"monster, dragon",medium-slow,upright,red,Flame Pokémon,"When it swings its burning tail, it elevates the temperature to unbearably high levels.",charmander --> charmeleon --> charizard,3,2,0,1.0,0.5,2.0,1.0,0.5,0.5,1.0,1.0,2.0,1.0,1.0,0.5,2.0,1.0,1.0,1.0,0.5,0.5
6,charizard,charizard,1,fire,flying,2,blaze,solar-power,78,0.15,84,0.16,78,0.15,109,0.2,85,0.16,100,0.19,534,sp_attack,193,241,fast,134.0,2,balanced,0.85,top_tier,0.85,top_tier,3,6,1,1.5,iron,juggernaut,iron-juggernaut,1.7,90.5,31.31,average,0,0.125,normal,240.0,131,45,70,20,"monster, dragon",medium-slow,upright,red,Flame Pokémon,Spits fire that is hot enough to melt boulders. Known to cause forest fires unintentionally.,charmander --> charmeleon --> charizard,3,3,1,1.0,0.5,2.0,2.0,0.25,1.0,0.5,1.0,0.0,1.0,1.0,0.25,4.0,1.0,1.0,1.0,0.5,0.5
6,charizard,charizard-mega-x,1,fire,dragon,2,tough-claws,,78,0.12,130,0.21,111,0.18,130,0.21,85,0.13,100,0.16,634,attack,260,274,fast,406.22,3,slightly_specialized,0.97,top_tier,0.97,top_tier,3,5,0,-0.5,exposed,juggernaut,exposed-juggernaut,1.7,110.5,38.24,heavy,0,0.125,normal,285.0,83,45,70,20,"monster, dragon",medium-slow,upright,red,Flame Pokémon,Spits fire that is hot enough to melt boulders. Known to cause forest fires unintentionally.,charmander --> charmeleon --> charizard,3,3,1,1.0,0.25,1.0,0.5,0.25,1.0,1.0,1.0,2.0,1.0,1.0,0.5,2.0,1.0,2.0,1.0,0.5,1.0
6,charizard,charizard-mega-y,1,fire,flying,2,drought,,78,0.12,104,0.16,78,0.12,159,0.25,115,0.18,100,0.16,634,sp_attack,263,271,fast,749.56,5,specialized,0.97,top_tier,0.97,top_tier,3,6,1,1.5,iron,juggernaut,iron-juggernaut,1.7,100.5,34.78,heavy,0,0.125,normal,285.0,83,45,70,20,"monster, dragon",medium-slow,upright,red,Flame Pokémon,Spits fire that is hot enough to melt boulders. Known to cause forest fires unintentionally.,charmander --> charmeleon --> charizard,3,3,1,1.0,0.5,2.0,2.0,0.25,1.0,0.5,1.0,0.0,1.0,1.0,0.25,4.0,1.0,1.0,1.0,0.5,0.5
6,charizard,charizard-gmax,1,fire,flying,2,blaze,solar-power,78,0.15,84,0.16,78,0.15,109,0.2,85,0.16,100,0.19,534,sp_attack,193,241,fast,134.0,2,balanced,0.85,top_tier,0.85,top_tier,3,6,1,1.5,iron,juggernaut,iron-juggernaut,28.0,1000.0,1.28,very_light,0,0.125,normal,240.0,0,45,70,20,"monster, dragon",medium-slow,upright,red,Flame Pokémon,Spits fire that is hot enough to melt boulders. Known to cause forest fires unintentionally.,charmander --> charmeleon --> charizard,3,3,1,1.0,0.5,2.0,2.0,0.25,1.0,0.5,1.0,0.0,1.0,1.0,0.25,4.0,1.0,1.0,1.0,0.5,0.5
7,squirtle,squirtle,1,water,,1,torrent,rain-dish,44,0.14,48,0.15,65,0.21,50,0.16,64,0.2,43,0.14,314,defense,98,173,slow,79.56,1,balanced,0.17,bottom_tier,0.17,bottom_tier,2,4,0,0.0,neutral,slow_attacker,neutral-slow_attacker,0.5,9.0,36.0,heavy,0,0.125,normal,63.0,105,45,70,20,"monster, water1",medium-slow,upright,blue,Tiny Turtle Pokémon,"After birth, its back swells and hardens into a shell. Powerfully sprays foam from its mouth.",squirtle --> wartortle --> blastoise,3,1,0,1.0,0.5,0.5,2.0,2.0,0.5,1.0,1.0,1.0,1.0,1.0,1.0,1.0,1.0,1.0,1.0,0.5,1.0
8,wartortle,wartortle,1,water,,1,torrent,rain-dish,59,0.15,63,0.16,80,0.2,65,0.16,80,0.2,58,0.14,405,defense,128,219,slow,83.58,1,balanced,0.44,mid_tier,0.44,mid_tier,2,4,0,0.0,neutral,slow_attacker,neutral-slow_attacker,1.0,22.5,22.5,light,0,0.125,normal,142.0,101,45,70,20,"monster, water1",medium-slow,upright,blue,Turtle Pokémon,"Often hides in water to stalk unwary prey. For swimming fast, it moves its ears to maintain balance.",squirtle --> wartortle --> blastoise,3,2,0,1.0,0.5,0.5,2.0,2.0,0.5,1.0,1.0,1.0,1.0,1.0,1.0,1.0,1.0,1.0,1.0,0.5,1.0
9,blastoise,blastoise,1,water,,1,torrent,rain-dish,79,0.15,83,0.16,100,0.19,85,0.16,105,0.2,78,0.15,530,sp_defense,168,284,average,107.89,1,balanced,0.83,top_tier,0.83,top_tier,2,4,0,0.0,neutral,bulky,neutral-bulky,1.6,85.5,33.4,average,0,0.125,normal,239.0,120,45,70,20,"monster, water1",medium-slow,upright,blue,Shellfish Pokémon,A brutal POKéMON with pressurized water jets on its shell. They are used for high speed tackles.,squirtle --> wartortle --> blastoise,3,3,1,1.0,0.5,0.5,2.0,2.0,0.5,1.0,1.0,1.0,1.0,1.0,1.0,1.0,1.0,1.0,1.0,0.5,1.0
9,blastoise,blastoise-mega,1,water,,1,mega-launcher,,79,0.13,103,0.16,120,0.19,135,0.21,115,0.18,78,0.12,630,sp_attack,238,314,average,439.0,4,slightly_specialized,0.97,top_tier,0.97,top_tier,2,4,0,0.0,neutral,bulky_attacker,neutral-bulky_attacker,1.6,101.1,39.49,heavy,0,0.125,normal,284.0,73,45,70,20,"monster, water1",medium-slow,upright,blue,Shellfish Pokémon,A brutal POKéMON with pressurized water jets on its shell. They are used for high speed tackles.,squirtle --> wartortle --> blastoise,3,3,1,1.0,0.5,0.5,2.0,2.0,0.5,1.0,1.0,1.0,1.0,1.0,1.0,1.0,1.0,1.0,1.0,0.5,1.0
9,blastoise,blastoise-gmax,1,water,,1,torrent,rain-dish,79,0.15,83,0.16,100,0.19,85,0.16,105,0.2,78,0.15,530,sp_defense,168,284,average,107.89,1,balanced,0.83,top_tier,0.83,top_tier,2,4,0,0.0,neutral,bulky,neutral-bulky,25.0,1000.0,1.6,very_light,0,0.125,normal,239.0,0,45,70,20,"monster, water1",medium-slow,upright,blue,Shellfish Pokémon,A brutal POKéMON with pressurized water jets on its shell. They are used for high speed tackles.,squirtle --> wartortle --> blastoise,3,3,1,1.0,0.5,0.5,2.0,2.0,0.5,1.0,1.0,1.0,1.0,1.0,1.0,1.0,1.0,1.0,1.0,0.5,1.0
10,caterpie,caterpie,1,bug,,1,shield-dust,run-away,45,0.23,30,0.15,35,0.18,20,0.1,20,0.1,45,0.23,195,hp,50,100,slow,106.25,1,balanced,0.01,bottom_tier,0.01,bottom_tier,3,3,0,-1.5,frail,weak_slow,frail-weak_slow,0.3,2.9,32.22,average,0,0.5,normal,39.0,5,255,70,15,bug,medium,armor,green,Worm Pokémon,Its short feet are tipped with suction pads that enable it to tirelessly climb slopes and walls.,caterpie --> metapod --> butterfree,3,1,0,1.0,2.0,1.0,1.0,0.5,1.0,0.5,1.0,0.5,2.0,1.0,1.0,2.0,1.0,1.0,1.0,1.0,1.0
11,metapod,metapod,1,bug,,1,shed-skin,,50,0.24,20,0.1,55,0.27,25,0.12,25,0.12,30,0.15,205,defense,45,130,slow,178.47,2,balanced,0.02,bottom_tier,0.02,bottom_tier,3,3,0,-1.5,frail,weak_slow,frail-weak_slow,0.7,9.9,20.2,light,0,0.5,normal,72.0,5,120,70,15,bug,medium,squiggle,green,Cocoon Pokémon,"This POKéMON is vulnerable to attack while its shell is soft, exposing its weak and tender body.",caterpie --> metapod --> butterfree,3,2,0,1.0,2.0,1.0,1.0,0.5,1.0,0.5,1.0,0.5,2.0,1.0,1.0,2.0,1.0,1.0,1.0,1.0,1.0
12,butterfree,butterfree,1,bug,flying,2,compound-eyes,tinted-lens,60,0.15,45,0.11,50,0.13,90,0.23,80,0.2,70,0.18,395,sp_attack,135,190,average,253.47,2,slightly_specialized,0.41,mid_tier,0.41,mid_tier,5,3,1,-2.0,frail,balanced,frail-balanced,1.1,32.0,26.45,average,0,0.5,normal,178.0,87,45,70,15,bug,medium,bug-wings,white,Butterfly Pokémon,"In battle, it flaps its wings at high speed to release highly toxic dust into the air.",caterpie --> metapod --> butterfree,3,3,1,1.0,2.0,1.0,2.0,0.25,2.0,0.25,1.0,0.0,2.0,1.0,0.5,4.0,1.0,1.0,1.0,1.0,1.0
12,butterfree,butterfree-gmax,1,bug,flying,2,compound-eyes,tinted-lens,60,0.15,45,0.11,50,0.13,90,0.23,80,0.2,70,0.18,395,sp_attack,135,190,average,253.47,2,slightly_specialized,0.41,mid_tier,0.41,mid_tier,5,3,1,-2.0,frail,balanced,frail-balanced,17.0,1000.0,3.46,very_light,0,0.5,normal,178.0,0,45,70,15,bug,medium,bug-wings,white,Butterfly Pokémon,"In battle, it flaps its wings at high speed to release highly toxic dust into the air.",caterpie --> metapod --> butterfree,3,3,1,1.0,2.0,1.0,2.0,0.25,2.0,0.25,1.0,0.0,2.0,1.0,0.5,4.0,1.0,1.0,1.0,1.0,1.0
13,weedle,weedle,1,bug,poison,2,shield-dust,run-away,40,0.21,35,0.18,30,0.15,20,0.1,20,0.1,50,0.26,195,speed,55,90,slow,114.58,1,balanced,0.01,bottom_tier,0.01,bottom_tier,4,5,0,-1.5,frail,weak_slow,frail-weak_slow,0.3,3.2,35.56,heavy,0,0.5,normal,39.0,4,255,70,15,bug,medium,armor,brown,Hairy Bug Pokémon,"Often found in forests, eating leaves. It has a sharp venomous stinger on its head.",weedle --> kakuna --> beedrill,3,1,0,1.0,2.0,1.0,1.0,0.25,1.0,0.25,0.5,1.0,2.0,2.0,0.5,2.0,1.0,1.0,1.0,1.0,0.5
14,kakuna,kakuna,1,bug,poison,2,shed-skin,,45,0.22,25,0.12,50,0.24,25,0.12,25,0.12,35,0.17,205,defense,50,120,slow,103.47,1,balanced,0.02,bottom_tier,0.02,bottom_tier,4,5,0,-1.5,frail,weak_slow,frail-weak_slow,0.6,10.0,27.78,average,0,0.5,normal,72.0,5,120,70,15,bug,medium,squiggle,yellow,Cocoon Pokémon,"Almost incapable of moving, this POKéMON can only harden its shell to protect itself from predators.",weedle --> kakuna --> beedrill,3,2,0,1.0,2.0,1.0,1.0,0.25,1.0,0.25,0.5,1.0,2.0,2.0,0.5,2.0,1.0,1.0,1.0,1.0,0.5
15,beedrill,beedrill,1,bug,poison,2,swarm,sniper,65,0.16,90,0.23,40,0.1,45,0.11,80,0.2,75,0.19,395,attack,135,185,average,328.47,3,slightly_specialized,0.41,mid_tier,0.41,mid_tier,4,5,0,-1.5,frail,balanced,frail-balanced,1.0,29.5,29.5,average,0,0.5,normal,178.0,83,45,70,15,bug,medium,bug-wings,yellow,Poison Bee Pokémon,It has three poisonous stingers on its forelegs and its tail. They are used to jab its enemy repeatedly.,weedle --> kakuna --> beedrill,3,3,1,1.0,2.0,1.0,1.0,0.25,1.0,0.25,0.5,1.0,2.0,2.0,0.5,2.0,1.0,1.0,1.0,1.0,0.5
15,beedrill,beedrill-mega,1,bug,poison,2,adaptability,,65,0.13,150,0.3,40,0.08,15,0.03,80,0.16,145,0.29,495,attack,165,185,fast,2522.92,5,extreme,0.7,upper_mid_tier,0.7,upper_mid_tier,4,5,0,-1.5,frail,midrange,frail-midrange,1.4,40.5,20.66,light,0,0.5,normal,223.0,64,45,70,15,bug,medium,bug-wings,yellow,Poison Bee Pokémon,It has three poisonous stingers on its forelegs and its tail. They are used to jab its enemy repeatedly.,weedle --> kakuna --> beedrill,3,3,1,1.0,2.0,1.0,1.0,0.25,1.0,0.25,0.5,1.0,2.0,2.0,0.5,2.0,1.0,1.0,1.0,1.0,0.5
16,pidgey,pidgey,1,normal,flying,2,"keen-eye, tangled-feet",big-pecks,40,0.16,45,0.18,40,0.16,35,0.14,35,0.14,56,0.22,251,speed,80,115,slow,51.81,1,balanced,0.03,bottom_tier,0.03,bottom_tier,3,2,2,1.0,iron,weak_slow,iron-weak_slow,0.3,1.8,20.0,light,0,0.5,normal,50.0,64,255,70,15,flying,medium-slow,wings,brown,Tiny Bird Pokémon,A common sight in forests and woods. It flaps its wings at ground level to kick up blinding sand.,pidgey --> pidgeotto --> pidgeot,3,1,0,1.0,1.0,1.0,2.0,0.5,2.0,1.0,1.0,0.0,1.0,1.0,0.5,2.0,0.0,1.0,1.0,1.0,1.0
17,pidgeotto,pidgeotto,1,normal,flying,2,"keen-eye, tangled-feet",big-pecks,63,0.18,60,0.17,55,0.16,50,0.14,50,0.14,71,0.2,349,speed,110,168,average,55.81,1,balanced,0.34,lower_mid_tier,0.34,lower_mid_tier,3,2,2,1.0,iron,fragile,iron-fragile,1.1,30.0,24.79,light,0,0.5,normal,122.0,61,120,70,15,flying,medium-slow,wings,brown,Bird Pokémon,"Very protective of its sprawling territorial area, this POKéMON will fiercely peck at any intruder.",pidgey --> pidgeotto --> pidgeot,3,2,0,1.0,1.0,1.0,2.0,0.5,2.0,1.0,1.0,0.0,1.0,1.0,0.5,2.0,0.0,1.0,1.0,1.0,1.0
18,pidgeot,pidgeot,1,normal,flying,2,"keen-eye, tangled-feet",big-pecks,83,0.17,80,0.17,75,0.16,70,0.15,70,0.15,101,0.21,479,speed,150,228,fast,112.47,1,balanced,0.61,upper_mid_tier,0.61,upper_mid_tier,3,2,2,1.0,iron,midrange,iron-midrange,1.5,39.5,17.56,light,0,0.5,normal,216.0,63,45,70,15,flying,medium-slow,wings,brown,Bird Pokémon,"When hunting, it skims the surface of water at high speed to pick off unwary prey such as MAGIKARP.",pidgey --> pidgeotto --> pidgeot,3,3,1,1.0,1.0,1.0,2.0,0.5,2.0,1.0,1.0,0.0,1.0,1.0,0.5,2.0,0.0,1.0,1.0,1.0,1.0
18,pidgeot,pidgeot-mega,1,normal,flying,2,no-guard,,83,0.14,80,0.14,80,0.14,135,0.23,80,0.14,121,0.21,579,sp_attack,215,243,fast,513.58,4,specialized,0.88,top_tier,0.88,top_tier,3,2,2,1.0,iron,juggernaut,iron-juggernaut,2.2,50.5,10.43,very_light,0,0.5,normal,261.0,48,45,70,15,flying,medium-slow,wings,brown,Bird Pokémon,"When hunting, it skims the surface of water at high speed to pick off unwary prey such as MAGIKARP.",pidgey --> pidgeotto --> pidgeot,3,3,1,1.0,1.0,1.0,2.0,0.5,2.0,1.0,1.0,0.0,1.0,1.0,0.5,2.0,0.0,1.0,1.0,1.0,1.0
19,rattata,rattata,1,normal,,1,"run-away, guts",hustle,30,0.12,56,0.22,35,0.14,25,0.1,35,0.14,72,0.28,253,speed,81,100,average,271.14,2,slightly_specialized,0.04,bottom_tier,0.04,bottom_tier,1,0,1,0.5,solid,fragile,solid-fragile,0.3,3.5,38.89,heavy,0,0.5,normal,51.0,82,255,70,15,ground,medium,quadruped,purple,Mouse Pokémon,"Bites anything when it attacks. Small and very quick, it is a common sight in many places.",rattata --> raticate,2,1,0,1.0,1.0,1.0,1.0,1.0,1.0,2.0,1.0,1.0,1.0,1.0,1.0,1.0,0.0,1.0,1.0,1.0,1.0
19,rattata,rattata-alola,1,dark,normal,2,"gluttony, hustle",thick-fat,30,0.12,56,0.22,35,0.14,25,0.1,35,0.14,72,0.28,253,speed,81,100,average,271.14,2,slightly_specialized,0.04,bottom_tier,0.04,bottom_tier,3,1,2,0.5,solid,fragile,solid-fragile,0.3,3.8,42.22,heavy,0,0.5,normal,51.0,63,255,70,15,ground,medium,quadruped,purple,Mouse Pokémon,"Bites anything when it attacks. Small and very quick, it is a common sight in many places.",rattata --> raticate,2,1,0,1.0,1.0,1.0,1.0,1.0,1.0,4.0,1.0,1.0,1.0,0.0,2.0,1.0,0.0,1.0,0.5,1.0,2.0
20,raticate,raticate,1,normal,,1,"run-away, guts",hustle,55,0.13,81,0.2,60,0.15,50,0.12,70,0.17,97,0.23,413,speed,131,185,average,261.14,2,slightly_specialized,0.47,mid_tier,0.47,mid_tier,1,0,1,0.5,solid,midrange,solid-midrange,0.7,18.5,37.76,heavy,0,0.5,normal,145.0,85,127,70,15,ground,medium,quadruped,brown,Mouse Pokémon,It uses its whis­ kers to maintain its balance. It apparently slows down if they are cut off.,rattata --> raticate,2,2,1,1.0,1.0,1.0,1.0,1.0,1.0,2.0,1.0,1.0,1.0,1.0,1.0,1.0,0.0,1.0,1.0,1.0,1.0
20,raticate,raticate-alola,1,dark,normal,2,"gluttony, hustle",thick-fat,75,0.18,71,0.17,70,0.17,40,0.1,80,0.19,77,0.19,413,sp_defense,111,225,average,177.81,2,balanced,0.47,mid_tier,0.47,mid_tier,3,1,2,0.5,solid,midrange,solid-midrange,0.7,25.5,52.04,very_heavy,0,0.5,normal,145.0,67,127,70,15,ground,medium,quadruped,brown,Mouse Pokémon,It uses its whis­ kers to maintain its balance. It apparently slows down if they are cut off.,rattata --> raticate,2,2,1,1.0,1.0,1.0,1.0,1.0,1.0,4.0,1.0,1.0,1.0,0.0,2.0,1.0,0.0,1.0,0.5,1.0,2.0
20,raticate,raticate-totem-alola,1,dark,normal,2,"gluttony, hustle",thick-fat,75,0.18,71,0.17,70,0.17,40,0.1,80,0.19,77,0.19,413,sp_defense,111,225,average,177.81,2,balanced,0.47,mid_tier,0.47,mid_tier,3,1,2,0.5,solid,midrange,solid-midrange,1.4,105.0,53.57,very_heavy,0,0.5,normal,145.0,63,127,70,15,ground,medium,quadruped,brown,Mouse Pokémon,It uses its whis­ kers to maintain its balance. It apparently slows down if they are cut off.,rattata --> raticate,2,2,1,1.0,1.0,1.0,1.0,1.0,1.0,4.0,1.0,1.0,1.0,0.0,2.0,1.0,0.0,1.0,0.5,1.0,2.0
21,spearow,spearow,1,normal,flying,2,keen-eye,sniper,40,0.15,60,0.23,30,0.11,31,0.12,31,0.12,70,0.27,262,speed,91,101,average,246.89,2,slightly_specialized,0.04,bottom_tier,0.04,bottom_tier,3,2,2,1.0,iron,fragile,iron-fragile,0.3,2.0,22.22,light,0,0.5,normal,52.0,70,255,70,15,flying,medium,wings,brown,Tiny Bird Pokémon,"It flaps its small wings busily to fly. Using its beak, it searches in grass for prey.",spearow --> fearow,2,1,0,1.0,1.0,1.0,2.0,0.5,2.0,1.0,1.0,0.0,1.0,1.0,0.5,2.0,0.0,1.0,1.0,1.0,1.0
22,fearow,fearow,1,normal,flying,2,keen-eye,sniper,65,0.15,90,0.2,65,0.15,61,0.14,61,0.14,100,0.23,442,speed,151,191,fast,238.56,2,slightly_specialized,0.53,mid_tier,0.53,mid_tier,3,2,2,1.0,iron,midrange,iron-midrange,1.2,38.0,26.39,average,0,0.5,normal,155.0,69,90,70,15,flying,medium,wings,brown,Beak Pokémon,"With its huge and magnificent wings, it can keep aloft without ever having to land for rest.",spearow --> fearow,2,2,1,1.0,1.0,1.0,2.0,0.5,2.0,1.0,1.0,0.0,1.0,1.0,0.5,2.0,0.0,1.0,1.0,1.0,1.0
23,ekans,ekans,1,poison,,1,"intimidate, shed-skin",unnerve,35,0.12,60,0.21,44,0.15,40,0.14,54,0.19,55,0.19,288,attack,100,133,slow,79.67,1,balanced,0.07,bottom_tier,0.07,bottom_tier,2,5,0,0.5,solid,weak_slow,solid-weak_slow,2.0,6.9,1.72,very_light,0,0.5,normal,58.0,95,255,70,20,"ground, dragon",medium,squiggle,purple,Snake Pokémon,"Moves silently and stealthily. Eats the eggs of birds, such as PIDGEY and SPEAROW, whole.",ekans --> arbok,2,1,0,1.0,1.0,1.0,1.0,0.5,1.0,0.5,0.5,2.0,1.0,2.0,0.5,1.0,1.0,1.0,1.0,1.0,0.5
24,arbok,arbok,1,poison,,1,"intimidate, shed-skin",unnerve,60,0.13,95,0.21,69,0.15,65,0.15,79,0.18,80,0.18,448,attack,160,208,average,133.56,2,balanced,0.53,mid_tier,0.53,mid_tier,2,5,0,0.5,solid,balanced,solid-balanced,3.5,65.0,5.31,very_light,0,0.5,normal,157.0,102,90,70,20,"ground, dragon",medium,squiggle,purple,Cobra Pokémon,It is rumored that the ferocious warning markings on its belly differ from area to area.,ekans --> arbok,2,2,1,1.0,1.0,1.0,1.0,0.5,1.0,0.5,0.5,2.0,1.0,2.0,0.5,1.0,1.0,1.0,1.0,1.0,0.5
25,pikachu,pikachu,1,electric,,1,static,lightning-rod,35,0.11,55,0.17,40,0.12,50,0.16,50,0.16,90,0.28,320,speed,105,125,average,313.89,3,slightly_specialized,0.23,lower_mid_tier,0.23,lower_mid_tier,1,3,0,0.5,solid,fragile,solid-fragile,0.4,6.0,37.5,heavy,0,0.5,normal,112.0,105,190,70,10,"ground, fairy",medium,quadruped,yellow,Mouse Pokémon,"When several of these POKéMON gather, their electricity could build and cause lightning storms.",pichu --> pikachu --> raichu,3,2,0,1.0,1.0,1.0,0.5,1.0,1.0,1.0,1.0,2.0,0.5,1.0,1.0,1.0,1.0,1.0,1.0,0.5,1.0
25,pikachu,pikachu-rock-star,1,electric,,1,static,lightning-rod,35,0.11,55,0.17,40,0.12,50,0.16,50,0.16,90,0.28,320,speed,105,125,average,313.89,3,slightly_specialized,0.23,lower_mid_tier,0.23,lower_mid_tier,1,3,0,0.5,solid,fragile,solid-fragile,0.4,6.0,37.5,heavy,0,0.5,normal,112.0,55,190,70,10,"ground, fairy",medium,quadruped,yellow,Mouse Pokémon,"When several of these POKéMON gather, their electricity could build and cause lightning storms.",pichu --> pikachu --> raichu,3,2,0,1.0,1.0,1.0,0.5,1.0,1.0,1.0,1.0,2.0,0.5,1.0,1.0,1.0,1.0,1.0,1.0,0.5,1.0
25,pikachu,pikachu-belle,1,electric,,1,static,lightning-rod,35,0.11,55,0.17,40,0.12,50,0.16,50,0.16,90,0.28,320,speed,105,125,average,313.89,3,slightly_specialized,0.23,lower_mid_tier,0.23,lower_mid_tier,1,3,0,0.5,solid,fragile,solid-fragile,0.4,6.0,37.5,heavy,0,0.5,normal,112.0,55,190,70,10,"ground, fairy",medium,quadruped,yellow,Mouse Pokémon,"When several of these POKéMON gather, their electricity could build and cause lightning storms.",pichu --> pikachu --> raichu,3,2,0,1.0,1.0,1.0,0.5,1.0,1.0,1.0,1.0,2.0,0.5,1.0,1.0,1.0,1.0,1.0,1.0,0.5,1.0
25,pikachu,pikachu-pop-star,1,electric,,1,static,lightning-rod,35,0.11,55,0.17,40,0.12,50,0.16,50,0.16,90,0.28,320,speed,105,125,average,313.89,3,slightly_specialized,0.23,lower_mid_tier,0.23,lower_mid_tier,1,3,0,0.5,solid,fragile,solid-fragile,0.4,6.0,37.5,heavy,0,0.5,normal,112.0,55,190,70,10,"ground, fairy",medium,quadruped,yellow,Mouse Pokémon,"When several of these POKéMON gather, their electricity could build and cause lightning storms.",pichu --> pikachu --> raichu,3,2,0,1.0,1.0,1.0,0.5,1.0,1.0,1.0,1.0,2.0,0.5,1.0,1.0,1.0,1.0,1.0,1.0,0.5,1.0
25,pikachu,pikachu-phd,1,electric,,1,static,lightning-rod,35,0.11,55,0.17,40,0.12,50,0.16,50,0.16,90,0.28,320,speed,105,125,average,313.89,3,slightly_specialized,0.23,lower_mid_tier,0.23,lower_mid_tier,1,3,0,0.5,solid,fragile,solid-fragile,0.4,6.0,37.5,heavy,0,0.5,normal,112.0,55,190,70,10,"ground, fairy",medium,quadruped,yellow,Mouse Pokémon,"When several of these POKéMON gather, their electricity could build and cause lightning storms.",pichu --> pikachu --> raichu,3,2,0,1.0,1.0,1.0,0.5,1.0,1.0,1.0,1.0,2.0,0.5,1.0,1.0,1.0,1.0,1.0,1.0,0.5,1.0
25,pikachu,pikachu-libre,1,electric,,1,static,lightning-rod,35,0.11,55,0.17,40,0.12,50,0.16,50,0.16,90,0.28,320,speed,105,125,average,313.89,3,slightly_specialized,0.23,lower_mid_tier,0.23,lower_mid_tier,1,3,0,0.5,solid,fragile,solid-fragile,0.4,6.0,37.5,heavy,0,0.5,normal,112.0,55,190,70,10,"ground, fairy",medium,quadruped,yellow,Mouse Pokémon,"When several of these POKéMON gather, their electricity could build and cause lightning storms.",pichu --> pikachu --> raichu,3,2,0,1.0,1.0,1.0,0.5,1.0,1.0,1.0,1.0,2.0,0.5,1.0,1.0,1.0,1.0,1.0,1.0,0.5,1.0
25,pikachu,pikachu-cosplay,1,electric,,1,static,lightning-rod,35,0.11,55,0.17,40,0.12,50,0.16,50,0.16,90,0.28,320,speed,105,125,average,313.89,3,slightly_specialized,0.23,lower_mid_tier,0.23,lower_mid_tier,1,3,0,0.5,solid,fragile,solid-fragile,0.4,6.0,37.5,heavy,0,0.5,normal,112.0,54,190,70,10,"ground, fairy",medium,quadruped,yellow,Mouse Pokémon,"When several of these POKéMON gather, their electricity could build and cause lightning storms.",pichu --> pikachu --> raichu,3,2,0,1.0,1.0,1.0,0.5,1.0,1.0,1.0,1.0,2.0,0.5,1.0,1.0,1.0,1.0,1.0,1.0,0.5,1.0
25,pikachu,pikachu-original-cap,1,electric,,1,static,lightning-rod,35,0.11,55,0.17,40,0.12,50,0.16,50,0.16,90,0.28,320,speed,105,125,average,313.89,3,slightly_specialized,0.23,lower_mid_tier,0.23,lower_mid_tier,1,3,0,0.5,solid,fragile,solid-fragile,0.4,6.0,37.5,heavy,0,0.5,normal,112.0,77,190,70,10,"ground, fairy",medium,quadruped,yellow,Mouse Pokémon,"When several of these POKéMON gather, their electricity could build and cause lightning storms.",pichu --> pikachu --> raichu,3,2,0,1.0,1.0,1.0,0.5,1.0,1.0,1.0,1.0,2.0,0.5,1.0,1.0,1.0,1.0,1.0,1.0,0.5,1.0
25,pikachu,pikachu-hoenn-cap,1,electric,,1,static,lightning-rod,35,0.11,55,0.17,40,0.12,50,0.16,50,0.16,90,0.28,320,speed,105,125,average,313.89,3,slightly_specialized,0.23,lower_mid_tier,0.23,lower_mid_tier,1,3,0,0.5,solid,fragile,solid-fragile,0.4,6.0,37.5,heavy,0,0.5,normal,112.0,77,190,70,10,"ground, fairy",medium,quadruped,yellow,Mouse Pokémon,"When several of these POKéMON gather, their electricity could build and cause lightning storms.",pichu --> pikachu --> raichu,3,2,0,1.0,1.0,1.0,0.5,1.0,1.0,1.0,1.0,2.0,0.5,1.0,1.0,1.0,1.0,1.0,1.0,0.5,1.0
25,pikachu,pikachu-sinnoh-cap,1,electric,,1,static,lightning-rod,35,0.11,55,0.17,40,0.12,50,0.16,50,0.16,90,0.28,320,speed,105,125,average,313.89,3,slightly_specialized,0.23,lower_mid_tier,0.23,lower_mid_tier,1,3,0,0.5,solid,fragile,solid-fragile,0.4,6.0,37.5,heavy,0,0.5,normal,112.0,88,190,70,10,"ground, fairy",medium,quadruped,yellow,Mouse Pokémon,"When several of these POKéMON gather, their electricity could build and cause lightning storms.",pichu --> pikachu --> raichu,3,2,0,1.0,1.0,1.0,0.5,1.0,1.0,1.0,1.0,2.0,0.5,1.0,1.0,1.0,1.0,1.0,1.0,0.5,1.0
25,pikachu,pikachu-unova-cap,1,electric,,1,static,lightning-rod,35,0.11,55,0.17,40,0.12,50,0.16,50,0.16,90,0.28,320,speed,105,125,average,313.89,3,slightly_specialized,0.23,lower_mid_tier,0.23,lower_mid_tier,1,3,0,0.5,solid,fragile,solid-fragile,0.4,6.0,37.5,heavy,0,0.5,normal,112.0,77,190,70,10,"ground, fairy",medium,quadruped,yellow,Mouse Pokémon,"When several of these POKéMON gather, their electricity could build and cause lightning storms.",pichu --> pikachu --> raichu,3,2,0,1.0,1.0,1.0,0.5,1.0,1.0,1.0,1.0,2.0,0.5,1.0,1.0,1.0,1.0,1.0,1.0,0.5,1.0
25,pikachu,pikachu-kalos-cap,1,electric,,1,static,lightning-rod,35,0.11,55,0.17,40,0.12,50,0.16,50,0.16,90,0.28,320,speed,105,125,average,313.89,3,slightly_specialized,0.23,lower_mid_tier,0.23,lower_mid_tier,1,3,0,0.5,solid,fragile,solid-fragile,0.4,6.0,37.5,heavy,0,0.5,normal,112.0,87,190,70,10,"ground, fairy",medium,quadruped,yellow,Mouse Pokémon,"When several of these POKéMON gather, their electricity could build and cause lightning storms.",pichu --> pikachu --> raichu,3,2,0,1.0,1.0,1.0,0.5,1.0,1.0,1.0,1.0,2.0,0.5,1.0,1.0,1.0,1.0,1.0,1.0,0.5,1.0
25,pikachu,pikachu-alola-cap,1,electric,,1,static,lightning-rod,35,0.11,55,0.17,40,0.12,50,0.16,50,0.16,90,0.28,320,speed,105,125,average,313.89,3,slightly_specialized,0.23,lower_mid_tier,0.23,lower_mid_tier,1,3,0,0.5,solid,fragile,solid-fragile,0.4,6.0,37.5,heavy,0,0.5,normal,112.0,77,190,70,10,"ground, fairy",medium,quadruped,yellow,Mouse Pokémon,"When several of these POKéMON gather, their electricity could build and cause lightning storms.",pichu --> pikachu --> raichu,3,2,0,1.0,1.0,1.0,0.5,1.0,1.0,1.0,1.0,2.0,0.5,1.0,1.0,1.0,1.0,1.0,1.0,0.5,1.0
25,pikachu,pikachu-partner-cap,1,electric,,1,static,lightning-rod,35,0.11,55,0.17,40,0.12,50,0.16,50,0.16,90,0.28,320,speed,105,125,average,313.89,3,slightly_specialized,0.23,lower_mid_tier,0.23,lower_mid_tier,1,3,0,0.5,solid,fragile,solid-fragile,0.4,6.0,37.5,heavy,0,0.5,normal,112.0,77,190,70,10,"ground, fairy",medium,quadruped,yellow,Mouse Pokémon,"When several of these POKéMON gather, their electricity could build and cause lightning storms.",pichu --> pikachu --> raichu,3,2,0,1.0,1.0,1.0,0.5,1.0,1.0,1.0,1.0,2.0,0.5,1.0,1.0,1.0,1.0,1.0,1.0,0.5,1.0
25,pikachu,pikachu-starter,1,electric,,1,static,lightning-rod,45,0.1,80,0.19,50,0.12,75,0.17,60,0.14,120,0.28,430,speed,155,155,fast,622.22,4,specialized,0.5,mid_tier,0.5,mid_tier,1,3,0,0.5,solid,midrange,solid-midrange,0.4,6.0,37.5,heavy,0,0.5,normal,86.0,30,190,70,10,"ground, fairy",medium,quadruped,yellow,Mouse Pokémon,"When several of these POKéMON gather, their electricity could build and cause lightning storms.",pichu --> pikachu --> raichu,3,2,0,1.0,1.0,1.0,0.5,1.0,1.0,1.0,1.0,2.0,0.5,1.0,1.0,1.0,1.0,1.0,1.0,0.5,1.0
25,pikachu,pikachu-world-cap,1,electric,,1,static,lightning-rod,35,0.11,55,0.17,40,0.12,50,0.16,50,0.16,90,0.28,320,speed,105,125,average,313.89,3,slightly_specialized,0.23,lower_mid_tier,0.23,lower_mid_tier,1,3,0,0.5,solid,fragile,solid-fragile,0.4,6.0,37.5,heavy,0,0.5,normal,112.0,62,190,70,10,"ground, fairy",medium,quadruped,yellow,Mouse Pokémon,"When several of these POKéMON gather, their electricity could build and cause lightning storms.",pichu --> pikachu --> raichu,3,2,0,1.0,1.0,1.0,0.5,1.0,1.0,1.0,1.0,2.0,0.5,1.0,1.0,1.0,1.0,1.0,1.0,0.5,1.0
25,pikachu,pikachu-gmax,1,electric,,1,static,lightning-rod,35,0.11,55,0.17,40,0.12,50,0.16,50,0.16,90,0.28,320,speed,105,125,average,313.89,3,slightly_specialized,0.23,lower_mid_tier,0.23,lower_mid_tier,1,3,0,0.5,solid,fragile,solid-fragile,21.0,1000.0,2.27,very_light,0,0.5,normal,112.0,0,190,70,10,"ground, fairy",medium,quadruped,yellow,Mouse Pokémon,"When several of these POKéMON gather, their electricity could build and cause lightning storms.",pichu --> pikachu --> raichu,3,2,0,1.0,1.0,1.0,0.5,1.0,1.0,1.0,1.0,2.0,0.5,1.0,1.0,1.0,1.0,1.0,1.0,0.5,1.0
26,raichu,raichu,1,electric,,1,static,lightning-rod,60,0.12,90,0.19,55,0.11,90,0.19,80,0.16,110,0.23,485,speed,180,195,fast,353.47,3,slightly_specialized,0.63,upper_mid_tier,0.63,upper_mid_tier,1,3,0,0.5,solid,sweeper,solid-sweeper,0.8,30.0,46.87,very_heavy,0,0.5,normal,218.0,109,75,70,10,"ground, fairy",medium,upright,yellow,Mouse Pokémon,Its long tail serves as a ground to protect itself from its own high-voltage power.,pichu --> pikachu --> raichu,3,3,1,1.0,1.0,1.0,0.5,1.0,1.0,1.0,1.0,2.0,0.5,1.0,1.0,1.0,1.0,1.0,1.0,0.5,1.0
26,raichu,raichu-alola,1,electric,psychic,2,surge-surfer,,60,0.12,85,0.18,50,0.1,95,0.2,85,0.18,110,0.23,485,speed,180,195,fast,411.81,3,slightly_specialized,0.63,upper_mid_tier,0.63,upper_mid_tier,4,5,0,-1.5,frail,sweeper,frail-sweeper,0.7,21.0,42.86,heavy,0,0.5,normal,243.0,101,75,70,10,"ground, fairy",medium,upright,yellow,Mouse Pokémon,Its long tail serves as a ground to protect itself from its own high-voltage power.,pichu --> pikachu --> raichu,3,3,1,1.0,1.0,1.0,0.5,1.0,1.0,0.5,1.0,2.0,0.5,0.5,2.0,1.0,2.0,1.0,2.0,0.5,1.0
26,raichu,raichu-mega-x,1,electric,,1,,,60,0.1,135,0.23,95,0.16,90,0.15,95,0.16,110,0.19,585,attack,225,250,fast,506.25,4,specialized,0.92,top_tier,0.92,top_tier,1,3,0,0.5,solid,juggernaut,solid-juggernaut,1.2,38.0,26.39,average,0,0.5,normal,,0,75,70,10,"ground, fairy",medium,upright,yellow,Mouse Pokémon,Its long tail serves as a ground to protect itself from its own high-voltage power.,pichu --> pikachu --> raichu,3,3,1,1.0,1.0,1.0,0.5,1.0,1.0,1.0,1.0,2.0,0.5,1.0,1.0,1.0,1.0,1.0,1.0,0.5,1.0
26,raichu,raichu-mega-y,1,electric,,1,,,60,0.1,100,0.17,55,0.09,160,0.27,80,0.14,130,0.22,585,sp_attack,260,195,fast,1414.58,5,extreme,0.92,top_tier,0.92,top_tier,1,3,0,0.5,solid,sweeper,solid-sweeper,1.0,26.0,26.0,average,0,0.5,normal,,0,75,70,10,"ground, fairy",medium,upright,yellow,Mouse Pokémon,Its long tail serves as a ground to protect itself from its own high-voltage power.,pichu --> pikachu --> raichu,3,3,1,1.0,1.0,1.0,0.5,1.0,1.0,1.0,1.0,2.0,0.5,1.0,1.0,1.0,1.0,1.0,1.0,0.5,1.0
27,sandshrew,sandshrew,1,ground,,1,sand-veil,sand-rush,50,0.17,75,0.25,85,0.28,20,0.07,30,0.1,40,0.13,300,defense,95,165,slow,541.67,4,specialized,0.12,bottom_tier,0.12,bottom_tier,3,2,1,-0.5,exposed,weak_slow,exposed-weak_slow,0.6,12.0,33.33,average,0,0.5,normal,60.0,99,255,70,20,ground,medium,upright,yellow,Mouse Pokémon,Burrows deep underground in arid locations far from water. It only emerges to hunt for food.,sandshrew --> sandslash,2,1,0,1.0,1.0,2.0,0.0,2.0,2.0,1.0,0.5,1.0,1.0,1.0,1.0,0.5,1.0,1.0,1.0,1.0,1.0
27,sandshrew,sandshrew-alola,1,ice,steel,2,snow-cloak,slush-rush,50,0.17,75,0.25,90,0.3,10,0.03,35,0.12,40,0.13,300,defense,85,175,slow,691.67,4,specialized,0.12,bottom_tier,0.12,bottom_tier,3,8,1,2.5,iron,slow_attacker,iron-slow_attacker,0.7,40.0,81.63,very_heavy,0,0.5,normal,60.0,91,255,70,20,ground,medium,upright,yellow,Mouse Pokémon,Burrows deep underground in arid locations far from water. It only emerges to hunt for food.,sandshrew --> sandslash,2,1,0,0.5,4.0,1.0,1.0,0.5,0.25,4.0,0.0,2.0,0.5,0.5,0.5,1.0,1.0,0.5,1.0,1.0,0.5
28,sandslash,sandslash,1,ground,,1,sand-veil,sand-rush,75,0.17,100,0.22,110,0.24,45,0.1,55,0.12,65,0.14,450,defense,145,240,average,541.67,4,specialized,0.55,mid_tier,0.55,mid_tier,3,2,1,-0.5,exposed,bulky,exposed-bulky,1.0,29.5,29.5,average,0,0.5,normal,158.0,103,90,70,20,ground,medium,upright,yellow,Mouse Pokémon,Curls up into a spiny ball when threatened. It can roll while curled up to attack or escape.,sandshrew --> sandslash,2,2,1,1.0,1.0,2.0,0.0,2.0,2.0,1.0,0.5,1.0,1.0,1.0,1.0,0.5,1.0,1.0,1.0,1.0,1.0
28,sandslash,sandslash-alola,1,ice,steel,2,snow-cloak,slush-rush,75,0.17,100,0.22,120,0.27,25,0.06,65,0.14,65,0.14,450,defense,125,260,average,891.67,5,specialized,0.55,mid_tier,0.55,mid_tier,3,8,1,2.5,iron,bulky,iron-bulky,1.2,55.0,38.19,heavy,0,0.5,normal,158.0,99,90,70,20,ground,medium,upright,yellow,Mouse Pokémon,Curls up into a spiny ball when threatened. It can roll while curled up to attack or escape.,sandshrew --> sandslash,2,2,1,0.5,4.0,1.0,1.0,0.5,0.25,4.0,0.0,2.0,0.5,0.5,0.5,1.0,1.0,0.5,1.0,1.0,0.5
29,nidoran-f,nidoran-f,1,poison,,1,"poison-point, rivalry",hustle,55,0.2,47,0.17,52,0.19,40,0.15,40,0.15,41,0.15,275,hp,87,147,slow,35.81,1,balanced,0.06,bottom_tier,0.06,bottom_tier,2,5,0,0.5,solid,weak_slow,solid-weak_slow,0.4,7.0,43.75,very_heavy,0,1.0,normal,55.0,78,235,70,20,"monster, ground",medium-slow,quadruped,blue,Poison Pin Pokémon,"Although small, its venomous barbs render this POKéMON dangerous. The female has smaller horns.",nidoran-f --> nidorina --> nidoqueen,3,1,0,1.0,1.0,1.0,1.0,0.5,1.0,0.5,0.5,2.0,1.0,2.0,0.5,1.0,1.0,1.0,1.0,1.0,0.5
30,nidorina,nidorina,1,poison,,1,"poison-point, rivalry",hustle,70,0.19,62,0.17,67,0.18,55,0.15,55,0.15,56,0.15,365,hp,117,192,slow,35.81,1,balanced,0.36,lower_mid_tier,0.36,lower_mid_tier,2,5,0,0.5,solid,slow_attacker,solid-slow_attacker,0.8,20.0,31.25,average,0,1.0,normal,128.0,77,120,70,20,no-eggs,medium-slow,quadruped,blue,Poison Pin Pokémon,The female's horn develops slowly. Prefers physical attacks such as clawing and biting.,nidoran-f --> nidorina --> nidoqueen,3,2,0,1.0,1.0,1.0,1.0,0.5,1.0,0.5,0.5,2.0,1.0,2.0,0.5,1.0,1.0,1.0,1.0,1.0,0.5
31,nidoqueen,nidoqueen,1,poison,ground,2,"poison-point, rivalry",sheer-force,90,0.18,92,0.18,87,0.17,75,0.15,85,0.17,76,0.15,505,attack,167,262,average,42.47,1,balanced,0.77,upper_mid_tier,0.77,upper_mid_tier,4,5,1,0.0,neutral,bulky,neutral-bulky,1.3,60.0,35.5,heavy,0,1.0,normal,227.0,133,45,70,20,no-eggs,medium-slow,upright,blue,Drill Pokémon,Its hard scales provide strong protection. It uses its hefty bulk to execute powerful moves.,nidoran-f --> nidorina --> nidoqueen,3,3,1,1.0,1.0,2.0,0.0,1.0,2.0,0.5,0.25,2.0,1.0,2.0,0.5,0.5,1.0,1.0,1.0,1.0,0.5
32,nidoran-m,nidoran-m,1,poison,,1,"poison-point, rivalry",hustle,46,0.17,57,0.21,40,0.15,40,0.15,40,0.15,50,0.18,273,attack,97,126,slow,40.58,1,balanced,0.06,bottom_tier,0.06,bottom_tier,2,5,0,0.5,solid,weak_slow,solid-weak_slow,0.5,9.0,36.0,heavy,0,0.0,normal,55.0,80,235,70,20,"monster, ground",medium-slow,quadruped,purple,Poison Pin Pokémon,"Stiffens its ears to sense danger. The larger its horns, the more powerful its secreted venom.",nidoran-m --> nidorino --> nidoking,3,1,0,1.0,1.0,1.0,1.0,0.5,1.0,0.5,0.5,2.0,1.0,2.0,0.5,1.0,1.0,1.0,1.0,1.0,0.5
33,nidorino,nidorino,1,poison,,1,"poison-point, rivalry",hustle,61,0.17,72,0.2,57,0.16,55,0.15,55,0.15,65,0.18,365,attack,127,173,average,37.47,1,balanced,0.36,lower_mid_tier,0.36,lower_mid_tier,2,5,0,0.5,solid,balanced,solid-balanced,0.9,19.5,24.07,light,0,0.0,normal,128.0,76,120,70,20,"monster, ground",medium-slow,quadruped,purple,Poison Pin Pokémon,An aggressive POKéMON that is quick to attack. The horn on its head secretes a powerful venom.,nidoran-m --> nidorino --> nidoking,3,2,0,1.0,1.0,1.0,1.0,0.5,1.0,0.5,0.5,2.0,1.0,2.0,0.5,1.0,1.0,1.0,1.0,1.0,0.5
34,nidoking,nidoking,1,poison,ground,2,"poison-point, rivalry",sheer-force,81,0.16,102,0.2,77,0.15,85,0.17,75,0.15,85,0.17,505,attack,187,233,average,77.47,1,balanced,0.77,upper_mid_tier,0.77,upper_mid_tier,4,5,1,0.0,neutral,attacker,neutral-attacker,1.4,62.0,31.63,average,0,0.0,normal,227.0,134,45,70,20,"monster, ground",medium-slow,upright,purple,Drill Pokémon,"It uses its powerful tail in battle to smash, constrict, then break the prey's bones.",nidoran-m --> nidorino --> nidoking,3,3,1,1.0,1.0,2.0,0.0,1.0,2.0,0.5,0.25,2.0,1.0,2.0,0.5,0.5,1.0,1.0,1.0,1.0,0.5
35,clefairy,clefairy,1,fairy,,1,"cute-charm, magic-guard",friend-guard,70,0.22,45,0.14,48,0.15,60,0.19,65,0.2,35,0.11,323,hp,105,183,slow,148.47,2,balanced,0.27,lower_mid_tier,0.27,lower_mid_tier,2,3,1,1.0,iron,slow_attacker,iron-slow_attacker,0.6,7.5,20.83,light,0,0.75,normal,113.0,161,150,140,10,fairy,fast,upright,pink,Fairy Pokémon,Its magical and cute appeal has many admirers. It is rare and found only in certain areas.,cleffa --> clefairy --> clefable,3,2,0,1.0,1.0,1.0,1.0,1.0,1.0,0.5,2.0,1.0,1.0,1.0,0.5,1.0,1.0,0.0,0.5,2.0,1.0
36,clefable,clefable,1,fairy,,1,"cute-charm, magic-guard",unaware,95,0.2,70,0.14,73,0.15,95,0.2,90,0.19,60,0.12,483,hp,165,258,average,182.92,2,balanced,0.62,upper_mid_tier,0.62,upper_mid_tier,2,3,1,1.0,iron,tank,iron-tank,1.3,40.0,23.67,light,0,0.75,normal,217.0,163,25,140,10,fairy,fast,upright,pink,Fairy Pokémon,A timid fairy POKéMON that is rarely seen. It will run and hide the moment it senses people.,cleffa --> clefairy --> clefable,3,3,1,1.0,1.0,1.0,1.0,1.0,1.0,0.5,2.0,1.0,1.0,1.0,0.5,1.0,1.0,0.0,0.5,2.0,1.0
36,clefable,clefable-mega,1,fairy,flying,2,,,95,0.16,80,0.14,93,0.16,135,0.23,110,0.19,70,0.12,583,sp_attack,215,298,average,441.81,4,slightly_specialized,0.91,top_tier,0.91,top_tier,5,4,2,0.0,neutral,bulky_attacker,neutral-bulky_attacker,1.7,42.3,14.64,very_light,0,0.75,normal,,0,25,140,10,fairy,fast,upright,pink,Fairy Pokémon,A timid fairy POKéMON that is rarely seen. It will run and hide the moment it senses people.,cleffa --> clefairy --> clefable,3,3,1,1.0,1.0,1.0,2.0,0.5,2.0,0.25,2.0,0.0,1.0,1.0,0.25,2.0,1.0,0.0,0.5,2.0,1.0
37,vulpix,vulpix,1,fire,,1,flash-fire,drought,38,0.13,41,0.14,40,0.13,50,0.17,65,0.22,65,0.22,299,sp_defense,91,143,average,129.14,1,balanced,0.1,bottom_tier,0.1,bottom_tier,3,6,0,0.0,neutral,fragile,neutral-fragile,0.6,9.9,27.5,average,0,0.75,normal,60.0,88,190,70,20,ground,medium,quadruped,brown,Fox Pokémon,"At the time of birth, it has just one tail. The tail splits from its tip as it grows older.",vulpix --> ninetales,2,1,0,1.0,0.5,2.0,1.0,0.5,0.5,1.0,1.0,2.0,1.0,1.0,0.5,2.0,1.0,1.0,1.0,0.5,0.5
37,vulpix,vulpix-alola,1,ice,,1,snow-cloak,snow-warning,38,0.13,41,0.14,40,0.13,50,0.17,65,0.22,65,0.22,299,sp_defense,91,143,average,129.14,1,balanced,0.1,bottom_tier,0.1,bottom_tier,4,1,0,-3.5,frail,fragile,frail-fragile,0.6,9.9,27.5,average,0,0.75,normal,60.0,88,190,70,20,ground,medium,quadruped,brown,Fox Pokémon,"At the time of birth, it has just one tail. The tail splits from its tip as it grows older.",vulpix --> ninetales,2,1,0,1.0,2.0,1.0,1.0,1.0,0.5,2.0,1.0,1.0,1.0,1.0,1.0,2.0,1.0,1.0,1.0,2.0,1.0
38,ninetales,ninetales,1,fire,,1,flash-fire,drought,73,0.14,76,0.15,75,0.15,81,0.16,100,0.2,100,0.2,505,sp_defense,157,248,fast,131.14,1,balanced,0.77,upper_mid_tier,0.77,upper_mid_tier,3,6,0,0.0,neutral,bulky_speedster,neutral-bulky_speedster,1.1,19.9,16.45,very_light,0,0.75,normal,177.0,98,75,70,20,ground,medium,quadruped,yellow,Fox Pokémon,Very smart and very vengeful. Grabbing one of its many tails could result in a 1000-year curse.,vulpix --> ninetales,2,2,1,1.0,0.5,2.0,1.0,0.5,0.5,1.0,1.0,2.0,1.0,1.0,0.5,2.0,1.0,1.0,1.0,0.5,0.5
38,ninetales,ninetales-alola,1,ice,fairy,2,snow-cloak,snow-warning,73,0.14,67,0.13,75,0.15,81,0.16,100,0.2,109,0.22,505,speed,148,248,fast,230.14,2,slightly_specialized,0.77,upper_mid_tier,0.77,upper_mid_tier,4,3,1,-1.0,exposed,bulky_speedster,exposed-bulky_speedster,1.1,19.9,16.45,very_light,0,0.75,normal,177.0,94,75,70,20,ground,medium,quadruped,yellow,Fox Pokémon,Very smart and very vengeful. Grabbing one of its many tails could result in a 1000-year curse.,vulpix --> ninetales,2,2,1,1.0,2.0,1.0,1.0,1.0,0.5,1.0,2.0,1.0,1.0,1.0,0.5,2.0,1.0,0.0,0.5,4.0,1.0
39,jigglypuff,jigglypuff,1,normal,fairy,2,"cute-charm, competitive",friend-guard,115,0.43,45,0.17,20,0.07,45,0.17,25,0.09,20,0.07,270,hp,90,160,slow,1091.67,5,highly_specialized,0.05,bottom_tier,0.05,bottom_tier,2,2,2,2.0,iron,weak_slow,iron-weak_slow,0.5,5.5,22.0,light,0,0.75,normal,95.0,148,170,70,10,fairy,fast,humanoid,pink,Balloon Pokémon,"When its huge eyes light up, it sings a mysteriously soothing melody that lulls its enemies to sleep.",igglybuff --> jigglypuff --> wigglytuff,3,2,0,1.0,1.0,1.0,1.0,1.0,1.0,1.0,2.0,1.0,1.0,1.0,0.5,1.0,0.0,0.0,0.5,2.0,1.0
40,wigglytuff,wigglytuff,1,normal,fairy,2,"cute-charm, competitive",frisk,140,0.32,70,0.16,45,0.1,85,0.2,50,0.11,45,0.1,435,hp,155,235,slow,1122.92,5,highly_specialized,0.51,mid_tier,0.51,mid_tier,2,2,2,2.0,iron,slow_attacker,iron-slow_attacker,1.0,12.0,12.0,very_light,0,0.75,normal,196.0,153,50,70,10,fairy,fast,humanoid,pink,Balloon Pokémon,"The body is soft and rubbery. When angered, it will suck in air and inflate itself to an enormous size.",igglybuff --> jigglypuff --> wigglytuff,3,3,1,1.0,1.0,1.0,1.0,1.0,1.0,1.0,2.0,1.0,1.0,1.0,0.5,1.0,0.0,0.0,0.5,2.0,1.0
41,zubat,zubat,1,poison,flying,2,inner-focus,infiltrator,40,0.16,45,0.18,35,0.14,30,0.12,40,0.16,55,0.22,245,speed,75,115,slow,61.81,1,balanced,0.03,bottom_tier,0.03,bottom_tier,4,5,1,0.0,neutral,weak_slow,neutral-weak_slow,0.8,7.5,11.72,very_light,0,0.5,normal,49.0,83,255,70,15,flying,medium,wings,purple,Bat Pokémon,Forms colonies in perpetually dark places. Uses ultrasonic waves to identify and approach targets.,zubat --> golbat --> crobat,3,1,0,1.0,1.0,1.0,2.0,0.25,2.0,0.25,0.5,0.0,1.0,2.0,0.25,2.0,1.0,1.0,1.0,1.0,0.5
42,golbat,golbat,1,poison,flying,2,inner-focus,infiltrator,75,0.16,80,0.18,70,0.15,65,0.14,75,0.16,90,0.2,455,speed,145,220,average,61.81,1,balanced,0.57,mid_tier,0.57,mid_tier,4,5,1,0.0,neutral,midrange,neutral-midrange,1.6,55.0,21.48,light,0,0.5,normal,159.0,84,90,70,15,flying,medium,wings,purple,Bat Pokémon,"Once it strikes, it will not stop draining energy from the victim even if it gets too heavy to fly.",zubat --> golbat --> crobat,3,2,0,1.0,1.0,1.0,2.0,0.25,2.0,0.25,0.5,0.0,1.0,2.0,0.25,2.0,1.0,1.0,1.0,1.0,0.5
43,oddish,oddish,1,grass,poison,2,chlorophyll,run-away,45,0.14,50,0.16,55,0.17,75,0.23,65,0.2,30,0.09,320,sp_attack,125,165,slow,205.56,2,slightly_specialized,0.23,lower_mid_tier,0.23,lower_mid_tier,4,5,0,-1.5,frail,slow_attacker,frail-slow_attacker,0.5,5.4,21.6,light,0,0.5,normal,64.0,74,255,70,20,plant,medium-slow,legs,blue,Weed Pokémon,"During the day, it keeps its face buried in the ground. At night, it wanders around sowing its seeds.",oddish --> gloom --> vileplume,3,1,0,1.0,2.0,0.5,0.5,0.25,2.0,0.5,1.0,1.0,2.0,2.0,1.0,1.0,1.0,1.0,1.0,1.0,0.5
44,gloom,gloom,1,grass,poison,2,chlorophyll,stench,60,0.15,65,0.16,70,0.18,85,0.22,75,0.19,40,0.1,395,sp_attack,150,205,slow,195.14,2,balanced,0.41,mid_tier,0.41,mid_tier,4,5,0,-1.5,frail,slow_attacker,frail-slow_attacker,0.8,8.6,13.44,very_light,0,0.5,normal,138.0,78,120,70,20,plant,medium-slow,humanoid,blue,Weed Pokémon,The fluid that oozes from its mouth isn't drool. It is a nectar that is used to attract prey.,oddish --> gloom --> vileplume,3,2,0,1.0,2.0,0.5,0.5,0.25,2.0,0.5,1.0,1.0,2.0,2.0,1.0,1.0,1.0,1.0,1.0,1.0,0.5
45,vileplume,vileplume,1,grass,poison,2,chlorophyll,effect-spore,75,0.15,80,0.16,85,0.17,110,0.22,90,0.18,50,0.1,490,sp_attack,190,250,slow,322.22,3,slightly_specialized,0.66,upper_mid_tier,0.66,upper_mid_tier,4,5,0,-1.5,frail,bulky_attacker,frail-bulky_attacker,1.2,18.6,12.92,very_light,0,0.5,normal,221.0,86,45,70,20,plant,medium-slow,humanoid,red,Flower Pokémon,"It has the world’s largest petals. With every step, the petals shake out heavy clouds of toxic pollen.",oddish --> gloom --> vileplume,3,3,1,1.0,2.0,0.5,0.5,0.25,2.0,0.5,1.0,1.0,2.0,2.0,1.0,1.0,1.0,1.0,1.0,1.0,0.5
46,paras,paras,1,bug,grass,2,"effect-spore, dry-skin",damp,35,0.12,70,0.25,55,0.19,45,0.16,55,0.19,25,0.09,285,attack,115,145,slow,214.58,2,slightly_specialized,0.07,bottom_tier,0.07,bottom_tier,6,5,0,-3.5,frail,weak_slow,frail-weak_slow,0.3,5.4,60.0,very_heavy,0,0.5,normal,57.0,87,190,70,20,"bug, plant",medium,armor,red,Mushroom Pokémon,Burrows to suck tree roots. The mushrooms on its back grow by draw­ ing nutrients from the bug host.,paras --> parasect,2,1,0,1.0,4.0,0.5,0.5,0.25,2.0,0.5,2.0,0.25,4.0,1.0,2.0,2.0,1.0,1.0,1.0,1.0,1.0
47,parasect,parasect,1,bug,grass,2,"effect-spore, dry-skin",damp,60,0.15,95,0.23,80,0.2,60,0.15,80,0.2,30,0.07,405,attack,155,220,slow,431.25,4,slightly_specialized,0.44,mid_tier,0.44,mid_tier,6,5,0,-3.5,frail,slow_attacker,frail-slow_attacker,1.0,29.5,29.5,average,0,0.5,normal,142.0,80,75,70,20,"bug, plant",medium,armor,red,Mushroom Pokémon,A host-parasite pair in which the parasite mushroom has taken over the host bug. Prefers damp places.,paras --> parasect,2,2,1,1.0,4.0,0.5,0.5,0.25,2.0,0.5,2.0,0.25,4.0,1.0,2.0,2.0,1.0,1.0,1.0,1.0,1.0
48,venonat,venonat,1,bug,poison,2,"compound-eyes, tinted-lens",run-away,60,0.2,55,0.18,50,0.16,40,0.13,55,0.18,45,0.15,305,hp,95,165,slow,45.14,1,balanced,0.14,bottom_tier,0.14,bottom_tier,4,5,0,-1.5,frail,weak_slow,frail-weak_slow,1.0,30.0,30.0,average,0,0.5,normal,61.0,74,190,70,20,bug,medium,humanoid,purple,Insect Pokémon,Lives in the shadows of tall trees where it eats insects. It is attracted by light at night.,venonat --> venomoth,2,1,0,1.0,2.0,1.0,1.0,0.25,1.0,0.25,0.5,1.0,2.0,2.0,0.5,2.0,1.0,1.0,1.0,1.0,0.5
49,venomoth,venomoth,1,bug,poison,2,"shield-dust, tinted-lens",wonder-skin,70,0.16,65,0.14,60,0.13,90,0.2,75,0.17,90,0.2,450,sp_attack,155,205,average,133.33,1,balanced,0.55,mid_tier,0.55,mid_tier,4,5,0,-1.5,frail,midrange,frail-midrange,1.5,12.5,5.56,very_light,0,0.5,normal,158.0,93,75,70,20,bug,medium,bug-wings,purple,Poison Moth Pokémon,The dustlike scales covering its wings are color-coded to indicate the kinds of poison it has.,venonat --> venomoth,2,2,1,1.0,2.0,1.0,1.0,0.25,1.0,0.25,0.5,1.0,2.0,2.0,0.5,2.0,1.0,1.0,1.0,1.0,0.5
50,diglett,diglett,1,ground,,1,"sand-veil, arena-trap",sand-force,10,0.04,55,0.21,25,0.09,35,0.13,45,0.17,95,0.36,265,speed,90,80,average,720.14,4,specialized,0.05,bottom_tier,0.05,bottom_tier,3,2,1,-0.5,exposed,fragile,exposed-fragile,0.2,0.8,20.0,light,0,0.5,normal,53.0,82,255,70,20,ground,medium,blob,brown,Mole Pokémon,Lives about one yard underground where it feeds on plant roots. It sometimes appears above ground.,diglett --> dugtrio,2,1,0,1.0,1.0,2.0,0.0,2.0,2.0,1.0,0.5,1.0,1.0,1.0,1.0,0.5,1.0,1.0,1.0,1.0,1.0
50,diglett,diglett-alola,1,ground,steel,2,"sand-veil, tangling-hair",sand-force,10,0.04,55,0.21,30,0.11,35,0.13,45,0.17,90,0.34,265,speed,90,85,average,611.81,4,specialized,0.05,bottom_tier,0.05,bottom_tier,4,8,2,3.0,iron,fragile,iron-fragile,0.2,1.0,25.0,light,0,0.5,normal,53.0,78,255,70,20,ground,medium,blob,brown,Mole Pokémon,Lives about one yard underground where it feeds on plant roots. It sometimes appears above ground.,diglett --> dugtrio,2,1,0,0.5,2.0,2.0,0.0,1.0,1.0,2.0,0.0,2.0,0.5,0.5,0.5,0.25,1.0,0.5,1.0,0.5,0.5
51,dugtrio,dugtrio,1,ground,,1,"sand-veil, arena-trap",sand-force,35,0.08,100,0.24,50,0.12,50,0.12,70,0.16,120,0.28,425,speed,150,155,fast,903.47,5,highly_specialized,0.49,mid_tier,0.49,mid_tier,3,2,1,-0.5,exposed,midrange,exposed-midrange,0.7,33.3,67.96,very_heavy,0,0.5,normal,149.0,83,50,70,20,ground,medium,heads,brown,Mole Pokémon,A team of DIGLETT triplets. It triggers huge earthquakes by burrowing 60 miles underground.,diglett --> dugtrio,2,2,1,1.0,1.0,2.0,0.0,2.0,2.0,1.0,0.5,1.0,1.0,1.0,1.0,0.5,1.0,1.0,1.0,1.0,1.0
51,dugtrio,dugtrio-alola,1,ground,steel,2,"sand-veil, tangling-hair",sand-force,35,0.08,100,0.24,60,0.14,50,0.12,70,0.16,110,0.26,425,speed,150,165,fast,703.47,4,specialized,0.49,mid_tier,0.49,mid_tier,4,8,2,3.0,iron,midrange,iron-midrange,0.7,66.6,135.92,very_heavy,0,0.5,normal,149.0,82,50,70,20,ground,medium,heads,brown,Mole Pokémon,A team of DIGLETT triplets. It triggers huge earthquakes by burrowing 60 miles underground.,diglett --> dugtrio,2,2,1,0.5,2.0,2.0,0.0,1.0,1.0,2.0,0.0,2.0,0.5,0.5,0.5,0.25,1.0,0.5,1.0,0.5,0.5
52,meowth,meowth,1,normal,,1,"pickup, technician",unnerve,40,0.14,45,0.16,35,0.12,40,0.14,40,0.14,90,0.31,290,speed,85,115,average,355.56,3,slightly_specialized,0.09,bottom_tier,0.09,bottom_tier,1,0,1,0.5,solid,fragile,solid-fragile,0.4,4.2,26.25,average,0,0.5,normal,58.0,110,255,70,20,ground,medium,quadruped,yellow,Scratch Cat Pokémon,It washes its face regularly to keep the coin on its forehead spotless. It doesn’t get along with Galarian Meowth.,meowth --> persian,2,1,0,1.0,1.0,1.0,1.0,1.0,1.0,2.0,1.0,1.0,1.0,1.0,1.0,1.0,0.0,1.0,1.0,1.0,1.0
52,meowth,meowth-alola,1,dark,,1,"pickup, technician",rattled,40,0.14,35,0.12,35,0.12,50,0.17,40,0.14,90,0.31,290,speed,85,115,average,372.22,3,slightly_specialized,0.09,bottom_tier,0.09,bottom_tier,3,2,1,-0.5,exposed,fragile,exposed-fragile,0.4,4.2,26.25,average,0,0.5,normal,58.0,94,255,70,20,ground,medium,quadruped,yellow,Scratch Cat Pokémon,It washes its face regularly to keep the coin on its forehead spotless. It doesn’t get along with Galarian Meowth.,meowth --> persian,2,1,0,1.0,1.0,1.0,1.0,1.0,1.0,2.0,1.0,1.0,1.0,0.0,2.0,1.0,0.5,1.0,0.5,1.0,2.0
52,meowth,meowth-galar,1,steel,,1,"pickup, tough-claws",unnerve,50,0.17,65,0.22,55,0.19,40,0.14,40,0.14,40,0.14,290,attack,105,145,slow,88.89,1,balanced,0.09,bottom_tier,0.09,bottom_tier,3,10,1,3.5,iron,weak_slow,iron-weak_slow,0.4,7.5,46.87,very_heavy,0,0.5,normal,58.0,76,255,70,20,ground,medium,quadruped,yellow,Scratch Cat Pokémon,It washes its face regularly to keep the coin on its forehead spotless. It doesn’t get along with Galarian Meowth.,meowth --> persian,2,1,0,0.5,2.0,1.0,1.0,0.5,0.5,2.0,0.0,2.0,0.5,0.5,0.5,0.5,1.0,0.5,1.0,0.5,0.5
52,meowth,meowth-gmax,1,normal,,1,"pickup, technician",unnerve,40,0.14,45,0.16,35,0.12,40,0.14,40,0.14,90,0.31,290,speed,85,115,average,355.56,3,slightly_specialized,0.09,bottom_tier,0.09,bottom_tier,1,0,1,0.5,solid,fragile,solid-fragile,33.0,1000.0,0.92,very_light,0,0.5,normal,58.0,0,255,70,20,ground,medium,quadruped,yellow,Scratch Cat Pokémon,It washes its face regularly to keep the coin on its forehead spotless. It doesn’t get along with Galarian Meowth.,meowth --> persian,2,1,0,1.0,1.0,1.0,1.0,1.0,1.0,2.0,1.0,1.0,1.0,1.0,1.0,1.0,0.0,1.0,1.0,1.0,1.0
53,persian,persian,1,normal,,1,"limber, technician",unnerve,65,0.15,70,0.16,60,0.14,65,0.15,65,0.15,115,0.26,440,speed,135,190,fast,355.56,3,slightly_specialized,0.52,mid_tier,0.52,mid_tier,1,0,1,0.5,solid,midrange,solid-midrange,1.0,32.0,32.0,average,0,0.5,normal,154.0,110,90,70,20,ground,medium,quadruped,yellow,Classy Cat Pokémon,"Although its fur has many admirers, it is tough to raise as a pet because of its fickle meanness.",meowth --> persian,2,2,1,1.0,1.0,1.0,1.0,1.0,1.0,2.0,1.0,1.0,1.0,1.0,1.0,1.0,0.0,1.0,1.0,1.0,1.0
53,persian,persian-alola,1,dark,,1,"fur-coat, technician",rattled,65,0.15,60,0.14,60,0.14,75,0.17,65,0.15,115,0.26,440,speed,135,190,fast,372.22,3,slightly_specialized,0.52,mid_tier,0.52,mid_tier,3,2,1,-0.5,exposed,midrange,exposed-midrange,1.1,33.0,27.27,average,0,0.5,normal,154.0,97,90,70,20,ground,medium,quadruped,yellow,Classy Cat Pokémon,"Although its fur has many admirers, it is tough to raise as a pet because of its fickle meanness.",meowth --> persian,2,2,1,1.0,1.0,1.0,1.0,1.0,1.0,2.0,1.0,1.0,1.0,0.0,2.0,1.0,0.5,1.0,0.5,1.0,2.0
54,psyduck,psyduck,1,water,,1,"damp, cloud-nine",swift-swim,50,0.16,52,0.16,48,0.15,65,0.2,50,0.16,55,0.17,320,sp_attack,117,148,slow,31.89,1,balanced,0.23,lower_mid_tier,0.23,lower_mid_tier,2,4,0,0.0,neutral,weak_slow,neutral-weak_slow,0.8,19.6,30.62,average,0,0.5,normal,64.0,120,190,70,20,"water1, ground",medium,upright,yellow,Duck Pokémon,"While lulling its enemies with its vacant look, this wily POKéMON will use psychokinetic powers.",psyduck --> golduck,2,1,0,1.0,0.5,0.5,2.0,2.0,0.5,1.0,1.0,1.0,1.0,1.0,1.0,1.0,1.0,1.0,1.0,0.5,1.0
55,golduck,golduck,1,water,,1,"damp, cloud-nine",swift-swim,80,0.16,82,0.16,78,0.16,95,0.19,80,0.16,85,0.17,500,sp_attack,177,238,average,31.89,1,balanced,0.74,upper_mid_tier,0.74,upper_mid_tier,2,4,0,0.0,neutral,bulky_attacker,neutral-bulky_attacker,1.7,76.6,26.51,average,0,0.5,normal,175.0,124,75,70,20,"water1, ground",medium,upright,blue,Duck Pokémon,"Often seen swim­ ming elegantly by lake shores. It is often mistaken for the Japanese monster, Kappa.",psyduck --> golduck,2,2,1,1.0,0.5,0.5,2.0,2.0,0.5,1.0,1.0,1.0,1.0,1.0,1.0,1.0,1.0,1.0,1.0,0.5,1.0
56,mankey,mankey,1,fighting,,1,"vital-spirit, anger-point",defiant,40,0.13,80,0.26,35,0.11,35,0.11,45,0.15,70,0.23,305,attack,115,120,average,311.81,2,slightly_specialized,0.14,bottom_tier,0.14,bottom_tier,3,3,0,-1.5,frail,fragile,frail-fragile,0.5,28.0,112.0,very_heavy,0,0.5,normal,61.0,118,190,70,20,ground,medium,upright,brown,Pig Monkey Pokémon,Extremely quick to anger. It could be docile one moment then thrashing away the next instant.,mankey --> primeape --> annihilape,3,1,0,1.0,1.0,1.0,1.0,1.0,1.0,1.0,1.0,1.0,2.0,2.0,0.5,0.5,1.0,1.0,0.5,1.0,2.0
57,primeape,primeape,1,fighting,,1,"vital-spirit, anger-point",defiant,65,0.14,105,0.23,60,0.13,60,0.13,70,0.15,95,0.21,455,attack,165,195,average,311.81,2,slightly_specialized,0.57,mid_tier,0.57,mid_tier,3,3,0,-1.5,frail,midrange,frail-midrange,1.0,32.0,32.0,average,0,0.5,normal,159.0,115,75,70,20,ground,medium,upright,brown,Pig Monkey Pokémon,Always furious and tenacious to boot. It will not abandon chasing its quarry until it is caught.,mankey --> primeape --> annihilape,3,2,0,1.0,1.0,1.0,1.0,1.0,1.0,1.0,1.0,1.0,2.0,2.0,0.5,0.5,1.0,1.0,0.5,1.0,2.0
58,growlithe,growlithe,1,fire,,1,"intimidate, flash-fire",justified,55,0.16,70,0.2,45,0.13,70,0.2,50,0.14,60,0.17,350,attack,140,150,average,88.89,1,balanced,0.35,lower_mid_tier,0.35,lower_mid_tier,3,6,0,0.0,neutral,slow_attacker,neutral-slow_attacker,0.7,19.0,38.78,heavy,0,0.25,normal,70.0,81,190,70,20,ground,slow,quadruped,brown,Puppy Pokémon,Very protective of its territory. It will bark and bite to repel intruders from its space.,growlithe --> arcanine,2,1,0,1.0,0.5,2.0,1.0,0.5,0.5,1.0,1.0,2.0,1.0,1.0,0.5,2.0,1.0,1.0,1.0,0.5,0.5
58,growlithe,growlithe-hisui,1,fire,rock,2,"intimidate, flash-fire",rock-head,60,0.17,75,0.21,45,0.13,65,0.19,50,0.14,55,0.16,350,attack,140,155,slow,97.22,1,balanced,0.35,lower_mid_tier,0.35,lower_mid_tier,4,7,0,-0.5,exposed,slow_attacker,exposed-slow_attacker,0.8,22.7,35.47,heavy,0,0.25,normal,70.0,61,190,70,20,ground,slow,quadruped,brown,Puppy Pokémon,Very protective of its territory. It will bark and bite to repel intruders from its space.,growlithe --> arcanine,2,1,0,0.5,0.25,4.0,1.0,1.0,0.5,2.0,0.5,4.0,0.5,1.0,0.5,2.0,1.0,1.0,1.0,1.0,0.5
59,arcanine,arcanine,1,fire,,1,"intimidate, flash-fire",justified,90,0.16,110,0.2,80,0.14,100,0.18,80,0.14,95,0.17,555,attack,210,250,average,114.58,1,balanced,0.88,top_tier,0.88,top_tier,3,6,0,0.0,neutral,juggernaut,neutral-juggernaut,1.9,155.0,42.94,heavy,0,0.25,normal,194.0,90,75,70,20,ground,slow,quadruped,brown,Legendary Pokémon,A POKéMON that has been admired since the past for its beauty. It runs agilely as if on wings.,growlithe --> arcanine,2,2,1,1.0,0.5,2.0,1.0,0.5,0.5,1.0,1.0,2.0,1.0,1.0,0.5,2.0,1.0,1.0,1.0,0.5,0.5
59,arcanine,arcanine-hisui,1,fire,rock,2,"intimidate, flash-fire",rock-head,95,0.17,115,0.21,80,0.14,95,0.17,80,0.14,90,0.16,555,attack,210,255,average,139.58,2,balanced,0.88,top_tier,0.88,top_tier,4,7,0,-0.5,exposed,juggernaut,exposed-juggernaut,2.0,168.0,42.0,heavy,0,0.25,normal,194.0,68,75,70,20,ground,slow,quadruped,brown,Legendary Pokémon,A POKéMON that has been admired since the past for its beauty. It runs agilely as if on wings.,growlithe --> arcanine,2,2,1,0.5,0.25,4.0,1.0,1.0,0.5,2.0,0.5,4.0,0.5,1.0,0.5,2.0,1.0,1.0,1.0,1.0,0.5
60,poliwag,poliwag,1,water,,1,"water-absorb, damp",swift-swim,40,0.13,50,0.17,40,0.13,40,0.13,40,0.13,90,0.3,300,speed,90,120,average,333.33,3,slightly_specialized,0.12,bottom_tier,0.12,bottom_tier,2,4,0,0.0,neutral,fragile,neutral-fragile,0.6,12.4,34.44,heavy,0,0.5,normal,60.0,77,255,70,20,water1,medium-slow,legs,blue,Tadpole Pokémon,Its newly grown legs prevent it from running. It appears to prefer swimming than trying to stand.,poliwag --> poliwhirl --> poliwrath,3,1,0,1.0,0.5,0.5,2.0,2.0,0.5,1.0,1.0,1.0,1.0,1.0,1.0,1.0,1.0,1.0,1.0,0.5,1.0
61,poliwhirl,poliwhirl,1,water,,1,"water-absorb, damp",swift-swim,65,0.17,65,0.17,65,0.17,50,0.13,50,0.13,90,0.23,385,speed,115,180,average,178.47,2,balanced,0.38,lower_mid_tier,0.38,lower_mid_tier,2,4,0,0.0,neutral,midrange,neutral-midrange,1.0,20.0,20.0,light,0,0.5,normal,135.0,91,120,70,20,water1,medium-slow,humanoid,blue,Tadpole Pokémon,"Capable of living in or out of water. When out of water, it sweats to keep its body slimy.",poliwag --> poliwhirl --> poliwrath,3,2,0,1.0,0.5,0.5,2.0,2.0,0.5,1.0,1.0,1.0,1.0,1.0,1.0,1.0,1.0,1.0,1.0,0.5,1.0
62,poliwrath,poliwrath,1,water,fighting,2,"water-absorb, damp",swift-swim,90,0.18,95,0.19,95,0.19,70,0.14,90,0.18,70,0.14,510,attack,165,275,average,116.67,1,balanced,0.79,upper_mid_tier,0.79,upper_mid_tier,5,7,0,-1.5,frail,bulky,frail-bulky,1.3,54.0,31.95,average,0,0.5,normal,230.0,116,45,70,20,water1,medium-slow,humanoid,blue,Tadpole Pokémon,An adept swimmer at both the front crawl and breast stroke. Easily overtakes the best human swimmers.,poliwag --> poliwhirl --> poliwrath,3,3,1,1.0,0.5,0.5,2.0,2.0,0.5,1.0,1.0,1.0,2.0,2.0,0.5,0.5,1.0,1.0,0.5,0.5,2.0
63,abra,abra,1,psychic,,1,"synchronize, inner-focus",magic-guard,25,0.08,20,0.06,15,0.05,105,0.34,55,0.18,90,0.29,310,sp_attack,125,95,average,1230.56,5,highly_specialized,0.16,bottom_tier,0.16,bottom_tier,3,2,0,-2.0,frail,midrange,frail-midrange,0.9,19.5,24.07,light,0,0.25,normal,62.0,96,200,70,20,humanshape,medium-slow,upright,brown,Psi Pokémon,"Using its ability to read minds, it will identify impending danger and TELEPORT to safety.",abra --> kadabra --> alakazam,3,1,0,1.0,1.0,1.0,1.0,1.0,1.0,0.5,1.0,1.0,1.0,0.5,2.0,1.0,2.0,1.0,2.0,1.0,1.0
64,kadabra,kadabra,1,psychic,,1,"synchronize, inner-focus",magic-guard,40,0.1,35,0.09,30,0.08,120,0.3,70,0.18,105,0.26,400,sp_attack,155,140,fast,1230.56,5,highly_specialized,0.42,mid_tier,0.42,mid_tier,3,2,0,-2.0,frail,midrange,frail-midrange,1.3,56.5,33.43,average,0,0.25,normal,140.0,103,100,70,20,humanshape,medium-slow,upright,brown,Psi Pokémon,It emits special alpha waves from its body that induce headaches just by being close by.,abra --> kadabra --> alakazam,3,2,0,1.0,1.0,1.0,1.0,1.0,1.0,0.5,1.0,1.0,1.0,0.5,2.0,1.0,2.0,1.0,2.0,1.0,1.0
65,alakazam,alakazam,1,psychic,,1,"synchronize, inner-focus",magic-guard,55,0.11,50,0.1,45,0.09,135,0.27,95,0.19,120,0.24,500,sp_attack,185,195,fast,1255.56,5,highly_specialized,0.74,upper_mid_tier,0.74,upper_mid_tier,3,2,0,-2.0,frail,sweeper,frail-sweeper,1.5,48.0,21.33,light,0,0.25,normal,225.0,111,50,70,20,humanshape,medium-slow,humanoid,brown,Psi Pokémon,"Its brain can out­ perform a super­ computer. Its intelligence quotient is said to be 5,000.",abra --> kadabra --> alakazam,3,3,1,1.0,1.0,1.0,1.0,1.0,1.0,0.5,1.0,1.0,1.0,0.5,2.0,1.0,2.0,1.0,2.0,1.0,1.0
65,alakazam,alakazam-mega,1,psychic,,1,trace,,55,0.09,50,0.08,65,0.11,175,0.29,105,0.18,150,0.25,600,sp_attack,225,225,fast,2316.67,5,extreme,0.95,top_tier,0.95,top_tier,3,2,0,-2.0,frail,sweeper,frail-sweeper,1.2,48.0,33.33,average,0,0.25,normal,270.0,81,50,70,20,humanshape,medium-slow,humanoid,brown,Psi Pokémon,"Its brain can out­ perform a super­ computer. Its intelligence quotient is said to be 5,000.",abra --> kadabra --> alakazam,3,3,1,1.0,1.0,1.0,1.0,1.0,1.0,0.5,1.0,1.0,1.0,0.5,2.0,1.0,2.0,1.0,2.0,1.0,1.0
66,machop,machop,1,fighting,,1,"guts, no-guard",steadfast,70,0.23,80,0.26,50,0.16,35,0.11,35,0.11,35,0.11,305,attack,115,155,slow,328.47,3,slightly_specialized,0.14,bottom_tier,0.14,bottom_tier,3,3,0,-1.5,frail,weak_slow,frail-weak_slow,0.8,19.5,30.47,average,0,0.25,normal,61.0,99,180,70,20,humanshape,medium-slow,upright,gray,Superpower Pokémon,Loves to build its muscles. It trains in all styles of martial arts to become even stronger.,machop --> machoke --> machamp,3,1,0,1.0,1.0,1.0,1.0,1.0,1.0,1.0,1.0,1.0,2.0,2.0,0.5,0.5,1.0,1.0,0.5,1.0,2.0
67,machoke,machoke,1,fighting,,1,"guts, no-guard",steadfast,80,0.2,100,0.25,70,0.17,50,0.12,60,0.15,45,0.11,405,attack,150,210,slow,347.92,3,slightly_specialized,0.44,mid_tier,0.44,mid_tier,3,3,0,-1.5,frail,slow_attacker,frail-slow_attacker,1.5,70.5,31.33,average,0,0.25,normal,142.0,94,90,70,20,humanshape,medium-slow,humanoid,gray,Superpower Pokémon,"Its muscular body is so powerful, it must wear a power save belt to be able to regulate its motions.",machop --> machoke --> machamp,3,2,0,1.0,1.0,1.0,1.0,1.0,1.0,1.0,1.0,1.0,2.0,2.0,0.5,0.5,1.0,1.0,0.5,1.0,2.0
68,machamp,machamp,1,fighting,,1,"guts, no-guard",steadfast,90,0.18,130,0.26,80,0.16,65,0.13,85,0.17,55,0.11,505,attack,195,255,slow,561.81,4,specialized,0.77,upper_mid_tier,0.77,upper_mid_tier,3,3,0,-1.5,frail,bulky_attacker,frail-bulky_attacker,1.6,130.0,50.78,very_heavy,0,0.25,normal,227.0,105,45,70,20,humanshape,medium-slow,humanoid,gray,Superpower Pokémon,"Using its heavy muscles, it throws powerful punches that can send the victim clear over the horizon.",machop --> machoke --> machamp,3,3,1,1.0,1.0,1.0,1.0,1.0,1.0,1.0,1.0,1.0,2.0,2.0,0.5,0.5,1.0,1.0,0.5,1.0,2.0
68,machamp,machamp-gmax,1,fighting,,1,"guts, no-guard",steadfast,90,0.18,130,0.26,80,0.16,65,0.13,85,0.17,55,0.11,505,attack,195,255,slow,561.81,4,specialized,0.77,upper_mid_tier,0.77,upper_mid_tier,3,3,0,-1.5,frail,bulky_attacker,frail-bulky_attacker,25.0,1000.0,1.6,very_light,0,0.25,normal,227.0,0,45,70,20,humanshape,medium-slow,humanoid,gray,Superpower Pokémon,"Using its heavy muscles, it throws powerful punches that can send the victim clear over the horizon.",machop --> machoke --> machamp,3,3,1,1.0,1.0,1.0,1.0,1.0,1.0,1.0,1.0,1.0,2.0,2.0,0.5,0.5,1.0,1.0,0.5,1.0,2.0
69,bellsprout,bellsprout,1,grass,poison,2,chlorophyll,gluttony,50,0.17,75,0.25,35,0.12,70,0.23,30,0.1,40,0.13,300,attack,145,115,slow,291.67,2,slightly_specialized,0.12,bottom_tier,0.12,bottom_tier,4,5,0,-1.5,frail,slow_attacker,frail-slow_attacker,0.7,4.0,8.16,very_light,0,0.5,normal,60.0,80,255,70,20,plant,medium-slow,humanoid,green,Flower Pokémon,A carnivorous POKéMON that traps and eats bugs. It uses its root feet to soak up needed moisture.,bellsprout --> weepinbell --> victreebel,3,1,0,1.0,2.0,0.5,0.5,0.25,2.0,0.5,1.0,1.0,2.0,2.0,1.0,1.0,1.0,1.0,1.0,1.0,0.5
70,weepinbell,weepinbell,1,grass,poison,2,chlorophyll,gluttony,65,0.17,90,0.23,50,0.13,85,0.22,45,0.12,55,0.14,390,attack,175,160,slow,291.67,2,slightly_specialized,0.39,lower_mid_tier,0.39,lower_mid_tier,4,5,0,-1.5,frail,glass_cannon,frail-glass_cannon,1.0,6.4,6.4,very_light,0,0.5,normal,137.0,83,120,70,20,plant,medium-slow,blob,green,Flycatcher Pokémon,It spits out POISONPOWDER to immobilize the enemy and then finishes it with a spray of ACID.,bellsprout --> weepinbell --> victreebel,3,2,0,1.0,2.0,0.5,0.5,0.25,2.0,0.5,1.0,1.0,2.0,2.0,1.0,1.0,1.0,1.0,1.0,1.0,0.5
71,victreebel,victreebel,1,grass,poison,2,chlorophyll,gluttony,80,0.16,105,0.21,65,0.13,100,0.2,70,0.14,70,0.14,490,attack,205,215,average,238.89,2,slightly_specialized,0.66,upper_mid_tier,0.66,upper_mid_tier,4,5,0,-1.5,frail,attacker,frail-attacker,1.7,15.5,5.36,very_light,0,0.5,normal,221.0,89,45,70,20,plant,medium-slow,blob,green,Flycatcher Pokémon,"Said to live in huge colonies deep in jungles, although no one has ever returned from there.",bellsprout --> weepinbell --> victreebel,3,3,1,1.0,2.0,0.5,0.5,0.25,2.0,0.5,1.0,1.0,2.0,2.0,1.0,1.0,1.0,1.0,1.0,1.0,0.5
71,victreebel,victreebel-mega,1,grass,poison,2,,,80,0.14,125,0.21,85,0.14,135,0.23,95,0.16,70,0.12,590,sp_attack,260,260,average,563.89,4,specialized,0.93,top_tier,0.93,top_tier,4,5,0,-1.5,frail,bulky_attacker,frail-bulky_attacker,4.5,125.5,6.2,very_light,0,0.5,normal,,0,45,70,20,plant,medium-slow,blob,green,Flycatcher Pokémon,"Said to live in huge colonies deep in jungles, although no one has ever returned from there.",bellsprout --> weepinbell --> victreebel,3,3,1,1.0,2.0,0.5,0.5,0.25,2.0,0.5,1.0,1.0,2.0,2.0,1.0,1.0,1.0,1.0,1.0,1.0,0.5
72,tentacool,tentacool,1,water,poison,2,"clear-body, liquid-ooze",rain-dish,40,0.12,40,0.12,35,0.1,50,0.15,100,0.3,70,0.21,335,sp_defense,90,175,average,520.14,4,specialized,0.32,lower_mid_tier,0.32,lower_mid_tier,3,8,0,1.0,iron,midrange,iron-midrange,0.9,45.5,56.17,very_heavy,0,0.5,normal,67.0,92,190,70,20,water3,slow,tentacles,blue,Jellyfish Pokémon,Drifts in shallow seas. Anglers who hook them by accident are often punished by its stinging acid.,tentacool --> tentacruel,2,1,0,1.0,0.5,0.5,2.0,1.0,0.5,0.5,0.5,2.0,1.0,2.0,0.5,1.0,1.0,1.0,1.0,0.5,0.5
73,tentacruel,tentacruel,1,water,poison,2,"clear-body, liquid-ooze",rain-dish,80,0.16,70,0.14,65,0.13,80,0.16,120,0.23,100,0.19,515,sp_defense,150,265,fast,353.47,3,slightly_specialized,0.79,upper_mid_tier,0.79,upper_mid_tier,3,8,0,1.0,iron,bulky_speedster,iron-bulky_speedster,1.6,55.0,21.48,light,0,0.5,normal,180.0,100,60,70,20,water3,slow,tentacles,blue,Jellyfish Pokémon,"The tentacles are normally kept short. On hunts, they are extended to ensnare and immobilize prey.",tentacool --> tentacruel,2,2,1,1.0,0.5,0.5,2.0,1.0,0.5,0.5,0.5,2.0,1.0,2.0,0.5,1.0,1.0,1.0,1.0,0.5,0.5
74,geodude,geodude,1,rock,ground,2,"rock-head, sturdy",sand-veil,40,0.13,80,0.27,100,0.33,30,0.1,30,0.1,20,0.07,300,defense,110,170,slow,866.67,5,specialized,0.12,bottom_tier,0.12,bottom_tier,6,5,1,-2.0,frail,weak_slow,frail-weak_slow,0.4,20.0,125.0,very_heavy,0,0.5,normal,60.0,86,255,70,15,mineral,medium-slow,arms,brown,Rock Pokémon,"Found in fields and mountains. Mistaking them for boulders, people often step or trip on them.",geodude --> graveler --> golem,3,1,0,0.5,0.5,4.0,0.0,4.0,2.0,2.0,0.25,2.0,0.5,1.0,1.0,0.5,1.0,1.0,1.0,2.0,1.0
74,geodude,geodude-alola,1,rock,electric,2,"magnet-pull, sturdy",galvanize,40,0.13,80,0.27,100,0.33,30,0.1,30,0.1,20,0.07,300,defense,110,170,slow,866.67,5,specialized,0.12,bottom_tier,0.12,bottom_tier,4,5,0,-1.5,frail,weak_slow,frail-weak_slow,0.4,20.3,126.87,very_heavy,0,0.5,normal,60.0,79,255,70,15,mineral,medium-slow,arms,brown,Rock Pokémon,"Found in fields and mountains. Mistaking them for boulders, people often step or trip on them.",geodude --> graveler --> golem,3,1,0,0.5,0.5,2.0,0.5,2.0,1.0,2.0,0.5,4.0,0.25,1.0,1.0,1.0,1.0,1.0,1.0,1.0,1.0
75,graveler,graveler,1,rock,ground,2,"rock-head, sturdy",sand-veil,55,0.14,95,0.24,115,0.29,45,0.12,45,0.12,35,0.09,390,defense,140,215,slow,866.67,5,specialized,0.39,lower_mid_tier,0.39,lower_mid_tier,6,5,1,-2.0,frail,slow_attacker,frail-slow_attacker,1.0,105.0,105.0,very_heavy,0,0.5,normal,137.0,90,120,70,15,mineral,medium-slow,humanoid,brown,Rock Pokémon,Rolls down slopes to move. It rolls over any obstacle without slowing or changing its direction.,geodude --> graveler --> golem,3,2,0,0.5,0.5,4.0,0.0,4.0,2.0,2.0,0.25,2.0,0.5,1.0,1.0,0.5,1.0,1.0,1.0,2.0,1.0
75,graveler,graveler-alola,1,rock,electric,2,"magnet-pull, sturdy",galvanize,55,0.14,95,0.24,115,0.29,45,0.12,45,0.12,35,0.09,390,defense,140,215,slow,866.67,5,specialized,0.39,lower_mid_tier,0.39,lower_mid_tier,4,5,0,-1.5,frail,slow_attacker,frail-slow_attacker,1.0,110.0,110.0,very_heavy,0,0.5,normal,137.0,85,120,70,15,mineral,medium-slow,humanoid,brown,Rock Pokémon,Rolls down slopes to move. It rolls over any obstacle without slowing or changing its direction.,geodude --> graveler --> golem,3,2,0,0.5,0.5,2.0,0.5,2.0,1.0,2.0,0.5,4.0,0.25,1.0,1.0,1.0,1.0,1.0,1.0,1.0,1.0
76,golem,golem,1,rock,ground,2,"rock-head, sturdy",sand-veil,80,0.16,120,0.24,130,0.26,55,0.11,65,0.13,45,0.09,495,defense,175,275,slow,1022.92,5,highly_specialized,0.7,upper_mid_tier,0.7,upper_mid_tier,6,5,1,-2.0,frail,bulky_attacker,frail-bulky_attacker,1.4,300.0,153.06,very_heavy,0,0.5,normal,223.0,96,45,70,15,mineral,medium-slow,humanoid,brown,Megaton Pokémon,Its boulder-like body is extremely hard. It can easily withstand dynamite blasts without damage.,geodude --> graveler --> golem,3,3,1,0.5,0.5,4.0,0.0,4.0,2.0,2.0,0.25,2.0,0.5,1.0,1.0,0.5,1.0,1.0,1.0,2.0,1.0
76,golem,golem-alola,1,rock,electric,2,"magnet-pull, sturdy",galvanize,80,0.16,120,0.24,130,0.26,55,0.11,65,0.13,45,0.09,495,defense,175,275,slow,1022.92,5,highly_specialized,0.7,upper_mid_tier,0.7,upper_mid_tier,4,5,0,-1.5,frail,bulky_attacker,frail-bulky_attacker,1.7,316.0,109.34,very_heavy,0,0.5,normal,223.0,93,45,70,15,mineral,medium-slow,humanoid,brown,Megaton Pokémon,Its boulder-like body is extremely hard. It can easily withstand dynamite blasts without damage.,geodude --> graveler --> golem,3,3,1,0.5,0.5,2.0,0.5,2.0,1.0,2.0,0.5,4.0,0.25,1.0,1.0,1.0,1.0,1.0,1.0,1.0,1.0
77,ponyta,ponyta,1,fire,,1,"run-away, flash-fire",flame-body,50,0.12,85,0.21,55,0.13,65,0.16,65,0.16,90,0.22,410,speed,150,170,average,213.89,2,slightly_specialized,0.46,mid_tier,0.46,mid_tier,3,6,0,0.0,neutral,midrange,neutral-midrange,1.0,30.0,30.0,average,0,0.5,normal,82.0,68,190,70,20,ground,medium,quadruped,yellow,Fire Horse Pokémon,Its hooves are 10 times harder than diamonds. It can trample anything completely flat in little time.,ponyta --> rapidash,2,1,0,1.0,0.5,2.0,1.0,0.5,0.5,1.0,1.0,2.0,1.0,1.0,0.5,2.0,1.0,1.0,1.0,0.5,0.5
77,ponyta,ponyta-galar,1,psychic,,1,"run-away, pastel-veil",anticipation,50,0.12,85,0.21,55,0.13,65,0.16,65,0.16,90,0.22,410,speed,150,170,average,213.89,2,slightly_specialized,0.46,mid_tier,0.46,mid_tier,3,2,0,-2.0,frail,midrange,frail-midrange,0.8,24.0,37.5,heavy,0,0.5,normal,82.0,45,190,70,20,ground,medium,quadruped,yellow,Fire Horse Pokémon,Its hooves are 10 times harder than diamonds. It can trample anything completely flat in little time.,ponyta --> rapidash,2,1,0,1.0,1.0,1.0,1.0,1.0,1.0,0.5,1.0,1.0,1.0,0.5,2.0,1.0,2.0,1.0,2.0,1.0,1.0
78,rapidash,rapidash,1,fire,,1,"run-away, flash-fire",flame-body,65,0.13,100,0.2,70,0.14,80,0.16,80,0.16,105,0.21,500,speed,180,215,fast,213.89,2,slightly_specialized,0.74,upper_mid_tier,0.74,upper_mid_tier,3,6,0,0.0,neutral,sweeper,neutral-sweeper,1.7,95.0,32.87,average,0,0.5,normal,175.0,78,60,70,20,ground,medium,quadruped,yellow,Fire Horse Pokémon,"Very competitive, this POKéMON will chase anything that moves fast in the hopes of racing it.",ponyta --> rapidash,2,2,1,1.0,0.5,2.0,1.0,0.5,0.5,1.0,1.0,2.0,1.0,1.0,0.5,2.0,1.0,1.0,1.0,0.5,0.5
78,rapidash,rapidash-galar,1,psychic,fairy,2,"run-away, pastel-veil",anticipation,65,0.13,100,0.2,70,0.14,80,0.16,80,0.16,105,0.21,500,speed,180,215,fast,213.89,2,slightly_specialized,0.74,upper_mid_tier,0.74,upper_mid_tier,3,2,1,-0.5,exposed,sweeper,exposed-sweeper,1.7,80.0,27.68,average,0,0.5,normal,175.0,55,60,70,20,ground,medium,quadruped,yellow,Fire Horse Pokémon,"Very competitive, this POKéMON will chase anything that moves fast in the hopes of racing it.",ponyta --> rapidash,2,2,1,1.0,1.0,1.0,1.0,1.0,1.0,0.25,2.0,1.0,1.0,0.5,1.0,1.0,2.0,0.0,1.0,2.0,1.0
79,slowpoke,slowpoke,1,water,psychic,2,"oblivious, own-tempo",regenerator,90,0.29,65,0.21,65,0.21,40,0.13,40,0.13,15,0.05,315,hp,105,195,slow,572.92,4,specialized,0.18,bottom_tier,0.18,bottom_tier,5,6,0,-2.0,frail,slow_attacker,frail-slow_attacker,1.2,36.0,25.0,light,0,0.5,normal,63.0,114,190,70,20,"monster, water1",medium,quadruped,pink,Dopey Pokémon,Incredibly slow and dopey. It takes 5 seconds for it to feel pain when under attack.,slowpoke --> slowbro,2,1,0,1.0,0.5,0.5,2.0,2.0,0.5,0.5,1.0,1.0,1.0,0.5,2.0,1.0,2.0,1.0,2.0,0.5,1.0
79,slowpoke,slowpoke-galar,1,psychic,,1,"gluttony, own-tempo",regenerator,90,0.29,65,0.21,65,0.21,40,0.13,40,0.13,15,0.05,315,hp,105,195,slow,572.92,4,specialized,0.18,bottom_tier,0.18,bottom_tier,3,2,0,-2.0,frail,slow_attacker,frail-slow_attacker,1.2,36.0,25.0,light,0,0.5,normal,63.0,78,190,70,20,"monster, water1",medium,quadruped,pink,Dopey Pokémon,Incredibly slow and dopey. It takes 5 seconds for it to feel pain when under attack.,slowpoke --> slowbro,2,1,0,1.0,1.0,1.0,1.0,1.0,1.0,0.5,1.0,1.0,1.0,0.5,2.0,1.0,2.0,1.0,2.0,1.0,1.0
80,slowbro,slowbro,1,water,psychic,2,"oblivious, own-tempo",regenerator,95,0.19,75,0.15,110,0.22,100,0.2,80,0.16,30,0.06,490,defense,175,285,slow,672.22,4,specialized,0.66,upper_mid_tier,0.66,upper_mid_tier,5,6,0,-2.0,frail,bulky_attacker,frail-bulky_attacker,1.6,78.5,30.66,average,0,0.5,normal,172.0,135,75,70,20,"monster, water1",medium,upright,pink,Hermit Crab Pokémon,The SHELLDER that is latched onto SLOWPOKE's tail is said to feed on the host's left over scraps.,slowpoke --> slowbro,2,2,1,1.0,0.5,0.5,2.0,2.0,0.5,0.5,1.0,1.0,1.0,0.5,2.0,1.0,2.0,1.0,2.0,0.5,1.0
80,slowbro,slowbro-mega,1,water,psychic,2,shell-armor,,95,0.16,75,0.13,180,0.31,130,0.22,80,0.14,30,0.05,590,defense,205,355,slow,2205.56,5,extreme,0.93,top_tier,0.93,top_tier,5,6,0,-2.0,frail,bulky_attacker,frail-bulky_attacker,2.0,120.0,30.0,average,0,0.5,normal,207.0,88,75,70,20,"monster, water1",medium,upright,pink,Hermit Crab Pokémon,The SHELLDER that is latched onto SLOWPOKE's tail is said to feed on the host's left over scraps.,slowpoke --> slowbro,2,2,1,1.0,0.5,0.5,2.0,2.0,0.5,0.5,1.0,1.0,1.0,0.5,2.0,1.0,2.0,1.0,2.0,0.5,1.0
80,slowbro,slowbro-galar,1,poison,psychic,2,"quick-draw, own-tempo",regenerator,95,0.19,100,0.2,95,0.19,100,0.2,70,0.14,30,0.06,490,attack,200,260,slow,638.89,4,specialized,0.66,upper_mid_tier,0.66,upper_mid_tier,3,4,0,-1.0,exposed,bulky_attacker,exposed-bulky_attacker,1.6,70.5,27.54,average,0,0.5,normal,172.0,107,75,70,20,"monster, water1",medium,upright,pink,Hermit Crab Pokémon,The SHELLDER that is latched onto SLOWPOKE's tail is said to feed on the host's left over scraps.,slowpoke --> slowbro,2,2,1,1.0,1.0,1.0,1.0,0.5,1.0,0.25,0.5,2.0,1.0,1.0,1.0,1.0,2.0,1.0,2.0,1.0,0.5
81,magnemite,magnemite,1,electric,steel,2,"magnet-pull, sturdy",analytic,25,0.08,35,0.11,70,0.22,95,0.29,55,0.17,45,0.14,325,sp_attack,130,150,slow,536.81,4,specialized,0.29,lower_mid_tier,0.29,lower_mid_tier,3,11,1,4.0,iron,slow_attacker,iron-slow_attacker,0.3,6.0,66.67,very_heavy,1,0.0,normal,65.0,74,190,70,20,mineral,medium,arms,gray,Magnet Pokémon,Uses anti-gravity to stay suspended. Appears without warning and uses THUNDER WAVE and similar moves.,magnemite --> magneton --> magnezone,3,1,0,0.5,2.0,1.0,0.5,0.5,0.5,2.0,0.0,4.0,0.25,0.5,0.5,0.5,1.0,0.5,1.0,0.25,0.5
82,magneton,magneton,1,electric,steel,2,"magnet-pull, sturdy",analytic,50,0.11,60,0.13,95,0.2,120,0.26,70,0.15,70,0.15,465,sp_attack,180,215,average,547.92,4,specialized,0.59,mid_tier,0.59,mid_tier,3,11,1,4.0,iron,attacker,iron-attacker,1.0,60.0,60.0,very_heavy,1,0.0,normal,163.0,78,60,70,20,mineral,medium,heads,gray,Magnet Pokémon,Formed by several MAGNEMITEs linked together. They frequently appear when sunspots flare up.,magnemite --> magneton --> magnezone,3,2,0,0.5,2.0,1.0,0.5,0.5,0.5,2.0,0.0,4.0,0.25,0.5,0.5,0.5,1.0,0.5,1.0,0.25,0.5
83,farfetchd,farfetchd,1,normal,flying,2,"keen-eye, inner-focus",defiant,52,0.14,90,0.24,55,0.15,58,0.15,62,0.16,60,0.16,377,attack,148,169,average,158.14,2,balanced,0.37,lower_mid_tier,0.37,lower_mid_tier,3,2,2,1.0,iron,slow_attacker,iron-slow_attacker,0.8,15.0,23.44,light,0,0.5,normal,132.0,95,45,70,20,"flying, ground",medium,wings,brown,Wild Duck Pokémon,The sprig of green onions it holds is its weapon. It is used much like a metal sword.,farfetchd --> sirfetchd,2,1,0,1.0,1.0,1.0,2.0,0.5,2.0,1.0,1.0,0.0,1.0,1.0,0.5,2.0,0.0,1.0,1.0,1.0,1.0
83,farfetchd,farfetchd-galar,1,fighting,,1,steadfast,scrappy,52,0.14,95,0.25,55,0.15,58,0.15,62,0.16,55,0.15,377,attack,153,169,slow,216.47,2,slightly_specialized,0.37,lower_mid_tier,0.37,lower_mid_tier,3,3,0,-1.5,frail,slow_attacker,frail-slow_attacker,0.8,42.0,65.62,very_heavy,0,0.5,normal,132.0,50,45,70,20,"flying, ground",medium,wings,brown,Wild Duck Pokémon,The sprig of green onions it holds is its weapon. It is used much like a metal sword.,farfetchd --> sirfetchd,2,1,0,1.0,1.0,1.0,1.0,1.0,1.0,1.0,1.0,1.0,2.0,2.0,0.5,0.5,1.0,1.0,0.5,1.0,2.0
84,doduo,doduo,1,normal,flying,2,"run-away, early-bird",tangled-feet,35,0.11,85,0.27,45,0.15,35,0.11,35,0.11,75,0.24,310,attack,120,115,average,422.22,3,slightly_specialized,0.16,bottom_tier,0.16,bottom_tier,3,2,2,1.0,iron,fragile,iron-fragile,1.4,39.2,20.0,light,0,0.5,normal,62.0,78,190,70,20,flying,medium,legs,brown,Twin Bird Pokémon,A bird that makes up for its poor flying with its fast foot speed. Leaves giant footprints.,doduo --> dodrio,2,1,0,1.0,1.0,1.0,2.0,0.5,2.0,1.0,1.0,0.0,1.0,1.0,0.5,2.0,0.0,1.0,1.0,1.0,1.0
85,dodrio,dodrio,1,normal,flying,2,"run-away, early-bird",tangled-feet,60,0.13,110,0.23,70,0.15,60,0.13,60,0.13,110,0.23,470,attack,170,190,fast,513.89,4,specialized,0.59,mid_tier,0.59,mid_tier,3,2,2,1.0,iron,sweeper,iron-sweeper,1.8,85.2,26.3,average,0,0.5,normal,165.0,86,45,70,20,flying,medium,legs,brown,Triple Bird Pokémon,"Uses its three brains to execute complex plans. While two heads sleep, one head stays awake.",doduo --> dodrio,2,2,1,1.0,1.0,1.0,2.0,0.5,2.0,1.0,1.0,0.0,1.0,1.0,0.5,2.0,0.0,1.0,1.0,1.0,1.0
86,seel,seel,1,water,,1,"thick-fat, hydration",ice-body,65,0.2,45,0.14,55,0.17,45,0.14,70,0.22,45,0.14,325,sp_defense,90,190,slow,103.47,1,balanced,0.29,lower_mid_tier,0.29,lower_mid_tier,2,4,0,0.0,neutral,slow_attacker,neutral-slow_attacker,1.1,90.0,74.38,very_heavy,0,0.5,normal,65.0,87,190,70,20,"water1, ground",medium,fish,white,Sea Lion Pokémon,The protruding horn on its head is very hard. It is used for bashing through thick ice.,seel --> dewgong,2,1,0,1.0,0.5,0.5,2.0,2.0,0.5,1.0,1.0,1.0,1.0,1.0,1.0,1.0,1.0,1.0,1.0,0.5,1.0
87,dewgong,dewgong,1,water,ice,2,"thick-fat, hydration",ice-body,90,0.19,70,0.15,80,0.17,70,0.15,95,0.2,70,0.15,475,sp_defense,140,265,average,103.47,1,balanced,0.6,mid_tier,0.6,mid_tier,4,2,0,-3.0,frail,bulky,frail-bulky,1.7,120.0,41.52,heavy,0,0.5,normal,166.0,93,75,70,20,"water1, ground",medium,fish,white,Sea Lion Pokémon,Stores thermal energy in its body. Swims at a steady 8 knots even in intensely cold waters.,seel --> dewgong,2,2,1,1.0,1.0,0.5,2.0,2.0,0.25,2.0,1.0,1.0,1.0,1.0,1.0,2.0,1.0,1.0,1.0,1.0,1.0
88,grimer,grimer,1,poison,,1,"stench, sticky-hold",poison-touch,80,0.25,80,0.25,50,0.15,40,0.12,50,0.15,25,0.08,325,hp,120,180,slow,403.47,3,slightly_specialized,0.29,lower_mid_tier,0.29,lower_mid_tier,2,5,0,0.5,solid,slow_attacker,solid-slow_attacker,0.9,30.0,37.04,heavy,0,0.5,normal,65.0,94,190,70,20,indeterminate,medium,arms,purple,Sludge Pokémon,Appears in filthy areas. Thrives by sucking up polluted sludge that is pumped out of factories.,grimer --> muk,2,1,0,1.0,1.0,1.0,1.0,0.5,1.0,0.5,0.5,2.0,1.0,2.0,0.5,1.0,1.0,1.0,1.0,1.0,0.5
88,grimer,grimer-alola,1,poison,dark,2,"poison-touch, gluttony",power-of-alchemy,80,0.25,80,0.25,50,0.15,40,0.12,50,0.15,25,0.08,325,hp,120,180,slow,403.47,3,slightly_specialized,0.29,lower_mid_tier,0.29,lower_mid_tier,1,4,1,2.5,iron,slow_attacker,iron-slow_attacker,0.7,42.0,85.71,very_heavy,0,0.5,normal,65.0,98,190,70,20,indeterminate,medium,arms,purple,Sludge Pokémon,Appears in filthy areas. Thrives by sucking up polluted sludge that is pumped out of factories.,grimer --> muk,2,1,0,1.0,1.0,1.0,1.0,0.5,1.0,1.0,0.5,2.0,1.0,0.0,1.0,1.0,0.5,1.0,0.5,1.0,1.0
89,muk,muk,1,poison,,1,"stench, sticky-hold",poison-touch,105,0.21,105,0.21,75,0.15,65,0.13,100,0.2,50,0.1,500,hp,170,280,slow,455.56,4,slightly_specialized,0.74,upper_mid_tier,0.74,upper_mid_tier,2,5,0,0.5,solid,bulky_attacker,solid-bulky_attacker,1.2,30.0,20.83,light,0,0.5,normal,175.0,103,75,70,20,indeterminate,medium,arms,purple,Sludge Pokémon,"Thickly covered with a filthy, vile sludge. It is so toxic, even its footprints contain poison.",grimer --> muk,2,2,1,1.0,1.0,1.0,1.0,0.5,1.0,0.5,0.5,2.0,1.0,2.0,0.5,1.0,1.0,1.0,1.0,1.0,0.5
89,muk,muk-alola,1,poison,dark,2,"poison-touch, gluttony",power-of-alchemy,105,0.21,105,0.21,75,0.15,65,0.13,100,0.2,50,0.1,500,hp,170,280,slow,455.56,4,slightly_specialized,0.74,upper_mid_tier,0.74,upper_mid_tier,1,4,1,2.5,iron,bulky_attacker,iron-bulky_attacker,1.0,52.0,52.0,very_heavy,0,0.5,normal,175.0,97,75,70,20,indeterminate,medium,arms,purple,Sludge Pokémon,"Thickly covered with a filthy, vile sludge. It is so toxic, even its footprints contain poison.",grimer --> muk,2,2,1,1.0,1.0,1.0,1.0,0.5,1.0,1.0,0.5,2.0,1.0,0.0,1.0,1.0,0.5,1.0,0.5,1.0,1.0
90,shellder,shellder,1,water,,1,"shell-armor, skill-link",overcoat,30,0.1,65,0.21,100,0.33,45,0.15,25,0.08,40,0.13,305,defense,110,155,slow,645.14,4,specialized,0.14,bottom_tier,0.14,bottom_tier,2,4,0,0.0,neutral,weak_slow,neutral-weak_slow,0.3,4.0,44.44,very_heavy,0,0.5,normal,61.0,76,190,70,20,water3,slow,ball,purple,Bivalve Pokémon,Its hard shell repels any kind of attack. It is vulnerable only when its shell is open.,shellder --> cloyster,2,1,0,1.0,0.5,0.5,2.0,2.0,0.5,1.0,1.0,1.0,1.0,1.0,1.0,1.0,1.0,1.0,1.0,0.5,1.0
91,cloyster,cloyster,1,water,ice,2,"shell-armor, skill-link",overcoat,50,0.1,95,0.18,180,0.34,85,0.16,45,0.09,70,0.13,525,defense,180,275,average,2022.92,5,extreme,0.81,top_tier,0.81,top_tier,4,2,0,-3.0,frail,bulky_attacker,frail-bulky_attacker,1.5,132.5,58.89,very_heavy,0,0.5,normal,184.0,88,60,70,20,water3,slow,ball,purple,Bivalve Pokémon,"When attacked, it launches its horns in quick volleys. Its innards have never been seen.",shellder --> cloyster,2,2,1,1.0,1.0,0.5,2.0,2.0,0.25,2.0,1.0,1.0,1.0,1.0,1.0,2.0,1.0,1.0,1.0,1.0,1.0
92,gastly,gastly,1,ghost,poison,2,levitate,,30,0.1,35,0.11,30,0.1,100,0.32,35,0.11,80,0.26,310,sp_attack,135,95,average,772.22,5,specialized,0.16,bottom_tier,0.16,bottom_tier,4,4,2,1.0,iron,midrange,iron-midrange,1.3,0.1,0.06,very_light,0,0.5,normal,62.0,96,190,70,20,indeterminate,medium-slow,ball,purple,Gas Pokémon,"Almost invisible, this gaseous POKéMON cloaks the target and puts it to sleep without notice.",gastly --> haunter --> gengar,3,1,0,0.0,1.0,1.0,1.0,0.5,1.0,0.0,0.25,2.0,1.0,2.0,0.25,1.0,2.0,1.0,2.0,1.0,0.5
93,haunter,haunter,1,ghost,poison,2,levitate,,45,0.11,50,0.12,45,0.11,115,0.28,55,0.14,95,0.23,405,sp_attack,165,145,average,747.92,5,specialized,0.44,mid_tier,0.44,mid_tier,4,4,2,1.0,iron,midrange,iron-midrange,1.6,0.1,0.04,very_light,0,0.5,normal,142.0,99,90,70,20,indeterminate,medium-slow,arms,purple,Gas Pokémon,"Because of its ability to slip through block walls, it is said to be from an­ other dimension.",gastly --> haunter --> gengar,3,2,0,0.0,1.0,1.0,1.0,0.5,1.0,0.0,0.25,2.0,1.0,2.0,0.25,1.0,2.0,1.0,2.0,1.0,0.5
94,gengar,gengar,1,ghost,poison,2,cursed-body,,60,0.12,65,0.13,60,0.12,130,0.26,75,0.15,110,0.22,500,sp_attack,195,195,fast,730.56,5,specialized,0.74,upper_mid_tier,0.74,upper_mid_tier,4,4,2,1.0,iron,sweeper,iron-sweeper,1.5,40.5,18.0,light,0,0.5,normal,225.0,124,45,70,20,indeterminate,medium-slow,upright,purple,Shadow Pokémon,"Under a full moon, this POKéMON likes to mimic the shadows of people and laugh at their fright.",gastly --> haunter --> gengar,3,3,1,0.0,1.0,1.0,1.0,0.5,1.0,0.0,0.25,2.0,1.0,2.0,0.25,1.0,2.0,1.0,2.0,1.0,0.5
94,gengar,gengar-mega,1,ghost,poison,2,shadow-tag,,60,0.1,65,0.11,80,0.13,170,0.28,95,0.16,130,0.22,600,sp_attack,235,235,fast,1508.33,5,extreme,0.95,top_tier,0.95,top_tier,4,4,2,1.0,iron,sweeper,iron-sweeper,1.4,40.5,20.66,light,0,0.5,normal,270.0,87,45,70,20,indeterminate,medium-slow,upright,purple,Shadow Pokémon,"Under a full moon, this POKéMON likes to mimic the shadows of people and laugh at their fright.",gastly --> haunter --> gengar,3,3,1,0.0,1.0,1.0,1.0,0.5,1.0,0.0,0.25,2.0,1.0,2.0,0.25,1.0,2.0,1.0,2.0,1.0,0.5
94,gengar,gengar-gmax,1,ghost,poison,2,cursed-body,,60,0.12,65,0.13,60,0.12,130,0.26,75,0.15,110,0.22,500,sp_attack,195,195,fast,730.56,5,specialized,0.74,upper_mid_tier,0.74,upper_mid_tier,4,4,2,1.0,iron,sweeper,iron-sweeper,20.0,1000.0,2.5,very_light,0,0.5,normal,225.0,0,45,70,20,indeterminate,medium-slow,upright,purple,Shadow Pokémon,"Under a full moon, this POKéMON likes to mimic the shadows of people and laugh at their fright.",gastly --> haunter --> gengar,3,3,1,0.0,1.0,1.0,1.0,0.5,1.0,0.0,0.25,2.0,1.0,2.0,0.25,1.0,2.0,1.0,2.0,1.0,0.5
95,onix,onix,1,rock,ground,2,"rock-head, sturdy",weak-armor,35,0.09,45,0.12,160,0.42,30,0.08,45,0.12,70,0.18,385,defense,75,240,average,1995.14,5,extreme,0.38,lower_mid_tier,0.38,lower_mid_tier,6,5,1,-2.0,frail,support,frail-support,8.8,210.0,2.71,very_light,0,0.5,normal,77.0,89,45,70,25,mineral,medium,squiggle,gray,Rock Snake Pokémon,"As it grows, the stone portions of its body harden to become similar to a diamond, but colored black.",onix --> steelix,2,1,0,0.5,0.5,4.0,0.0,4.0,2.0,2.0,0.25,2.0,0.5,1.0,1.0,0.5,1.0,1.0,1.0,2.0,1.0
96,drowzee,drowzee,1,psychic,,1,"insomnia, forewarn",inner-focus,60,0.18,48,0.15,45,0.14,43,0.13,90,0.27,42,0.13,328,sp_defense,91,195,slow,285.22,2,slightly_specialized,0.31,lower_mid_tier,0.31,lower_mid_tier,3,2,0,-2.0,frail,slow_attacker,frail-slow_attacker,1.0,32.4,32.4,average,0,0.5,normal,66.0,115,190,70,20,humanshape,medium,humanoid,yellow,Hypnosis Pokémon,Puts enemies to sleep then eats their dreams. Occasionally gets sick from eating bad dreams.,drowzee --> hypno,2,1,0,1.0,1.0,1.0,1.0,1.0,1.0,0.5,1.0,1.0,1.0,0.5,2.0,1.0,2.0,1.0,2.0,1.0,1.0
97,hypno,hypno,1,psychic,,1,"insomnia, forewarn",inner-focus,85,0.18,73,0.15,70,0.14,73,0.15,115,0.24,67,0.14,483,sp_defense,146,270,average,269.25,2,slightly_specialized,0.62,upper_mid_tier,0.62,upper_mid_tier,3,2,0,-2.0,frail,bulky,frail-bulky,1.6,75.6,29.53,average,0,0.5,normal,169.0,118,75,70,20,humanshape,medium,humanoid,yellow,Hypnosis Pokémon,"When it locks eyes with an enemy, it will use a mix of PSI moves such as HYPNOSIS and CONFUSION.",drowzee --> hypno,2,2,1,1.0,1.0,1.0,1.0,1.0,1.0,0.5,1.0,1.0,1.0,0.5,2.0,1.0,2.0,1.0,2.0,1.0,1.0
98,krabby,krabby,1,water,,1,"hyper-cutter, shell-armor",sheer-force,30,0.09,105,0.32,90,0.28,25,0.08,25,0.08,50,0.15,325,attack,130,145,slow,1028.47,5,highly_specialized,0.29,lower_mid_tier,0.29,lower_mid_tier,2,4,0,0.0,neutral,slow_attacker,neutral-slow_attacker,0.4,6.5,40.62,heavy,0,0.5,normal,65.0,82,225,70,20,water3,medium,armor,red,River Crab Pokémon,"Its pincers are not only powerful weapons, they are used for balance when walking sideways.",krabby --> kingler,2,1,0,1.0,0.5,0.5,2.0,2.0,0.5,1.0,1.0,1.0,1.0,1.0,1.0,1.0,1.0,1.0,1.0,0.5,1.0
99,kingler,kingler,1,water,,1,"hyper-cutter, shell-armor",sheer-force,55,0.12,130,0.27,115,0.24,50,0.11,50,0.11,75,0.16,475,attack,180,220,average,1028.47,5,highly_specialized,0.6,mid_tier,0.6,mid_tier,2,4,0,0.0,neutral,attacker,neutral-attacker,1.3,60.0,35.5,heavy,0,0.5,normal,166.0,85,60,70,20,water3,medium,armor,red,Pincer Pokémon,"The large pincer has 10000 hp of crushing power. However, its huge size makes it unwieldy to use.",krabby --> kingler,2,2,1,1.0,0.5,0.5,2.0,2.0,0.5,1.0,1.0,1.0,1.0,1.0,1.0,1.0,1.0,1.0,1.0,0.5,1.0
99,kingler,kingler-gmax,1,water,,1,"hyper-cutter, shell-armor",sheer-force,55,0.12,130,0.27,115,0.24,50,0.11,50,0.11,75,0.16,475,attack,180,220,average,1028.47,5,highly_specialized,0.6,mid_tier,0.6,mid_tier,2,4,0,0.0,neutral,attacker,neutral-attacker,19.0,1000.0,2.77,very_light,0,0.5,normal,166.0,0,60,70,20,water3,medium,armor,red,Pincer Pokémon,"The large pincer has 10000 hp of crushing power. However, its huge size makes it unwieldy to use.",krabby --> kingler,2,2,1,1.0,0.5,0.5,2.0,2.0,0.5,1.0,1.0,1.0,1.0,1.0,1.0,1.0,1.0,1.0,1.0,0.5,1.0
100,voltorb,voltorb,1,electric,,1,"soundproof, static",aftermath,40,0.12,30,0.09,50,0.15,55,0.17,55,0.17,100,0.3,330,speed,85,145,fast,483.33,4,slightly_specialized,0.32,lower_mid_tier,0.32,lower_mid_tier,1,3,0,0.5,solid,fragile,solid-fragile,0.5,10.4,41.6,heavy,1,0.0,normal,66.0,68,190,70,20,mineral,medium,ball,red,Ball Pokémon,"Usually found in power plants. Easily mistaken for a POKé BALL, they have zapped many people.",voltorb --> electrode,2,1,0,1.0,1.0,1.0,0.5,1.0,1.0,1.0,1.0,2.0,0.5,1.0,1.0,1.0,1.0,1.0,1.0,0.5,1.0
100,voltorb,voltorb-hisui,1,electric,grass,2,"soundproof, static",aftermath,40,0.12,30,0.09,50,0.15,55,0.17,55,0.17,100,0.3,330,speed,85,145,fast,483.33,4,slightly_specialized,0.32,lower_mid_tier,0.32,lower_mid_tier,4,4,0,-2.0,frail,fragile,frail-fragile,0.5,13.0,52.0,very_heavy,1,0.0,normal,66.0,50,190,70,20,mineral,medium,ball,red,Ball Pokémon,"Usually found in power plants. Easily mistaken for a POKé BALL, they have zapped many people.",voltorb --> electrode,2,1,0,1.0,2.0,0.5,0.25,0.5,2.0,1.0,2.0,1.0,1.0,1.0,2.0,1.0,1.0,1.0,1.0,0.5,1.0
101,electrode,electrode,1,electric,,1,"soundproof, static",aftermath,60,0.12,50,0.1,70,0.14,80,0.16,80,0.16,150,0.31,490,speed,130,210,fast,1047.22,5,highly_specialized,0.66,upper_mid_tier,0.66,upper_mid_tier,1,3,0,0.5,solid,midrange,solid-midrange,1.2,66.6,46.25,very_heavy,1,0.0,normal,172.0,73,60,70,20,mineral,medium,ball,red,Ball Pokémon,It stores electric energy under very high pressure. It often explodes with little or no provocation.,voltorb --> electrode,2,2,1,1.0,1.0,1.0,0.5,1.0,1.0,1.0,1.0,2.0,0.5,1.0,1.0,1.0,1.0,1.0,1.0,0.5,1.0
101,electrode,electrode-hisui,1,electric,grass,2,"soundproof, static",aftermath,60,0.12,50,0.1,70,0.14,80,0.16,80,0.16,150,0.31,490,speed,130,210,fast,1047.22,5,highly_specialized,0.66,upper_mid_tier,0.66,upper_mid_tier,4,4,0,-2.0,frail,midrange,frail-midrange,1.2,71.0,49.31,very_heavy,1,0.0,normal,172.0,53,60,70,20,mineral,medium,ball,red,Ball Pokémon,It stores electric energy under very high pressure. It often explodes with little or no provocation.,voltorb --> electrode,2,2,1,1.0,2.0,0.5,0.25,0.5,2.0,1.0,2.0,1.0,1.0,1.0,2.0,1.0,1.0,1.0,1.0,0.5,1.0
102,exeggcute,exeggcute,1,grass,psychic,2,chlorophyll,harvest,60,0.18,40,0.12,80,0.25,60,0.18,45,0.14,40,0.12,325,defense,100,185,slow,203.47,2,slightly_specialized,0.29,lower_mid_tier,0.29,lower_mid_tier,7,6,0,-4.0,frail,slow_attacker,frail-slow_attacker,0.4,2.5,15.62,very_light,0,0.5,normal,65.0,88,90,70,20,plant,slow,heads,pink,Egg Pokémon,"Often mistaken for eggs. When disturbed, they quickly gather and attack in swarms.",exeggcute --> exeggutor,2,1,0,1.0,2.0,0.5,0.5,0.5,2.0,0.5,2.0,0.5,2.0,0.5,4.0,1.0,2.0,1.0,2.0,1.0,1.0
103,exeggutor,exeggutor,1,grass,psychic,2,chlorophyll,harvest,95,0.18,95,0.18,85,0.16,125,0.24,75,0.14,55,0.1,530,sp_attack,220,255,slow,455.56,4,slightly_specialized,0.83,top_tier,0.83,top_tier,7,6,0,-4.0,frail,bulky_attacker,frail-bulky_attacker,2.0,120.0,30.0,average,0,0.5,normal,186.0,100,45,70,20,plant,slow,legs,yellow,Coconut Pokémon,"Legend has it that on rare occasions, one of its heads will drop off and continue on as an EXEGGCUTE.",exeggcute --> exeggutor,2,2,1,1.0,2.0,0.5,0.5,0.5,2.0,0.5,2.0,0.5,2.0,0.5,4.0,1.0,2.0,1.0,2.0,1.0,1.0
103,exeggutor,exeggutor-alola,1,grass,dragon,2,frisk,harvest,95,0.18,105,0.2,85,0.16,125,0.24,75,0.14,45,0.08,530,sp_attack,230,255,slow,622.22,4,specialized,0.83,top_tier,0.83,top_tier,6,4,0,-4.0,frail,bulky_attacker,frail-bulky_attacker,10.9,415.6,3.5,very_light,0,0.5,normal,186.0,98,45,70,20,plant,slow,legs,yellow,Coconut Pokémon,"Legend has it that on rare occasions, one of its heads will drop off and continue on as an EXEGGCUTE.",exeggcute --> exeggutor,2,2,1,1.0,1.0,0.25,0.25,0.25,4.0,1.0,2.0,0.5,2.0,1.0,2.0,1.0,1.0,2.0,1.0,1.0,2.0
104,cubone,cubone,1,ground,,1,"rock-head, lightning-rod",battle-armor,50,0.16,50,0.16,95,0.3,40,0.12,50,0.16,35,0.11,320,defense,90,195,slow,380.56,3,slightly_specialized,0.23,lower_mid_tier,0.23,lower_mid_tier,3,2,1,-0.5,exposed,slow_attacker,exposed-slow_attacker,0.4,6.5,40.62,heavy,0,0.5,normal,64.0,96,190,70,20,monster,medium,upright,brown,Lonely Pokémon,"Because it never removes its skull helmet, no one has ever seen this POKéMON's real face.",cubone --> marowak,2,1,0,1.0,1.0,2.0,0.0,2.0,2.0,1.0,0.5,1.0,1.0,1.0,1.0,0.5,1.0,1.0,1.0,1.0,1.0
105,marowak,marowak,1,ground,,1,"rock-head, lightning-rod",battle-armor,60,0.14,80,0.19,110,0.26,50,0.12,80,0.19,45,0.11,425,defense,130,250,slow,486.81,4,slightly_specialized,0.49,mid_tier,0.49,mid_tier,3,2,1,-0.5,exposed,tank,exposed-tank,1.0,45.0,45.0,very_heavy,0,0.5,normal,149.0,99,75,70,20,monster,medium,upright,brown,Bone Keeper Pokémon,The bone it holds is its key weapon. It throws the bone skillfully like a boomerang to KO targets.,cubone --> marowak,2,2,1,1.0,1.0,2.0,0.0,2.0,2.0,1.0,0.5,1.0,1.0,1.0,1.0,0.5,1.0,1.0,1.0,1.0,1.0
105,marowak,marowak-alola,1,fire,ghost,2,"cursed-body, lightning-rod",rock-head,60,0.14,80,0.19,110,0.26,50,0.12,80,0.19,45,0.11,425,defense,130,250,slow,486.81,4,slightly_specialized,0.49,mid_tier,0.49,mid_tier,5,7,2,1.5,iron,tank,iron-tank,1.0,34.0,34.0,heavy,0,0.5,normal,149.0,97,75,70,20,monster,medium,upright,brown,Bone Keeper Pokémon,The bone it holds is its key weapon. It throws the bone skillfully like a boomerang to KO targets.,cubone --> marowak,2,2,1,0.0,0.5,2.0,1.0,0.5,0.5,0.0,0.5,2.0,1.0,1.0,0.25,2.0,2.0,1.0,2.0,0.5,0.5
105,marowak,marowak-totem,1,fire,ghost,2,"cursed-body, lightning-rod",rock-head,60,0.14,80,0.19,110,0.26,50,0.12,80,0.19,45,0.11,425,defense,130,250,slow,486.81,4,slightly_specialized,0.49,mid_tier,0.49,mid_tier,5,7,2,1.5,iron,tank,iron-tank,1.7,98.0,33.91,heavy,0,0.5,normal,149.0,79,75,70,20,monster,medium,upright,brown,Bone Keeper Pokémon,The bone it holds is its key weapon. It throws the bone skillfully like a boomerang to KO targets.,cubone --> marowak,2,2,1,0.0,0.5,2.0,1.0,0.5,0.5,0.0,0.5,2.0,1.0,1.0,0.25,2.0,2.0,1.0,2.0,0.5,0.5
106,hitmonlee,hitmonlee,1,fighting,,1,"limber, reckless",unburden,50,0.11,120,0.26,53,0.12,35,0.08,110,0.24,87,0.19,455,attack,155,213,average,1016.47,5,highly_specialized,0.57,mid_tier,0.57,mid_tier,3,3,0,-1.5,frail,balanced,frail-balanced,1.5,49.8,22.13,light,0,0.0,normal,159.0,104,45,70,25,humanshape,medium,humanoid,brown,Kicking Pokémon,"When in a hurry, its legs lengthen progressively. It runs smoothly with extra long, loping strides.",tyrogue --> hitmonlee,2,2,1,1.0,1.0,1.0,1.0,1.0,1.0,1.0,1.0,1.0,2.0,2.0,0.5,0.5,1.0,1.0,0.5,1.0,2.0
107,hitmonchan,hitmonchan,1,fighting,,1,"keen-eye, iron-fist",inner-focus,50,0.11,105,0.23,79,0.17,35,0.08,110,0.24,76,0.17,455,sp_defense,140,239,average,727.14,5,specialized,0.57,mid_tier,0.57,mid_tier,3,3,0,-1.5,frail,bulky,frail-bulky,1.4,50.2,25.61,light,0,0.0,normal,159.0,103,45,70,25,humanshape,medium,humanoid,brown,Punching Pokémon,"While apparently doing nothing, it fires punches in lightning fast volleys that are impossible to see.",tyrogue --> hitmonlee,2,2,1,1.0,1.0,1.0,1.0,1.0,1.0,1.0,1.0,1.0,2.0,2.0,0.5,0.5,1.0,1.0,0.5,1.0,2.0
108,lickitung,lickitung,1,normal,,1,"own-tempo, oblivious",cloud-nine,90,0.23,55,0.14,75,0.19,60,0.16,75,0.19,30,0.08,385,hp,115,240,slow,361.81,3,slightly_specialized,0.38,lower_mid_tier,0.38,lower_mid_tier,1,0,1,0.5,solid,tank,solid-tank,1.2,65.5,45.49,very_heavy,0,0.5,normal,77.0,117,45,70,20,monster,medium,upright,pink,Licking Pokémon,Its tongue can be extended like a chameleon's. It leaves a tingling sensation when it licks enemies.,lickitung --> lickilicky,2,1,0,1.0,1.0,1.0,1.0,1.0,1.0,2.0,1.0,1.0,1.0,1.0,1.0,1.0,0.0,1.0,1.0,1.0,1.0
109,koffing,koffing,1,poison,,1,"levitate, neutralizing-gas",stench,40,0.12,65,0.19,95,0.28,60,0.18,45,0.13,35,0.1,340,defense,125,180,slow,405.56,3,slightly_specialized,0.33,lower_mid_tier,0.33,lower_mid_tier,2,5,0,0.5,solid,slow_attacker,solid-slow_attacker,0.6,1.0,2.78,very_light,0,0.5,normal,68.0,79,190,70,20,indeterminate,medium,ball,purple,Poison Gas Pokémon,"Because it stores several kinds of toxic gases in its body, it is prone to exploding without warning.",koffing --> weezing,2,1,0,1.0,1.0,1.0,1.0,0.5,1.0,0.5,0.5,2.0,1.0,2.0,0.5,1.0,1.0,1.0,1.0,1.0,0.5
110,weezing,weezing,1,poison,,1,"levitate, neutralizing-gas",stench,65,0.13,90,0.18,120,0.24,85,0.17,70,0.14,60,0.12,490,defense,175,255,average,405.56,3,slightly_specialized,0.66,upper_mid_tier,0.66,upper_mid_tier,2,5,0,0.5,solid,bulky_attacker,solid-bulky_attacker,1.2,9.5,6.6,very_light,0,0.5,normal,172.0,78,60,70,20,indeterminate,medium,heads,purple,Poison Gas Pokémon,"Where two kinds of poison gases meet, 2 KOFFINGs can fuse into a WEEZING over many years.",koffing --> weezing,2,2,1,1.0,1.0,1.0,1.0,0.5,1.0,0.5,0.5,2.0,1.0,2.0,0.5,1.0,1.0,1.0,1.0,1.0,0.5
110,weezing,weezing-galar,1,poison,fairy,2,"levitate, neutralizing-gas",misty-surge,65,0.13,90,0.18,120,0.24,85,0.17,70,0.14,60,0.12,490,defense,175,255,average,405.56,3,slightly_specialized,0.66,upper_mid_tier,0.66,upper_mid_tier,3,5,1,1.0,iron,bulky_attacker,iron-bulky_attacker,3.0,16.0,1.78,very_light,0,0.5,normal,172.0,71,60,70,20,indeterminate,medium,heads,purple,Poison Gas Pokémon,"Where two kinds of poison gases meet, 2 KOFFINGs can fuse into a WEEZING over many years.",koffing --> weezing,2,2,1,1.0,1.0,1.0,1.0,0.5,1.0,0.25,1.0,2.0,1.0,2.0,0.25,1.0,1.0,0.0,0.5,2.0,0.5
111,rhyhorn,rhyhorn,1,ground,rock,2,"lightning-rod, rock-head",reckless,80,0.23,85,0.25,95,0.28,30,0.09,30,0.09,25,0.07,345,defense,115,205,slow,872.92,5,specialized,0.34,lower_mid_tier,0.34,lower_mid_tier,6,5,1,-2.0,frail,slow_attacker,frail-slow_attacker,1.0,115.0,115.0,very_heavy,0,0.5,normal,69.0,108,120,70,20,"monster, ground",slow,quadruped,gray,Spikes Pokémon,"A POKéMON with a one-track mind. Once it charges,  it won't stop running until it falls asleep.",rhyhorn --> rhydon --> rhyperior,3,1,0,0.5,0.5,4.0,0.0,4.0,2.0,2.0,0.25,2.0,0.5,1.0,1.0,0.5,1.0,1.0,1.0,2.0,1.0
112,rhydon,rhydon,1,ground,rock,2,"lightning-rod, rock-head",reckless,105,0.22,130,0.27,120,0.25,45,0.09,45,0.09,40,0.08,485,attack,175,270,slow,1461.81,5,extreme,0.63,upper_mid_tier,0.63,upper_mid_tier,6,5,1,-2.0,frail,bulky_attacker,frail-bulky_attacker,1.9,120.0,33.24,average,0,0.5,normal,170.0,137,60,70,20,"monster, ground",slow,upright,gray,Drill Pokémon,"Protected by an armor-like hide, it is capable of living in molten lava of 3,600 degrees.",rhyhorn --> rhydon --> rhyperior,3,2,0,0.5,0.5,4.0,0.0,4.0,2.0,2.0,0.25,2.0,0.5,1.0,1.0,0.5,1.0,1.0,1.0,2.0,1.0
113,chansey,chansey,1,normal,,1,"natural-cure, serene-grace",healer,250,0.56,5,0.01,5,0.01,35,0.08,105,0.23,50,0.11,450,hp,40,360,slow,7258.33,5,extreme,0.55,mid_tier,0.55,mid_tier,1,0,1,0.5,solid,tank,solid-tank,1.1,34.6,28.6,average,0,1.0,normal,395.0,144,30,140,40,fairy,fast,upright,pink,Egg Pokémon,A rare and elusive POKéMON that is said to bring happiness to those who manage to get it.,happiny --> chansey --> blissey,3,2,0,1.0,1.0,1.0,1.0,1.0,1.0,2.0,1.0,1.0,1.0,1.0,1.0,1.0,0.0,1.0,1.0,1.0,1.0
114,tangela,tangela,1,grass,,1,"chlorophyll, leaf-guard",regenerator,65,0.15,55,0.13,115,0.26,100,0.23,40,0.09,60,0.14,435,defense,155,220,average,689.58,4,specialized,0.51,mid_tier,0.51,mid_tier,5,4,0,-3.0,frail,slow_attacker,frail-slow_attacker,1.0,35.0,35.0,heavy,0,0.5,normal,87.0,82,45,70,20,plant,medium,legs,blue,Vine Pokémon,The whole body is swathed with wide vines that are similar to sea­ weed. Its vines shake as it walks.,tangela --> tangrowth,2,1,0,1.0,2.0,0.5,0.5,0.5,2.0,1.0,2.0,0.5,2.0,1.0,2.0,1.0,1.0,1.0,1.0,1.0,1.0
115,kangaskhan,kangaskhan,1,normal,,1,"early-bird, scrappy",inner-focus,105,0.21,95,0.19,80,0.16,40,0.08,80,0.16,90,0.18,490,hp,135,265,average,422.22,3,slightly_specialized,0.66,upper_mid_tier,0.66,upper_mid_tier,1,0,1,0.5,solid,bulky_speedster,solid-bulky_speedster,2.2,80.0,16.53,very_light,0,1.0,normal,172.0,122,45,70,20,monster,medium,upright,brown,Parent Pokémon,The infant rarely ventures out of its mother's protective pouch until it is 3 years old.,kangaskhan,1,0,0,1.0,1.0,1.0,1.0,1.0,1.0,2.0,1.0,1.0,1.0,1.0,1.0,1.0,0.0,1.0,1.0,1.0,1.0
115,kangaskhan,kangaskhan-mega,1,normal,,1,parental-bond,,105,0.18,125,0.21,100,0.17,60,0.1,100,0.17,100,0.17,590,attack,185,305,fast,372.22,3,slightly_specialized,0.93,top_tier,0.93,top_tier,1,0,1,0.5,solid,juggernaut,solid-juggernaut,2.2,100.0,20.66,light,0,1.0,normal,207.0,94,45,70,20,monster,medium,upright,brown,Parent Pokémon,The infant rarely ventures out of its mother's protective pouch until it is 3 years old.,kangaskhan,1,0,0,1.0,1.0,1.0,1.0,1.0,1.0,2.0,1.0,1.0,1.0,1.0,1.0,1.0,0.0,1.0,1.0,1.0,1.0
116,horsea,horsea,1,water,,1,"swift-swim, sniper",damp,30,0.1,40,0.14,70,0.24,70,0.24,25,0.08,60,0.2,295,defense,110,125,average,336.81,3,slightly_specialized,0.1,bottom_tier,0.1,bottom_tier,2,4,0,0.0,neutral,weak_slow,neutral-weak_slow,0.4,8.0,50.0,very_heavy,0,0.5,normal,59.0,72,225,70,20,"water1, dragon",medium,blob,blue,Dragon Pokémon,Known to shoot down flying bugs with precision blasts of ink from the surface of the water.,horsea --> seadra --> kingdra,3,1,0,1.0,0.5,0.5,2.0,2.0,0.5,1.0,1.0,1.0,1.0,1.0,1.0,1.0,1.0,1.0,1.0,0.5,1.0
117,seadra,seadra,1,water,,1,"poison-point, sniper",damp,55,0.12,65,0.15,95,0.22,95,0.22,45,0.1,85,0.19,440,defense,160,195,average,380.56,3,slightly_specialized,0.52,mid_tier,0.52,mid_tier,2,4,0,0.0,neutral,balanced,neutral-balanced,1.2,25.0,17.36,light,0,0.5,normal,154.0,73,75,70,20,"water1, dragon",medium,blob,blue,Dragon Pokémon,Capable of swim­ ming backwards by rapidly flapping its wing-like pectoral fins and stout tail.,horsea --> seadra --> kingdra,3,2,0,1.0,0.5,0.5,2.0,2.0,0.5,1.0,1.0,1.0,1.0,1.0,1.0,1.0,1.0,1.0,1.0,0.5,1.0
118,goldeen,goldeen,1,water,,1,"swift-swim, water-veil",lightning-rod,45,0.14,67,0.21,60,0.19,35,0.11,50,0.16,63,0.2,320,attack,102,155,average,123.56,1,balanced,0.23,lower_mid_tier,0.23,lower_mid_tier,2,4,0,0.0,neutral,fragile,neutral-fragile,0.6,15.0,41.67,heavy,0,0.5,normal,64.0,75,225,70,20,water2,medium,fish,red,Goldfish Pokémon,"Its tail fin billows like an elegant ballroom dress, giving it the nickname of the Water Queen.",goldeen --> seaking,2,1,0,1.0,0.5,0.5,2.0,2.0,0.5,1.0,1.0,1.0,1.0,1.0,1.0,1.0,1.0,1.0,1.0,0.5,1.0
119,seaking,seaking,1,water,,1,"swift-swim, water-veil",lightning-rod,80,0.18,92,0.2,65,0.14,65,0.14,80,0.18,68,0.15,450,attack,157,225,average,98.0,1,balanced,0.55,mid_tier,0.55,mid_tier,2,4,0,0.0,neutral,balanced,neutral-balanced,1.3,39.0,23.08,light,0,0.5,normal,158.0,74,60,70,20,water2,medium,fish,red,Goldfish Pokémon,"In the autumn spawning season, they can be seen swimming powerfully up rivers and creeks.",goldeen --> seaking,2,2,1,1.0,0.5,0.5,2.0,2.0,0.5,1.0,1.0,1.0,1.0,1.0,1.0,1.0,1.0,1.0,1.0,0.5,1.0
120,staryu,staryu,1,water,,1,"illuminate, natural-cure",analytic,30,0.09,45,0.13,55,0.16,70,0.21,55,0.16,85,0.25,340,speed,115,140,average,305.56,2,slightly_specialized,0.33,lower_mid_tier,0.33,lower_mid_tier,2,4,0,0.0,neutral,fragile,neutral-fragile,0.8,34.5,53.91,very_heavy,1,0.0,normal,68.0,79,225,70,20,water3,slow,blob,brown,Star Shape Pokémon,"If its body is torn, it can grow back if the red core remains. The core flashes at midnight.",staryu --> starmie,2,1,0,1.0,0.5,0.5,2.0,2.0,0.5,1.0,1.0,1.0,1.0,1.0,1.0,1.0,1.0,1.0,1.0,0.5,1.0
121,starmie,starmie,1,water,psychic,2,"illuminate, natural-cure",analytic,60,0.12,75,0.14,85,0.16,100,0.19,85,0.16,115,0.22,520,speed,175,230,fast,305.56,2,slightly_specialized,0.8,upper_mid_tier,0.8,upper_mid_tier,5,6,0,-2.0,frail,sweeper,frail-sweeper,1.1,80.0,66.12,very_heavy,1,0.0,normal,182.0,93,60,70,20,water3,slow,blob,purple,Mysterious Pokémon,Its central core glows with the seven colors of the rainbow. Some people value the core as a gem.,staryu --> starmie,2,2,1,1.0,0.5,0.5,2.0,2.0,0.5,0.5,1.0,1.0,1.0,0.5,2.0,1.0,2.0,1.0,2.0,0.5,1.0
121,starmie,starmie-mega,1,water,psychic,2,,,60,0.09,140,0.21,105,0.16,130,0.2,105,0.16,120,0.18,660,attack,270,270,fast,658.33,4,specialized,0.98,top_tier,0.98,top_tier,5,6,0,-2.0,frail,juggernaut,frail-juggernaut,2.3,80.0,15.12,very_light,1,0.0,normal,,0,60,70,20,water3,slow,blob,purple,Mysterious Pokémon,Its central core glows with the seven colors of the rainbow. Some people value the core as a gem.,staryu --> starmie,2,2,1,1.0,0.5,0.5,2.0,2.0,0.5,0.5,1.0,1.0,1.0,0.5,2.0,1.0,2.0,1.0,2.0,0.5,1.0
122,mr-mime,mr-mime,1,psychic,fairy,2,"soundproof, filter",technician,40,0.09,45,0.1,65,0.14,100,0.22,120,0.26,90,0.2,460,sp_defense,145,225,average,847.22,5,specialized,0.58,mid_tier,0.58,mid_tier,3,2,1,-0.5,exposed,midrange,exposed-midrange,1.3,54.5,32.25,average,0,0.5,normal,161.0,128,45,70,25,humanshape,medium,humanoid,pink,Barrier Pokémon,"If interrupted while it is miming, it will slap around the offender with its broad hands.",mime-jr --> mr-mime --> mr-rime,3,2,0,1.0,1.0,1.0,1.0,1.0,1.0,0.25,2.0,1.0,1.0,0.5,1.0,1.0,2.0,0.0,1.0,2.0,1.0
122,mr-mime,mr-mime-galar,1,ice,psychic,2,"vital-spirit, screen-cleaner",ice-body,50,0.11,65,0.14,65,0.14,90,0.2,90,0.2,100,0.22,460,speed,155,205,fast,313.89,3,slightly_specialized,0.58,mid_tier,0.58,mid_tier,6,2,0,-5.0,frail,midrange,frail-midrange,1.4,56.8,28.98,average,0,0.5,normal,161.0,89,45,70,25,humanshape,medium,humanoid,pink,Barrier Pokémon,"If interrupted while it is miming, it will slap around the offender with its broad hands.",mime-jr --> mr-mime --> mr-rime,3,2,0,1.0,2.0,1.0,1.0,1.0,0.5,1.0,1.0,1.0,1.0,0.5,2.0,2.0,2.0,1.0,2.0,2.0,1.0
123,scyther,scyther,1,bug,flying,2,"swarm, technician",steadfast,70,0.14,110,0.22,80,0.16,55,0.11,80,0.16,105,0.21,500,attack,165,230,fast,363.89,3,slightly_specialized,0.74,upper_mid_tier,0.74,upper_mid_tier,5,3,1,-2.0,frail,midrange,frail-midrange,1.5,56.0,24.89,light,0,0.5,normal,100.0,89,45,70,25,bug,medium,bug-wings,green,Mantis Pokémon,"With ninja-like agility and speed, it can create the illusion that there is more than one.",scyther --> scizor,2,1,0,1.0,2.0,1.0,2.0,0.25,2.0,0.25,1.0,0.0,2.0,1.0,0.5,4.0,1.0,1.0,1.0,1.0,1.0
124,jynx,jynx,1,ice,psychic,2,"oblivious, forewarn",dry-skin,65,0.14,50,0.11,35,0.08,115,0.25,95,0.21,95,0.21,455,sp_attack,165,195,average,786.81,5,specialized,0.57,mid_tier,0.57,mid_tier,6,2,0,-5.0,frail,midrange,frail-midrange,1.4,40.6,20.71,light,0,1.0,normal,159.0,121,45,70,25,humanshape,medium,humanoid,red,Human Shape Pokémon,It seductively wiggles its hips as it walks. It can cause people to dance in unison with it.,smoochum --> jynx,2,2,1,1.0,2.0,1.0,1.0,1.0,0.5,1.0,1.0,1.0,1.0,0.5,2.0,2.0,2.0,1.0,2.0,2.0,1.0
125,electabuzz,electabuzz,1,electric,,1,static,vital-spirit,65,0.13,83,0.17,57,0.12,95,0.19,85,0.17,105,0.21,490,speed,178,207,fast,270.22,2,slightly_specialized,0.66,upper_mid_tier,0.66,upper_mid_tier,1,3,0,0.5,solid,sweeper,solid-sweeper,1.1,30.0,24.79,light,0,0.25,normal,172.0,99,45,70,25,humanshape,medium,upright,yellow,Electric Pokémon,"Normally found near power plants, they can wander away and cause major blackouts in cities.",elekid --> electabuzz --> electivire,3,2,0,1.0,1.0,1.0,0.5,1.0,1.0,1.0,1.0,2.0,0.5,1.0,1.0,1.0,1.0,1.0,1.0,0.5,1.0
126,magmar,magmar,1,fire,,1,flame-body,vital-spirit,65,0.13,95,0.19,57,0.12,100,0.2,85,0.17,93,0.19,495,sp_attack,195,207,average,255.92,2,slightly_specialized,0.7,upper_mid_tier,0.7,upper_mid_tier,3,6,0,0.0,neutral,sweeper,neutral-sweeper,1.3,44.5,26.33,average,0,0.25,normal,173.0,101,45,70,25,humanshape,medium,upright,red,Spitfire Pokémon,Its body always burns with an orange glow that enables it to hide perfectly among flames.,magby --> magmar --> magmortar,3,2,0,1.0,0.5,2.0,1.0,0.5,0.5,1.0,1.0,2.0,1.0,1.0,0.5,2.0,1.0,1.0,1.0,0.5,0.5
127,pinsir,pinsir,1,bug,,1,"hyper-cutter, mold-breaker",moxie,65,0.13,125,0.25,100,0.2,55,0.11,70,0.14,85,0.17,500,attack,180,235,average,555.56,4,specialized,0.74,upper_mid_tier,0.74,upper_mid_tier,3,3,0,-1.5,frail,attacker,frail-attacker,1.5,55.0,24.44,light,0,0.5,normal,175.0,85,45,70,25,bug,slow,humanoid,brown,Stag Beetle Pokémon,"If it fails to crush the victim in its pincers, it will swing it around and toss it hard.",pinsir,1,0,0,1.0,2.0,1.0,1.0,0.5,1.0,0.5,1.0,0.5,2.0,1.0,1.0,2.0,1.0,1.0,1.0,1.0,1.0
127,pinsir,pinsir-mega,1,bug,flying,2,aerilate,,65,0.11,155,0.26,120,0.2,65,0.11,90,0.15,105,0.18,600,attack,220,275,fast,1000.0,5,highly_specialized,0.95,top_tier,0.95,top_tier,5,3,1,-2.0,frail,juggernaut,frail-juggernaut,1.7,59.0,20.42,light,0,0.5,normal,210.0,69,45,70,25,bug,slow,humanoid,brown,Stag Beetle Pokémon,"If it fails to crush the victim in its pincers, it will swing it around and toss it hard.",pinsir,1,0,0,1.0,2.0,1.0,2.0,0.25,2.0,0.25,1.0,0.0,2.0,1.0,0.5,4.0,1.0,1.0,1.0,1.0,1.0
128,tauros,tauros,1,normal,,1,"intimidate, anger-point",sheer-force,75,0.15,100,0.2,95,0.19,40,0.08,70,0.14,110,0.22,490,speed,140,240,fast,538.89,4,specialized,0.66,upper_mid_tier,0.66,upper_mid_tier,1,0,1,0.5,solid,bulky_speedster,solid-bulky_speedster,1.4,88.4,45.1,very_heavy,0,0.0,normal,172.0,96,45,70,20,ground,slow,quadruped,brown,Wild Bull Pokémon,"When it targets an enemy, it charges furiously while whipping its body with its long tails.",tauros,1,0,0,1.0,1.0,1.0,1.0,1.0,1.0,2.0,1.0,1.0,1.0,1.0,1.0,1.0,0.0,1.0,1.0,1.0,1.0
128,tauros,tauros-paldea-combat-breed,1,fighting,,1,"intimidate, anger-point",cud-chew,75,0.15,110,0.22,105,0.21,30,0.06,70,0.14,100,0.2,490,attack,140,250,fast,755.56,5,specialized,0.66,upper_mid_tier,0.66,upper_mid_tier,3,3,0,-1.5,frail,bulky_speedster,frail-bulky_speedster,1.4,115.0,58.67,very_heavy,0,0.0,normal,172.0,50,45,70,20,ground,slow,quadruped,brown,Wild Bull Pokémon,"When it targets an enemy, it charges furiously while whipping its body with its long tails.",tauros,1,0,0,1.0,1.0,1.0,1.0,1.0,1.0,1.0,1.0,1.0,2.0,2.0,0.5,0.5,1.0,1.0,0.5,1.0,2.0
128,tauros,tauros-paldea-blaze-breed,1,fighting,fire,2,"intimidate, anger-point",cud-chew,75,0.15,110,0.22,105,0.21,30,0.06,70,0.14,100,0.2,490,attack,140,250,fast,755.56,5,specialized,0.66,upper_mid_tier,0.66,upper_mid_tier,4,6,0,-1.0,exposed,bulky_speedster,exposed-bulky_speedster,1.4,85.0,43.37,very_heavy,0,0.0,normal,172.0,55,45,70,20,ground,slow,quadruped,brown,Wild Bull Pokémon,"When it targets an enemy, it charges furiously while whipping its body with its long tails.",tauros,1,0,0,1.0,0.5,2.0,1.0,0.5,0.5,1.0,1.0,2.0,2.0,2.0,0.25,1.0,1.0,1.0,0.5,0.5,1.0
128,tauros,tauros-paldea-aqua-breed,1,fighting,water,2,"intimidate, anger-point",cud-chew,75,0.15,110,0.22,105,0.21,30,0.06,70,0.14,100,0.2,490,attack,140,250,fast,755.56,5,specialized,0.66,upper_mid_tier,0.66,upper_mid_tier,5,7,0,-1.5,frail,bulky_speedster,frail-bulky_speedster,1.4,110.0,56.12,very_heavy,0,0.0,normal,172.0,54,45,70,20,ground,slow,quadruped,brown,Wild Bull Pokémon,"When it targets an enemy, it charges furiously while whipping its body with its long tails.",tauros,1,0,0,1.0,0.5,0.5,2.0,2.0,0.5,1.0,1.0,1.0,2.0,2.0,0.5,0.5,1.0,1.0,0.5,0.5,2.0
129,magikarp,magikarp,1,water,,1,swift-swim,rattled,20,0.1,10,0.05,55,0.28,15,0.08,20,0.1,80,0.4,200,speed,25,95,average,647.22,4,specialized,0.01,bottom_tier,0.01,bottom_tier,2,4,0,0.0,neutral,fragile,neutral-fragile,0.9,10.0,12.35,very_light,0,0.5,normal,40.0,5,255,70,5,"water2, dragon",slow,fish,red,Fish Pokémon,"In the distant past, it was somewhat stronger than the horribly weak descendants that exist today.",magikarp --> gyarados,2,1,0,1.0,0.5,0.5,2.0,2.0,0.5,1.0,1.0,1.0,1.0,1.0,1.0,1.0,1.0,1.0,1.0,0.5,1.0
130,gyarados,gyarados,1,water,flying,2,intimidate,moxie,95,0.18,125,0.23,79,0.15,60,0.11,100,0.19,81,0.15,540,attack,185,274,average,408.67,3,slightly_specialized,0.87,top_tier,0.87,top_tier,2,5,1,2.0,iron,bulky_attacker,iron-bulky_attacker,6.5,235.0,5.56,very_light,0,0.5,normal,189.0,102,45,70,5,"water2, dragon",slow,squiggle,blue,Atrocious Pokémon,"Once it begins to rampage, a GYARADOS will burn everything down, even in a harsh storm.",magikarp --> gyarados,2,2,1,1.0,0.5,0.5,4.0,1.0,1.0,0.5,1.0,0.0,1.0,1.0,0.5,2.0,1.0,1.0,1.0,0.5,1.0
130,gyarados,gyarados-mega,1,water,dark,2,mold-breaker,,95,0.15,155,0.24,109,0.17,70,0.11,130,0.2,81,0.13,640,attack,225,334,average,837.56,5,specialized,0.98,top_tier,0.98,top_tier,5,6,1,-0.5,exposed,bulky_attacker,exposed-bulky_attacker,6.5,305.0,7.22,very_light,0,0.5,normal,224.0,70,45,70,5,"water2, dragon",slow,squiggle,blue,Atrocious Pokémon,"Once it begins to rampage, a GYARADOS will burn everything down, even in a harsh storm.",magikarp --> gyarados,2,2,1,1.0,0.5,0.5,2.0,2.0,0.5,2.0,1.0,1.0,1.0,0.0,2.0,1.0,0.5,1.0,0.5,0.5,2.0
131,lapras,lapras,1,water,ice,2,"water-absorb, shell-armor",hydration,130,0.24,85,0.16,80,0.15,85,0.16,95,0.18,60,0.11,535,hp,170,305,average,445.14,4,slightly_specialized,0.86,top_tier,0.86,top_tier,4,2,0,-3.0,frail,bulky_attacker,frail-bulky_attacker,2.5,220.0,35.2,heavy,0,0.5,normal,187.0,112,45,70,40,"monster, water1",slow,fish,blue,Transport Pokémon,A POKéMON that has been over­ hunted almost to extinction. It can ferry people across the water.,lapras,1,0,0,1.0,1.0,0.5,2.0,2.0,0.25,2.0,1.0,1.0,1.0,1.0,1.0,2.0,1.0,1.0,1.0,1.0,1.0
131,lapras,lapras-gmax,1,water,ice,2,"water-absorb, shell-armor",hydration,130,0.24,85,0.16,80,0.15,85,0.16,95,0.18,60,0.11,535,hp,170,305,average,445.14,4,slightly_specialized,0.86,top_tier,0.86,top_tier,4,2,0,-3.0,frail,bulky_attacker,frail-bulky_attacker,24.0,1000.0,1.74,very_light,0,0.5,normal,187.0,0,45,70,40,"monster, water1",slow,fish,blue,Transport Pokémon,A POKéMON that has been over­ hunted almost to extinction. It can ferry people across the water.,lapras,1,0,0,1.0,1.0,0.5,2.0,2.0,0.25,2.0,1.0,1.0,1.0,1.0,1.0,2.0,1.0,1.0,1.0,1.0,1.0
132,ditto,ditto,1,normal,,1,limber,imposter,48,0.17,48,0.17,48,0.17,48,0.17,48,0.17,48,0.17,288,hp,96,144,slow,0.0,1,balanced,0.07,bottom_tier,0.07,bottom_tier,1,0,1,0.5,solid,weak_slow,solid-weak_slow,0.3,4.0,44.44,very_heavy,1,0.0,normal,101.0,1,35,70,20,ditto,medium,ball,purple,Transform Pokémon,Capable of copying an enemy's genetic code to instantly transform itself into a duplicate of the enemy.,ditto,1,0,0,1.0,1.0,1.0,1.0,1.0,1.0,2.0,1.0,1.0,1.0,1.0,1.0,1.0,0.0,1.0,1.0,1.0,1.0
133,eevee,eevee,1,normal,,1,"run-away, adaptability",anticipation,55,0.17,55,0.17,50,0.15,45,0.14,65,0.2,55,0.17,325,sp_defense,100,170,slow,36.81,1,balanced,0.29,lower_mid_tier,0.29,lower_mid_tier,1,0,1,0.5,solid,weak_slow,solid-weak_slow,0.3,6.5,72.22,very_heavy,0,0.125,normal,65.0,74,45,70,35,ground,medium,quadruped,brown,Evolution Pokémon,Its genetic code is irregular. It may mutate if it is exposed to radiation from element STONEs.,eevee --> vaporeon,2,1,0,1.0,1.0,1.0,1.0,1.0,1.0,2.0,1.0,1.0,1.0,1.0,1.0,1.0,0.0,1.0,1.0,1.0,1.0
133,eevee,eevee-starter,1,normal,,1,"run-away, adaptability",anticipation,65,0.15,75,0.17,70,0.16,65,0.15,85,0.2,75,0.17,435,sp_defense,140,220,average,47.92,1,balanced,0.51,mid_tier,0.51,mid_tier,1,0,1,0.5,solid,balanced,solid-balanced,0.3,6.5,72.22,very_heavy,0,0.125,normal,87.0,30,45,70,35,ground,medium,quadruped,brown,Evolution Pokémon,Its genetic code is irregular. It may mutate if it is exposed to radiation from element STONEs.,eevee --> vaporeon,2,1,0,1.0,1.0,1.0,1.0,1.0,1.0,2.0,1.0,1.0,1.0,1.0,1.0,1.0,0.0,1.0,1.0,1.0,1.0
133,eevee,eevee-gmax,1,normal,,1,"run-away, adaptability",anticipation,55,0.17,55,0.17,50,0.15,45,0.14,65,0.2,55,0.17,325,sp_defense,100,170,slow,36.81,1,balanced,0.29,lower_mid_tier,0.29,lower_mid_tier,1,0,1,0.5,solid,weak_slow,solid-weak_slow,18.0,1000.0,3.09,very_light,0,0.125,normal,65.0,0,45,70,35,ground,medium,quadruped,brown,Evolution Pokémon,Its genetic code is irregular. It may mutate if it is exposed to radiation from element STONEs.,eevee --> vaporeon,2,1,0,1.0,1.0,1.0,1.0,1.0,1.0,2.0,1.0,1.0,1.0,1.0,1.0,1.0,0.0,1.0,1.0,1.0,1.0
134,vaporeon,vaporeon,1,water,,1,water-absorb,hydration,130,0.25,65,0.12,60,0.11,110,0.21,95,0.18,65,0.12,525,hp,175,285,average,689.58,4,specialized,0.81,top_tier,0.81,top_tier,2,4,0,0.0,neutral,bulky_attacker,neutral-bulky_attacker,1.0,29.0,29.0,average,0,0.125,normal,184.0,98,45,70,35,ground,medium,quadruped,blue,Bubble Jet Pokémon,Lives close to water. Its long tail is ridged with a fin which is often mistaken for a mermaid's.,eevee --> vaporeon,2,2,1,1.0,0.5,0.5,2.0,2.0,0.5,1.0,1.0,1.0,1.0,1.0,1.0,1.0,1.0,1.0,1.0,0.5,1.0
135,jolteon,jolteon,1,electric,,1,volt-absorb,quick-feet,65,0.12,65,0.12,60,0.11,110,0.21,95,0.18,130,0.25,525,speed,175,220,fast,689.58,4,specialized,0.81,top_tier,0.81,top_tier,1,3,0,0.5,solid,sweeper,solid-sweeper,0.8,24.5,38.28,heavy,0,0.125,normal,184.0,97,45,70,35,ground,medium,quadruped,yellow,Lightning Pokémon,It accumulates negative ions in the atmosphere to blast out 10000- volt lightning bolts.,eevee --> vaporeon,2,2,1,1.0,1.0,1.0,0.5,1.0,1.0,1.0,1.0,2.0,0.5,1.0,1.0,1.0,1.0,1.0,1.0,0.5,1.0
136,flareon,flareon,1,fire,,1,flash-fire,guts,65,0.12,130,0.25,60,0.11,95,0.18,110,0.21,65,0.12,525,attack,225,235,average,689.58,4,specialized,0.81,top_tier,0.81,top_tier,3,6,0,0.0,neutral,attacker,neutral-attacker,0.9,25.0,30.86,average,0,0.125,normal,184.0,94,45,70,35,ground,medium,quadruped,red,Flame Pokémon,"When storing thermal energy in its body, its temperature could soar to over 1600 degrees.",eevee --> vaporeon,2,2,1,1.0,0.5,2.0,1.0,0.5,0.5,1.0,1.0,2.0,1.0,1.0,0.5,2.0,1.0,1.0,1.0,0.5,0.5
137,porygon,porygon,1,normal,,1,"trace, download",analytic,65,0.16,60,0.15,70,0.18,85,0.22,75,0.19,40,0.1,395,sp_attack,145,210,slow,195.14,2,balanced,0.41,mid_tier,0.41,mid_tier,1,0,1,0.5,solid,slow_attacker,solid-slow_attacker,0.8,36.5,57.03,very_heavy,1,0.0,normal,79.0,87,45,70,20,mineral,medium,legs,pink,Virtual Pokémon,A POKéMON that consists entirely of programming code. Capable of moving freely in cyberspace.,porygon --> porygon2 --> porygon-z,3,1,0,1.0,1.0,1.0,1.0,1.0,1.0,2.0,1.0,1.0,1.0,1.0,1.0,1.0,0.0,1.0,1.0,1.0,1.0
138,omanyte,omanyte,1,rock,water,2,"swift-swim, shell-armor",weak-armor,35,0.1,40,0.11,100,0.28,90,0.25,55,0.15,35,0.1,355,defense,130,190,slow,695.14,4,specialized,0.36,lower_mid_tier,0.36,lower_mid_tier,4,5,0,-1.5,frail,slow_attacker,frail-slow_attacker,0.4,7.5,46.87,very_heavy,0,0.125,normal,71.0,80,45,70,30,"water1, water3",medium,tentacles,blue,Spiral Pokémon,"Although long extinct, in rare cases, it can be genetically resurrected from fossils.",omanyte --> omastar,2,1,0,0.5,0.25,1.0,2.0,4.0,0.5,2.0,0.5,2.0,0.5,1.0,1.0,1.0,1.0,1.0,1.0,1.0,1.0
139,omastar,omastar,1,rock,water,2,"swift-swim, shell-armor",weak-armor,70,0.14,60,0.12,125,0.25,115,0.23,70,0.14,55,0.11,495,defense,175,265,slow,739.58,5,specialized,0.7,upper_mid_tier,0.7,upper_mid_tier,4,5,0,-1.5,frail,bulky_attacker,frail-bulky_attacker,1.0,35.0,35.0,heavy,0,0.125,normal,173.0,86,45,70,30,"water1, water3",medium,tentacles,blue,Spiral Pokémon,A prehistoric POKéMON that died out when its heavy shell made it impossible to catch prey.,omanyte --> omastar,2,2,1,0.5,0.25,1.0,2.0,4.0,0.5,2.0,0.5,2.0,0.5,1.0,1.0,1.0,1.0,1.0,1.0,1.0,1.0
140,kabuto,kabuto,1,rock,water,2,"swift-swim, battle-armor",weak-armor,30,0.08,80,0.23,90,0.25,55,0.15,45,0.13,55,0.15,355,defense,135,165,slow,411.81,3,slightly_specialized,0.36,lower_mid_tier,0.36,lower_mid_tier,4,5,0,-1.5,frail,slow_attacker,frail-slow_attacker,0.5,11.5,46.0,very_heavy,0,0.125,normal,71.0,83,45,70,30,"water1, water3",medium,armor,brown,Shellfish Pokémon,A POKéMON that was resurrected from a fossil found in what was once the ocean floor eons ago.,kabuto --> kabutops,2,1,0,0.5,0.25,1.0,2.0,4.0,0.5,2.0,0.5,2.0,0.5,1.0,1.0,1.0,1.0,1.0,1.0,1.0,1.0
141,kabutops,kabutops,1,rock,water,2,"swift-swim, battle-armor",weak-armor,60,0.12,115,0.23,105,0.21,65,0.13,70,0.14,80,0.16,495,attack,180,235,average,422.92,4,slightly_specialized,0.7,upper_mid_tier,0.7,upper_mid_tier,4,5,0,-1.5,frail,attacker,frail-attacker,1.3,40.5,23.96,light,0,0.125,normal,173.0,103,45,70,30,"water1, water3",medium,upright,brown,Shellfish Pokémon,Its sleek shape is perfect for swim­ ming. It slashes prey with its claws and drains the body fluids.,kabuto --> kabutops,2,2,1,0.5,0.25,1.0,2.0,4.0,0.5,2.0,0.5,2.0,0.5,1.0,1.0,1.0,1.0,1.0,1.0,1.0,1.0
142,aerodactyl,aerodactyl,1,rock,flying,2,"rock-head, pressure",unnerve,80,0.16,105,0.2,65,0.13,60,0.12,75,0.15,130,0.25,515,speed,165,220,fast,595.14,4,specialized,0.79,upper_mid_tier,0.79,upper_mid_tier,5,5,1,-1.0,exposed,midrange,exposed-midrange,1.8,59.0,18.21,light,0,0.125,normal,180.0,98,45,70,35,flying,slow,wings,purple,Fossil Pokémon,A Pokémon that roamed the skies in the dinosaur era. Its teeth are like saw blades.,aerodactyl,1,0,0,0.5,0.5,2.0,2.0,1.0,2.0,1.0,0.5,0.0,0.5,1.0,0.5,2.0,1.0,1.0,1.0,2.0,1.0
142,aerodactyl,aerodactyl-mega,1,rock,flying,2,tough-claws,,80,0.13,135,0.22,85,0.14,70,0.11,95,0.15,150,0.24,615,speed,205,260,fast,872.92,5,specialized,0.96,top_tier,0.96,top_tier,5,5,1,-1.0,exposed,juggernaut,exposed-juggernaut,2.1,79.0,17.91,light,0,0.125,normal,215.0,78,45,70,35,flying,slow,wings,purple,Fossil Pokémon,A Pokémon that roamed the skies in the dinosaur era. Its teeth are like saw blades.,aerodactyl,1,0,0,0.5,0.5,2.0,2.0,1.0,2.0,1.0,0.5,0.0,0.5,1.0,0.5,2.0,1.0,1.0,1.0,2.0,1.0
143,snorlax,snorlax,1,normal,,1,"immunity, thick-fat",gluttony,160,0.3,110,0.2,65,0.12,65,0.12,110,0.2,30,0.06,540,hp,175,335,slow,1758.33,5,extreme,0.87,top_tier,0.87,top_tier,1,0,1,0.5,solid,bulky_attacker,solid-bulky_attacker,2.1,460.0,104.31,very_heavy,0,0.125,normal,189.0,137,25,70,40,monster,slow,humanoid,black,Sleeping Pokémon,"Very lazy. Just eats and sleeps. As its rotund bulk builds, it becomes steadily more slothful.",munchlax --> snorlax,2,2,1,1.0,1.0,1.0,1.0,1.0,1.0,2.0,1.0,1.0,1.0,1.0,1.0,1.0,0.0,1.0,1.0,1.0,1.0
143,snorlax,snorlax-gmax,1,normal,,1,"immunity, thick-fat",gluttony,160,0.3,110,0.2,65,0.12,65,0.12,110,0.2,30,0.06,540,hp,175,335,slow,1758.33,5,extreme,0.87,top_tier,0.87,top_tier,1,0,1,0.5,solid,bulky_attacker,solid-bulky_attacker,35.0,1000.0,0.82,very_light,0,0.125,normal,189.0,0,25,70,40,monster,slow,humanoid,black,Sleeping Pokémon,"Very lazy. Just eats and sleeps. As its rotund bulk builds, it becomes steadily more slothful.",munchlax --> snorlax,2,2,1,1.0,1.0,1.0,1.0,1.0,1.0,2.0,1.0,1.0,1.0,1.0,1.0,1.0,0.0,1.0,1.0,1.0,1.0
144,articuno,articuno,1,ice,flying,2,pressure,snow-cloak,90,0.16,85,0.15,100,0.17,95,0.16,125,0.22,85,0.15,580,sp_defense,180,315,average,188.89,2,balanced,0.9,top_tier,0.9,top_tier,4,2,1,-1.5,frail,bulky_attacker,frail-bulky_attacker,1.7,55.4,19.17,light,1,0.0,legendary,261.0,90,3,35,80,no-eggs,slow,wings,blue,Freeze Pokémon,A legendary bird POKéMON that is said to appear to doomed people who are lost in icy mountains.,articuno,1,0,0,1.0,2.0,1.0,2.0,0.5,1.0,1.0,1.0,0.0,1.0,1.0,0.5,4.0,1.0,1.0,1.0,2.0,1.0
144,articuno,articuno-galar,1,psychic,flying,2,competitive,,90,0.16,85,0.15,85,0.15,125,0.22,100,0.17,95,0.16,580,sp_attack,210,275,average,188.89,2,balanced,0.9,top_tier,0.9,top_tier,5,3,1,-2.0,frail,juggernaut,frail-juggernaut,1.7,50.9,17.61,light,1,0.0,legendary,290.0,58,3,35,80,no-eggs,slow,wings,blue,Freeze Pokémon,A legendary bird POKéMON that is said to appear to doomed people who are lost in icy mountains.,articuno,1,0,0,1.0,1.0,1.0,2.0,0.5,2.0,0.25,1.0,0.0,1.0,0.5,1.0,2.0,2.0,1.0,2.0,1.0,1.0
145,zapdos,zapdos,1,electric,flying,2,pressure,static,90,0.16,90,0.16,85,0.15,125,0.22,90,0.16,100,0.17,580,sp_attack,215,265,fast,180.56,2,balanced,0.9,top_tier,0.9,top_tier,2,5,1,2.0,iron,juggernaut,iron-juggernaut,1.6,52.6,20.55,light,1,0.0,legendary,261.0,88,3,35,80,no-eggs,slow,wings,yellow,Electric Pokémon,A legendary bird POKéMON that is said to appear from clouds while dropping enormous lightning bolts.,zapdos,1,0,0,1.0,1.0,1.0,1.0,0.5,2.0,0.5,1.0,0.0,0.5,1.0,0.5,2.0,1.0,1.0,1.0,0.5,1.0
145,zapdos,zapdos-galar,1,fighting,flying,2,defiant,,90,0.16,125,0.22,90,0.16,85,0.15,90,0.16,100,0.17,580,attack,210,270,fast,180.56,2,balanced,0.9,top_tier,0.9,top_tier,5,4,1,-1.5,frail,juggernaut,frail-juggernaut,1.6,58.2,22.73,light,1,0.0,legendary,290.0,62,3,35,80,no-eggs,slow,wings,yellow,Electric Pokémon,A legendary bird POKéMON that is said to appear from clouds while dropping enormous lightning bolts.,zapdos,1,0,0,1.0,1.0,1.0,2.0,0.5,2.0,0.5,1.0,0.0,2.0,2.0,0.25,1.0,1.0,1.0,0.5,1.0,2.0
146,moltres,moltres,1,fire,flying,2,pressure,flame-body,90,0.16,100,0.17,90,0.16,125,0.22,85,0.15,90,0.16,580,sp_attack,225,265,average,180.56,2,balanced,0.9,top_tier,0.9,top_tier,3,6,1,1.5,iron,juggernaut,iron-juggernaut,2.0,60.0,15.0,very_light,1,0.0,legendary,261.0,84,3,35,80,no-eggs,slow,wings,yellow,Flame Pokémon,Known as the legendary bird of fire. Every flap of its wings creates a dazzling flash of flames.,moltres,1,0,0,1.0,0.5,2.0,2.0,0.25,1.0,0.5,1.0,0.0,1.0,1.0,0.25,4.0,1.0,1.0,1.0,0.5,0.5
146,moltres,moltres-galar,1,dark,flying,2,berserk,,90,0.16,85,0.15,90,0.16,100,0.17,125,0.22,90,0.16,580,sp_defense,185,305,average,180.56,2,balanced,0.9,top_tier,0.9,top_tier,4,3,2,0.5,solid,juggernaut,solid-juggernaut,2.0,66.0,16.5,very_light,1,0.0,legendary,290.0,54,3,35,80,no-eggs,slow,wings,yellow,Flame Pokémon,Known as the legendary bird of fire. Every flap of its wings creates a dazzling flash of flames.,moltres,1,0,0,1.0,1.0,1.0,2.0,0.5,2.0,1.0,1.0,0.0,1.0,0.0,1.0,2.0,0.5,1.0,0.5,1.0,2.0
147,dratini,dratini,1,dragon,,1,shed-skin,marvel-scale,41,0.14,64,0.21,45,0.15,50,0.17,50,0.17,50,0.17,300,attack,114,136,slow,50.33,1,balanced,0.12,bottom_tier,0.12,bottom_tier,3,4,0,-1.0,exposed,weak_slow,exposed-weak_slow,1.8,3.3,1.02,very_light,0,0.5,normal,60.0,86,45,35,40,"water1, dragon",slow,squiggle,blue,Dragon Pokémon,Long considered a mythical POKéMON until recently when a small colony was found living underwater.,dratini --> dragonair --> dragonite,3,1,0,1.0,0.5,0.5,0.5,0.5,2.0,1.0,1.0,1.0,1.0,1.0,1.0,1.0,1.0,2.0,1.0,1.0,2.0
148,dragonair,dragonair,1,dragon,,1,shed-skin,marvel-scale,61,0.15,84,0.2,65,0.15,70,0.17,70,0.17,70,0.17,420,attack,154,196,average,50.33,1,balanced,0.47,mid_tier,0.47,mid_tier,3,4,0,-1.0,exposed,balanced,exposed-balanced,4.0,16.5,1.03,very_light,0,0.5,normal,147.0,84,45,35,40,"water1, dragon",slow,squiggle,blue,Dragon Pokémon,A mystical POKéMON that exudes a gentle aura. Has the ability to change climate conditions.,dratini --> dragonair --> dragonite,3,2,0,1.0,0.5,0.5,0.5,0.5,2.0,1.0,1.0,1.0,1.0,1.0,1.0,1.0,1.0,2.0,1.0,1.0,2.0
149,dragonite,dragonite,1,dragon,flying,2,inner-focus,multiscale,91,0.15,134,0.22,95,0.16,100,0.17,100,0.17,80,0.13,600,attack,234,286,average,277.0,2,slightly_specialized,0.95,top_tier,0.95,top_tier,4,5,1,0.0,neutral,bulky_attacker,neutral-bulky_attacker,2.2,210.0,43.39,very_heavy,0,0.5,normal,270.0,138,45,35,40,"water1, dragon",slow,upright,brown,Dragon Pokémon,An extremely rarely seen marine POKéMON. Its intelligence is said to match that of humans.,dratini --> dragonair --> dragonite,3,3,1,1.0,0.5,0.5,1.0,0.25,4.0,0.5,1.0,0.0,1.0,1.0,0.5,2.0,1.0,2.0,1.0,1.0,2.0
149,dragonite,dragonite-mega,1,dragon,flying,2,,,91,0.13,124,0.18,115,0.16,145,0.21,125,0.18,100,0.14,700,sp_attack,269,331,fast,310.89,2,slightly_specialized,0.99,top_tier,0.99,top_tier,4,5,1,0.0,neutral,juggernaut,neutral-juggernaut,2.2,290.0,59.92,very_heavy,0,0.5,normal,,0,45,35,40,"water1, dragon",slow,upright,brown,Dragon Pokémon,An extremely rarely seen marine POKéMON. Its intelligence is said to match that of humans.,dratini --> dragonair --> dragonite,3,3,1,1.0,0.5,0.5,1.0,0.25,4.0,0.5,1.0,0.0,1.0,1.0,0.5,2.0,1.0,2.0,1.0,1.0,2.0
150,mewtwo,mewtwo,1,psychic,,1,pressure,unnerve,106,0.16,110,0.16,90,0.13,154,0.23,90,0.13,130,0.19,680,sp_attack,264,286,fast,514.22,4,specialized,0.99,top_tier,0.99,top_tier,3,2,0,-2.0,frail,juggernaut,frail-juggernaut,2.0,122.0,30.5,average,1,0.0,legendary,306.0,167,3,0,120,no-eggs,slow,upright,purple,Genetic Pokémon,It was created by a scientist after years of horrific gene splicing and DNA engineering experiments.,mewtwo,1,0,0,1.0,1.0,1.0,1.0,1.0,1.0,0.5,1.0,1.0,1.0,0.5,2.0,1.0,2.0,1.0,2.0,1.0,1.0
150,mewtwo,mewtwo-mega-x,1,psychic,fighting,2,steadfast,,106,0.14,190,0.24,100,0.13,154,0.2,100,0.13,130,0.17,780,attack,344,306,fast,1092.0,5,highly_specialized,1.0,top_tier,1.0,top_tier,3,2,0,-2.0,frail,juggernaut,frail-juggernaut,2.3,127.0,24.01,light,1,0.0,legendary,351.0,115,3,0,120,no-eggs,slow,upright,purple,Genetic Pokémon,It was created by a scientist after years of horrific gene splicing and DNA engineering experiments.,mewtwo,1,0,0,1.0,1.0,1.0,1.0,1.0,1.0,0.5,1.0,1.0,2.0,1.0,1.0,0.5,2.0,1.0,1.0,1.0,2.0
150,mewtwo,mewtwo-mega-y,1,psychic,,1,insomnia,,106,0.14,150,0.19,70,0.09,194,0.25,120,0.15,140,0.18,780,sp_attack,344,296,fast,1478.67,5,extreme,1.0,top_tier,1.0,top_tier,3,2,0,-2.0,frail,juggernaut,frail-juggernaut,1.5,33.0,14.67,very_light,1,0.0,legendary,351.0,115,3,0,120,no-eggs,slow,upright,purple,Genetic Pokémon,It was created by a scientist after years of horrific gene splicing and DNA engineering experiments.,mewtwo,1,0,0,1.0,1.0,1.0,1.0,1.0,1.0,0.5,1.0,1.0,1.0,0.5,2.0,1.0,2.0,1.0,2.0,1.0,1.0
151,mew,mew,1,psychic,,1,synchronize,,100,0.17,100,0.17,100,0.17,100,0.17,100,0.17,100,0.17,600,hp,200,300,fast,0.0,1,balanced,0.95,top_tier,0.95,top_tier,3,2,0,-2.0,frail,juggernaut,frail-juggernaut,0.4,4.0,25.0,light,1,0.0,mythical,270.0,375,45,100,120,no-eggs,medium-slow,upright,pink,New Species Pokémon,So rare that it is still said to be a mirage by many experts. Only a few people have seen it worldwide.,mew,1,0,0,1.0,1.0,1.0,1.0,1.0,1.0,0.5,1.0,1.0,1.0,0.5,2.0,1.0,2.0,1.0,2.0,1.0,1.0
