pokedex_id,species_name,name,generation,type1,type2,type_count,abilities,hidden_abilities,hp,hp_ratio,attack,attack_ratio,defense,defense_ratio,sp_attack,sp_attack_ratio,sp_defense,sp_defense_ratio,speed,speed_ratio,base_stat_total,dominant_stat,offense,bulk,speed_tier,stat_variance,stat_variance_quantile,stat_specialization,bst_percentile_gen,bst_gen_class,bst_percentile_all,bst_all_class,weakness_count,resistance_count,immunity_count,typing_defense_score,typing_defense_class,battle_archetypes,combat_profile,height_m,weight_kg,mass_index,mass_index_class,is_genderless,female_ratio,pokemon_class,base_experience,moves_count,capture_rate,base_happiness,hatch_counter,egg_groups,growth_rate,shape,color,genus,flavor_text,evolution_line,evolution_chain_length,evolution_stage,is_final_evolution,against_normal,against_fire,against_water,against_electric,against_grass,against_ice,against_fighting,against_poison,against_ground,against_flying,against_psychic,against_bug,against_rock,against_ghost,against_dragon,against_dark,against_steel,against_fairy
1,bulbasaur,bulbasaur,1,grass,poison,2,overgrow,chlorophyll,45,0.14,49,0.15,49,0.15,65,0.2,65,0.2,45,0.14,318,sp_attack,114,159,slow,74.67,1,balanced,0.18,bottom_tier,0.19,bottom_tier,4,5,0,-1.5,exposed,weak_slow,exposed-weak_slow,0.7,6.9,14.08,light,0,0.125,normal,64.0,86,45,70,20,"monster, plant",medium-slow,quadruped,green,Seed Pokémon,A strange seed was planted on its back at birth. The plant sprouts and grows with this POKéMON.,bulbasaur --> ivysaur --> venusaur,3,1,0,1.0,2.0,0.5,0.5,0.25,2.0,0.5,1.0,1.0,2.0,2.0,1.0,1.0,1.0,1.0,1.0,1.0,0.5
2,ivysaur,ivysaur,1,grass,poison,2,overgrow,chlorophyll,60,0.15,62,0.15,63,0.16,80,0.2,80,0.2,60,0.15,405,sp_attack,142,203,average,79.25,1,balanced,0.44,mid_tier,0.34,lower_mid_tier,4,5,0,-1.5,exposed,balanced,exposed-balanced,1.0,13.0,13.0,very_light,0,0.125,normal,142.0,83,45,70,20,"monster, plant",medium-slow,quadruped,green,Seed Pokémon,"When the bulb on its back grows large, it appears to lose the ability to stand on its hind legs.",bulbasaur --> ivysaur --> venusaur,3,2,0,1.0,2.0,0.5,0.5,0.25,2.0,0.5,1.0,1.0,2.0,2.0,1.0,1.0,1.0,1.0,1.0,1.0,0.5
3,venusaur,venusaur,1,grass,poison,2,overgrow,chlorophyll,80,0.15,82,0.16,83,0.16,100,0.19,100,0.19,80,0.15,525,sp_attack,182,263,average,79.25,1,balanced,0.81,top_tier,0.74,upper_mid_tier,4,5,0,-1.5,exposed,bulky_attacker,exposed-bulky_attacker,2.0,100.0,25.0,average,0,0.125,normal,236.0,96,45,70,20,"monster, plant",medium-slow,quadruped,green,Seed Pokémon,The plant blooms when it is absorbing solar energy. It stays on the move to seek sunlight.,bulbasaur --> ivysaur --> venusaur,3,3,1,1.0,2.0,0.5,0.5,0.25,2.0,0.5,1.0,1.0,2.0,2.0,1.0,1.0,1.0,1.0,1.0,1.0,0.5
3,venusaur,venusaur-mega,1,grass,poison,2,thick-fat,,80,0.13,100,0.16,123,0.2,122,0.2,120,0.19,80,0.13,625,defense,222,323,average,351.47,3,slightly_specialized,0.96,top_tier,0.93,top_tier,4,5,0,-1.5,exposed,bulky_attacker,exposed-bulky_attacker,2.4,155.5,27.0,average,0,0.125,normal,281.0,66,45,70,20,"monster, plant",medium-slow,quadruped,green,Seed Pokémon,The plant blooms when it is absorbing solar energy. It stays on the move to seek sunlight.,bulbasaur --> ivysaur --> venusaur,3,3,1,1.0,2.0,0.5,0.5,0.25,2.0,0.5,1.0,1.0,2.0,2.0,1.0,1.0,1.0,1.0,1.0,1.0,0.5
3,venusaur,venusaur-gmax,1,grass,poison,2,overgrow,chlorophyll,80,0.15,82,0.16,83,0.16,100,0.19,100,0.19,80,0.15,525,sp_attack,182,263,average,79.25,1,balanced,0.81,top_tier,0.74,upper_mid_tier,4,5,0,-1.5,exposed,bulky_attacker,exposed-bulky_attacker,24.0,1000.0,1.74,very_light,0,0.125,normal,236.0,0,45,70,20,"monster, plant",medium-slow,quadruped,green,Seed Pokémon,The plant blooms when it is absorbing solar energy. It stays on the move to seek sunlight.,bulbasaur --> ivysaur --> venusaur,3,3,1,1.0,2.0,0.5,0.5,0.25,2.0,0.5,1.0,1.0,2.0,2.0,1.0,1.0,1.0,1.0,1.0,1.0,0.5
4,charmander,charmander,1,fire,,1,blaze,solar-power,39,0.13,52,0.17,43,0.14,60,0.19,50,0.16,65,0.21,309,speed,112,132,average,80.92,1,balanced,0.16,bottom_tier,0.17,bottom_tier,3,6,0,0.0,neutral,fragile,neutral-fragile,0.6,8.5,23.61,average,0,0.125,normal,62.0,105,45,70,20,"monster, dragon",medium-slow,upright,red,Lizard Pokémon,"Obviously prefers hot places. When it rains, steam is said to spout from the tip of its tail.",charmander --> charmeleon --> charizard,3,1,0,1.0,0.5,2.0,1.0,0.5,0.5,1.0,1.0,2.0,1.0,1.0,0.5,2.0,1.0,1.0,1.0,0.5,0.5
5,charmeleon,charmeleon,1,fire,,1,blaze,solar-power,58,0.14,64,0.16,58,0.14,80,0.2,65,0.16,80,0.2,405,sp_attack,144,181,average,85.25,1,balanced,0.44,mid_tier,0.34,lower_mid_tier,3,6,0,0.0,neutral,midrange,neutral-midrange,1.1,19.0,15.7,light,0,0.125,normal,142.0,103,45,70,20,"monster, dragon",medium-slow,upright,red,Flame Pokémon,"When it swings its burning tail, it elevates the temperature to unbearably high levels.",charmander --> charmeleon --> charizard,3,2,0,1.0,0.5,2.0,1.0,0.5,0.5,1.0,1.0,2.0,1.0,1.0,0.5,2.0,1.0,1.0,1.0,0.5,0.5
6,charizard,charizard,1,fire,flying,2,blaze,solar-power,78,0.15,84,0.16,78,0.15,109,0.2,85,0.16,100,0.19,534,sp_attack,193,241,fast,134.0,2,balanced,0.85,top_tier,0.77,upper_mid_tier,3,6,1,1.5,iron,sweeper,iron-sweeper,1.7,90.5,31.31,heavy,0,0.125,normal,240.0,131,45,70,20,"monster, dragon",medium-slow,upright,red,Flame Pokémon,Spits fire that is hot enough to melt boulders. Known to cause forest fires unintentionally.,charmander --> charmeleon --> charizard,3,3,1,1.0,0.5,2.0,2.0,0.25,1.0,0.5,1.0,0.0,1.0,1.0,0.25,4.0,1.0,1.0,1.0,0.5,0.5
6,charizard,charizard-mega-x,1,fire,dragon,2,tough-claws,,78,0.12,130,0.21,111,0.18,130,0.21,85,0.13,100,0.16,634,attack,260,274,fast,406.22,3,slightly_specialized,0.97,top_tier,0.94,top_tier,3,5,0,-0.5,exposed,juggernaut,exposed-juggernaut,1.7,110.5,38.24,heavy,0,0.125,normal,285.0,83,45,70,20,"monster, dragon",medium-slow,upright,red,Flame Pokémon,Spits fire that is hot enough to melt boulders. Known to cause forest fires unintentionally.,charmander --> charmeleon --> charizard,3,3,1,1.0,0.25,1.0,0.5,0.25,1.0,1.0,1.0,2.0,1.0,1.0,0.5,2.0,1.0,2.0,1.0,0.5,1.0
6,charizard,charizard-mega-y,1,fire,flying,2,drought,,78,0.12,104,0.16,78,0.12,159,0.25,115,0.18,100,0.16,634,sp_attack,263,271,fast,749.56,5,specialized,0.97,top_tier,0.94,top_tier,3,6,1,1.5,iron,juggernaut,iron-juggernaut,1.7,100.5,34.78,heavy,0,0.125,normal,285.0,83,45,70,20,"monster, dragon",medium-slow,upright,red,Flame Pokémon,Spits fire that is hot enough to melt boulders. Known to cause forest fires unintentionally.,charmander --> charmeleon --> charizard,3,3,1,1.0,0.5,2.0,2.0,0.25,1.0,0.5,1.0,0.0,1.0,1.0,0.25,4.0,1.0,1.0,1.0,0.5,0.5
6,charizard,charizard-gmax,1,fire,flying,2,blaze,solar-power,78,0.15,84,0.16,78,0.15,109,0.2,85,0.16,100,0.19,534,sp_attack,193,241,fast,134.0,2,balanced,0.85,top_tier,0.77,upper_mid_tier,3,6,1,1.5,iron,sweeper,iron-sweeper,28.0,1000.0,1.28,very_light,0,0.125,normal,240.0,0,45,70,20,"monster, dragon",medium-slow,upright,red,Flame Pokémon,Spits fire that is hot enough to melt boulders. Known to cause forest fires unintentionally.,charmander --> charmeleon --> charizard,3,3,1,1.0,0.5,2.0,2.0,0.25,1.0,0.5,1.0,0.0,1.0,1.0,0.25,4.0,1.0,1.0,1.0,0.5,0.5
7,squirtle,squirtle,1,water,,1,torrent,rain-dish,44,0.14,48,0.15,65,0.21,50,0.16,64,0.2,43,0.14,314,defense,98,173,slow,79.56,1,balanced,0.17,bottom_tier,0.18,bottom_tier,2,4,0,0.0,neutral,weak_slow,neutral-weak_slow,0.5,9.0,36.0,heavy,0,0.125,normal,63.0,105,45,70,20,"monster, water1",medium-slow,upright,blue,Tiny Turtle Pokémon,"After birth, its back swells and hardens into a shell. Powerfully sprays foam from its mouth.",squirtle --> wartortle --> blastoise,3,1,0,1.0,0.5,0.5,2.0,2.0,0.5,1.0,1.0,1.0,1.0,1.0,1.0,1.0,1.0,1.0,1.0,0.5,1.0
8,wartortle,wartortle,1,water,,1,torrent,rain-dish,59,0.15,63,0.16,80,0.2,65,0.16,80,0.2,58,0.14,405,defense,128,219,slow,83.58,1,balanced,0.44,mid_tier,0.34,lower_mid_tier,2,4,0,0.0,neutral,midrange,neutral-midrange,1.0,22.5,22.5,average,0,0.125,normal,142.0,101,45,70,20,"monster, water1",medium-slow,upright,blue,Turtle Pokémon,"Often hides in water to stalk unwary prey. For swimming fast, it moves its ears to maintain balance.",squirtle --> wartortle --> blastoise,3,2,0,1.0,0.5,0.5,2.0,2.0,0.5,1.0,1.0,1.0,1.0,1.0,1.0,1.0,1.0,1.0,1.0,0.5,1.0
9,blastoise,blastoise,1,water,,1,torrent,rain-dish,79,0.15,83,0.16,100,0.19,85,0.16,105,0.2,78,0.15,530,sp_defense,168,284,average,107.89,1,balanced,0.83,top_tier,0.76,upper_mid_tier,2,4,0,0.0,neutral,bulky,neutral-bulky,1.6,85.5,33.4,heavy,0,0.125,normal,239.0,120,45,70,20,"monster, water1",medium-slow,upright,blue,Shellfish Pokémon,A brutal POKéMON with pressurized water jets on its shell. They are used for high speed tackles.,squirtle --> wartortle --> blastoise,3,3,1,1.0,0.5,0.5,2.0,2.0,0.5,1.0,1.0,1.0,1.0,1.0,1.0,1.0,1.0,1.0,1.0,0.5,1.0
9,blastoise,blastoise-mega,1,water,,1,mega-launcher,,79,0.13,103,0.16,120,0.19,135,0.21,115,0.18,78,0.12,630,sp_attack,238,314,average,439.0,4,slightly_specialized,0.97,top_tier,0.94,top_tier,2,4,0,0.0,neutral,bulky_attacker,neutral-bulky_attacker,1.6,101.1,39.49,heavy,0,0.125,normal,284.0,73,45,70,20,"monster, water1",medium-slow,upright,blue,Shellfish Pokémon,A brutal POKéMON with pressurized water jets on its shell. They are used for high speed tackles.,squirtle --> wartortle --> blastoise,3,3,1,1.0,0.5,0.5,2.0,2.0,0.5,1.0,1.0,1.0,1.0,1.0,1.0,1.0,1.0,1.0,1.0,0.5,1.0
9,blastoise,blastoise-gmax,1,water,,1,torrent,rain-dish,79,0.15,83,0.16,100,0.19,85,0.16,105,0.2,78,0.15,530,sp_defense,168,284,average,107.89,1,balanced,0.83,top_tier,0.76,upper_mid_tier,2,4,0,0.0,neutral,bulky,neutral-bulky,25.0,1000.0,1.6,very_light,0,0.125,normal,239.0,0,45,70,20,"monster, water1",medium-slow,upright,blue,Shellfish Pokémon,A brutal POKéMON with pressurized water jets on its shell. They are used for high speed tackles.,squirtle --> wartortle --> blastoise,3,3,1,1.0,0.5,0.5,2.0,2.0,0.5,1.0,1.0,1.0,1.0,1.0,1.0,1.0,1.0,1.0,1.0,0.5,1.0
10,caterpie,caterpie,1,bug,,1,shield-dust,run-away,45,0.23,30,0.15,35,0.18,20,0.1,20,0.1,45,0.23,195,hp,50,100,slow,106.25,1,balanced,0.01,bottom_tier,0.01,bottom_tier,3,3,0,-1.5,exposed,weak_slow,exposed-weak_slow,0.3,2.9,32.22,heavy,0,0.5,normal,39.0,5,255,70,15,bug,medium,armor,green,Worm Pokémon,Its short feet are tipped with suction pads that enable it to tirelessly climb slopes and walls.,caterpie --> metapod --> butterfree,3,1,0,1.0,2.0,1.0,1.0,0.5,1.0,0.5,1.0,0.5,2.0,1.0,1.0,2.0,1.0,1.0,1.0,1.0,1.0
11,metapod,metapod,1,bug,,1,shed-skin,,50,0.24,20,0.1,55,0.27,25,0.12,25,0.12,30,0.15,205,defense,45,130,slow,178.47,2,balanced,0.02,bottom_tier,0.02,bottom_tier,3,3,0,-1.5,exposed,weak_slow,exposed-weak_slow,0.7,9.9,20.2,light,0,0.5,normal,72.0,5,120,70,15,bug,medium,squiggle,green,Cocoon Pokémon,"This POKéMON is vulnerable to attack while its shell is soft, exposing its weak and tender body.",caterpie --> metapod --> butterfree,3,2,0,1.0,2.0,1.0,1.0,0.5,1.0,0.5,1.0,0.5,2.0,1.0,1.0,2.0,1.0,1.0,1.0,1.0,1.0
12,butterfree,butterfree,1,bug,flying,2,compound-eyes,tinted-lens,60,0.15,45,0.11,50,0.13,90,0.23,80,0.2,70,0.18,395,sp_attack,135,190,average,253.47,2,slightly_specialized,0.41,mid_tier,0.32,lower_mid_tier,5,3,1,-2.0,frail,midrange,frail-midrange,1.1,32.0,26.45,average,0,0.5,normal,178.0,87,45,70,15,bug,medium,bug-wings,white,Butterfly Pokémon,"In battle, it flaps its wings at high speed to release highly toxic dust into the air.",caterpie --> metapod --> butterfree,3,3,1,1.0,2.0,1.0,2.0,0.25,2.0,0.25,1.0,0.0,2.0,1.0,0.5,4.0,1.0,1.0,1.0,1.0,1.0
12,butterfree,butterfree-gmax,1,bug,flying,2,compound-eyes,tinted-lens,60,0.15,45,0.11,50,0.13,90,0.23,80,0.2,70,0.18,395,sp_attack,135,190,average,253.47,2,slightly_specialized,0.41,mid_tier,0.32,lower_mid_tier,5,3,1,-2.0,frail,midrange,frail-midrange,17.0,1000.0,3.46,very_light,0,0.5,normal,178.0,0,45,70,15,bug,medium,bug-wings,white,Butterfly Pokémon,"In battle, it flaps its wings at high speed to release highly toxic dust into the air.",caterpie --> metapod --> butterfree,3,3,1,1.0,2.0,1.0,2.0,0.25,2.0,0.25,1.0,0.0,2.0,1.0,0.5,4.0,1.0,1.0,1.0,1.0,1.0
13,weedle,weedle,1,bug,poison,2,shield-dust,run-away,40,0.21,35,0.18,30,0.15,20,0.1,20,0.1,50,0.26,195,speed,55,90,slow,114.58,1,balanced,0.01,bottom_tier,0.01,bottom_tier,4,5,0,-1.5,exposed,weak_slow,exposed-weak_slow,0.3,3.2,35.56,heavy,0,0.5,normal,39.0,4,255,70,15,bug,medium,armor,brown,Hairy Bug Pokémon,"Often found in forests, eating leaves. It has a sharp venomous stinger on its head.",weedle --> kakuna --> beedrill,3,1,0,1.0,2.0,1.0,1.0,0.25,1.0,0.25,0.5,1.0,2.0,2.0,0.5,2.0,1.0,1.0,1.0,1.0,0.5
14,kakuna,kakuna,1,bug,poison,2,shed-skin,,45,0.22,25,0.12,50,0.24,25,0.12,25,0.12,35,0.17,205,defense,50,120,slow,103.47,1,balanced,0.02,bottom_tier,0.02,bottom_tier,4,5,0,-1.5,exposed,weak_slow,exposed-weak_slow,0.6,10.0,27.78,average,0,0.5,normal,72.0,5,120,70,15,bug,medium,squiggle,yellow,Cocoon Pokémon,"Almost incapable of moving, this POKéMON can only harden its shell to protect itself from predators.",weedle --> kakuna --> beedrill,3,2,0,1.0,2.0,1.0,1.0,0.25,1.0,0.25,0.5,1.0,2.0,2.0,0.5,2.0,1.0,1.0,1.0,1.0,0.5
15,beedrill,beedrill,1,bug,poison,2,swarm,sniper,65,0.16,90,0.23,40,0.1,45,0.11,80,0.2,75,0.19,395,attack,135,185,average,328.47,3,slightly_specialized,0.41,mid_tier,0.32,lower_mid_tier,4,5,0,-1.5,exposed,fragile,exposed-fragile,1.0,29.5,29.5,average,0,0.5,normal,178.0,83,45,70,15,bug,medium,bug-wings,yellow,Poison Bee Pokémon,It has three poisonous stingers on its forelegs and its tail. They are used to jab its enemy repeatedly.,weedle --> kakuna --> beedrill,3,3,1,1.0,2.0,1.0,1.0,0.25,1.0,0.25,0.5,1.0,2.0,2.0,0.5,2.0,1.0,1.0,1.0,1.0,0.5
15,beedrill,beedrill-mega,1,bug,poison,2,adaptability,,65,0.13,150,0.3,40,0.08,15,0.03,80,0.16,145,0.29,495,attack,165,185,fast,2522.92,5,extreme,0.7,upper_mid_tier,0.62,upper_mid_tier,4,5,0,-1.5,exposed,midrange,exposed-midrange,1.4,40.5,20.66,light,0,0.5,normal,223.0,64,45,70,15,bug,medium,bug-wings,yellow,Poison Bee Pokémon,It has three poisonous stingers on its forelegs and its tail. They are used to jab its enemy repeatedly.,weedle --> kakuna --> beedrill,3,3,1,1.0,2.0,1.0,1.0,0.25,1.0,0.25,0.5,1.0,2.0,2.0,0.5,2.0,1.0,1.0,1.0,1.0,0.5
16,pidgey,pidgey,1,normal,flying,2,"keen-eye, tangled-feet",big-pecks,40,0.16,45,0.18,40,0.16,35,0.14,35,0.14,56,0.22,251,speed,80,115,slow,51.81,1,balanced,0.03,bottom_tier,0.07,bottom_tier,3,2,2,1.0,solid,fragile,solid-fragile,0.3,1.8,20.0,light,0,0.5,normal,50.0,64,255,70,15,flying,medium-slow,wings,brown,Tiny Bird Pokémon,A common sight in forests and woods. It flaps its wings at ground level to kick up blinding sand.,pidgey --> pidgeotto --> pidgeot,3,1,0,1.0,1.0,1.0,2.0,0.5,2.0,1.0,1.0,0.0,1.0,1.0,0.5,2.0,0.0,1.0,1.0,1.0,1.0
17,pidgeotto,pidgeotto,1,normal,flying,2,"keen-eye, tangled-feet",big-pecks,63,0.18,60,0.17,55,0.16,50,0.14,50,0.14,71,0.2,349,speed,110,168,average,55.81,1,balanced,0.34,lower_mid_tier,0.27,lower_mid_tier,3,2,2,1.0,solid,fragile,solid-fragile,1.1,30.0,24.79,average,0,0.5,normal,122.0,61,120,70,15,flying,medium-slow,wings,brown,Bird Pokémon,"Very protective of its sprawling territorial area, this POKéMON will fiercely peck at any intruder.",pidgey --> pidgeotto --> pidgeot,3,2,0,1.0,1.0,1.0,2.0,0.5,2.0,1.0,1.0,0.0,1.0,1.0,0.5,2.0,0.0,1.0,1.0,1.0,1.0
18,pidgeot,pidgeot,1,normal,flying,2,"keen-eye, tangled-feet",big-pecks,83,0.17,80,0.17,75,0.16,70,0.15,70,0.15,101,0.21,479,speed,150,228,fast,112.47,1,balanced,0.61,upper_mid_tier,0.52,mid_tier,3,2,2,1.0,solid,midrange,solid-midrange,1.5,39.5,17.56,light,0,0.5,normal,216.0,63,45,70,15,flying,medium-slow,wings,brown,Bird Pokémon,"When hunting, it skims the surface of water at high speed to pick off unwary prey such as MAGIKARP.",pidgey --> pidgeotto --> pidgeot,3,3,1,1.0,1.0,1.0,2.0,0.5,2.0,1.0,1.0,0.0,1.0,1.0,0.5,2.0,0.0,1.0,1.0,1.0,1.0
18,pidgeot,pidgeot-mega,1,normal,flying,2,no-guard,,83,0.14,80,0.14,80,0.14,135,0.23,80,0.14,121,0.21,579,sp_attack,215,243,fast,513.58,4,specialized,0.88,top_tier,0.85,top_tier,3,2,2,1.0,solid,sweeper,solid-sweeper,2.2,50.5,10.43,very_light,0,0.5,normal,261.0,48,45,70,15,flying,medium-slow,wings,brown,Bird Pokémon,"When hunting, it skims the surface of water at high speed to pick off unwary prey such as MAGIKARP.",pidgey --> pidgeotto --> pidgeot,3,3,1,1.0,1.0,1.0,2.0,0.5,2.0,1.0,1.0,0.0,1.0,1.0,0.5,2.0,0.0,1.0,1.0,1.0,1.0
19,rattata,rattata,1,normal,,1,"run-away, guts",hustle,30,0.12,56,0.22,35,0.14,25,0.1,35,0.14,72,0.28,253,speed,81,100,average,271.14,2,slightly_specialized,0.04,bottom_tier,0.07,bottom_tier,1,0,1,0.5,solid,fragile,solid-fragile,0.3,3.5,38.89,heavy,0,0.5,normal,51.0,82,255,70,15,ground,medium,quadruped,purple,Mouse Pokémon,"Bites anything when it attacks. Small and very quick, it is a common sight in many places.",rattata --> raticate,2,1,0,1.0,1.0,1.0,1.0,1.0,1.0,2.0,1.0,1.0,1.0,1.0,1.0,1.0,0.0,1.0,1.0,1.0,1.0
19,rattata,rattata-alola,1,dark,normal,2,"gluttony, hustle",thick-fat,30,0.12,56,0.22,35,0.14,25,0.1,35,0.14,72,0.28,253,speed,81,100,average,271.14,2,slightly_specialized,0.04,bottom_tier,0.07,bottom_tier,3,1,2,0.5,solid,fragile,solid-fragile,0.3,3.8,42.22,heavy,0,0.5,normal,51.0,63,255,70,15,ground,medium,quadruped,purple,Mouse Pokémon,"Bites anything when it attacks. Small and very quick, it is a common sight in many places.",rattata --> raticate,2,1,0,1.0,1.0,1.0,1.0,1.0,1.0,4.0,1.0,1.0,1.0,0.0,2.0,1.0,0.0,1.0,0.5,1.0,2.0
20,raticate,raticate,1,normal,,1,"run-away, guts",hustle,55,0.13,81,0.2,60,0.15,50,0.12,70,0.17,97,0.23,413,speed,131,185,average,261.14,2,slightly_specialized,0.47,mid_tier,0.37,lower_mid_tier,1,0,1,0.5,solid,fragile,solid-fragile,0.7,18.5,37.76,heavy,0,0.5,normal,145.0,85,127,70,15,ground,medium,quadruped,brown,Mouse Pokémon,It uses its whis­ kers to maintain its balance. It apparently slows down if they are cut off.,rattata --> raticate,2,2,1,1.0,1.0,1.0,1.0,1.0,1.0,2.0,1.0,1.0,1.0,1.0,1.0,1.0,0.0,1.0,1.0,1.0,1.0
20,raticate,raticate-alola,1,dark,normal,2,"gluttony, hustle",thick-fat,75,0.18,71,0.17,70,0.17,40,0.1,80,0.19,77,0.19,413,sp_defense,111,225,average,177.81,2,balanced,0.47,mid_tier,0.37,lower_mid_tier,3,1,2,0.5,solid,midrange,solid-midrange,0.7,25.5,52.04,very_heavy,0,0.5,normal,145.0,67,127,70,15,ground,medium,quadruped,brown,Mouse Pokémon,It uses its whis­ kers to maintain its balance. It apparently slows down if they are cut off.,rattata --> raticate,2,2,1,1.0,1.0,1.0,1.0,1.0,1.0,4.0,1.0,1.0,1.0,0.0,2.0,1.0,0.0,1.0,0.5,1.0,2.0
20,raticate,raticate-totem-alola,1,dark,normal,2,"gluttony, hustle",thick-fat,75,0.18,71,0.17,70,0.17,40,0.1,80,0.19,77,0.19,413,sp_defense,111,225,average,177.81,2,balanced,0.47,mid_tier,0.37,lower_mid_tier,3,1,2,0.5,solid,midrange,solid-midrange,1.4,105.0,53.57,very_heavy,0,0.5,normal,145.0,63,127,70,15,ground,medium,quadruped,brown,Mouse Pokémon,It uses its whis­ kers to maintain its balance. It apparently slows down if they are cut off.,rattata --> raticate,2,2,1,1.0,1.0,1.0,1.0,1.0,1.0,4.0,1.0,1.0,1.0,0.0,2.0,1.0,0.0,1.0,0.5,1.0,2.0
21,spearow,spearow,1,normal,flying,2,keen-eye,sniper,40,0.15,60,0.23,30,0.11,31,0.12,31,0.12,70,0.27,262,speed,91,101,average,246.89,2,slightly_specialized,0.04,bottom_tier,0.07,bottom_tier,3,2,2,1.0,solid,fragile,solid-fragile,0.3,2.0,22.22,light,0,0.5,normal,52.0,70,255,70,15,flying,medium,wings,brown,Tiny Bird Pokémon,"It flaps its small wings busily to fly. Using its beak, it searches in grass for prey.",spearow --> fearow,2,1,0,1.0,1.0,1.0,2.0,0.5,2.0,1.0,1.0,0.0,1.0,1.0,0.5,2.0,0.0,1.0,1.0,1.0,1.0
22,fearow,fearow,1,normal,flying,2,keen-eye,sniper,65,0.15,90,0.2,65,0.15,61,0.14,61,0.14,100,0.23,442,speed,151,191,fast,238.56,2,slightly_specialized,0.53,mid_tier,0.43,mid_tier,3,2,2,1.0,solid,midrange,solid-midrange,1.2,38.0,26.39,average,0,0.5,normal,155.0,69,90,70,15,flying,medium,wings,brown,Beak Pokémon,"With its huge and magnificent wings, it can keep aloft without ever having to land for rest.",spearow --> fearow,2,2,1,1.0,1.0,1.0,2.0,0.5,2.0,1.0,1.0,0.0,1.0,1.0,0.5,2.0,0.0,1.0,1.0,1.0,1.0
23,ekans,ekans,1,poison,,1,"intimidate, shed-skin",unnerve,35,0.12,60,0.21,44,0.15,40,0.14,54,0.19,55,0.19,288,attack,100,133,slow,79.67,1,balanced,0.07,bottom_tier,0.11,bottom_tier,2,5,0,0.5,solid,weak_slow,solid-weak_slow,2.0,6.9,1.72,very_light,0,0.5,normal,58.0,95,255,70,20,"ground, dragon",medium,squiggle,purple,Snake Pokémon,"Moves silently and stealthily. Eats the eggs of birds, such as PIDGEY and SPEAROW, whole.",ekans --> arbok,2,1,0,1.0,1.0,1.0,1.0,0.5,1.0,0.5,0.5,2.0,1.0,2.0,0.5,1.0,1.0,1.0,1.0,1.0,0.5
24,arbok,arbok,1,poison,,1,"intimidate, shed-skin",unnerve,60,0.13,95,0.21,69,0.15,65,0.15,79,0.18,80,0.18,448,attack,160,208,average,133.56,2,balanced,0.53,mid_tier,0.43,mid_tier,2,5,0,0.5,solid,balanced,solid-balanced,3.5,65.0,5.31,very_light,0,0.5,normal,157.0,102,90,70,20,"ground, dragon",medium,squiggle,purple,Cobra Pokémon,It is rumored that the ferocious warning markings on its belly differ from area to area.,ekans --> arbok,2,2,1,1.0,1.0,1.0,1.0,0.5,1.0,0.5,0.5,2.0,1.0,2.0,0.5,1.0,1.0,1.0,1.0,1.0,0.5
25,pikachu,pikachu,1,electric,,1,static,lightning-rod,35,0.11,55,0.17,40,0.12,50,0.16,50,0.16,90,0.28,320,speed,105,125,average,313.89,3,slightly_specialized,0.23,lower_mid_tier,0.2,bottom_tier,1,3,0,0.5,solid,fragile,solid-fragile,0.4,6.0,37.5,heavy,0,0.5,normal,112.0,105,190,70,10,"ground, fairy",medium,quadruped,yellow,Mouse Pokémon,"When several of these POKéMON gather, their electricity could build and cause lightning storms.",pichu --> pikachu --> raichu,3,2,0,1.0,1.0,1.0,0.5,1.0,1.0,1.0,1.0,2.0,0.5,1.0,1.0,1.0,1.0,1.0,1.0,0.5,1.0
25,pikachu,pikachu-rock-star,1,electric,,1,static,lightning-rod,35,0.11,55,0.17,40,0.12,50,0.16,50,0.16,90,0.28,320,speed,105,125,average,313.89,3,slightly_specialized,0.23,lower_mid_tier,0.2,bottom_tier,1,3,0,0.5,solid,fragile,solid-fragile,0.4,6.0,37.5,heavy,0,0.5,normal,112.0,55,190,70,10,"ground, fairy",medium,quadruped,yellow,Mouse Pokémon,"When several of these POKéMON gather, their electricity could build and cause lightning storms.",pichu --> pikachu --> raichu,3,2,0,1.0,1.0,1.0,0.5,1.0,1.0,1.0,1.0,2.0,0.5,1.0,1.0,1.0,1.0,1.0,1.0,0.5,1.0
25,pikachu,pikachu-belle,1,electric,,1,static,lightning-rod,35,0.11,55,0.17,40,0.12,50,0.16,50,0.16,90,0.28,320,speed,105,125,average,313.89,3,slightly_specialized,0.23,lower_mid_tier,0.2,bottom_tier,1,3,0,0.5,solid,fragile,solid-fragile,0.4,6.0,37.5,heavy,0,0.5,normal,112.0,55,190,70,10,"ground, fairy",medium,quadruped,yellow,Mouse Pokémon,"When several of these POKéMON gather, their electricity could build and cause lightning storms.",pichu --> pikachu --> raichu,3,2,0,1.0,1.0,1.0,0.5,1.0,1.0,1.0,1.0,2.0,0.5,1.0,1.0,1.0,1.0,1.0,1.0,0.5,1.0
25,pikachu,pikachu-pop-star,1,electric,,1,static,lightning-rod,35,0.11,55,0.17,40,0.12,50,0.16,50,0.16,90,0.28,320,speed,105,125,average,313.89,3,slightly_specialized,0.23,lower_mid_tier,0.2,bottom_tier,1,3,0,0.5,solid,fragile,solid-fragile,0.4,6.0,37.5,heavy,0,0.5,normal,112.0,55,190,70,10,"ground, fairy",medium,quadruped,yellow,Mouse Pokémon,"When several of these POKéMON gather, their electricity could build and cause lightning storms.",pichu --> pikachu --> raichu,3,2,0,1.0,1.0,1.0,0.5,1.0,1.0,1.0,1.0,2.0,0.5,1.0,1.0,1.0,1.0,1.0,1.0,0.5,1.0
25,pikachu,pikachu-phd,1,electric,,1,static,lightning-rod,35,0.11,55,0.17,40,0.12,50,0.16,50,0.16,90,0.28,320,speed,105,125,average,313.89,3,slightly_specialized,0.23,lower_mid_tier,0.2,bottom_tier,1,3,0,0.5,solid,fragile,solid-fragile,0.4,6.0,37.5,heavy,0,0.5,normal,112.0,55,190,70,10,"ground, fairy",medium,quadruped,yellow,Mouse Pokémon,"When several of these POKéMON gather, their electricity could build and cause lightning storms.",pichu --> pikachu --> raichu,3,2,0,1.0,1.0,1.0,0.5,1.0,1.0,1.0,1.0,2.0,0.5,1.0,1.0,1.0,1.0,1.0,1.0,0.5,1.0
25,pikachu,pikachu-libre,1,electric,,1,static,lightning-rod,35,0.11,55,0.17,40,0.12,50,0.16,50,0.16,90,0.28,320,speed,105,125,average,313.89,3,slightly_specialized,0.23,lower_mid_tier,0.2,bottom_tier,1,3,0,0.5,solid,fragile,solid-fragile,0.4,6.0,37.5,heavy,0,0.5,normal,112.0,55,190,70,10,"ground, fairy",medium,quadruped,yellow,Mouse Pokémon,"When several of these POKéMON gather, their electricity could build and cause lightning storms.",pichu --> pikachu --> raichu,3,2,0,1.0,1.0,1.0,0.5,1.0,1.0,1.0,1.0,2.0,0.5,1.0,1.0,1.0,1.0,1.0,1.0,0.5,1.0
25,pikachu,pikachu-cosplay,1,electric,,1,static,lightning-rod,35,0.11,55,0.17,40,0.12,50,0.16,50,0.16,90,0.28,320,speed,105,125,average,313.89,3,slightly_specialized,0.23,lower_mid_tier,0.2,bottom_tier,1,3,0,0.5,solid,fragile,solid-fragile,0.4,6.0,37.5,heavy,0,0.5,normal,112.0,54,190,70,10,"ground, fairy",medium,quadruped,yellow,Mouse Pokémon,"When several of these POKéMON gather, their electricity could build and cause lightning storms.",pichu --> pikachu --> raichu,3,2,0,1.0,1.0,1.0,0.5,1.0,1.0,1.0,1.0,2.0,0.5,1.0,1.0,1.0,1.0,1.0,1.0,0.5,1.0
25,pikachu,pikachu-original-cap,1,electric,,1,static,lightning-rod,35,0.11,55,0.17,40,0.12,50,0.16,50,0.16,90,0.28,320,speed,105,125,average,313.89,3,slightly_specialized,0.23,lower_mid_tier,0.2,bottom_tier,1,3,0,0.5,solid,fragile,solid-fragile,0.4,6.0,37.5,heavy,0,0.5,normal,112.0,77,190,70,10,"ground, fairy",medium,quadruped,yellow,Mouse Pokémon,"When several of these POKéMON gather, their electricity could build and cause lightning storms.",pichu --> pikachu --> raichu,3,2,0,1.0,1.0,1.0,0.5,1.0,1.0,1.0,1.0,2.0,0.5,1.0,1.0,1.0,1.0,1.0,1.0,0.5,1.0
25,pikachu,pikachu-hoenn-cap,1,electric,,1,static,lightning-rod,35,0.11,55,0.17,40,0.12,50,0.16,50,0.16,90,0.28,320,speed,105,125,average,313.89,3,slightly_specialized,0.23,lower_mid_tier,0.2,bottom_tier,1,3,0,0.5,solid,fragile,solid-fragile,0.4,6.0,37.5,heavy,0,0.5,normal,112.0,77,190,70,10,"ground, fairy",medium,quadruped,yellow,Mouse Pokémon,"When several of these POKéMON gather, their electricity could build and cause lightning storms.",pichu --> pikachu --> raichu,3,2,0,1.0,1.0,1.0,0.5,1.0,1.0,1.0,1.0,2.0,0.5,1.0,1.0,1.0,1.0,1.0,1.0,0.5,1.0
25,pikachu,pikachu-sinnoh-cap,1,electric,,1,static,lightning-rod,35,0.11,55,0.17,40,0.12,50,0.16,50,0.16,90,0.28,320,speed,105,125,average,313.89,3,slightly_specialized,0.23,lower_mid_tier,0.2,bottom_tier,1,3,0,0.5,solid,fragile,solid-fragile,0.4,6.0,37.5,heavy,0,0.5,normal,112.0,88,190,70,10,"ground, fairy",medium,quadruped,yellow,Mouse Pokémon,"When several of these POKéMON gather, their electricity could build and cause lightning storms.",pichu --> pikachu --> raichu,3,2,0,1.0,1.0,1.0,0.5,1.0,1.0,1.0,1.0,2.0,0.5,1.0,1.0,1.0,1.0,1.0,1.0,0.5,1.0
25,pikachu,pikachu-unova-cap,1,electric,,1,static,lightning-rod,35,0.11,55,0.17,40,0.12,50,0.16,50,0.16,90,0.28,320,speed,105,125,average,313.89,3,slightly_specialized,0.23,lower_mid_tier,0.2,bottom_tier,1,3,0,0.5,solid,fragile,solid-fragile,0.4,6.0,37.5,heavy,0,0.5,normal,112.0,77,190,70,10,"ground, fairy",medium,quadruped,yellow,Mouse Pokémon,"When several of these POKéMON gather, their electricity could build and cause lightning storms.",pichu --> pikachu --> raichu,3,2,0,1.0,1.0,1.0,0.5,1.0,1.0,1.0,1.0,2.0,0.5,1.0,1.0,1.0,1.0,1.0,1.0,0.5,1.0
25,pikachu,pikachu-kalos-cap,1,electric,,1,static,lightning-rod,35,0.11,55,0.17,40,0.12,50,0.16,50,0.16,90,0.28,320,speed,105,125,average,313.89,3,slightly_specialized,0.23,lower_mid_tier,0.2,bottom_tier,1,3,0,0.5,solid,fragile,solid-fragile,0.4,6.0,37.5,heavy,0,0.5,normal,112.0,87,190,70,10,"ground, fairy",medium,quadruped,yellow,Mouse Pokémon,"When several of these POKéMON gather, their electricity could build and cause lightning storms.",pichu --> pikachu --> raichu,3,2,0,1.0,1.0,1.0,0.5,1.0,1.0,1.0,1.0,2.0,0.5,1.0,1.0,1.0,1.0,1.0,1.0,0.5,1.0
25,pikachu,pikachu-alola-cap,1,electric,,1,static,lightning-rod,35,0.11,55,0.17,40,0.12,50,0.16,50,0.16,90,0.28,320,speed,105,125,average,313.89,3,slightly_specialized,0.23,lower_mid_tier,0.2,bottom_tier,1,3,0,0.5,solid,fragile,solid-fragile,0.4,6.0,37.5,heavy,0,0.5,normal,112.0,77,190,70,10,"ground, fairy",medium,quadruped,yellow,Mouse Pokémon,"When several of these POKéMON gather, their electricity could build and cause lightning storms.",pichu --> pikachu --> raichu,3,2,0,1.0,1.0,1.0,0.5,1.0,1.0,1.0,1.0,2.0,0.5,1.0,1.0,1.0,1.0,1.0,1.0,0.5,1.0
25,pikachu,pikachu-partner-cap,1,electric,,1,static,lightning-rod,35,0.11,55,0.17,40,0.12,50,0.16,50,0.16,90,0.28,320,speed,105,125,average,313.89,3,slightly_specialized,0.23,lower_mid_tier,0.2,bottom_tier,1,3,0,0.5,solid,fragile,solid-fragile,0.4,6.0,37.5,heavy,0,0.5,normal,112.0,77,190,70,10,"ground, fairy",medium,quadruped,yellow,Mouse Pokémon,"When several of these POKéMON gather, their electricity could build and cause lightning storms.",pichu --> pikachu --> raichu,3,2,0,1.0,1.0,1.0,0.5,1.0,1.0,1.0,1.0,2.0,0.5,1.0,1.0,1.0,1.0,1.0,1.0,0.5,1.0
25,pikachu,pikachu-starter,1,electric,,1,static,lightning-rod,45,0.1,80,0.19,50,0.12,75,0.17,60,0.14,120,0.28,430,speed,155,155,fast,622.22,4,specialized,0.5,mid_tier,0.41,mid_tier,1,3,0,0.5,solid,midrange,solid-midrange,0.4,6.0,37.5,heavy,0,0.5,normal,86.0,30,190,70,10,"ground, fairy",medium,quadruped,yellow,Mouse Pokémon,"When several of these POKéMON gather, their electricity could build and cause lightning storms.",pichu --> pikachu --> raichu,3,2,0,1.0,1.0,1.0,0.5,1.0,1.0,1.0,1.0,2.0,0.5,1.0,1.0,1.0,1.0,1.0,1.0,0.5,1.0
25,pikachu,pikachu-world-cap,1,electric,,1,static,lightning-rod,35,0.11,55,0.17,40,0.12,50,0.16,50,0.16,90,0.28,320,speed,105,125,average,313.89,3,slightly_specialized,0.23,lower_mid_tier,0.2,bottom_tier,1,3,0,0.5,solid,fragile,solid-fragile,0.4,6.0,37.5,heavy,0,0.5,normal,112.0,62,190,70,10,"ground, fairy",medium,quadruped,yellow,Mouse Pokémon,"When several of these POKéMON gather, their electricity could build and cause lightning storms.",pichu --> pikachu --> raichu,3,2,0,1.0,1.0,1.0,0.5,1.0,1.0,1.0,1.0,2.0,0.5,1.0,1.0,1.0,1.0,1.0,1.0,0.5,1.0
25,pikachu,pikachu-gmax,1,electric,,1,static,lightning-rod,35,0.11,55,0.17,40,0.12,50,0.16,50,0.16,90,0.28,320,speed,105,125,average,313.89,3,slightly_specialized,0.23,lower_mid_tier,0.2,bottom_tier,1,3,0,0.5,solid,fragile,solid-fragile,21.0,1000.0,2.27,very_light,0,0.5,normal,112.0,0,190,70,10,"ground, fairy",medium,quadruped,yellow,Mouse Pokémon,"When several of these POKéMON gather, their electricity could build and cause lightning storms.",pichu --> pikachu --> raichu,3,2,0,1.0,1.0,1.0,0.5,1.0,1.0,1.0,1.0,2.0,0.5,1.0,1.0,1.0,1.0,1.0,1.0,0.5,1.0
26,raichu,raichu,1,electric,,1,static,lightning-rod,60,0.12,90,0.19,55,0.11,90,0.19,80,0.16,110,0.23,485,speed,180,195,fast,353.47,3,slightly_specialized,0.63,upper_mid_tier,0.55,mid_tier,1,3,0,0.5,solid,sweeper,solid-sweeper,0.8,30.0,46.87,very_heavy,0,0.5,normal,218.0,109,75,70,10,"ground, fairy",medium,upright,yellow,Mouse Pokémon,Its long tail serves as a ground to protect itself from its own high-voltage power.,pichu --> pikachu --> raichu,3,3,1,1.0,1.0,1.0,0.5,1.0,1.0,1.0,1.0,2.0,0.5,1.0,1.0,1.0,1.0,1.0,1.0,0.5,1.0
26,raichu,raichu-alola,1,electric,psychic,2,surge-surfer,,60,0.12,85,0.18,50,0.1,95,0.2,85,0.18,110,0.23,485,speed,180,195,fast,411.81,3,slightly_specialized,0.63,upper_mid_tier,0.55,mid_tier,4,5,0,-1.5,exposed,sweeper,exposed-sweeper,0.7,21.0,42.86,heavy,0,0.5,normal,243.0,101,75,70,10,"ground, fairy",medium,upright,yellow,Mouse Pokémon,Its long tail serves as a ground to protect itself from its own high-voltage power.,pichu --> pikachu --> raichu,3,3,1,1.0,1.0,1.0,0.5,1.0,1.0,0.5,1.0,2.0,0.5,0.5,2.0,1.0,2.0,1.0,2.0,0.5,1.0
26,raichu,raichu-mega-x,1,electric,,1,,,60,0.1,135,0.23,95,0.16,90,0.15,95,0.16,110,0.19,585,attack,225,250,fast,506.25,4,specialized,0.92,top_tier,0.87,top_tier,1,3,0,0.5,solid,sweeper,solid-sweeper,1.2,38.0,26.39,average,0,0.5,normal,,0,75,70,10,"ground, fairy",medium,upright,yellow,Mouse Pokémon,Its long tail serves as a ground to protect itself from its own high-voltage power.,pichu --> pikachu --> raichu,3,3,1,1.0,1.0,1.0,0.5,1.0,1.0,1.0,1.0,2.0,0.5,1.0,1.0,1.0,1.0,1.0,1.0,0.5,1.0
26,raichu,raichu-mega-y,1,electric,,1,,,60,0.1,100,0.17,55,0.09,160,0.27,80,0.14,130,0.22,585,sp_attack,260,195,fast,1414.58,5,extreme,0.92,top_tier,0.87,top_tier,1,3,0,0.5,solid,sweeper,solid-sweeper,1.0,26.0,26.0,average,0,0.5,normal,,0,75,70,10,"ground, fairy",medium,upright,yellow,Mouse Pokémon,Its long tail serves as a ground to protect itself from its own high-voltage power.,pichu --> pikachu --> raichu,3,3,1,1.0,1.0,1.0,0.5,1.0,1.0,1.0,1.0,2.0,0.5,1.0,1.0,1.0,1.0,1.0,1.0,0.5,1.0
27,sandshrew,sandshrew,1,ground,,1,sand-veil,sand-rush,50,0.17,75,0.25,85,0.28,20,0.07,30,0.1,40,0.13,300,defense,95,165,slow,541.67,4,specialized,0.12,bottom_tier,0.13,bottom_tier,3,2,1,-0.5,exposed,weak_slow,exposed-weak_slow,0.6,12.0,33.33,heavy,0,0.5,normal,60.0,99,255,70,20,ground,medium,upright,yellow,Mouse Pokémon,Burrows deep underground in arid locations far from water. It only emerges to hunt for food.,sandshrew --> sandslash,2,1,0,1.0,1.0,2.0,0.0,2.0,2.0,1.0,0.5,1.0,1.0,1.0,1.0,0.5,1.0,1.0,1.0,1.0,1.0
27,sandshrew,sandshrew-alola,1,ice,steel,2,snow-cloak,slush-rush,50,0.17,75,0.25,90,0.3,10,0.03,35,0.12,40,0.13,300,defense,85,175,slow,691.67,5,specialized,0.12,bottom_tier,0.13,bottom_tier,3,8,1,2.5,iron,weak_slow,iron-weak_slow,0.7,40.0,81.63,very_heavy,0,0.5,normal,60.0,91,255,70,20,ground,medium,upright,yellow,Mouse Pokémon,Burrows deep underground in arid locations far from water. It only emerges to hunt for food.,sandshrew --> sandslash,2,1,0,0.5,4.0,1.0,1.0,0.5,0.25,4.0,0.0,2.0,0.5,0.5,0.5,1.0,1.0,0.5,1.0,1.0,0.5
28,sandslash,sandslash,1,ground,,1,sand-veil,sand-rush,75,0.17,100,0.22,110,0.24,45,0.1,55,0.12,65,0.14,450,defense,145,240,average,541.67,4,specialized,0.55,mid_tier,0.43,mid_tier,3,2,1,-0.5,exposed,balanced,exposed-balanced,1.0,29.5,29.5,average,0,0.5,normal,158.0,103,90,70,20,ground,medium,upright,yellow,Mouse Pokémon,Curls up into a spiny ball when threatened. It can roll while curled up to attack or escape.,sandshrew --> sandslash,2,2,1,1.0,1.0,2.0,0.0,2.0,2.0,1.0,0.5,1.0,1.0,1.0,1.0,0.5,1.0,1.0,1.0,1.0,1.0
28,sandslash,sandslash-alola,1,ice,steel,2,snow-cloak,slush-rush,75,0.17,100,0.22,120,0.27,25,0.06,65,0.14,65,0.14,450,defense,125,260,average,891.67,5,specialized,0.55,mid_tier,0.43,mid_tier,3,8,1,2.5,iron,support,iron-support,1.2,55.0,38.19,heavy,0,0.5,normal,158.0,99,90,70,20,ground,medium,upright,yellow,Mouse Pokémon,Curls up into a spiny ball when threatened. It can roll while curled up to attack or escape.,sandshrew --> sandslash,2,2,1,0.5,4.0,1.0,1.0,0.5,0.25,4.0,0.0,2.0,0.5,0.5,0.5,1.0,1.0,0.5,1.0,1.0,0.5
29,nidoran-f,nidoran-f,1,poison,,1,"poison-point, rivalry",hustle,55,0.2,47,0.17,52,0.19,40,0.15,40,0.15,41,0.15,275,hp,87,147,slow,35.81,1,balanced,0.06,bottom_tier,0.09,bottom_tier,2,5,0,0.5,solid,weak_slow,solid-weak_slow,0.4,7.0,43.75,heavy,0,1.0,normal,55.0,78,235,70,20,"monster, ground",medium-slow,quadruped,blue,Poison Pin Pokémon,"Although small, its venomous barbs render this POKéMON dangerous. The female has smaller horns.",nidoran-f --> nidorina --> nidoqueen,3,1,0,1.0,1.0,1.0,1.0,0.5,1.0,0.5,0.5,2.0,1.0,2.0,0.5,1.0,1.0,1.0,1.0,1.0,0.5
30,nidorina,nidorina,1,poison,,1,"poison-point, rivalry",hustle,70,0.19,62,0.17,67,0.18,55,0.15,55,0.15,56,0.15,365,hp,117,192,slow,35.81,1,balanced,0.36,lower_mid_tier,0.29,lower_mid_tier,2,5,0,0.5,solid,midrange,solid-midrange,0.8,20.0,31.25,average,0,1.0,normal,128.0,77,120,70,20,no-eggs,medium-slow,quadruped,blue,Poison Pin Pokémon,The female's horn develops slowly. Prefers physical attacks such as clawing and biting.,nidoran-f --> nidorina --> nidoqueen,3,2,0,1.0,1.0,1.0,1.0,0.5,1.0,0.5,0.5,2.0,1.0,2.0,0.5,1.0,1.0,1.0,1.0,1.0,0.5
31,nidoqueen,nidoqueen,1,poison,ground,2,"poison-point, rivalry",sheer-force,90,0.18,92,0.18,87,0.17,75,0.15,85,0.17,76,0.15,505,attack,167,262,average,42.47,1,balanced,0.77,upper_mid_tier,0.68,upper_mid_tier,4,5,1,0.0,neutral,bulky,neutral-bulky,1.3,60.0,35.5,heavy,0,1.0,normal,227.0,133,45,70,20,no-eggs,medium-slow,upright,blue,Drill Pokémon,Its hard scales provide strong protection. It uses its hefty bulk to execute powerful moves.,nidoran-f --> nidorina --> nidoqueen,3,3,1,1.0,1.0,2.0,0.0,1.0,2.0,0.5,0.25,2.0,1.0,2.0,0.5,0.5,1.0,1.0,1.0,1.0,0.5
32,nidoran-m,nidoran-m,1,poison,,1,"poison-point, rivalry",hustle,46,0.17,57,0.21,40,0.15,40,0.15,40,0.15,50,0.18,273,attack,97,126,slow,40.58,1,balanced,0.06,bottom_tier,0.09,bottom_tier,2,5,0,0.5,solid,weak_slow,solid-weak_slow,0.5,9.0,36.0,heavy,0,0.0,normal,55.0,80,235,70,20,"monster, ground",medium-slow,quadruped,purple,Poison Pin Pokémon,"Stiffens its ears to sense danger. The larger its horns, the more powerful its secreted venom.",nidoran-m --> nidorino --> nidoking,3,1,0,1.0,1.0,1.0,1.0,0.5,1.0,0.5,0.5,2.0,1.0,2.0,0.5,1.0,1.0,1.0,1.0,1.0,0.5
33,nidorino,nidorino,1,poison,,1,"poison-point, rivalry",hustle,61,0.17,72,0.2,57,0.16,55,0.15,55,0.15,65,0.18,365,attack,127,173,average,37.47,1,balanced,0.36,lower_mid_tier,0.29,lower_mid_tier,2,5,0,0.5,solid,fragile,solid-fragile,0.9,19.5,24.07,average,0,0.0,normal,128.0,76,120,70,20,"monster, ground",medium-slow,quadruped,purple,Poison Pin Pokémon,An aggressive POKéMON that is quick to attack. The horn on its head secretes a powerful venom.,nidoran-m --> nidorino --> nidoking,3,2,0,1.0,1.0,1.0,1.0,0.5,1.0,0.5,0.5,2.0,1.0,2.0,0.5,1.0,1.0,1.0,1.0,1.0,0.5
34,nidoking,nidoking,1,poison,ground,2,"poison-point, rivalry",sheer-force,81,0.16,102,0.2,77,0.15,85,0.17,75,0.15,85,0.17,505,attack,187,233,average,77.47,1,balanced,0.77,upper_mid_tier,0.68,upper_mid_tier,4,5,1,0.0,neutral,sweeper,neutral-sweeper,1.4,62.0,31.63,heavy,0,0.0,normal,227.0,134,45,70,20,"monster, ground",medium-slow,upright,purple,Drill Pokémon,"It uses its powerful tail in battle to smash, constrict, then break the prey's bones.",nidoran-m --> nidorino --> nidoking,3,3,1,1.0,1.0,2.0,0.0,1.0,2.0,0.5,0.25,2.0,1.0,2.0,0.5,0.5,1.0,1.0,1.0,1.0,0.5
35,clefairy,clefairy,1,fairy,,1,"cute-charm, magic-guard",friend-guard,70,0.22,45,0.14,48,0.15,60,0.19,65,0.2,35,0.11,323,hp,105,183,slow,148.47,2,balanced,0.27,lower_mid_tier,0.21,lower_mid_tier,2,3,1,1.0,solid,weak_slow,solid-weak_slow,0.6,7.5,20.83,light,0,0.75,normal,113.0,161,150,140,10,fairy,fast,upright,pink,Fairy Pokémon,Its magical and cute appeal has many admirers. It is rare and found only in certain areas.,cleffa --> clefairy --> clefable,3,2,0,1.0,1.0,1.0,1.0,1.0,1.0,0.5,2.0,1.0,1.0,1.0,0.5,1.0,1.0,0.0,0.5,2.0,1.0
36,clefable,clefable,1,fairy,,1,"cute-charm, magic-guard",unaware,95,0.2,70,0.14,73,0.15,95,0.2,90,0.19,60,0.12,483,hp,165,258,average,182.92,2,balanced,0.62,upper_mid_tier,0.54,mid_tier,2,3,1,1.0,solid,balanced,solid-balanced,1.3,40.0,23.67,average,0,0.75,normal,217.0,163,25,140,10,fairy,fast,upright,pink,Fairy Pokémon,A timid fairy POKéMON that is rarely seen. It will run and hide the moment it senses people.,cleffa --> clefairy --> clefable,3,3,1,1.0,1.0,1.0,1.0,1.0,1.0,0.5,2.0,1.0,1.0,1.0,0.5,1.0,1.0,0.0,0.5,2.0,1.0
36,clefable,clefable-mega,1,fairy,flying,2,,,95,0.16,80,0.14,93,0.16,135,0.23,110,0.19,70,0.12,583,sp_attack,215,298,average,441.81,4,slightly_specialized,0.91,top_tier,0.87,top_tier,5,4,2,0.0,neutral,bulky_attacker,neutral-bulky_attacker,1.7,42.3,14.64,light,0,0.75,normal,,0,25,140,10,fairy,fast,upright,pink,Fairy Pokémon,A timid fairy POKéMON that is rarely seen. It will run and hide the moment it senses people.,cleffa --> clefairy --> clefable,3,3,1,1.0,1.0,1.0,2.0,0.5,2.0,0.25,2.0,0.0,1.0,1.0,0.25,2.0,1.0,0.0,0.5,2.0,1.0
37,vulpix,vulpix,1,fire,,1,flash-fire,drought,38,0.13,41,0.14,40,0.13,50,0.17,65,0.22,65,0.22,299,sp_defense,91,143,average,129.14,2,balanced,0.1,bottom_tier,0.12,bottom_tier,3,6,0,0.0,neutral,fragile,neutral-fragile,0.6,9.9,27.5,average,0,0.75,normal,60.0,88,190,70,20,ground,medium,quadruped,brown,Fox Pokémon,"At the time of birth, it has just one tail. The tail splits from its tip as it grows older.",vulpix --> ninetales,2,1,0,1.0,0.5,2.0,1.0,0.5,0.5,1.0,1.0,2.0,1.0,1.0,0.5,2.0,1.0,1.0,1.0,0.5,0.5
37,vulpix,vulpix-alola,1,ice,,1,snow-cloak,snow-warning,38,0.13,41,0.14,40,0.13,50,0.17,65,0.22,65,0.22,299,sp_defense,91,143,average,129.14,2,balanced,0.1,bottom_tier,0.12,bottom_tier,4,1,0,-3.5,frail,fragile,frail-fragile,0.6,9.9,27.5,average,0,0.75,normal,60.0,88,190,70,20,ground,medium,quadruped,brown,Fox Pokémon,"At the time of birth, it has just one tail. The tail splits from its tip as it grows older.",vulpix --> ninetales,2,1,0,1.0,2.0,1.0,1.0,1.0,0.5,2.0,1.0,1.0,1.0,1.0,1.0,2.0,1.0,1.0,1.0,2.0,1.0
38,ninetales,ninetales,1,fire,,1,flash-fire,drought,73,0.14,76,0.15,75,0.15,81,0.16,100,0.2,100,0.2,505,sp_defense,157,248,fast,131.14,2,balanced,0.77,upper_mid_tier,0.68,upper_mid_tier,3,6,0,0.0,neutral,midrange,neutral-midrange,1.1,19.9,16.45,light,0,0.75,normal,177.0,98,75,70,20,ground,medium,quadruped,yellow,Fox Pokémon,Very smart and very vengeful. Grabbing one of its many tails could result in a 1000-year curse.,vulpix --> ninetales,2,2,1,1.0,0.5,2.0,1.0,0.5,0.5,1.0,1.0,2.0,1.0,1.0,0.5,2.0,1.0,1.0,1.0,0.5,0.5
38,ninetales,ninetales-alola,1,ice,fairy,2,snow-cloak,snow-warning,73,0.14,67,0.13,75,0.15,81,0.16,100,0.2,109,0.22,505,speed,148,248,fast,230.14,2,slightly_specialized,0.77,upper_mid_tier,0.68,upper_mid_tier,4,3,1,-1.0,exposed,midrange,exposed-midrange,1.1,19.9,16.45,light,0,0.75,normal,177.0,94,75,70,20,ground,medium,quadruped,yellow,Fox Pokémon,Very smart and very vengeful. Grabbing one of its many tails could result in a 1000-year curse.,vulpix --> ninetales,2,2,1,1.0,2.0,1.0,1.0,1.0,0.5,1.0,2.0,1.0,1.0,1.0,0.5,2.0,1.0,0.0,0.5,4.0,1.0
39,jigglypuff,jigglypuff,1,normal,fairy,2,"cute-charm, competitive",friend-guard,115,0.43,45,0.17,20,0.07,45,0.17,25,0.09,20,0.07,270,hp,90,160,slow,1091.67,5,highly_specialized,0.05,bottom_tier,0.08,bottom_tier,2,2,2,2.0,iron,weak_slow,iron-weak_slow,0.5,5.5,22.0,light,0,0.75,normal,95.0,148,170,70,10,fairy,fast,humanoid,pink,Balloon Pokémon,"When its huge eyes light up, it sings a mysteriously soothing melody that lulls its enemies to sleep.",igglybuff --> jigglypuff --> wigglytuff,3,2,0,1.0,1.0,1.0,1.0,1.0,1.0,1.0,2.0,1.0,1.0,1.0,0.5,1.0,0.0,0.0,0.5,2.0,1.0
40,wigglytuff,wigglytuff,1,normal,fairy,2,"cute-charm, competitive",frisk,140,0.32,70,0.16,45,0.1,85,0.2,50,0.11,45,0.1,435,hp,155,235,slow,1122.92,5,highly_specialized,0.51,mid_tier,0.41,mid_tier,2,2,2,2.0,iron,slow_attacker,iron-slow_attacker,1.0,12.0,12.0,very_light,0,0.75,normal,196.0,153,50,70,10,fairy,fast,humanoid,pink,Balloon Pokémon,"The body is soft and rubbery. When angered, it will suck in air and inflate itself to an enormous size.",igglybuff --> jigglypuff --> wigglytuff,3,3,1,1.0,1.0,1.0,1.0,1.0,1.0,1.0,2.0,1.0,1.0,1.0,0.5,1.0,0.0,0.0,0.5,2.0,1.0
41,zubat,zubat,1,poison,flying,2,inner-focus,infiltrator,40,0.16,45,0.18,35,0.14,30,0.12,40,0.16,55,0.22,245,speed,75,115,slow,61.81,1,balanced,0.03,bottom_tier,0.06,bottom_tier,4,5,1,0.0,neutral,weak_slow,neutral-weak_slow,0.8,7.5,11.72,very_light,0,0.5,normal,49.0,83,255,70,15,flying,medium,wings,purple,Bat Pokémon,Forms colonies in perpetually dark places. Uses ultrasonic waves to identify and approach targets.,zubat --> golbat --> crobat,3,1,0,1.0,1.0,1.0,2.0,0.25,2.0,0.25,0.5,0.0,1.0,2.0,0.25,2.0,1.0,1.0,1.0,1.0,0.5
42,golbat,golbat,1,poison,flying,2,inner-focus,infiltrator,75,0.16,80,0.18,70,0.15,65,0.14,75,0.16,90,0.2,455,speed,145,220,average,61.81,1,balanced,0.57,mid_tier,0.45,mid_tier,4,5,1,0.0,neutral,midrange,neutral-midrange,1.6,55.0,21.48,light,0,0.5,normal,159.0,84,90,70,15,flying,medium,wings,purple,Bat Pokémon,"Once it strikes, it will not stop draining energy from the victim even if it gets too heavy to fly.",zubat --> golbat --> crobat,3,2,0,1.0,1.0,1.0,2.0,0.25,2.0,0.25,0.5,0.0,1.0,2.0,0.25,2.0,1.0,1.0,1.0,1.0,0.5
43,oddish,oddish,1,grass,poison,2,chlorophyll,run-away,45,0.14,50,0.16,55,0.17,75,0.23,65,0.2,30,0.09,320,sp_attack,125,165,slow,205.56,2,slightly_specialized,0.23,lower_mid_tier,0.2,bottom_tier,4,5,0,-1.5,exposed,weak_slow,exposed-weak_slow,0.5,5.4,21.6,light,0,0.5,normal,64.0,74,255,70,20,plant,medium-slow,legs,blue,Weed Pokémon,"During the day, it keeps its face buried in the ground. At night, it wanders around sowing its seeds.",oddish --> gloom --> vileplume,3,1,0,1.0,2.0,0.5,0.5,0.25,2.0,0.5,1.0,1.0,2.0,2.0,1.0,1.0,1.0,1.0,1.0,1.0,0.5
44,gloom,gloom,1,grass,poison,2,chlorophyll,stench,60,0.15,65,0.16,70,0.18,85,0.22,75,0.19,40,0.1,395,sp_attack,150,205,slow,195.14,2,balanced,0.41,mid_tier,0.32,lower_mid_tier,4,5,0,-1.5,exposed,slow_attacker,exposed-slow_attacker,0.8,8.6,13.44,light,0,0.5,normal,138.0,78,120,70,20,plant,medium-slow,humanoid,blue,Weed Pokémon,The fluid that oozes from its mouth isn't drool. It is a nectar that is used to attract prey.,oddish --> gloom --> vileplume,3,2,0,1.0,2.0,0.5,0.5,0.25,2.0,0.5,1.0,1.0,2.0,2.0,1.0,1.0,1.0,1.0,1.0,1.0,0.5
45,vileplume,vileplume,1,grass,poison,2,chlorophyll,effect-spore,75,0.15,80,0.16,85,0.17,110,0.22,90,0.18,50,0.1,490,sp_attack,190,250,slow,322.22,3,slightly_specialized,0.66,upper_mid_tier,0.58,mid_tier,4,5,0,-1.5,exposed,attacker,exposed-attacker,1.2,18.6,12.92,very_light,0,0.5,normal,221.0,86,45,70,20,plant,medium-slow,humanoid,red,Flower Pokémon,"It has the world’s largest petals. With every step, the petals shake out heavy clouds of toxic pollen.",oddish --> gloom --> vileplume,3,3,1,1.0,2.0,0.5,0.5,0.25,2.0,0.5,1.0,1.0,2.0,2.0,1.0,1.0,1.0,1.0,1.0,1.0,0.5
46,paras,paras,1,bug,grass,2,"effect-spore, dry-skin",damp,35,0.12,70,0.25,55,0.19,45,0.16,55,0.19,25,0.09,285,attack,115,145,slow,214.58,2,slightly_specialized,0.07,bottom_tier,0.1,bottom_tier,6,5,0,-3.5,frail,weak_slow,frail-weak_slow,0.3,5.4,60.0,very_heavy,0,0.5,normal,57.0,87,190,70,20,"bug, plant",medium,armor,red,Mushroom Pokémon,Burrows to suck tree roots. The mushrooms on its back grow by draw­ ing nutrients from the bug host.,paras --> parasect,2,1,0,1.0,4.0,0.5,0.5,0.25,2.0,0.5,2.0,0.25,4.0,1.0,2.0,2.0,1.0,1.0,1.0,1.0,1.0
47,parasect,parasect,1,bug,grass,2,"effect-spore, dry-skin",damp,60,0.15,95,0.23,80,0.2,60,0.15,80,0.2,30,0.07,405,attack,155,220,slow,431.25,4,slightly_specialized,0.44,mid_tier,0.34,lower_mid_tier,6,5,0,-3.5,frail,slow_attacker,frail-slow_attacker,1.0,29.5,29.5,average,0,0.5,normal,142.0,80,75,70,20,"bug, plant",medium,armor,red,Mushroom Pokémon,A host-parasite pair in which the parasite mushroom has taken over the host bug. Prefers damp places.,paras --> parasect,2,2,1,1.0,4.0,0.5,0.5,0.25,2.0,0.5,2.0,0.25,4.0,1.0,2.0,2.0,1.0,1.0,1.0,1.0,1.0
48,venonat,venonat,1,bug,poison,2,"compound-eyes, tinted-lens",run-away,60,0.2,55,0.18,50,0.16,40,0.13,55,0.18,45,0.15,305,hp,95,165,slow,45.14,1,balanced,0.14,bottom_tier,0.15,bottom_tier,4,5,0,-1.5,exposed,weak_slow,exposed-weak_slow,1.0,30.0,30.0,average,0,0.5,normal,61.0,74,190,70,20,bug,medium,humanoid,purple,Insect Pokémon,Lives in the shadows of tall trees where it eats insects. It is attracted by light at night.,venonat --> venomoth,2,1,0,1.0,2.0,1.0,1.0,0.25,1.0,0.25,0.5,1.0,2.0,2.0,0.5,2.0,1.0,1.0,1.0,1.0,0.5
49,venomoth,venomoth,1,bug,poison,2,"shield-dust, tinted-lens",wonder-skin,70,0.16,65,0.14,60,0.13,90,0.2,75,0.17,90,0.2,450,sp_attack,155,205,average,133.33,2,balanced,0.55,mid_tier,0.43,mid_tier,4,5,0,-1.5,exposed,midrange,exposed-midrange,1.5,12.5,5.56,very_light,0,0.5,normal,158.0,93,75,70,20,bug,medium,bug-wings,purple,Poison Moth Pokémon,The dustlike scales covering its wings are color-coded to indicate the kinds of poison it has.,venonat --> venomoth,2,2,1,1.0,2.0,1.0,1.0,0.25,1.0,0.25,0.5,1.0,2.0,2.0,0.5,2.0,1.0,1.0,1.0,1.0,0.5
50,diglett,diglett,1,ground,,1,"sand-veil, arena-trap",sand-force,10,0.04,55,0.21,25,0.09,35,0.13,45,0.17,95,0.36,265,speed,90,80,average,720.14,5,specialized,0.05,bottom_tier,0.08,bottom_tier,3,2,1,-0.5,exposed,fragile,exposed-fragile,0.2,0.8,20.0,light,0,0.5,normal,53.0,82,255,70,20,ground,medium,blob,brown,Mole Pokémon,Lives about one yard underground where it feeds on plant roots. It sometimes appears above ground.,diglett --> dugtrio,2,1,0,1.0,1.0,2.0,0.0,2.0,2.0,1.0,0.5,1.0,1.0,1.0,1.0,0.5,1.0,1.0,1.0,1.0,1.0
50,diglett,diglett-alola,1,ground,steel,2,"sand-veil, tangling-hair",sand-force,10,0.04,55,0.21,30,0.11,35,0.13,45,0.17,90,0.34,265,speed,90,85,average,611.81,4,specialized,0.05,bottom_tier,0.08,bottom_tier,4,8,2,3.0,iron,fragile,iron-fragile,0.2,1.0,25.0,average,0,0.5,normal,53.0,78,255,70,20,ground,medium,blob,brown,Mole Pokémon,Lives about one yard underground where it feeds on plant roots. It sometimes appears above ground.,diglett --> dugtrio,2,1,0,0.5,2.0,2.0,0.0,1.0,1.0,2.0,0.0,2.0,0.5,0.5,0.5,0.25,1.0,0.5,1.0,0.5,0.5
51,dugtrio,dugtrio,1,ground,,1,"sand-veil, arena-trap",sand-force,35,0.08,100,0.24,50,0.12,50,0.12,70,0.16,120,0.28,425,speed,150,155,fast,903.47,5,highly_specialized,0.49,mid_tier,0.4,lower_mid_tier,3,2,1,-0.5,exposed,midrange,exposed-midrange,0.7,33.3,67.96,very_heavy,0,0.5,normal,149.0,83,50,70,20,ground,medium,heads,brown,Mole Pokémon,A team of DIGLETT triplets. It triggers huge earthquakes by burrowing 60 miles underground.,diglett --> dugtrio,2,2,1,1.0,1.0,2.0,0.0,2.0,2.0,1.0,0.5,1.0,1.0,1.0,1.0,0.5,1.0,1.0,1.0,1.0,1.0
51,dugtrio,dugtrio-alola,1,ground,steel,2,"sand-veil, tangling-hair",sand-force,35,0.08,100,0.24,60,0.14,50,0.12,70,0.16,110,0.26,425,speed,150,165,fast,703.47,5,specialized,0.49,mid_tier,0.4,lower_mid_tier,4,8,2,3.0,iron,midrange,iron-midrange,0.7,66.6,135.92,very_heavy,0,0.5,normal,149.0,82,50,70,20,ground,medium,heads,brown,Mole Pokémon,A team of DIGLETT triplets. It triggers huge earthquakes by burrowing 60 miles underground.,diglett --> dugtrio,2,2,1,0.5,2.0,2.0,0.0,1.0,1.0,2.0,0.0,2.0,0.5,0.5,0.5,0.25,1.0,0.5,1.0,0.5,0.5
52,meowth,meowth,1,normal,,1,"pickup, technician",unnerve,40,0.14,45,0.16,35,0.12,40,0.14,40,0.14,90,0.31,290,speed,85,115,average,355.56,3,slightly_specialized,0.09,bottom_tier,0.11,bottom_tier,1,0,1,0.5,solid,fragile,solid-fragile,0.4,4.2,26.25,average,0,0.5,normal,58.0,110,255,70,20,ground,medium,quadruped,yellow,Scratch Cat Pokémon,It washes its face regularly to keep the coin on its forehead spotless. It doesn’t get along with Galarian Meowth.,meowth --> persian,2,1,0,1.0,1.0,1.0,1.0,1.0,1.0,2.0,1.0,1.0,1.0,1.0,1.0,1.0,0.0,1.0,1.0,1.0,1.0
52,meowth,meowth-alola,1,dark,,1,"pickup, technician",rattled,40,0.14,35,0.12,35,0.12,50,0.17,40,0.14,90,0.31,290,speed,85,115,average,372.22,3,slightly_specialized,0.09,bottom_tier,0.11,bottom_tier,3,2,1,-0.5,exposed,fragile,exposed-fragile,0.4,4.2,26.25,average,0,0.5,normal,58.0,94,255,70,20,ground,medium,quadruped,yellow,Scratch Cat Pokémon,It washes its face regularly to keep the coin on its forehead spotless. It doesn’t get along with Galarian Meowth.,meowth --> persian,2,1,0,1.0,1.0,1.0,1.0,1.0,1.0,2.0,1.0,1.0,1.0,0.0,2.0,1.0,0.5,1.0,0.5,1.0,2.0
52,meowth,meowth-galar,1,steel,,1,"pickup, tough-claws",unnerve,50,0.17,65,0.22,55,0.19,40,0.14,40,0.14,40,0.14,290,attack,105,145,slow,88.89,1,balanced,0.09,bottom_tier,0.11,bottom_tier,3,10,1,3.5,iron,weak_slow,iron-weak_slow,0.4,7.5,46.87,very_heavy,0,0.5,normal,58.0,76,255,70,20,ground,medium,quadruped,yellow,Scratch Cat Pokémon,It washes its face regularly to keep the coin on its forehead spotless. It doesn’t get along with Galarian Meowth.,meowth --> persian,2,1,0,0.5,2.0,1.0,1.0,0.5,0.5,2.0,0.0,2.0,0.5,0.5,0.5,0.5,1.0,0.5,1.0,0.5,0.5
52,meowth,meowth-gmax,1,normal,,1,"pickup, technician",unnerve,40,0.14,45,0.16,35,0.12,40,0.14,40,0.14,90,0.31,290,speed,85,115,average,355.56,3,slightly_specialized,0.09,bottom_tier,0.11,bottom_tier,1,0,1,0.5,solid,fragile,solid-fragile,33.0,1000.0,0.92,very_light,0,0.5,normal,58.0,0,255,70,20,ground,medium,quadruped,yellow,Scratch Cat Pokémon,It washes its face regularly to keep the coin on its forehead spotless. It doesn’t get along with Galarian Meowth.,meowth --> persian,2,1,0,1.0,1.0,1.0,1.0,1.0,1.0,2.0,1.0,1.0,1.0,1.0,1.0,1.0,0.0,1.0,1.0,1.0,1.0
53,persian,persian,1,normal,,1,"limber, technician",unnerve,65,0.15,70,0.16,60,0.14,65,0.15,65,0.15,115,0.26,440,speed,135,190,fast,355.56,3,slightly_specialized,0.52,mid_tier,0.42,mid_tier,1,0,1,0.5,solid,midrange,solid-midrange,1.0,32.0,32.0,heavy,0,0.5,normal,154.0,110,90,70,20,ground,medium,quadruped,yellow,Classy Cat Pokémon,"Although its fur has many admirers, it is tough to raise as a pet because of its fickle meanness.",meowth --> persian,2,2,1,1.0,1.0,1.0,1.0,1.0,1.0,2.0,1.0,1.0,1.0,1.0,1.0,1.0,0.0,1.0,1.0,1.0,1.0
53,persian,persian-alola,1,dark,,1,"fur-coat, technician",rattled,65,0.15,60,0.14,60,0.14,75,0.17,65,0.15,115,0.26,440,speed,135,190,fast,372.22,3,slightly_specialized,0.52,mid_tier,0.42,mid_tier,3,2,1,-0.5,exposed,midrange,exposed-midrange,1.1,33.0,27.27,average,0,0.5,normal,154.0,97,90,70,20,ground,medium,quadruped,yellow,Classy Cat Pokémon,"Although its fur has many admirers, it is tough to raise as a pet because of its fickle meanness.",meowth --> persian,2,2,1,1.0,1.0,1.0,1.0,1.0,1.0,2.0,1.0,1.0,1.0,0.0,2.0,1.0,0.5,1.0,0.5,1.0,2.0
54,psyduck,psyduck,1,water,,1,"damp, cloud-nine",swift-swim,50,0.16,52,0.16,48,0.15,65,0.2,50,0.16,55,0.17,320,sp_attack,117,148,slow,31.89,1,balanced,0.23,lower_mid_tier,0.2,bottom_tier,2,4,0,0.0,neutral,weak_slow,neutral-weak_slow,0.8,19.6,30.62,average,0,0.5,normal,64.0,120,190,70,20,"water1, ground",medium,upright,yellow,Duck Pokémon,"While lulling its enemies with its vacant look, this wily POKéMON will use psychokinetic powers.",psyduck --> golduck,2,1,0,1.0,0.5,0.5,2.0,2.0,0.5,1.0,1.0,1.0,1.0,1.0,1.0,1.0,1.0,1.0,1.0,0.5,1.0
55,golduck,golduck,1,water,,1,"damp, cloud-nine",swift-swim,80,0.16,82,0.16,78,0.16,95,0.19,80,0.16,85,0.17,500,sp_attack,177,238,average,31.89,1,balanced,0.74,upper_mid_tier,0.66,upper_mid_tier,2,4,0,0.0,neutral,midrange,neutral-midrange,1.7,76.6,26.51,average,0,0.5,normal,175.0,124,75,70,20,"water1, ground",medium,upright,blue,Duck Pokémon,"Often seen swim­ ming elegantly by lake shores. It is often mistaken for the Japanese monster, Kappa.",psyduck --> golduck,2,2,1,1.0,0.5,0.5,2.0,2.0,0.5,1.0,1.0,1.0,1.0,1.0,1.0,1.0,1.0,1.0,1.0,0.5,1.0
56,mankey,mankey,1,fighting,,1,"vital-spirit, anger-point",defiant,40,0.13,80,0.26,35,0.11,35,0.11,45,0.15,70,0.23,305,attack,115,120,average,311.81,3,slightly_specialized,0.14,bottom_tier,0.15,bottom_tier,3,3,0,-1.5,exposed,fragile,exposed-fragile,0.5,28.0,112.0,very_heavy,0,0.5,normal,61.0,118,190,70,20,ground,medium,upright,brown,Pig Monkey Pokémon,Extremely quick to anger. It could be docile one moment then thrashing away the next instant.,mankey --> primeape --> annihilape,3,1,0,1.0,1.0,1.0,1.0,1.0,1.0,1.0,1.0,1.0,2.0,2.0,0.5,0.5,1.0,1.0,0.5,1.0,2.0
57,primeape,primeape,1,fighting,,1,"vital-spirit, anger-point",defiant,65,0.14,105,0.23,60,0.13,60,0.13,70,0.15,95,0.21,455,attack,165,195,average,311.81,3,slightly_specialized,0.57,mid_tier,0.45,mid_tier,3,3,0,-1.5,exposed,midrange,exposed-midrange,1.0,32.0,32.0,heavy,0,0.5,normal,159.0,115,75,70,20,ground,medium,upright,brown,Pig Monkey Pokémon,Always furious and tenacious to boot. It will not abandon chasing its quarry until it is caught.,mankey --> primeape --> annihilape,3,2,0,1.0,1.0,1.0,1.0,1.0,1.0,1.0,1.0,1.0,2.0,2.0,0.5,0.5,1.0,1.0,0.5,1.0,2.0
58,growlithe,growlithe,1,fire,,1,"intimidate, flash-fire",justified,55,0.16,70,0.2,45,0.13,70,0.2,50,0.14,60,0.17,350,attack,140,150,average,88.89,1,balanced,0.35,lower_mid_tier,0.28,lower_mid_tier,3,6,0,0.0,neutral,midrange,neutral-midrange,0.7,19.0,38.78,heavy,0,0.25,normal,70.0,81,190,70,20,ground,slow,quadruped,brown,Puppy Pokémon,Very protective of its territory. It will bark and bite to repel intruders from its space.,growlithe --> arcanine,2,1,0,1.0,0.5,2.0,1.0,0.5,0.5,1.0,1.0,2.0,1.0,1.0,0.5,2.0,1.0,1.0,1.0,0.5,0.5
58,growlithe,growlithe-hisui,1,fire,rock,2,"intimidate, flash-fire",rock-head,60,0.17,75,0.21,45,0.13,65,0.19,50,0.14,55,0.16,350,attack,140,155,slow,97.22,1,balanced,0.35,lower_mid_tier,0.28,lower_mid_tier,4,7,0,-0.5,exposed,slow_attacker,exposed-slow_attacker,0.8,22.7,35.47,heavy,0,0.25,normal,70.0,61,190,70,20,ground,slow,quadruped,brown,Puppy Pokémon,Very protective of its territory. It will bark and bite to repel intruders from its space.,growlithe --> arcanine,2,1,0,0.5,0.25,4.0,1.0,1.0,0.5,2.0,0.5,4.0,0.5,1.0,0.5,2.0,1.0,1.0,1.0,1.0,0.5
59,arcanine,arcanine,1,fire,,1,"intimidate, flash-fire",justified,90,0.16,110,0.2,80,0.14,100,0.18,80,0.14,95,0.17,555,attack,210,250,average,114.58,1,balanced,0.88,top_tier,0.81,top_tier,3,6,0,0.0,neutral,sweeper,neutral-sweeper,1.9,155.0,42.94,heavy,0,0.25,normal,194.0,90,75,70,20,ground,slow,quadruped,brown,Legendary Pokémon,A POKéMON that has been admired since the past for its beauty. It runs agilely as if on wings.,growlithe --> arcanine,2,2,1,1.0,0.5,2.0,1.0,0.5,0.5,1.0,1.0,2.0,1.0,1.0,0.5,2.0,1.0,1.0,1.0,0.5,0.5
59,arcanine,arcanine-hisui,1,fire,rock,2,"intimidate, flash-fire",rock-head,95,0.17,115,0.21,80,0.14,95,0.17,80,0.14,90,0.16,555,attack,210,255,average,139.58,2,balanced,0.88,top_tier,0.81,top_tier,4,7,0,-0.5,exposed,sweeper,exposed-sweeper,2.0,168.0,42.0,heavy,0,0.25,normal,194.0,68,75,70,20,ground,slow,quadruped,brown,Legendary Pokémon,A POKéMON that has been admired since the past for its beauty. It runs agilely as if on wings.,growlithe --> arcanine,2,2,1,0.5,0.25,4.0,1.0,1.0,0.5,2.0,0.5,4.0,0.5,1.0,0.5,2.0,1.0,1.0,1.0,1.0,0.5
60,poliwag,poliwag,1,water,,1,"water-absorb, damp",swift-swim,40,0.13,50,0.17,40,0.13,40,0.13,40,0.13,90,0.3,300,speed,90,120,average,333.33,3,slightly_specialized,0.12,bottom_tier,0.13,bottom_tier,2,4,0,0.0,neutral,fragile,neutral-fragile,0.6,12.4,34.44,heavy,0,0.5,normal,60.0,77,255,70,20,water1,medium-slow,legs,blue,Tadpole Pokémon,Its newly grown legs prevent it from running. It appears to prefer swimming than trying to stand.,poliwag --> poliwhirl --> poliwrath,3,1,0,1.0,0.5,0.5,2.0,2.0,0.5,1.0,1.0,1.0,1.0,1.0,1.0,1.0,1.0,1.0,1.0,0.5,1.0
61,poliwhirl,poliwhirl,1,water,,1,"water-absorb, damp",swift-swim,65,0.17,65,0.17,65,0.17,50,0.13,50,0.13,90,0.23,385,speed,115,180,average,178.47,2,balanced,0.38,lower_mid_tier,0.31,lower_mid_tier,2,4,0,0.0,neutral,fragile,neutral-fragile,1.0,20.0,20.0,light,0,0.5,normal,135.0,91,120,70,20,water1,medium-slow,humanoid,blue,Tadpole Pokémon,"Capable of living in or out of water. When out of water, it sweats to keep its body slimy.",poliwag --> poliwhirl --> poliwrath,3,2,0,1.0,0.5,0.5,2.0,2.0,0.5,1.0,1.0,1.0,1.0,1.0,1.0,1.0,1.0,1.0,1.0,0.5,1.0
62,poliwrath,poliwrath,1,water,fighting,2,"water-absorb, damp",swift-swim,90,0.18,95,0.19,95,0.19,70,0.14,90,0.18,70,0.14,510,attack,165,275,average,116.67,1,balanced,0.79,upper_mid_tier,0.7,upper_mid_tier,5,7,0,-1.5,exposed,bulky,exposed-bulky,1.3,54.0,31.95,heavy,0,0.5,normal,230.0,116,45,70,20,water1,medium-slow,humanoid,blue,Tadpole Pokémon,An adept swimmer at both the front crawl and breast stroke. Easily overtakes the best human swimmers.,poliwag --> poliwhirl --> poliwrath,3,3,1,1.0,0.5,0.5,2.0,2.0,0.5,1.0,1.0,1.0,2.0,2.0,0.5,0.5,1.0,1.0,0.5,0.5,2.0
63,abra,abra,1,psychic,,1,"synchronize, inner-focus",magic-guard,25,0.08,20,0.06,15,0.05,105,0.34,55,0.18,90,0.29,310,sp_attack,125,95,average,1230.56,5,highly_specialized,0.16,bottom_tier,0.17,bottom_tier,3,2,0,-2.0,frail,fragile,frail-fragile,0.9,19.5,24.07,average,0,0.25,normal,62.0,96,200,70,20,humanshape,medium-slow,upright,brown,Psi Pokémon,"Using its ability to read minds, it will identify impending danger and TELEPORT to safety.",abra --> kadabra --> alakazam,3,1,0,1.0,1.0,1.0,1.0,1.0,1.0,0.5,1.0,1.0,1.0,0.5,2.0,1.0,2.0,1.0,2.0,1.0,1.0
64,kadabra,kadabra,1,psychic,,1,"synchronize, inner-focus",magic-guard,40,0.1,35,0.09,30,0.08,120,0.3,70,0.18,105,0.26,400,sp_attack,155,140,fast,1230.56,5,highly_specialized,0.42,mid_tier,0.33,lower_mid_tier,3,2,0,-2.0,frail,midrange,frail-midrange,1.3,56.5,33.43,heavy,0,0.25,normal,140.0,103,100,70,20,humanshape,medium-slow,upright,brown,Psi Pokémon,It emits special alpha waves from its body that induce headaches just by being close by.,abra --> kadabra --> alakazam,3,2,0,1.0,1.0,1.0,1.0,1.0,1.0,0.5,1.0,1.0,1.0,0.5,2.0,1.0,2.0,1.0,2.0,1.0,1.0
65,alakazam,alakazam,1,psychic,,1,"synchronize, inner-focus",magic-guard,55,0.11,50,0.1,45,0.09,135,0.27,95,0.19,120,0.24,500,sp_attack,185,195,fast,1255.56,5,highly_specialized,0.74,upper_mid_tier,0.66,upper_mid_tier,3,2,0,-2.0,frail,sweeper,frail-sweeper,1.5,48.0,21.33,light,0,0.25,normal,225.0,111,50,70,20,humanshape,medium-slow,humanoid,brown,Psi Pokémon,"Its brain can out­ perform a super­ computer. Its intelligence quotient is said to be 5,000.",abra --> kadabra --> alakazam,3,3,1,1.0,1.0,1.0,1.0,1.0,1.0,0.5,1.0,1.0,1.0,0.5,2.0,1.0,2.0,1.0,2.0,1.0,1.0
65,alakazam,alakazam-mega,1,psychic,,1,trace,,55,0.09,50,0.08,65,0.11,175,0.29,105,0.18,150,0.25,600,sp_attack,225,225,fast,2316.67,5,extreme,0.95,top_tier,0.9,top_tier,3,2,0,-2.0,frail,sweeper,frail-sweeper,1.2,48.0,33.33,heavy,0,0.25,normal,270.0,81,50,70,20,humanshape,medium-slow,humanoid,brown,Psi Pokémon,"Its brain can out­ perform a super­ computer. Its intelligence quotient is said to be 5,000.",abra --> kadabra --> alakazam,3,3,1,1.0,1.0,1.0,1.0,1.0,1.0,0.5,1.0,1.0,1.0,0.5,2.0,1.0,2.0,1.0,2.0,1.0,1.0
66,machop,machop,1,fighting,,1,"guts, no-guard",steadfast,70,0.23,80,0.26,50,0.16,35,0.11,35,0.11,35,0.11,305,attack,115,155,slow,328.47,3,slightly_specialized,0.14,bottom_tier,0.15,bottom_tier,3,3,0,-1.5,exposed,weak_slow,exposed-weak_slow,0.8,19.5,30.47,average,0,0.25,normal,61.0,99,180,70,20,humanshape,medium-slow,upright,gray,Superpower Pokémon,Loves to build its muscles. It trains in all styles of martial arts to become even stronger.,machop --> machoke --> machamp,3,1,0,1.0,1.0,1.0,1.0,1.0,1.0,1.0,1.0,1.0,2.0,2.0,0.5,0.5,1.0,1.0,0.5,1.0,2.0
67,machoke,machoke,1,fighting,,1,"guts, no-guard",steadfast,80,0.2,100,0.25,70,0.17,50,0.12,60,0.15,45,0.11,405,attack,150,210,slow,347.92,3,slightly_specialized,0.44,mid_tier,0.34,lower_mid_tier,3,3,0,-1.5,exposed,slow_attacker,exposed-slow_attacker,1.5,70.5,31.33,heavy,0,0.25,normal,142.0,94,90,70,20,humanshape,medium-slow,humanoid,gray,Superpower Pokémon,"Its muscular body is so powerful, it must wear a power save belt to be able to regulate its motions.",machop --> machoke --> machamp,3,2,0,1.0,1.0,1.0,1.0,1.0,1.0,1.0,1.0,1.0,2.0,2.0,0.5,0.5,1.0,1.0,0.5,1.0,2.0
68,machamp,machamp,1,fighting,,1,"guts, no-guard",steadfast,90,0.18,130,0.26,80,0.16,65,0.13,85,0.17,55,0.11,505,attack,195,255,slow,561.81,4,specialized,0.77,upper_mid_tier,0.68,upper_mid_tier,3,3,0,-1.5,exposed,attacker,exposed-attacker,1.6,130.0,50.78,very_heavy,0,0.25,normal,227.0,105,45,70,20,humanshape,medium-slow,humanoid,gray,Superpower Pokémon,"Using its heavy muscles, it throws powerful punches that can send the victim clear over the horizon.",machop --> machoke --> machamp,3,3,1,1.0,1.0,1.0,1.0,1.0,1.0,1.0,1.0,1.0,2.0,2.0,0.5,0.5,1.0,1.0,0.5,1.0,2.0
68,machamp,machamp-gmax,1,fighting,,1,"guts, no-guard",steadfast,90,0.18,130,0.26,80,0.16,65,0.13,85,0.17,55,0.11,505,attack,195,255,slow,561.81,4,specialized,0.77,upper_mid_tier,0.68,upper_mid_tier,3,3,0,-1.5,exposed,attacker,exposed-attacker,25.0,1000.0,1.6,very_light,0,0.25,normal,227.0,0,45,70,20,humanshape,medium-slow,humanoid,gray,Superpower Pokémon,"Using its heavy muscles, it throws powerful punches that can send the victim clear over the horizon.",machop --> machoke --> machamp,3,3,1,1.0,1.0,1.0,1.0,1.0,1.0,1.0,1.0,1.0,2.0,2.0,0.5,0.5,1.0,1.0,0.5,1.0,2.0
69,bellsprout,bellsprout,1,grass,poison,2,chlorophyll,gluttony,50,0.17,75,0.25,35,0.12,70,0.23,30,0.1,40,0.13,300,attack,145,115,slow,291.67,3,slightly_specialized,0.12,bottom_tier,0.13,bottom_tier,4,5,0,-1.5,exposed,slow_attacker,exposed-slow_attacker,0.7,4.0,8.16,very_light,0,0.5,normal,60.0,80,255,70,20,plant,medium-slow,humanoid,green,Flower Pokémon,A carnivorous POKéMON that traps and eats bugs. It uses its root feet to soak up needed moisture.,bellsprout --> weepinbell --> victreebel,3,1,0,1.0,2.0,0.5,0.5,0.25,2.0,0.5,1.0,1.0,2.0,2.0,1.0,1.0,1.0,1.0,1.0,1.0,0.5
70,weepinbell,weepinbell,1,grass,poison,2,chlorophyll,gluttony,65,0.17,90,0.23,50,0.13,85,0.22,45,0.12,55,0.14,390,attack,175,160,slow,291.67,3,slightly_specialized,0.39,lower_mid_tier,0.32,lower_mid_tier,4,5,0,-1.5,exposed,slow_attacker,exposed-slow_attacker,1.0,6.4,6.4,very_light,0,0.5,normal,137.0,83,120,70,20,plant,medium-slow,blob,green,Flycatcher Pokémon,It spits out POISONPOWDER to immobilize the enemy and then finishes it with a spray of ACID.,bellsprout --> weepinbell --> victreebel,3,2,0,1.0,2.0,0.5,0.5,0.25,2.0,0.5,1.0,1.0,2.0,2.0,1.0,1.0,1.0,1.0,1.0,1.0,0.5
71,victreebel,victreebel,1,grass,poison,2,chlorophyll,gluttony,80,0.16,105,0.21,65,0.13,100,0.2,70,0.14,70,0.14,490,attack,205,215,average,238.89,2,slightly_specialized,0.66,upper_mid_tier,0.58,mid_tier,4,5,0,-1.5,exposed,attacker,exposed-attacker,1.7,15.5,5.36,very_light,0,0.5,normal,221.0,89,45,70,20,plant,medium-slow,blob,green,Flycatcher Pokémon,"Said to live in huge colonies deep in jungles, although no one has ever returned from there.",bellsprout --> weepinbell --> victreebel,3,3,1,1.0,2.0,0.5,0.5,0.25,2.0,0.5,1.0,1.0,2.0,2.0,1.0,1.0,1.0,1.0,1.0,1.0,0.5
71,victreebel,victreebel-mega,1,grass,poison,2,,,80,0.14,125,0.21,85,0.14,135,0.23,95,0.16,70,0.12,590,sp_attack,260,260,average,563.89,4,specialized,0.93,top_tier,0.88,top_tier,4,5,0,-1.5,exposed,bulky_attacker,exposed-bulky_attacker,4.5,125.5,6.2,very_light,0,0.5,normal,,0,45,70,20,plant,medium-slow,blob,green,Flycatcher Pokémon,"Said to live in huge colonies deep in jungles, although no one has ever returned from there.",bellsprout --> weepinbell --> victreebel,3,3,1,1.0,2.0,0.5,0.5,0.25,2.0,0.5,1.0,1.0,2.0,2.0,1.0,1.0,1.0,1.0,1.0,1.0,0.5
72,tentacool,tentacool,1,water,poison,2,"clear-body, liquid-ooze",rain-dish,40,0.12,40,0.12,35,0.1,50,0.15,100,0.3,70,0.21,335,sp_defense,90,175,average,520.14,4,specialized,0.32,lower_mid_tier,0.24,lower_mid_tier,3,8,0,1.0,solid,fragile,solid-fragile,0.9,45.5,56.17,very_heavy,0,0.5,normal,67.0,92,190,70,20,water3,slow,tentacles,blue,Jellyfish Pokémon,Drifts in shallow seas. Anglers who hook them by accident are often punished by its stinging acid.,tentacool --> tentacruel,2,1,0,1.0,0.5,0.5,2.0,1.0,0.5,0.5,0.5,2.0,1.0,2.0,0.5,1.0,1.0,1.0,1.0,0.5,0.5
73,tentacruel,tentacruel,1,water,poison,2,"clear-body, liquid-ooze",rain-dish,80,0.16,70,0.14,65,0.13,80,0.16,120,0.23,100,0.19,515,sp_defense,150,265,fast,353.47,3,slightly_specialized,0.79,upper_mid_tier,0.72,upper_mid_tier,3,8,0,1.0,solid,bulky_speedster,solid-bulky_speedster,1.6,55.0,21.48,light,0,0.5,normal,180.0,100,60,70,20,water3,slow,tentacles,blue,Jellyfish Pokémon,"The tentacles are normally kept short. On hunts, they are extended to ensnare and immobilize prey.",tentacool --> tentacruel,2,2,1,1.0,0.5,0.5,2.0,1.0,0.5,0.5,0.5,2.0,1.0,2.0,0.5,1.0,1.0,1.0,1.0,0.5,0.5
74,geodude,geodude,1,rock,ground,2,"rock-head, sturdy",sand-veil,40,0.13,80,0.27,100,0.33,30,0.1,30,0.1,20,0.07,300,defense,110,170,slow,866.67,5,specialized,0.12,bottom_tier,0.13,bottom_tier,6,5,1,-2.0,frail,weak_slow,frail-weak_slow,0.4,20.0,125.0,very_heavy,0,0.5,normal,60.0,86,255,70,15,mineral,medium-slow,arms,brown,Rock Pokémon,"Found in fields and mountains. Mistaking them for boulders, people often step or trip on them.",geodude --> graveler --> golem,3,1,0,0.5,0.5,4.0,0.0,4.0,2.0,2.0,0.25,2.0,0.5,1.0,1.0,0.5,1.0,1.0,1.0,2.0,1.0
74,geodude,geodude-alola,1,rock,electric,2,"magnet-pull, sturdy",galvanize,40,0.13,80,0.27,100,0.33,30,0.1,30,0.1,20,0.07,300,defense,110,170,slow,866.67,5,specialized,0.12,bottom_tier,0.13,bottom_tier,4,5,0,-1.5,exposed,weak_slow,exposed-weak_slow,0.4,20.3,126.87,very_heavy,0,0.5,normal,60.0,79,255,70,15,mineral,medium-slow,arms,brown,Rock Pokémon,"Found in fields and mountains. Mistaking them for boulders, people often step or trip on them.",geodude --> graveler --> golem,3,1,0,0.5,0.5,2.0,0.5,2.0,1.0,2.0,0.5,4.0,0.25,1.0,1.0,1.0,1.0,1.0,1.0,1.0,1.0
75,graveler,graveler,1,rock,ground,2,"rock-head, sturdy",sand-veil,55,0.14,95,0.24,115,0.29,45,0.12,45,0.12,35,0.09,390,defense,140,215,slow,866.67,5,specialized,0.39,lower_mid_tier,0.32,lower_mid_tier,6,5,1,-2.0,frail,slow_attacker,frail-slow_attacker,1.0,105.0,105.0,very_heavy,0,0.5,normal,137.0,90,120,70,15,mineral,medium-slow,humanoid,brown,Rock Pokémon,Rolls down slopes to move. It rolls over any obstacle without slowing or changing its direction.,geodude --> graveler --> golem,3,2,0,0.5,0.5,4.0,0.0,4.0,2.0,2.0,0.25,2.0,0.5,1.0,1.0,0.5,1.0,1.0,1.0,2.0,1.0
75,graveler,graveler-alola,1,rock,electric,2,"magnet-pull, sturdy",galvanize,55,0.14,95,0.24,115,0.29,45,0.12,45,0.12,35,0.09,390,defense,140,215,slow,866.67,5,specialized,0.39,lower_mid_tier,0.32,lower_mid_tier,4,5,0,-1.5,exposed,slow_attacker,exposed-slow_attacker,1.0,110.0,110.0,very_heavy,0,0.5,normal,137.0,85,120,70,15,mineral,medium-slow,humanoid,brown,Rock Pokémon,Rolls down slopes to move. It rolls over any obstacle without slowing or changing its direction.,geodude --> graveler --> golem,3,2,0,0.5,0.5,2.0,0.5,2.0,1.0,2.0,0.5,4.0,0.25,1.0,1.0,1.0,1.0,1.0,1.0,1.0,1.0
76,golem,golem,1,rock,ground,2,"rock-head, sturdy",sand-veil,80,0.16,120,0.24,130,0.26,55,0.11,65,0.13,45,0.09,495,defense,175,275,slow,1022.92,5,highly_specialized,0.7,upper_mid_tier,0.62,upper_mid_tier,6,5,1,-2.0,frail,tank,frail-tank,1.4,300.0,153.06,very_heavy,0,0.5,normal,223.0,96,45,70,15,mineral,medium-slow,humanoid,brown,Megaton Pokémon,Its boulder-like body is extremely hard. It can easily withstand dynamite blasts without damage.,geodude --> graveler --> golem,3,3,1,0.5,0.5,4.0,0.0,4.0,2.0,2.0,0.25,2.0,0.5,1.0,1.0,0.5,1.0,1.0,1.0,2.0,1.0
76,golem,golem-alola,1,rock,electric,2,"magnet-pull, sturdy",galvanize,80,0.16,120,0.24,130,0.26,55,0.11,65,0.13,45,0.09,495,defense,175,275,slow,1022.92,5,highly_specialized,0.7,upper_mid_tier,0.62,upper_mid_tier,4,5,0,-1.5,exposed,tank,exposed-tank,1.7,316.0,109.34,very_heavy,0,0.5,normal,223.0,93,45,70,15,mineral,medium-slow,humanoid,brown,Megaton Pokémon,Its boulder-like body is extremely hard. It can easily withstand dynamite blasts without damage.,geodude --> graveler --> golem,3,3,1,0.5,0.5,2.0,0.5,2.0,1.0,2.0,0.5,4.0,0.25,1.0,1.0,1.0,1.0,1.0,1.0,1.0,1.0
77,ponyta,ponyta,1,fire,,1,"run-away, flash-fire",flame-body,50,0.12,85,0.21,55,0.13,65,0.16,65,0.16,90,0.22,410,speed,150,170,average,213.89,2,slightly_specialized,0.46,mid_tier,0.35,lower_mid_tier,3,6,0,0.0,neutral,midrange,neutral-midrange,1.0,30.0,30.0,average,0,0.5,normal,82.0,68,190,70,20,ground,medium,quadruped,yellow,Fire Horse Pokémon,Its hooves are 10 times harder than diamonds. It can trample anything completely flat in little time.,ponyta --> rapidash,2,1,0,1.0,0.5,2.0,1.0,0.5,0.5,1.0,1.0,2.0,1.0,1.0,0.5,2.0,1.0,1.0,1.0,0.5,0.5
77,ponyta,ponyta-galar,1,psychic,,1,"run-away, pastel-veil",anticipation,50,0.12,85,0.21,55,0.13,65,0.16,65,0.16,90,0.22,410,speed,150,170,average,213.89,2,slightly_specialized,0.46,mid_tier,0.35,lower_mid_tier,3,2,0,-2.0,frail,midrange,frail-midrange,0.8,24.0,37.5,heavy,0,0.5,normal,82.0,45,190,70,20,ground,medium,quadruped,yellow,Fire Horse Pokémon,Its hooves are 10 times harder than diamonds. It can trample anything completely flat in little time.,ponyta --> rapidash,2,1,0,1.0,1.0,1.0,1.0,1.0,1.0,0.5,1.0,1.0,1.0,0.5,2.0,1.0,2.0,1.0,2.0,1.0,1.0
78,rapidash,rapidash,1,fire,,1,"run-away, flash-fire",flame-body,65,0.13,100,0.2,70,0.14,80,0.16,80,0.16,105,0.21,500,speed,180,215,fast,213.89,2,slightly_specialized,0.74,upper_mid_tier,0.66,upper_mid_tier,3,6,0,0.0,neutral,sweeper,neutral-sweeper,1.7,95.0,32.87,heavy,0,0.5,normal,175.0,78,60,70,20,ground,medium,quadruped,yellow,Fire Horse Pokémon,"Very competitive, this POKéMON will chase anything that moves fast in the hopes of racing it.",ponyta --> rapidash,2,2,1,1.0,0.5,2.0,1.0,0.5,0.5,1.0,1.0,2.0,1.0,1.0,0.5,2.0,1.0,1.0,1.0,0.5,0.5
78,rapidash,rapidash-galar,1,psychic,fairy,2,"run-away, pastel-veil",anticipation,65,0.13,100,0.2,70,0.14,80,0.16,80,0.16,105,0.21,500,speed,180,215,fast,213.89,2,slightly_specialized,0.74,upper_mid_tier,0.66,upper_mid_tier,3,2,1,-0.5,exposed,sweeper,exposed-sweeper,1.7,80.0,27.68,average,0,0.5,normal,175.0,55,60,70,20,ground,medium,quadruped,yellow,Fire Horse Pokémon,"Very competitive, this POKéMON will chase anything that moves fast in the hopes of racing it.",ponyta --> rapidash,2,2,1,1.0,1.0,1.0,1.0,1.0,1.0,0.25,2.0,1.0,1.0,0.5,1.0,1.0,2.0,0.0,1.0,2.0,1.0
79,slowpoke,slowpoke,1,water,psychic,2,"oblivious, own-tempo",regenerator,90,0.29,65,0.21,65,0.21,40,0.13,40,0.13,15,0.05,315,hp,105,195,slow,572.92,4,specialized,0.18,bottom_tier,0.19,bottom_tier,5,6,0,-2.0,frail,slow_attacker,frail-slow_attacker,1.2,36.0,25.0,average,0,0.5,normal,63.0,114,190,70,20,"monster, water1",medium,quadruped,pink,Dopey Pokémon,Incredibly slow and dopey. It takes 5 seconds for it to feel pain when under attack.,slowpoke --> slowbro,2,1,0,1.0,0.5,0.5,2.0,2.0,0.5,0.5,1.0,1.0,1.0,0.5,2.0,1.0,2.0,1.0,2.0,0.5,1.0
79,slowpoke,slowpoke-galar,1,psychic,,1,"gluttony, own-tempo",regenerator,90,0.29,65,0.21,65,0.21,40,0.13,40,0.13,15,0.05,315,hp,105,195,slow,572.92,4,specialized,0.18,bottom_tier,0.19,bottom_tier,3,2,0,-2.0,frail,slow_attacker,frail-slow_attacker,1.2,36.0,25.0,average,0,0.5,normal,63.0,78,190,70,20,"monster, water1",medium,quadruped,pink,Dopey Pokémon,Incredibly slow and dopey. It takes 5 seconds for it to feel pain when under attack.,slowpoke --> slowbro,2,1,0,1.0,1.0,1.0,1.0,1.0,1.0,0.5,1.0,1.0,1.0,0.5,2.0,1.0,2.0,1.0,2.0,1.0,1.0
80,slowbro,slowbro,1,water,psychic,2,"oblivious, own-tempo",regenerator,95,0.19,75,0.15,110,0.22,100,0.2,80,0.16,30,0.06,490,defense,175,285,slow,672.22,5,specialized,0.66,upper_mid_tier,0.58,mid_tier,5,6,0,-2.0,frail,tank,frail-tank,1.6,78.5,30.66,average,0,0.5,normal,172.0,135,75,70,20,"monster, water1",medium,upright,pink,Hermit Crab Pokémon,The SHELLDER that is latched onto SLOWPOKE's tail is said to feed on the host's left over scraps.,slowpoke --> slowbro,2,2,1,1.0,0.5,0.5,2.0,2.0,0.5,0.5,1.0,1.0,1.0,0.5,2.0,1.0,2.0,1.0,2.0,0.5,1.0
80,slowbro,slowbro-mega,1,water,psychic,2,shell-armor,,95,0.16,75,0.13,180,0.31,130,0.22,80,0.14,30,0.05,590,defense,205,355,slow,2205.56,5,extreme,0.93,top_tier,0.88,top_tier,5,6,0,-2.0,frail,bulky_attacker,frail-bulky_attacker,2.0,120.0,30.0,average,0,0.5,normal,207.0,88,75,70,20,"monster, water1",medium,upright,pink,Hermit Crab Pokémon,The SHELLDER that is latched onto SLOWPOKE's tail is said to feed on the host's left over scraps.,slowpoke --> slowbro,2,2,1,1.0,0.5,0.5,2.0,2.0,0.5,0.5,1.0,1.0,1.0,0.5,2.0,1.0,2.0,1.0,2.0,0.5,1.0
80,slowbro,slowbro-galar,1,poison,psychic,2,"quick-draw, own-tempo",regenerator,95,0.19,100,0.2,95,0.19,100,0.2,70,0.14,30,0.06,490,attack,200,260,slow,638.89,4,specialized,0.66,upper_mid_tier,0.58,mid_tier,3,4,0,-1.0,exposed,bulky_attacker,exposed-bulky_attacker,1.6,70.5,27.54,average,0,0.5,normal,172.0,107,75,70,20,"monster, water1",medium,upright,pink,Hermit Crab Pokémon,The SHELLDER that is latched onto SLOWPOKE's tail is said to feed on the host's left over scraps.,slowpoke --> slowbro,2,2,1,1.0,1.0,1.0,1.0,0.5,1.0,0.25,0.5,2.0,1.0,1.0,1.0,1.0,2.0,1.0,2.0,1.0,0.5
81,magnemite,magnemite,1,electric,steel,2,"magnet-pull, sturdy",analytic,25,0.08,35,0.11,70,0.22,95,0.29,55,0.17,45,0.14,325,sp_attack,130,150,slow,536.81,4,specialized,0.29,lower_mid_tier,0.22,lower_mid_tier,3,11,1,4.0,iron,weak_slow,iron-weak_slow,0.3,6.0,66.67,very_heavy,1,0.0,normal,65.0,74,190,70,20,mineral,medium,arms,gray,Magnet Pokémon,Uses anti-gravity to stay suspended. Appears without warning and uses THUNDER WAVE and similar moves.,magnemite --> magneton --> magnezone,3,1,0,0.5,2.0,1.0,0.5,0.5,0.5,2.0,0.0,4.0,0.25,0.5,0.5,0.5,1.0,0.5,1.0,0.25,0.5
82,magneton,magneton,1,electric,steel,2,"magnet-pull, sturdy",analytic,50,0.11,60,0.13,95,0.2,120,0.26,70,0.15,70,0.15,465,sp_attack,180,215,average,547.92,4,specialized,0.59,mid_tier,0.47,mid_tier,3,11,1,4.0,iron,attacker,iron-attacker,1.0,60.0,60.0,very_heavy,1,0.0,normal,163.0,78,60,70,20,mineral,medium,heads,gray,Magnet Pokémon,Formed by several MAGNEMITEs linked together. They frequently appear when sunspots flare up.,magnemite --> magneton --> magnezone,3,2,0,0.5,2.0,1.0,0.5,0.5,0.5,2.0,0.0,4.0,0.25,0.5,0.5,0.5,1.0,0.5,1.0,0.25,0.5
83,farfetchd,farfetchd,1,normal,flying,2,"keen-eye, inner-focus",defiant,52,0.14,90,0.24,55,0.15,58,0.15,62,0.16,60,0.16,377,attack,148,169,average,158.14,2,balanced,0.37,lower_mid_tier,0.31,lower_mid_tier,3,2,2,1.0,solid,midrange,solid-midrange,0.8,15.0,23.44,average,0,0.5,normal,132.0,95,45,70,20,"flying, ground",medium,wings,brown,Wild Duck Pokémon,The sprig of green onions it holds is its weapon. It is used much like a metal sword.,farfetchd --> sirfetchd,2,1,0,1.0,1.0,1.0,2.0,0.5,2.0,1.0,1.0,0.0,1.0,1.0,0.5,2.0,0.0,1.0,1.0,1.0,1.0
83,farfetchd,farfetchd-galar,1,fighting,,1,steadfast,scrappy,52,0.14,95,0.25,55,0.15,58,0.15,62,0.16,55,0.15,377,attack,153,169,slow,216.47,2,slightly_specialized,0.37,lower_mid_tier,0.31,lower_mid_tier,3,3,0,-1.5,exposed,slow_attacker,exposed-slow_attacker,0.8,42.0,65.62,very_heavy,0,0.5,normal,132.0,50,45,70,20,"flying, ground",medium,wings,brown,Wild Duck Pokémon,The sprig of green onions it holds is its weapon. It is used much like a metal sword.,farfetchd --> sirfetchd,2,1,0,1.0,1.0,1.0,1.0,1.0,1.0,1.0,1.0,1.0,2.0,2.0,0.5,0.5,1.0,1.0,0.5,1.0,2.0
84,doduo,doduo,1,normal,flying,2,"run-away, early-bird",tangled-feet,35,0.11,85,0.27,45,0.15,35,0.11,35,0.11,75,0.24,310,attack,120,115,average,422.22,3,slightly_specialized,0.16,bottom_tier,0.17,bottom_tier,3,2,2,1.0,solid,fragile,solid-fragile,1.4,39.2,20.0,light,0,0.5,normal,62.0,78,190,70,20,flying,medium,legs,brown,Twin Bird Pokémon,A bird that makes up for its poor flying with its fast foot speed. Leaves giant footprints.,doduo --> dodrio,2,1,0,1.0,1.0,1.0,2.0,0.5,2.0,1.0,1.0,0.0,1.0,1.0,0.5,2.0,0.0,1.0,1.0,1.0,1.0
85,dodrio,dodrio,1,normal,flying,2,"run-away, early-bird",tangled-feet,60,0.13,110,0.23,70,0.15,60,0.13,60,0.13,110,0.23,470,attack,170,190,fast,513.89,4,specialized,0.59,mid_tier,0.48,mid_tier,3,2,2,1.0,solid,midrange,solid-midrange,1.8,85.2,26.3,average,0,0.5,normal,165.0,86,45,70,20,flying,medium,legs,brown,Triple Bird Pokémon,"Uses its three brains to execute complex plans. While two heads sleep, one head stays awake.",doduo --> dodrio,2,2,1,1.0,1.0,1.0,2.0,0.5,2.0,1.0,1.0,0.0,1.0,1.0,0.5,2.0,0.0,1.0,1.0,1.0,1.0
86,seel,seel,1,water,,1,"thick-fat, hydration",ice-body,65,0.2,45,0.14,55,0.17,45,0.14,70,0.22,45,0.14,325,sp_defense,90,190,slow,103.47,1,balanced,0.29,lower_mid_tier,0.22,lower_mid_tier,2,4,0,0.0,neutral,slow_attacker,neutral-slow_attacker,1.1,90.0,74.38,very_heavy,0,0.5,normal,65.0,87,190,70,20,"water1, ground",medium,fish,white,Sea Lion Pokémon,The protruding horn on its head is very hard. It is used for bashing through thick ice.,seel --> dewgong,2,1,0,1.0,0.5,0.5,2.0,2.0,0.5,1.0,1.0,1.0,1.0,1.0,1.0,1.0,1.0,1.0,1.0,0.5,1.0
87,dewgong,dewgong,1,water,ice,2,"thick-fat, hydration",ice-body,90,0.19,70,0.15,80,0.17,70,0.15,95,0.2,70,0.15,475,sp_defense,140,265,average,103.47,1,balanced,0.6,mid_tier,0.5,mid_tier,4,2,0,-3.0,frail,bulky,frail-bulky,1.7,120.0,41.52,heavy,0,0.5,normal,166.0,93,75,70,20,"water1, ground",medium,fish,white,Sea Lion Pokémon,Stores thermal energy in its body. Swims at a steady 8 knots even in intensely cold waters.,seel --> dewgong,2,2,1,1.0,1.0,0.5,2.0,2.0,0.25,2.0,1.0,1.0,1.0,1.0,1.0,2.0,1.0,1.0,1.0,1.0,1.0
88,grimer,grimer,1,poison,,1,"stench, sticky-hold",poison-touch,80,0.25,80,0.25,50,0.15,40,0.12,50,0.15,25,0.08,325,hp,120,180,slow,403.47,3,slightly_specialized,0.29,lower_mid_tier,0.22,lower_mid_tier,2,5,0,0.5,solid,weak_slow,solid-weak_slow,0.9,30.0,37.04,heavy,0,0.5,normal,65.0,94,190,70,20,indeterminate,medium,arms,purple,Sludge Pokémon,Appears in filthy areas. Thrives by sucking up polluted sludge that is pumped out of factories.,grimer --> muk,2,1,0,1.0,1.0,1.0,1.0,0.5,1.0,0.5,0.5,2.0,1.0,2.0,0.5,1.0,1.0,1.0,1.0,1.0,0.5
88,grimer,grimer-alola,1,poison,dark,2,"poison-touch, gluttony",power-of-alchemy,80,0.25,80,0.25,50,0.15,40,0.12,50,0.15,25,0.08,325,hp,120,180,slow,403.47,3,slightly_specialized,0.29,lower_mid_tier,0.22,lower_mid_tier,1,4,1,2.5,iron,weak_slow,iron-weak_slow,0.7,42.0,85.71,very_heavy,0,0.5,normal,65.0,98,190,70,20,indeterminate,medium,arms,purple,Sludge Pokémon,Appears in filthy areas. Thrives by sucking up polluted sludge that is pumped out of factories.,grimer --> muk,2,1,0,1.0,1.0,1.0,1.0,0.5,1.0,1.0,0.5,2.0,1.0,0.0,1.0,1.0,0.5,1.0,0.5,1.0,1.0
89,muk,muk,1,poison,,1,"stench, sticky-hold",poison-touch,105,0.21,105,0.21,75,0.15,65,0.13,100,0.2,50,0.1,500,hp,170,280,slow,455.56,4,slightly_specialized,0.74,upper_mid_tier,0.66,upper_mid_tier,2,5,0,0.5,solid,tank,solid-tank,1.2,30.0,20.83,light,0,0.5,normal,175.0,103,75,70,20,indeterminate,medium,arms,purple,Sludge Pokémon,"Thickly covered with a filthy, vile sludge. It is so toxic, even its footprints contain poison.",grimer --> muk,2,2,1,1.0,1.0,1.0,1.0,0.5,1.0,0.5,0.5,2.0,1.0,2.0,0.5,1.0,1.0,1.0,1.0,1.0,0.5
89,muk,muk-alola,1,poison,dark,2,"poison-touch, gluttony",power-of-alchemy,105,0.21,105,0.21,75,0.15,65,0.13,100,0.2,50,0.1,500,hp,170,280,slow,455.56,4,slightly_specialized,0.74,upper_mid_tier,0.66,upper_mid_tier,1,4,1,2.5,iron,tank,iron-tank,1.0,52.0,52.0,very_heavy,0,0.5,normal,175.0,97,75,70,20,indeterminate,medium,arms,purple,Sludge Pokémon,"Thickly covered with a filthy, vile sludge. It is so toxic, even its footprints contain poison.",grimer --> muk,2,2,1,1.0,1.0,1.0,1.0,0.5,1.0,1.0,0.5,2.0,1.0,0.0,1.0,1.0,0.5,1.0,0.5,1.0,1.0
90,shellder,shellder,1,water,,1,"shell-armor, skill-link",overcoat,30,0.1,65,0.21,100,0.33,45,0.15,25,0.08,40,0.13,305,defense,110,155,slow,645.14,4,specialized,0.14,bottom_tier,0.15,bottom_tier,2,4,0,0.0,neutral,weak_slow,neutral-weak_slow,0.3,4.0,44.44,heavy,0,0.5,normal,61.0,76,190,70,20,water3,slow,ball,purple,Bivalve Pokémon,Its hard shell repels any kind of attack. It is vulnerable only when its shell is open.,shellder --> cloyster,2,1,0,1.0,0.5,0.5,2.0,2.0,0.5,1.0,1.0,1.0,1.0,1.0,1.0,1.0,1.0,1.0,1.0,0.5,1.0
91,cloyster,cloyster,1,water,ice,2,"shell-armor, skill-link",overcoat,50,0.1,95,0.18,180,0.34,85,0.16,45,0.09,70,0.13,525,defense,180,275,average,2022.92,5,extreme,0.81,top_tier,0.74,upper_mid_tier,4,2,0,-3.0,frail,bulky_attacker,frail-bulky_attacker,1.5,132.5,58.89,very_heavy,0,0.5,normal,184.0,88,60,70,20,water3,slow,ball,purple,Bivalve Pokémon,"When attacked, it launches its horns in quick volleys. Its innards have never been seen.",shellder --> cloyster,2,2,1,1.0,1.0,0.5,2.0,2.0,0.25,2.0,1.0,1.0,1.0,1.0,1.0,2.0,1.0,1.0,1.0,1.0,1.0
92,gastly,gastly,1,ghost,poison,2,levitate,,30,0.1,35,0.11,30,0.1,100,0.32,35,0.11,80,0.26,310,sp_attack,135,95,average,772.22,5,specialized,0.16,bottom_tier,0.17,bottom_tier,4,4,2,1.0,solid,fragile,solid-fragile,1.3,0.1,0.06,very_light,0,0.5,normal,62.0,96,190,70,20,indeterminate,medium-slow,ball,purple,Gas Pokémon,"Almost invisible, this gaseous POKéMON cloaks the target and puts it to sleep without notice.",gastly --> haunter --> gengar,3,1,0,0.0,1.0,1.0,1.0,0.5,1.0,0.0,0.25,2.0,1.0,2.0,0.25,1.0,2.0,1.0,2.0,1.0,0.5
93,haunter,haunter,1,ghost,poison,2,levitate,,45,0.11,50,0.12,45,0.11,115,0.28,55,0.14,95,0.23,405,sp_attack,165,145,average,747.92,5,specialized,0.44,mid_tier,0.34,lower_mid_tier,4,4,2,1.0,solid,midrange,solid-midrange,1.6,0.1,0.04,very_light,0,0.5,normal,142.0,99,90,70,20,indeterminate,medium-slow,arms,purple,Gas Pokémon,"Because of its ability to slip through block walls, it is said to be from an­ other dimension.",gastly --> haunter --> gengar,3,2,0,0.0,1.0,1.0,1.0,0.5,1.0,0.0,0.25,2.0,1.0,2.0,0.25,1.0,2.0,1.0,2.0,1.0,0.5
94,gengar,gengar,1,ghost,poison,2,cursed-body,,60,0.12,65,0.13,60,0.12,130,0.26,75,0.15,110,0.22,500,sp_attack,195,195,fast,730.56,5,specialized,0.74,upper_mid_tier,0.66,upper_mid_tier,4,4,2,1.0,solid,sweeper,solid-sweeper,1.5,40.5,18.0,light,0,0.5,normal,225.0,124,45,70,20,indeterminate,medium-slow,upright,purple,Shadow Pokémon,"Under a full moon, this POKéMON likes to mimic the shadows of people and laugh at their fright.",gastly --> haunter --> gengar,3,3,1,0.0,1.0,1.0,1.0,0.5,1.0,0.0,0.25,2.0,1.0,2.0,0.25,1.0,2.0,1.0,2.0,1.0,0.5
94,gengar,gengar-mega,1,ghost,poison,2,shadow-tag,,60,0.1,65,0.11,80,0.13,170,0.28,95,0.16,130,0.22,600,sp_attack,235,235,fast,1508.33,5,extreme,0.95,top_tier,0.9,top_tier,4,4,2,1.0,solid,sweeper,solid-sweeper,1.4,40.5,20.66,light,0,0.5,normal,270.0,87,45,70,20,indeterminate,medium-slow,upright,purple,Shadow Pokémon,"Under a full moon, this POKéMON likes to mimic the shadows of people and laugh at their fright.",gastly --> haunter --> gengar,3,3,1,0.0,1.0,1.0,1.0,0.5,1.0,0.0,0.25,2.0,1.0,2.0,0.25,1.0,2.0,1.0,2.0,1.0,0.5
94,gengar,gengar-gmax,1,ghost,poison,2,cursed-body,,60,0.12,65,0.13,60,0.12,130,0.26,75,0.15,110,0.22,500,sp_attack,195,195,fast,730.56,5,specialized,0.74,upper_mid_tier,0.66,upper_mid_tier,4,4,2,1.0,solid,sweeper,solid-sweeper,20.0,1000.0,2.5,very_light,0,0.5,normal,225.0,0,45,70,20,indeterminate,medium-slow,upright,purple,Shadow Pokémon,"Under a full moon, this POKéMON likes to mimic the shadows of people and laugh at their fright.",gastly --> haunter --> gengar,3,3,1,0.0,1.0,1.0,1.0,0.5,1.0,0.0,0.25,2.0,1.0,2.0,0.25,1.0,2.0,1.0,2.0,1.0,0.5
95,onix,onix,1,rock,ground,2,"rock-head, sturdy",weak-armor,35,0.09,45,0.12,160,0.42,30,0.08,45,0.12,70,0.18,385,defense,75,240,average,1995.14,5,extreme,0.38,lower_mid_tier,0.31,lower_mid_tier,6,5,1,-2.0,frail,midrange,frail-midrange,8.8,210.0,2.71,very_light,0,0.5,normal,77.0,89,45,70,25,mineral,medium,squiggle,gray,Rock Snake Pokémon,"As it grows, the stone portions of its body harden to become similar to a diamond, but colored black.",onix --> steelix,2,1,0,0.5,0.5,4.0,0.0,4.0,2.0,2.0,0.25,2.0,0.5,1.0,1.0,0.5,1.0,1.0,1.0,2.0,1.0
96,drowzee,drowzee,1,psychic,,1,"insomnia, forewarn",inner-focus,60,0.18,48,0.15,45,0.14,43,0.13,90,0.27,42,0.13,328,sp_defense,91,195,slow,285.22,3,slightly_specialized,0.31,lower_mid_tier,0.22,lower_mid_tier,3,2,0,-2.0,frail,slow_attacker,frail-slow_attacker,1.0,32.4,32.4,heavy,0,0.5,normal,66.0,115,190,70,20,humanshape,medium,humanoid,yellow,Hypnosis Pokémon,Puts enemies to sleep then eats their dreams. Occasionally gets sick from eating bad dreams.,drowzee --> hypno,2,1,0,1.0,1.0,1.0,1.0,1.0,1.0,0.5,1.0,1.0,1.0,0.5,2.0,1.0,2.0,1.0,2.0,1.0,1.0
97,hypno,hypno,1,psychic,,1,"insomnia, forewarn",inner-focus,85,0.18,73,0.15,70,0.14,73,0.15,115,0.24,67,0.14,483,sp_defense,146,270,average,269.25,2,slightly_specialized,0.62,upper_mid_tier,0.54,mid_tier,3,2,0,-2.0,frail,bulky,frail-bulky,1.6,75.6,29.53,average,0,0.5,normal,169.0,118,75,70,20,humanshape,medium,humanoid,yellow,Hypnosis Pokémon,"When it locks eyes with an enemy, it will use a mix of PSI moves such as HYPNOSIS and CONFUSION.",drowzee --> hypno,2,2,1,1.0,1.0,1.0,1.0,1.0,1.0,0.5,1.0,1.0,1.0,0.5,2.0,1.0,2.0,1.0,2.0,1.0,1.0
98,krabby,krabby,1,water,,1,"hyper-cutter, shell-armor",sheer-force,30,0.09,105,0.32,90,0.28,25,0.08,25,0.08,50,0.15,325,attack,130,145,slow,1028.47,5,highly_specialized,0.29,lower_mid_tier,0.22,lower_mid_tier,2,4,0,0.0,neutral,weak_slow,neutral-weak_slow,0.4,6.5,40.62,heavy,0,0.5,normal,65.0,82,225,70,20,water3,medium,armor,red,River Crab Pokémon,"Its pincers are not only powerful weapons, they are used for balance when walking sideways.",krabby --> kingler,2,1,0,1.0,0.5,0.5,2.0,2.0,0.5,1.0,1.0,1.0,1.0,1.0,1.0,1.0,1.0,1.0,1.0,0.5,1.0
99,kingler,kingler,1,water,,1,"hyper-cutter, shell-armor",sheer-force,55,0.12,130,0.27,115,0.24,50,0.11,50,0.11,75,0.16,475,attack,180,220,average,1028.47,5,highly_specialized,0.6,mid_tier,0.5,mid_tier,2,4,0,0.0,neutral,attacker,neutral-attacker,1.3,60.0,35.5,heavy,0,0.5,normal,166.0,85,60,70,20,water3,medium,armor,red,Pincer Pokémon,"The large pincer has 10000 hp of crushing power. However, its huge size makes it unwieldy to use.",krabby --> kingler,2,2,1,1.0,0.5,0.5,2.0,2.0,0.5,1.0,1.0,1.0,1.0,1.0,1.0,1.0,1.0,1.0,1.0,0.5,1.0
99,kingler,kingler-gmax,1,water,,1,"hyper-cutter, shell-armor",sheer-force,55,0.12,130,0.27,115,0.24,50,0.11,50,0.11,75,0.16,475,attack,180,220,average,1028.47,5,highly_specialized,0.6,mid_tier,0.5,mid_tier,2,4,0,0.0,neutral,attacker,neutral-attacker,19.0,1000.0,2.77,very_light,0,0.5,normal,166.0,0,60,70,20,water3,medium,armor,red,Pincer Pokémon,"The large pincer has 10000 hp of crushing power. However, its huge size makes it unwieldy to use.",krabby --> kingler,2,2,1,1.0,0.5,0.5,2.0,2.0,0.5,1.0,1.0,1.0,1.0,1.0,1.0,1.0,1.0,1.0,1.0,0.5,1.0
100,voltorb,voltorb,1,electric,,1,"soundproof, static",aftermath,40,0.12,30,0.09,50,0.15,55,0.17,55,0.17,100,0.3,330,speed,85,145,fast,483.33,4,slightly_specialized,0.32,lower_mid_tier,0.23,lower_mid_tier,1,3,0,0.5,solid,fragile,solid-fragile,0.5,10.4,41.6,heavy,1,0.0,normal,66.0,68,190,70,20,mineral,medium,ball,red,Ball Pokémon,"Usually found in power plants. Easily mistaken for a POKé BALL, they have zapped many people.",voltorb --> electrode,2,1,0,1.0,1.0,1.0,0.5,1.0,1.0,1.0,1.0,2.0,0.5,1.0,1.0,1.0,1.0,1.0,1.0,0.5,1.0
100,voltorb,voltorb-hisui,1,electric,grass,2,"soundproof, static",aftermath,40,0.12,30,0.09,50,0.15,55,0.17,55,0.17,100,0.3,330,speed,85,145,fast,483.33,4,slightly_specialized,0.32,lower_mid_tier,0.23,lower_mid_tier,4,4,0,-2.0,frail,fragile,frail-fragile,0.5,13.0,52.0,very_heavy,1,0.0,normal,66.0,50,190,70,20,mineral,medium,ball,red,Ball Pokémon,"Usually found in power plants. Easily mistaken for a POKé BALL, they have zapped many people.",voltorb --> electrode,2,1,0,1.0,2.0,0.5,0.25,0.5,2.0,1.0,2.0,1.0,1.0,1.0,2.0,1.0,1.0,1.0,1.0,0.5,1.0
101,electrode,electrode,1,electric,,1,"soundproof, static",aftermath,60,0.12,50,0.1,70,0.14,80,0.16,80,0.16,150,0.31,490,speed,130,210,fast,1047.22,5,highly_specialized,0.66,upper_mid_tier,0.58,mid_tier,1,3,0,0.5,solid,midrange,solid-midrange,1.2,66.6,46.25,heavy,1,0.0,normal,172.0,73,60,70,20,mineral,medium,ball,red,Ball Pokémon,It stores electric energy under very high pressure. It often explodes with little or no provocation.,voltorb --> electrode,2,2,1,1.0,1.0,1.0,0.5,1.0,1.0,1.0,1.0,2.0,0.5,1.0,1.0,1.0,1.0,1.0,1.0,0.5,1.0
101,electrode,electrode-hisui,1,electric,grass,2,"soundproof, static",aftermath,60,0.12,50,0.1,70,0.14,80,0.16,80,0.16,150,0.31,490,speed,130,210,fast,1047.22,5,highly_specialized,0.66,upper_mid_tier,0.58,mid_tier,4,4,0,-2.0,frail,midrange,frail-midrange,1.2,71.0,49.31,very_heavy,1,0.0,normal,172.0,53,60,70,20,mineral,medium,ball,red,Ball Pokémon,It stores electric energy under very high pressure. It often explodes with little or no provocation.,voltorb --> electrode,2,2,1,1.0,2.0,0.5,0.25,0.5,2.0,1.0,2.0,1.0,1.0,1.0,2.0,1.0,1.0,1.0,1.0,0.5,1.0
102,exeggcute,exeggcute,1,grass,psychic,2,chlorophyll,harvest,60,0.18,40,0.12,80,0.25,60,0.18,45,0.14,40,0.12,325,defense,100,185,slow,203.47,2,slightly_specialized,0.29,lower_mid_tier,0.22,lower_mid_tier,7,6,0,-4.0,frail,weak_slow,frail-weak_slow,0.4,2.5,15.62,light,0,0.5,normal,65.0,88,90,70,20,plant,slow,heads,pink,Egg Pokémon,"Often mistaken for eggs. When disturbed, they quickly gather and attack in swarms.",exeggcute --> exeggutor,2,1,0,1.0,2.0,0.5,0.5,0.5,2.0,0.5,2.0,0.5,2.0,0.5,4.0,1.0,2.0,1.0,2.0,1.0,1.0
103,exeggutor,exeggutor,1,grass,psychic,2,chlorophyll,harvest,95,0.18,95,0.18,85,0.16,125,0.24,75,0.14,55,0.1,530,sp_attack,220,255,slow,455.56,4,slightly_specialized,0.83,top_tier,0.76,upper_mid_tier,7,6,0,-4.0,frail,attacker,frail-attacker,2.0,120.0,30.0,average,0,0.5,normal,186.0,100,45,70,20,plant,slow,legs,yellow,Coconut Pokémon,"Legend has it that on rare occasions, one of its heads will drop off and continue on as an EXEGGCUTE.",exeggcute --> exeggutor,2,2,1,1.0,2.0,0.5,0.5,0.5,2.0,0.5,2.0,0.5,2.0,0.5,4.0,1.0,2.0,1.0,2.0,1.0,1.0
103,exeggutor,exeggutor-alola,1,grass,dragon,2,frisk,harvest,95,0.18,105,0.2,85,0.16,125,0.24,75,0.14,45,0.08,530,sp_attack,230,255,slow,622.22,4,specialized,0.83,top_tier,0.76,upper_mid_tier,6,4,0,-4.0,frail,attacker,frail-attacker,10.9,415.6,3.5,very_light,0,0.5,normal,186.0,98,45,70,20,plant,slow,legs,yellow,Coconut Pokémon,"Legend has it that on rare occasions, one of its heads will drop off and continue on as an EXEGGCUTE.",exeggcute --> exeggutor,2,2,1,1.0,1.0,0.25,0.25,0.25,4.0,1.0,2.0,0.5,2.0,1.0,2.0,1.0,1.0,2.0,1.0,1.0,2.0
104,cubone,cubone,1,ground,,1,"rock-head, lightning-rod",battle-armor,50,0.16,50,0.16,95,0.3,40,0.12,50,0.16,35,0.11,320,defense,90,195,slow,380.56,3,slightly_specialized,0.23,lower_mid_tier,0.2,bottom_tier,3,2,1,-0.5,exposed,slow_attacker,exposed-slow_attacker,0.4,6.5,40.62,heavy,0,0.5,normal,64.0,96,190,70,20,monster,medium,upright,brown,Lonely Pokémon,"Because it never removes its skull helmet, no one has ever seen this POKéMON's real face.",cubone --> marowak,2,1,0,1.0,1.0,2.0,0.0,2.0,2.0,1.0,0.5,1.0,1.0,1.0,1.0,0.5,1.0,1.0,1.0,1.0,1.0
105,marowak,marowak,1,ground,,1,"rock-head, lightning-rod",battle-armor,60,0.14,80,0.19,110,0.26,50,0.12,80,0.19,45,0.11,425,defense,130,250,slow,486.81,4,slightly_specialized,0.49,mid_tier,0.4,lower_mid_tier,3,2,1,-0.5,exposed,slow_attacker,exposed-slow_attacker,1.0,45.0,45.0,heavy,0,0.5,normal,149.0,99,75,70,20,monster,medium,upright,brown,Bone Keeper Pokémon,The bone it holds is its key weapon. It throws the bone skillfully like a boomerang to KO targets.,cubone --> marowak,2,2,1,1.0,1.0,2.0,0.0,2.0,2.0,1.0,0.5,1.0,1.0,1.0,1.0,0.5,1.0,1.0,1.0,1.0,1.0
105,marowak,marowak-alola,1,fire,ghost,2,"cursed-body, lightning-rod",rock-head,60,0.14,80,0.19,110,0.26,50,0.12,80,0.19,45,0.11,425,defense,130,250,slow,486.81,4,slightly_specialized,0.49,mid_tier,0.4,lower_mid_tier,5,7,2,1.5,iron,slow_attacker,iron-slow_attacker,1.0,34.0,34.0,heavy,0,0.5,normal,149.0,97,75,70,20,monster,medium,upright,brown,Bone Keeper Pokémon,The bone it holds is its key weapon. It throws the bone skillfully like a boomerang to KO targets.,cubone --> marowak,2,2,1,0.0,0.5,2.0,1.0,0.5,0.5,0.0,0.5,2.0,1.0,1.0,0.25,2.0,2.0,1.0,2.0,0.5,0.5
105,marowak,marowak-totem,1,fire,ghost,2,"cursed-body, lightning-rod",rock-head,60,0.14,80,0.19,110,0.26,50,0.12,80,0.19,45,0.11,425,defense,130,250,slow,486.81,4,slightly_specialized,0.49,mid_tier,0.4,lower_mid_tier,5,7,2,1.5,iron,slow_attacker,iron-slow_attacker,1.7,98.0,33.91,heavy,0,0.5,normal,149.0,79,75,70,20,monster,medium,upright,brown,Bone Keeper Pokémon,The bone it holds is its key weapon. It throws the bone skillfully like a boomerang to KO targets.,cubone --> marowak,2,2,1,0.0,0.5,2.0,1.0,0.5,0.5,0.0,0.5,2.0,1.0,1.0,0.25,2.0,2.0,1.0,2.0,0.5,0.5
106,hitmonlee,hitmonlee,1,fighting,,1,"limber, reckless",unburden,50,0.11,120,0.26,53,0.12,35,0.08,110,0.24,87,0.19,455,attack,155,213,average,1016.47,5,highly_specialized,0.57,mid_tier,0.45,mid_tier,3,3,0,-1.5,exposed,midrange,exposed-midrange,1.5,49.8,22.13,light,0,0.0,normal,159.0,104,45,70,25,humanshape,medium,humanoid,brown,Kicking Pokémon,"When in a hurry, its legs lengthen progressively. It runs smoothly with extra long, loping strides.",tyrogue --> hitmonlee,2,2,1,1.0,1.0,1.0,1.0,1.0,1.0,1.0,1.0,1.0,2.0,2.0,0.5,0.5,1.0,1.0,0.5,1.0,2.0
107,hitmonchan,hitmonchan,1,fighting,,1,"keen-eye, iron-fist",inner-focus,50,0.11,105,0.23,79,0.17,35,0.08,110,0.24,76,0.17,455,sp_defense,140,239,average,727.14,5,specialized,0.57,mid_tier,0.45,mid_tier,3,3,0,-1.5,exposed,balanced,exposed-balanced,1.4,50.2,25.61,average,0,0.0,normal,159.0,103,45,70,25,humanshape,medium,humanoid,brown,Punching Pokémon,"While apparently doing nothing, it fires punches in lightning fast volleys that are impossible to see.",tyrogue --> hitmonlee,2,2,1,1.0,1.0,1.0,1.0,1.0,1.0,1.0,1.0,1.0,2.0,2.0,0.5,0.5,1.0,1.0,0.5,1.0,2.0
108,lickitung,lickitung,1,normal,,1,"own-tempo, oblivious",cloud-nine,90,0.23,55,0.14,75,0.19,60,0.16,75,0.19,30,0.08,385,hp,115,240,slow,361.81,3,slightly_specialized,0.38,lower_mid_tier,0.31,lower_mid_tier,1,0,1,0.5,solid,slow_attacker,solid-slow_attacker,1.2,65.5,45.49,heavy,0,0.5,normal,77.0,117,45,70,20,monster,medium,upright,pink,Licking Pokémon,Its tongue can be extended like a chameleon's. It leaves a tingling sensation when it licks enemies.,lickitung --> lickilicky,2,1,0,1.0,1.0,1.0,1.0,1.0,1.0,2.0,1.0,1.0,1.0,1.0,1.0,1.0,0.0,1.0,1.0,1.0,1.0
109,koffing,koffing,1,poison,,1,"levitate, neutralizing-gas",stench,40,0.12,65,0.19,95,0.28,60,0.18,45,0.13,35,0.1,340,defense,125,180,slow,405.56,3,slightly_specialized,0.33,lower_mid_tier,0.27,lower_mid_tier,2,5,0,0.5,solid,weak_slow,solid-weak_slow,0.6,1.0,2.78,very_light,0,0.5,normal,68.0,79,190,70,20,indeterminate,medium,ball,purple,Poison Gas Pokémon,"Because it stores several kinds of toxic gases in its body, it is prone to exploding without warning.",koffing --> weezing,2,1,0,1.0,1.0,1.0,1.0,0.5,1.0,0.5,0.5,2.0,1.0,2.0,0.5,1.0,1.0,1.0,1.0,1.0,0.5
110,weezing,weezing,1,poison,,1,"levitate, neutralizing-gas",stench,65,0.13,90,0.18,120,0.24,85,0.17,70,0.14,60,0.12,490,defense,175,255,average,405.56,3,slightly_specialized,0.66,upper_mid_tier,0.58,mid_tier,2,5,0,0.5,solid,balanced,solid-balanced,1.2,9.5,6.6,very_light,0,0.5,normal,172.0,78,60,70,20,indeterminate,medium,heads,purple,Poison Gas Pokémon,"Where two kinds of poison gases meet, 2 KOFFINGs can fuse into a WEEZING over many years.",koffing --> weezing,2,2,1,1.0,1.0,1.0,1.0,0.5,1.0,0.5,0.5,2.0,1.0,2.0,0.5,1.0,1.0,1.0,1.0,1.0,0.5
110,weezing,weezing-galar,1,poison,fairy,2,"levitate, neutralizing-gas",misty-surge,65,0.13,90,0.18,120,0.24,85,0.17,70,0.14,60,0.12,490,defense,175,255,average,405.56,3,slightly_specialized,0.66,upper_mid_tier,0.58,mid_tier,3,5,1,1.0,solid,balanced,solid-balanced,3.0,16.0,1.78,very_light,0,0.5,normal,172.0,71,60,70,20,indeterminate,medium,heads,purple,Poison Gas Pokémon,"Where two kinds of poison gases meet, 2 KOFFINGs can fuse into a WEEZING over many years.",koffing --> weezing,2,2,1,1.0,1.0,1.0,1.0,0.5,1.0,0.25,1.0,2.0,1.0,2.0,0.25,1.0,1.0,0.0,0.5,2.0,0.5
111,rhyhorn,rhyhorn,1,ground,rock,2,"lightning-rod, rock-head",reckless,80,0.23,85,0.25,95,0.28,30,0.09,30,0.09,25,0.07,345,defense,115,205,slow,872.92,5,specialized,0.34,lower_mid_tier,0.27,lower_mid_tier,6,5,1,-2.0,frail,slow_attacker,frail-slow_attacker,1.0,115.0,115.0,very_heavy,0,0.5,normal,69.0,108,120,70,20,"monster, ground",slow,quadruped,gray,Spikes Pokémon,"A POKéMON with a one-track mind. Once it charges,  it won't stop running until it falls asleep.",rhyhorn --> rhydon --> rhyperior,3,1,0,0.5,0.5,4.0,0.0,4.0,2.0,2.0,0.25,2.0,0.5,1.0,1.0,0.5,1.0,1.0,1.0,2.0,1.0
112,rhydon,rhydon,1,ground,rock,2,"lightning-rod, rock-head",reckless,105,0.22,130,0.27,120,0.25,45,0.09,45,0.09,40,0.08,485,attack,175,270,slow,1461.81,5,extreme,0.63,upper_mid_tier,0.55,mid_tier,6,5,1,-2.0,frail,tank,frail-tank,1.9,120.0,33.24,heavy,0,0.5,normal,170.0,137,60,70,20,"monster, ground",slow,upright,gray,Drill Pokémon,"Protected by an armor-like hide, it is capable of living in molten lava of 3,600 degrees.",rhyhorn --> rhydon --> rhyperior,3,2,0,0.5,0.5,4.0,0.0,4.0,2.0,2.0,0.25,2.0,0.5,1.0,1.0,0.5,1.0,1.0,1.0,2.0,1.0
113,chansey,chansey,1,normal,,1,"natural-cure, serene-grace",healer,250,0.56,5,0.01,5,0.01,35,0.08,105,0.23,50,0.11,450,hp,40,360,slow,7258.33,5,extreme,0.55,mid_tier,0.43,mid_tier,1,0,1,0.5,solid,tank,solid-tank,1.1,34.6,28.6,average,0,1.0,normal,395.0,144,30,140,40,fairy,fast,upright,pink,Egg Pokémon,A rare and elusive POKéMON that is said to bring happiness to those who manage to get it.,happiny --> chansey --> blissey,3,2,0,1.0,1.0,1.0,1.0,1.0,1.0,2.0,1.0,1.0,1.0,1.0,1.0,1.0,0.0,1.0,1.0,1.0,1.0
114,tangela,tangela,1,grass,,1,"chlorophyll, leaf-guard",regenerator,65,0.15,55,0.13,115,0.26,100,0.23,40,0.09,60,0.14,435,defense,155,220,average,689.58,5,specialized,0.51,mid_tier,0.41,mid_tier,5,4,0,-3.0,frail,balanced,frail-balanced,1.0,35.0,35.0,heavy,0,0.5,normal,87.0,82,45,70,20,plant,medium,legs,blue,Vine Pokémon,The whole body is swathed with wide vines that are similar to sea­ weed. Its vines shake as it walks.,tangela --> tangrowth,2,1,0,1.0,2.0,0.5,0.5,0.5,2.0,1.0,2.0,0.5,2.0,1.0,2.0,1.0,1.0,1.0,1.0,1.0,1.0
115,kangaskhan,kangaskhan,1,normal,,1,"early-bird, scrappy",inner-focus,105,0.21,95,0.19,80,0.16,40,0.08,80,0.16,90,0.18,490,hp,135,265,average,422.22,3,slightly_specialized,0.66,upper_mid_tier,0.58,mid_tier,1,0,1,0.5,solid,bulky_speedster,solid-bulky_speedster,2.2,80.0,16.53,light,0,1.0,normal,172.0,122,45,70,20,monster,medium,upright,brown,Parent Pokémon,The infant rarely ventures out of its mother's protective pouch until it is 3 years old.,kangaskhan,1,0,0,1.0,1.0,1.0,1.0,1.0,1.0,2.0,1.0,1.0,1.0,1.0,1.0,1.0,0.0,1.0,1.0,1.0,1.0
115,kangaskhan,kangaskhan-mega,1,normal,,1,parental-bond,,105,0.18,125,0.21,100,0.17,60,0.1,100,0.17,100,0.17,590,attack,185,305,fast,372.22,3,slightly_specialized,0.93,top_tier,0.88,top_tier,1,0,1,0.5,solid,juggernaut,solid-juggernaut,2.2,100.0,20.66,light,0,1.0,normal,207.0,94,45,70,20,monster,medium,upright,brown,Parent Pokémon,The infant rarely ventures out of its mother's protective pouch until it is 3 years old.,kangaskhan,1,0,0,1.0,1.0,1.0,1.0,1.0,1.0,2.0,1.0,1.0,1.0,1.0,1.0,1.0,0.0,1.0,1.0,1.0,1.0
116,horsea,horsea,1,water,,1,"swift-swim, sniper",damp,30,0.1,40,0.14,70,0.24,70,0.24,25,0.08,60,0.2,295,defense,110,125,average,336.81,3,slightly_specialized,0.1,bottom_tier,0.12,bottom_tier,2,4,0,0.0,neutral,fragile,neutral-fragile,0.4,8.0,50.0,very_heavy,0,0.5,normal,59.0,72,225,70,20,"water1, dragon",medium,blob,blue,Dragon Pokémon,Known to shoot down flying bugs with precision blasts of ink from the surface of the water.,horsea --> seadra --> kingdra,3,1,0,1.0,0.5,0.5,2.0,2.0,0.5,1.0,1.0,1.0,1.0,1.0,1.0,1.0,1.0,1.0,1.0,0.5,1.0
117,seadra,seadra,1,water,,1,"poison-point, sniper",damp,55,0.12,65,0.15,95,0.22,95,0.22,45,0.1,85,0.19,440,defense,160,195,average,380.56,3,slightly_specialized,0.52,mid_tier,0.42,mid_tier,2,4,0,0.0,neutral,midrange,neutral-midrange,1.2,25.0,17.36,light,0,0.5,normal,154.0,73,75,70,20,"water1, dragon",medium,blob,blue,Dragon Pokémon,Capable of swim­ ming backwards by rapidly flapping its wing-like pectoral fins and stout tail.,horsea --> seadra --> kingdra,3,2,0,1.0,0.5,0.5,2.0,2.0,0.5,1.0,1.0,1.0,1.0,1.0,1.0,1.0,1.0,1.0,1.0,0.5,1.0
118,goldeen,goldeen,1,water,,1,"swift-swim, water-veil",lightning-rod,45,0.14,67,0.21,60,0.19,35,0.11,50,0.16,63,0.2,320,attack,102,155,average,123.56,1,balanced,0.23,lower_mid_tier,0.2,bottom_tier,2,4,0,0.0,neutral,fragile,neutral-fragile,0.6,15.0,41.67,heavy,0,0.5,normal,64.0,75,225,70,20,water2,medium,fish,red,Goldfish Pokémon,"Its tail fin billows like an elegant ballroom dress, giving it the nickname of the Water Queen.",goldeen --> seaking,2,1,0,1.0,0.5,0.5,2.0,2.0,0.5,1.0,1.0,1.0,1.0,1.0,1.0,1.0,1.0,1.0,1.0,0.5,1.0
119,seaking,seaking,1,water,,1,"swift-swim, water-veil",lightning-rod,80,0.18,92,0.2,65,0.14,65,0.14,80,0.18,68,0.15,450,attack,157,225,average,98.0,1,balanced,0.55,mid_tier,0.43,mid_tier,2,4,0,0.0,neutral,balanced,neutral-balanced,1.3,39.0,23.08,average,0,0.5,normal,158.0,74,60,70,20,water2,medium,fish,red,Goldfish Pokémon,"In the autumn spawning season, they can be seen swimming powerfully up rivers and creeks.",goldeen --> seaking,2,2,1,1.0,0.5,0.5,2.0,2.0,0.5,1.0,1.0,1.0,1.0,1.0,1.0,1.0,1.0,1.0,1.0,0.5,1.0
120,staryu,staryu,1,water,,1,"illuminate, natural-cure",analytic,30,0.09,45,0.13,55,0.16,70,0.21,55,0.16,85,0.25,340,speed,115,140,average,305.56,3,slightly_specialized,0.33,lower_mid_tier,0.27,lower_mid_tier,2,4,0,0.0,neutral,fragile,neutral-fragile,0.8,34.5,53.91,very_heavy,1,0.0,normal,68.0,79,225,70,20,water3,slow,blob,brown,Star Shape Pokémon,"If its body is torn, it can grow back if the red core remains. The core flashes at midnight.",staryu --> starmie,2,1,0,1.0,0.5,0.5,2.0,2.0,0.5,1.0,1.0,1.0,1.0,1.0,1.0,1.0,1.0,1.0,1.0,0.5,1.0
121,starmie,starmie,1,water,psychic,2,"illuminate, natural-cure",analytic,60,0.12,75,0.14,85,0.16,100,0.19,85,0.16,115,0.22,520,speed,175,230,fast,305.56,3,slightly_specialized,0.8,upper_mid_tier,0.73,upper_mid_tier,5,6,0,-2.0,frail,midrange,frail-midrange,1.1,80.0,66.12,very_heavy,1,0.0,normal,182.0,93,60,70,20,water3,slow,blob,purple,Mysterious Pokémon,Its central core glows with the seven colors of the rainbow. Some people value the core as a gem.,staryu --> starmie,2,2,1,1.0,0.5,0.5,2.0,2.0,0.5,0.5,1.0,1.0,1.0,0.5,2.0,1.0,2.0,1.0,2.0,0.5,1.0
121,starmie,starmie-mega,1,water,psychic,2,,,60,0.09,140,0.21,105,0.16,130,0.2,105,0.16,120,0.18,660,attack,270,270,fast,658.33,5,specialized,0.98,top_tier,0.95,top_tier,5,6,0,-2.0,frail,juggernaut,frail-juggernaut,2.3,80.0,15.12,light,1,0.0,normal,,0,60,70,20,water3,slow,blob,purple,Mysterious Pokémon,Its central core glows with the seven colors of the rainbow. Some people value the core as a gem.,staryu --> starmie,2,2,1,1.0,0.5,0.5,2.0,2.0,0.5,0.5,1.0,1.0,1.0,0.5,2.0,1.0,2.0,1.0,2.0,0.5,1.0
122,mr-mime,mr-mime,1,psychic,fairy,2,"soundproof, filter",technician,40,0.09,45,0.1,65,0.14,100,0.22,120,0.26,90,0.2,460,sp_defense,145,225,average,847.22,5,specialized,0.58,mid_tier,0.46,mid_tier,3,2,1,-0.5,exposed,midrange,exposed-midrange,1.3,54.5,32.25,heavy,0,0.5,normal,161.0,128,45,70,25,humanshape,medium,humanoid,pink,Barrier Pokémon,"If interrupted while it is miming, it will slap around the offender with its broad hands.",mime-jr --> mr-mime --> mr-rime,3,2,0,1.0,1.0,1.0,1.0,1.0,1.0,0.25,2.0,1.0,1.0,0.5,1.0,1.0,2.0,0.0,1.0,2.0,1.0
122,mr-mime,mr-mime-galar,1,ice,psychic,2,"vital-spirit, screen-cleaner",ice-body,50,0.11,65,0.14,65,0.14,90,0.2,90,0.2,100,0.22,460,speed,155,205,fast,313.89,3,slightly_specialized,0.58,mid_tier,0.46,mid_tier,6,2,0,-5.0,frail,midrange,frail-midrange,1.4,56.8,28.98,average,0,0.5,normal,161.0,89,45,70,25,humanshape,medium,humanoid,pink,Barrier Pokémon,"If interrupted while it is miming, it will slap around the offender with its broad hands.",mime-jr --> mr-mime --> mr-rime,3,2,0,1.0,2.0,1.0,1.0,1.0,0.5,1.0,1.0,1.0,1.0,0.5,2.0,2.0,2.0,1.0,2.0,2.0,1.0
123,scyther,scyther,1,bug,flying,2,"swarm, technician",steadfast,70,0.14,110,0.22,80,0.16,55,0.11,80,0.16,105,0.21,500,attack,165,230,fast,363.89,3,slightly_specialized,0.74,upper_mid_tier,0.66,upper_mid_tier,5,3,1,-2.0,frail,midrange,frail-midrange,1.5,56.0,24.89,average,0,0.5,normal,100.0,89,45,70,25,bug,medium,bug-wings,green,Mantis Pokémon,"With ninja-like agility and speed, it can create the illusion that there is more than one.",scyther --> scizor,2,1,0,1.0,2.0,1.0,2.0,0.25,2.0,0.25,1.0,0.0,2.0,1.0,0.5,4.0,1.0,1.0,1.0,1.0,1.0
124,jynx,jynx,1,ice,psychic,2,"oblivious, forewarn",dry-skin,65,0.14,50,0.11,35,0.08,115,0.25,95,0.21,95,0.21,455,sp_attack,165,195,average,786.81,5,specialized,0.57,mid_tier,0.45,mid_tier,6,2,0,-5.0,frail,midrange,frail-midrange,1.4,40.6,20.71,light,0,1.0,normal,159.0,121,45,70,25,humanshape,medium,humanoid,red,Human Shape Pokémon,It seductively wiggles its hips as it walks. It can cause people to dance in unison with it.,smoochum --> jynx,2,2,1,1.0,2.0,1.0,1.0,1.0,0.5,1.0,1.0,1.0,1.0,0.5,2.0,2.0,2.0,1.0,2.0,2.0,1.0
125,electabuzz,electabuzz,1,electric,,1,static,vital-spirit,65,0.13,83,0.17,57,0.12,95,0.19,85,0.17,105,0.21,490,speed,178,207,fast,270.22,2,slightly_specialized,0.66,upper_mid_tier,0.58,mid_tier,1,3,0,0.5,solid,midrange,solid-midrange,1.1,30.0,24.79,average,0,0.25,normal,172.0,99,45,70,25,humanshape,medium,upright,yellow,Electric Pokémon,"Normally found near power plants, they can wander away and cause major blackouts in cities.",elekid --> electabuzz --> electivire,3,2,0,1.0,1.0,1.0,0.5,1.0,1.0,1.0,1.0,2.0,0.5,1.0,1.0,1.0,1.0,1.0,1.0,0.5,1.0
126,magmar,magmar,1,fire,,1,flame-body,vital-spirit,65,0.13,95,0.19,57,0.12,100,0.2,85,0.17,93,0.19,495,sp_attack,195,207,average,255.92,2,slightly_specialized,0.7,upper_mid_tier,0.62,upper_mid_tier,3,6,0,0.0,neutral,sweeper,neutral-sweeper,1.3,44.5,26.33,average,0,0.25,normal,173.0,101,45,70,25,humanshape,medium,upright,red,Spitfire Pokémon,Its body always burns with an orange glow that enables it to hide perfectly among flames.,magby --> magmar --> magmortar,3,2,0,1.0,0.5,2.0,1.0,0.5,0.5,1.0,1.0,2.0,1.0,1.0,0.5,2.0,1.0,1.0,1.0,0.5,0.5
127,pinsir,pinsir,1,bug,,1,"hyper-cutter, mold-breaker",moxie,65,0.13,125,0.25,100,0.2,55,0.11,70,0.14,85,0.17,500,attack,180,235,average,555.56,4,specialized,0.74,upper_mid_tier,0.66,upper_mid_tier,3,3,0,-1.5,exposed,sweeper,exposed-sweeper,1.5,55.0,24.44,average,0,0.5,normal,175.0,85,45,70,25,bug,slow,humanoid,brown,Stag Beetle Pokémon,"If it fails to crush the victim in its pincers, it will swing it around and toss it hard.",pinsir,1,0,0,1.0,2.0,1.0,1.0,0.5,1.0,0.5,1.0,0.5,2.0,1.0,1.0,2.0,1.0,1.0,1.0,1.0,1.0
127,pinsir,pinsir-mega,1,bug,flying,2,aerilate,,65,0.11,155,0.26,120,0.2,65,0.11,90,0.15,105,0.18,600,attack,220,275,fast,1000.0,5,highly_specialized,0.95,top_tier,0.9,top_tier,5,3,1,-2.0,frail,juggernaut,frail-juggernaut,1.7,59.0,20.42,light,0,0.5,normal,210.0,69,45,70,25,bug,slow,humanoid,brown,Stag Beetle Pokémon,"If it fails to crush the victim in its pincers, it will swing it around and toss it hard.",pinsir,1,0,0,1.0,2.0,1.0,2.0,0.25,2.0,0.25,1.0,0.0,2.0,1.0,0.5,4.0,1.0,1.0,1.0,1.0,1.0
128,tauros,tauros,1,normal,,1,"intimidate, anger-point",sheer-force,75,0.15,100,0.2,95,0.19,40,0.08,70,0.14,110,0.22,490,speed,140,240,fast,538.89,4,specialized,0.66,upper_mid_tier,0.58,mid_tier,1,0,1,0.5,solid,midrange,solid-midrange,1.4,88.4,45.1,heavy,0,0.0,normal,172.0,96,45,70,20,ground,slow,quadruped,brown,Wild Bull Pokémon,"When it targets an enemy, it charges furiously while whipping its body with its long tails.",tauros,1,0,0,1.0,1.0,1.0,1.0,1.0,1.0,2.0,1.0,1.0,1.0,1.0,1.0,1.0,0.0,1.0,1.0,1.0,1.0
128,tauros,tauros-paldea-combat-breed,1,fighting,,1,"intimidate, anger-point",cud-chew,75,0.15,110,0.22,105,0.21,30,0.06,70,0.14,100,0.2,490,attack,140,250,fast,755.56,5,specialized,0.66,upper_mid_tier,0.58,mid_tier,3,3,0,-1.5,exposed,midrange,exposed-midrange,1.4,115.0,58.67,very_heavy,0,0.0,normal,172.0,50,45,70,20,ground,slow,quadruped,brown,Wild Bull Pokémon,"When it targets an enemy, it charges furiously while whipping its body with its long tails.",tauros,1,0,0,1.0,1.0,1.0,1.0,1.0,1.0,1.0,1.0,1.0,2.0,2.0,0.5,0.5,1.0,1.0,0.5,1.0,2.0
128,tauros,tauros-paldea-blaze-breed,1,fighting,fire,2,"intimidate, anger-point",cud-chew,75,0.15,110,0.22,105,0.21,30,0.06,70,0.14,100,0.2,490,attack,140,250,fast,755.56,5,specialized,0.66,upper_mid_tier,0.58,mid_tier,4,6,0,-1.0,exposed,midrange,exposed-midrange,1.4,85.0,43.37,heavy,0,0.0,normal,172.0,55,45,70,20,ground,slow,quadruped,brown,Wild Bull Pokémon,"When it targets an enemy, it charges furiously while whipping its body with its long tails.",tauros,1,0,0,1.0,0.5,2.0,1.0,0.5,0.5,1.0,1.0,2.0,2.0,2.0,0.25,1.0,1.0,1.0,0.5,0.5,1.0
128,tauros,tauros-paldea-aqua-breed,1,fighting,water,2,"intimidate, anger-point",cud-chew,75,0.15,110,0.22,105,0.21,30,0.06,70,0.14,100,0.2,490,attack,140,250,fast,755.56,5,specialized,0.66,upper_mid_tier,0.58,mid_tier,5,7,0,-1.5,exposed,midrange,exposed-midrange,1.4,110.0,56.12,very_heavy,0,0.0,normal,172.0,54,45,70,20,ground,slow,quadruped,brown,Wild Bull Pokémon,"When it targets an enemy, it charges furiously while whipping its body with its long tails.",tauros,1,0,0,1.0,0.5,0.5,2.0,2.0,0.5,1.0,1.0,1.0,2.0,2.0,0.5,0.5,1.0,1.0,0.5,0.5,2.0
129,magikarp,magikarp,1,water,,1,swift-swim,rattled,20,0.1,10,0.05,55,0.28,15,0.08,20,0.1,80,0.4,200,speed,25,95,average,647.22,4,specialized,0.01,bottom_tier,0.01,bottom_tier,2,4,0,0.0,neutral,fragile,neutral-fragile,0.9,10.0,12.35,very_light,0,0.5,normal,40.0,5,255,70,5,"water2, dragon",slow,fish,red,Fish Pokémon,"In the distant past, it was somewhat stronger than the horribly weak descendants that exist today.",magikarp --> gyarados,2,1,0,1.0,0.5,0.5,2.0,2.0,0.5,1.0,1.0,1.0,1.0,1.0,1.0,1.0,1.0,1.0,1.0,0.5,1.0
130,gyarados,gyarados,1,water,flying,2,intimidate,moxie,95,0.18,125,0.23,79,0.15,60,0.11,100,0.19,81,0.15,540,attack,185,274,average,408.67,3,slightly_specialized,0.87,top_tier,0.79,upper_mid_tier,2,5,1,2.0,iron,bulky_attacker,iron-bulky_attacker,6.5,235.0,5.56,very_light,0,0.5,normal,189.0,102,45,70,5,"water2, dragon",slow,squiggle,blue,Atrocious Pokémon,"Once it begins to rampage, a GYARADOS will burn everything down, even in a harsh storm.",magikarp --> gyarados,2,2,1,1.0,0.5,0.5,4.0,1.0,1.0,0.5,1.0,0.0,1.0,1.0,0.5,2.0,1.0,1.0,1.0,0.5,1.0
130,gyarados,gyarados-mega,1,water,dark,2,mold-breaker,,95,0.15,155,0.24,109,0.17,70,0.11,130,0.2,81,0.13,640,attack,225,334,average,837.56,5,specialized,0.98,top_tier,0.94,top_tier,5,6,1,-0.5,exposed,bulky_attacker,exposed-bulky_attacker,6.5,305.0,7.22,very_light,0,0.5,normal,224.0,70,45,70,5,"water2, dragon",slow,squiggle,blue,Atrocious Pokémon,"Once it begins to rampage, a GYARADOS will burn everything down, even in a harsh storm.",magikarp --> gyarados,2,2,1,1.0,0.5,0.5,2.0,2.0,0.5,2.0,1.0,1.0,1.0,0.0,2.0,1.0,0.5,1.0,0.5,0.5,2.0
131,lapras,lapras,1,water,ice,2,"water-absorb, shell-armor",hydration,130,0.24,85,0.16,80,0.15,85,0.16,95,0.18,60,0.11,535,hp,170,305,average,445.14,4,slightly_specialized,0.86,top_tier,0.78,upper_mid_tier,4,2,0,-3.0,frail,bulky,frail-bulky,2.5,220.0,35.2,heavy,0,0.5,normal,187.0,112,45,70,40,"monster, water1",slow,fish,blue,Transport Pokémon,A POKéMON that has been over­ hunted almost to extinction. It can ferry people across the water.,lapras,1,0,0,1.0,1.0,0.5,2.0,2.0,0.25,2.0,1.0,1.0,1.0,1.0,1.0,2.0,1.0,1.0,1.0,1.0,1.0
131,lapras,lapras-gmax,1,water,ice,2,"water-absorb, shell-armor",hydration,130,0.24,85,0.16,80,0.15,85,0.16,95,0.18,60,0.11,535,hp,170,305,average,445.14,4,slightly_specialized,0.86,top_tier,0.78,upper_mid_tier,4,2,0,-3.0,frail,bulky,frail-bulky,24.0,1000.0,1.74,very_light,0,0.5,normal,187.0,0,45,70,40,"monster, water1",slow,fish,blue,Transport Pokémon,A POKéMON that has been over­ hunted almost to extinction. It can ferry people across the water.,lapras,1,0,0,1.0,1.0,0.5,2.0,2.0,0.25,2.0,1.0,1.0,1.0,1.0,1.0,2.0,1.0,1.0,1.0,1.0,1.0
132,ditto,ditto,1,normal,,1,limber,imposter,48,0.17,48,0.17,48,0.17,48,0.17,48,0.17,48,0.17,288,hp,96,144,slow,0.0,1,balanced,0.07,bottom_tier,0.11,bottom_tier,1,0,1,0.5,solid,weak_slow,solid-weak_slow,0.3,4.0,44.44,heavy,1,0.0,normal,101.0,1,35,70,20,ditto,medium,ball,purple,Transform Pokémon,Capable of copying an enemy's genetic code to instantly transform itself into a duplicate of the enemy.,ditto,1,0,0,1.0,1.0,1.0,1.0,1.0,1.0,2.0,1.0,1.0,1.0,1.0,1.0,1.0,0.0,1.0,1.0,1.0,1.0
133,eevee,eevee,1,normal,,1,"run-away, adaptability",anticipation,55,0.17,55,0.17,50,0.15,45,0.14,65,0.2,55,0.17,325,sp_defense,100,170,slow,36.81,1,balanced,0.29,lower_mid_tier,0.22,lower_mid_tier,1,0,1,0.5,solid,weak_slow,solid-weak_slow,0.3,6.5,72.22,very_heavy,0,0.125,normal,65.0,74,45,70,35,ground,medium,quadruped,brown,Evolution Pokémon,Its genetic code is irregular. It may mutate if it is exposed to radiation from element STONEs.,eevee --> vaporeon,2,1,0,1.0,1.0,1.0,1.0,1.0,1.0,2.0,1.0,1.0,1.0,1.0,1.0,1.0,0.0,1.0,1.0,1.0,1.0
133,eevee,eevee-starter,1,normal,,1,"run-away, adaptability",anticipation,65,0.15,75,0.17,70,0.16,65,0.15,85,0.2,75,0.17,435,sp_defense,140,220,average,47.92,1,balanced,0.51,mid_tier,0.41,mid_tier,1,0,1,0.5,solid,balanced,solid-balanced,0.3,6.5,72.22,very_heavy,0,0.125,normal,87.0,30,45,70,35,ground,medium,quadruped,brown,Evolution Pokémon,Its genetic code is irregular. It may mutate if it is exposed to radiation from element STONEs.,eevee --> vaporeon,2,1,0,1.0,1.0,1.0,1.0,1.0,1.0,2.0,1.0,1.0,1.0,1.0,1.0,1.0,0.0,1.0,1.0,1.0,1.0
133,eevee,eevee-gmax,1,normal,,1,"run-away, adaptability",anticipation,55,0.17,55,0.17,50,0.15,45,0.14,65,0.2,55,0.17,325,sp_defense,100,170,slow,36.81,1,balanced,0.29,lower_mid_tier,0.22,lower_mid_tier,1,0,1,0.5,solid,weak_slow,solid-weak_slow,18.0,1000.0,3.09,very_light,0,0.125,normal,65.0,0,45,70,35,ground,medium,quadruped,brown,Evolution Pokémon,Its genetic code is irregular. It may mutate if it is exposed to radiation from element STONEs.,eevee --> vaporeon,2,1,0,1.0,1.0,1.0,1.0,1.0,1.0,2.0,1.0,1.0,1.0,1.0,1.0,1.0,0.0,1.0,1.0,1.0,1.0
134,vaporeon,vaporeon,1,water,,1,water-absorb,hydration,130,0.25,65,0.12,60,0.11,110,0.21,95,0.18,65,0.12,525,hp,175,285,average,689.58,5,specialized,0.81,top_tier,0.74,upper_mid_tier,2,4,0,0.0,neutral,bulky,neutral-bulky,1.0,29.0,29.0,average,0,0.125,normal,184.0,98,45,70,35,ground,medium,quadruped,blue,Bubble Jet Pokémon,Lives close to water. Its long tail is ridged with a fin which is often mistaken for a mermaid's.,eevee --> vaporeon,2,2,1,1.0,0.5,0.5,2.0,2.0,0.5,1.0,1.0,1.0,1.0,1.0,1.0,1.0,1.0,1.0,1.0,0.5,1.0
135,jolteon,jolteon,1,electric,,1,volt-absorb,quick-feet,65,0.12,65,0.12,60,0.11,110,0.21,95,0.18,130,0.25,525,speed,175,220,fast,689.58,5,specialized,0.81,top_tier,0.74,upper_mid_tier,1,3,0,0.5,solid,midrange,solid-midrange,0.8,24.5,38.28,heavy,0,0.125,normal,184.0,97,45,70,35,ground,medium,quadruped,yellow,Lightning Pokémon,It accumulates negative ions in the atmosphere to blast out 10000- volt lightning bolts.,eevee --> vaporeon,2,2,1,1.0,1.0,1.0,0.5,1.0,1.0,1.0,1.0,2.0,0.5,1.0,1.0,1.0,1.0,1.0,1.0,0.5,1.0
136,flareon,flareon,1,fire,,1,flash-fire,guts,65,0.12,130,0.25,60,0.11,95,0.18,110,0.21,65,0.12,525,attack,225,235,average,689.58,5,specialized,0.81,top_tier,0.74,upper_mid_tier,3,6,0,0.0,neutral,attacker,neutral-attacker,0.9,25.0,30.86,average,0,0.125,normal,184.0,94,45,70,35,ground,medium,quadruped,red,Flame Pokémon,"When storing thermal energy in its body, its temperature could soar to over 1600 degrees.",eevee --> vaporeon,2,2,1,1.0,0.5,2.0,1.0,0.5,0.5,1.0,1.0,2.0,1.0,1.0,0.5,2.0,1.0,1.0,1.0,0.5,0.5
137,porygon,porygon,1,normal,,1,"trace, download",analytic,65,0.16,60,0.15,70,0.18,85,0.22,75,0.19,40,0.1,395,sp_attack,145,210,slow,195.14,2,balanced,0.41,mid_tier,0.32,lower_mid_tier,1,0,1,0.5,solid,slow_attacker,solid-slow_attacker,0.8,36.5,57.03,very_heavy,1,0.0,normal,79.0,87,45,70,20,mineral,medium,legs,pink,Virtual Pokémon,A POKéMON that consists entirely of programming code. Capable of moving freely in cyberspace.,porygon --> porygon2 --> porygon-z,3,1,0,1.0,1.0,1.0,1.0,1.0,1.0,2.0,1.0,1.0,1.0,1.0,1.0,1.0,0.0,1.0,1.0,1.0,1.0
138,omanyte,omanyte,1,rock,water,2,"swift-swim, shell-armor",weak-armor,35,0.1,40,0.11,100,0.28,90,0.25,55,0.15,35,0.1,355,defense,130,190,slow,695.14,5,specialized,0.36,lower_mid_tier,0.28,lower_mid_tier,4,5,0,-1.5,exposed,slow_attacker,exposed-slow_attacker,0.4,7.5,46.87,very_heavy,0,0.125,normal,71.0,80,45,70,30,"water1, water3",medium,tentacles,blue,Spiral Pokémon,"Although long extinct, in rare cases, it can be genetically resurrected from fossils.",omanyte --> omastar,2,1,0,0.5,0.25,1.0,2.0,4.0,0.5,2.0,0.5,2.0,0.5,1.0,1.0,1.0,1.0,1.0,1.0,1.0,1.0
139,omastar,omastar,1,rock,water,2,"swift-swim, shell-armor",weak-armor,70,0.14,60,0.12,125,0.25,115,0.23,70,0.14,55,0.11,495,defense,175,265,slow,739.58,5,specialized,0.7,upper_mid_tier,0.62,upper_mid_tier,4,5,0,-1.5,exposed,tank,exposed-tank,1.0,35.0,35.0,heavy,0,0.125,normal,173.0,86,45,70,30,"water1, water3",medium,tentacles,blue,Spiral Pokémon,A prehistoric POKéMON that died out when its heavy shell made it impossible to catch prey.,omanyte --> omastar,2,2,1,0.5,0.25,1.0,2.0,4.0,0.5,2.0,0.5,2.0,0.5,1.0,1.0,1.0,1.0,1.0,1.0,1.0,1.0
140,kabuto,kabuto,1,rock,water,2,"swift-swim, battle-armor",weak-armor,30,0.08,80,0.23,90,0.25,55,0.15,45,0.13,55,0.15,355,defense,135,165,slow,411.81,3,slightly_specialized,0.36,lower_mid_tier,0.28,lower_mid_tier,4,5,0,-1.5,exposed,weak_slow,exposed-weak_slow,0.5,11.5,46.0,heavy,0,0.125,normal,71.0,83,45,70,30,"water1, water3",medium,armor,brown,Shellfish Pokémon,A POKéMON that was resurrected from a fossil found in what was once the ocean floor eons ago.,kabuto --> kabutops,2,1,0,0.5,0.25,1.0,2.0,4.0,0.5,2.0,0.5,2.0,0.5,1.0,1.0,1.0,1.0,1.0,1.0,1.0,1.0
141,kabutops,kabutops,1,rock,water,2,"swift-swim, battle-armor",weak-armor,60,0.12,115,0.23,105,0.21,65,0.13,70,0.14,80,0.16,495,attack,180,235,average,422.92,3,slightly_specialized,0.7,upper_mid_tier,0.62,upper_mid_tier,4,5,0,-1.5,exposed,attacker,exposed-attacker,1.3,40.5,23.96,average,0,0.125,normal,173.0,103,45,70,30,"water1, water3",medium,upright,brown,Shellfish Pokémon,Its sleek shape is perfect for swim­ ming. It slashes prey with its claws and drains the body fluids.,kabuto --> kabutops,2,2,1,0.5,0.25,1.0,2.0,4.0,0.5,2.0,0.5,2.0,0.5,1.0,1.0,1.0,1.0,1.0,1.0,1.0,1.0
142,aerodactyl,aerodactyl,1,rock,flying,2,"rock-head, pressure",unnerve,80,0.16,105,0.2,65,0.13,60,0.12,75,0.15,130,0.25,515,speed,165,220,fast,595.14,4,specialized,0.79,upper_mid_tier,0.72,upper_mid_tier,5,5,1,-1.0,exposed,midrange,exposed-midrange,1.8,59.0,18.21,light,0,0.125,normal,180.0,98,45,70,35,flying,slow,wings,purple,Fossil Pokémon,A Pokémon that roamed the skies in the dinosaur era. Its teeth are like saw blades.,aerodactyl,1,0,0,0.5,0.5,2.0,2.0,1.0,2.0,1.0,0.5,0.0,0.5,1.0,0.5,2.0,1.0,1.0,1.0,2.0,1.0
142,aerodactyl,aerodactyl-mega,1,rock,flying,2,tough-claws,,80,0.13,135,0.22,85,0.14,70,0.11,95,0.15,150,0.24,615,speed,205,260,fast,872.92,5,specialized,0.96,top_tier,0.93,top_tier,5,5,1,-1.0,exposed,juggernaut,exposed-juggernaut,2.1,79.0,17.91,light,0,0.125,normal,215.0,78,45,70,35,flying,slow,wings,purple,Fossil Pokémon,A Pokémon that roamed the skies in the dinosaur era. Its teeth are like saw blades.,aerodactyl,1,0,0,0.5,0.5,2.0,2.0,1.0,2.0,1.0,0.5,0.0,0.5,1.0,0.5,2.0,1.0,1.0,1.0,2.0,1.0
143,snorlax,snorlax,1,normal,,1,"immunity, thick-fat",gluttony,160,0.3,110,0.2,65,0.12,65,0.12,110,0.2,30,0.06,540,hp,175,335,slow,1758.33,5,extreme,0.87,top_tier,0.79,upper_mid_tier,1,0,1,0.5,solid,tank,solid-tank,2.1,460.0,104.31,very_heavy,0,0.125,normal,189.0,137,25,70,40,monster,slow,humanoid,black,Sleeping Pokémon,"Very lazy. Just eats and sleeps. As its rotund bulk builds, it becomes steadily more slothful.",munchlax --> snorlax,2,2,1,1.0,1.0,1.0,1.0,1.0,1.0,2.0,1.0,1.0,1.0,1.0,1.0,1.0,0.0,1.0,1.0,1.0,1.0
143,snorlax,snorlax-gmax,1,normal,,1,"immunity, thick-fat",gluttony,160,0.3,110,0.2,65,0.12,65,0.12,110,0.2,30,0.06,540,hp,175,335,slow,1758.33,5,extreme,0.87,top_tier,0.79,upper_mid_tier,1,0,1,0.5,solid,tank,solid-tank,35.0,1000.0,0.82,very_light,0,0.125,normal,189.0,0,25,70,40,monster,slow,humanoid,black,Sleeping Pokémon,"Very lazy. Just eats and sleeps. As its rotund bulk builds, it becomes steadily more slothful.",munchlax --> snorlax,2,2,1,1.0,1.0,1.0,1.0,1.0,1.0,2.0,1.0,1.0,1.0,1.0,1.0,1.0,0.0,1.0,1.0,1.0,1.0
144,articuno,articuno,1,ice,flying,2,pressure,snow-cloak,90,0.16,85,0.15,100,0.17,95,0.16,125,0.22,85,0.15,580,sp_defense,180,315,average,188.89,2,balanced,0.9,top_tier,0.86,top_tier,4,2,1,-1.5,exposed,juggernaut,exposed-juggernaut,1.7,55.4,19.17,light,1,0.0,legendary,261.0,90,3,35,80,no-eggs,slow,wings,blue,Freeze Pokémon,A legendary bird POKéMON that is said to appear to doomed people who are lost in icy mountains.,articuno,1,0,0,1.0,2.0,1.0,2.0,0.5,1.0,1.0,1.0,0.0,1.0,1.0,0.5,4.0,1.0,1.0,1.0,2.0,1.0
144,articuno,articuno-galar,1,psychic,flying,2,competitive,,90,0.16,85,0.15,85,0.15,125,0.22,100,0.17,95,0.16,580,sp_attack,210,275,average,188.89,2,balanced,0.9,top_tier,0.86,top_tier,5,3,1,-2.0,frail,juggernaut,frail-juggernaut,1.7,50.9,17.61,light,1,0.0,legendary,290.0,58,3,35,80,no-eggs,slow,wings,blue,Freeze Pokémon,A legendary bird POKéMON that is said to appear to doomed people who are lost in icy mountains.,articuno,1,0,0,1.0,1.0,1.0,2.0,0.5,2.0,0.25,1.0,0.0,1.0,0.5,1.0,2.0,2.0,1.0,2.0,1.0,1.0
145,zapdos,zapdos,1,electric,flying,2,pressure,static,90,0.16,90,0.16,85,0.15,125,0.22,90,0.16,100,0.17,580,sp_attack,215,265,fast,180.56,2,balanced,0.9,top_tier,0.86,top_tier,2,5,1,2.0,iron,juggernaut,iron-juggernaut,1.6,52.6,20.55,light,1,0.0,legendary,261.0,88,3,35,80,no-eggs,slow,wings,yellow,Electric Pokémon,A legendary bird POKéMON that is said to appear from clouds while dropping enormous lightning bolts.,zapdos,1,0,0,1.0,1.0,1.0,1.0,0.5,2.0,0.5,1.0,0.0,0.5,1.0,0.5,2.0,1.0,1.0,1.0,0.5,1.0
145,zapdos,zapdos-galar,1,fighting,flying,2,defiant,,90,0.16,125,0.22,90,0.16,85,0.15,90,0.16,100,0.17,580,attack,210,270,fast,180.56,2,balanced,0.9,top_tier,0.86,top_tier,5,4,1,-1.5,exposed,juggernaut,exposed-juggernaut,1.6,58.2,22.73,average,1,0.0,legendary,290.0,62,3,35,80,no-eggs,slow,wings,yellow,Electric Pokémon,A legendary bird POKéMON that is said to appear from clouds while dropping enormous lightning bolts.,zapdos,1,0,0,1.0,1.0,1.0,2.0,0.5,2.0,0.5,1.0,0.0,2.0,2.0,0.25,1.0,1.0,1.0,0.5,1.0,2.0
146,moltres,moltres,1,fire,flying,2,pressure,flame-body,90,0.16,100,0.17,90,0.16,125,0.22,85,0.15,90,0.16,580,sp_attack,225,265,average,180.56,2,balanced,0.9,top_tier,0.86,top_tier,3,6,1,1.5,iron,juggernaut,iron-juggernaut,2.0,60.0,15.0,light,1,0.0,legendary,261.0,84,3,35,80,no-eggs,slow,wings,yellow,Flame Pokémon,Known as the legendary bird of fire. Every flap of its wings creates a dazzling flash of flames.,moltres,1,0,0,1.0,0.5,2.0,2.0,0.25,1.0,0.5,1.0,0.0,1.0,1.0,0.25,4.0,1.0,1.0,1.0,0.5,0.5
146,moltres,moltres-galar,1,dark,flying,2,berserk,,90,0.16,85,0.15,90,0.16,100,0.17,125,0.22,90,0.16,580,sp_defense,185,305,average,180.56,2,balanced,0.9,top_tier,0.86,top_tier,4,3,2,0.5,solid,juggernaut,solid-juggernaut,2.0,66.0,16.5,light,1,0.0,legendary,290.0,54,3,35,80,no-eggs,slow,wings,yellow,Flame Pokémon,Known as the legendary bird of fire. Every flap of its wings creates a dazzling flash of flames.,moltres,1,0,0,1.0,1.0,1.0,2.0,0.5,2.0,1.0,1.0,0.0,1.0,0.0,1.0,2.0,0.5,1.0,0.5,1.0,2.0
147,dratini,dratini,1,dragon,,1,shed-skin,marvel-scale,41,0.14,64,0.21,45,0.15,50,0.17,50,0.17,50,0.17,300,attack,114,136,slow,50.33,1,balanced,0.12,bottom_tier,0.13,bottom_tier,3,4,0,-1.0,exposed,weak_slow,exposed-weak_slow,1.8,3.3,1.02,very_light,0,0.5,normal,60.0,86,45,35,40,"water1, dragon",slow,squiggle,blue,Dragon Pokémon,Long considered a mythical POKéMON until recently when a small colony was found living underwater.,dratini --> dragonair --> dragonite,3,1,0,1.0,0.5,0.5,0.5,0.5,2.0,1.0,1.0,1.0,1.0,1.0,1.0,1.0,1.0,2.0,1.0,1.0,2.0
148,dragonair,dragonair,1,dragon,,1,shed-skin,marvel-scale,61,0.15,84,0.2,65,0.15,70,0.17,70,0.17,70,0.17,420,attack,154,196,average,50.33,1,balanced,0.47,mid_tier,0.39,lower_mid_tier,3,4,0,-1.0,exposed,balanced,exposed-balanced,4.0,16.5,1.03,very_light,0,0.5,normal,147.0,84,45,35,40,"water1, dragon",slow,squiggle,blue,Dragon Pokémon,A mystical POKéMON that exudes a gentle aura. Has the ability to change climate conditions.,dratini --> dragonair --> dragonite,3,2,0,1.0,0.5,0.5,0.5,0.5,2.0,1.0,1.0,1.0,1.0,1.0,1.0,1.0,1.0,2.0,1.0,1.0,2.0
149,dragonite,dragonite,1,dragon,flying,2,inner-focus,multiscale,91,0.15,134,0.22,95,0.16,100,0.17,100,0.17,80,0.13,600,attack,234,286,average,277.0,3,slightly_specialized,0.95,top_tier,0.9,top_tier,4,5,1,0.0,neutral,bulky_attacker,neutral-bulky_attacker,2.2,210.0,43.39,heavy,0,0.5,normal,270.0,138,45,35,40,"water1, dragon",slow,upright,brown,Dragon Pokémon,An extremely rarely seen marine POKéMON. Its intelligence is said to match that of humans.,dratini --> dragonair --> dragonite,3,3,1,1.0,0.5,0.5,1.0,0.25,4.0,0.5,1.0,0.0,1.0,1.0,0.5,2.0,1.0,2.0,1.0,1.0,2.0
149,dragonite,dragonite-mega,1,dragon,flying,2,,,91,0.13,124,0.18,115,0.16,145,0.21,125,0.18,100,0.14,700,sp_attack,269,331,fast,310.89,3,slightly_specialized,0.99,top_tier,0.98,top_tier,4,5,1,0.0,neutral,juggernaut,neutral-juggernaut,2.2,290.0,59.92,very_heavy,0,0.5,normal,,0,45,35,40,"water1, dragon",slow,upright,brown,Dragon Pokémon,An extremely rarely seen marine POKéMON. Its intelligence is said to match that of humans.,dratini --> dragonair --> dragonite,3,3,1,1.0,0.5,0.5,1.0,0.25,4.0,0.5,1.0,0.0,1.0,1.0,0.5,2.0,1.0,2.0,1.0,1.0,2.0
150,mewtwo,mewtwo,1,psychic,,1,pressure,unnerve,106,0.16,110,0.16,90,0.13,154,0.23,90,0.13,130,0.19,680,sp_attack,264,286,fast,514.22,4,specialized,0.99,top_tier,0.96,top_tier,3,2,0,-2.0,frail,juggernaut,frail-juggernaut,2.0,122.0,30.5,average,1,0.0,legendary,306.0,167,3,0,120,no-eggs,slow,upright,purple,Genetic Pokémon,It was created by a scientist after years of horrific gene splicing and DNA engineering experiments.,mewtwo,1,0,0,1.0,1.0,1.0,1.0,1.0,1.0,0.5,1.0,1.0,1.0,0.5,2.0,1.0,2.0,1.0,2.0,1.0,1.0
150,mewtwo,mewtwo-mega-x,1,psychic,fighting,2,steadfast,,106,0.14,190,0.24,100,0.13,154,0.2,100,0.13,130,0.17,780,attack,344,306,fast,1092.0,5,highly_specialized,1.0,top_tier,1.0,top_tier,3,2,0,-2.0,frail,juggernaut,frail-juggernaut,2.3,127.0,24.01,average,1,0.0,legendary,351.0,115,3,0,120,no-eggs,slow,upright,purple,Genetic Pokémon,It was created by a scientist after years of horrific gene splicing and DNA engineering experiments.,mewtwo,1,0,0,1.0,1.0,1.0,1.0,1.0,1.0,0.5,1.0,1.0,2.0,1.0,1.0,0.5,2.0,1.0,1.0,1.0,2.0
150,mewtwo,mewtwo-mega-y,1,psychic,,1,insomnia,,106,0.14,150,0.19,70,0.09,194,0.25,120,0.15,140,0.18,780,sp_attack,344,296,fast,1478.67,5,extreme,1.0,top_tier,1.0,top_tier,3,2,0,-2.0,frail,juggernaut,frail-juggernaut,1.5,33.0,14.67,light,1,0.0,legendary,351.0,115,3,0,120,no-eggs,slow,upright,purple,Genetic Pokémon,It was created by a scientist after years of horrific gene splicing and DNA engineering experiments.,mewtwo,1,0,0,1.0,1.0,1.0,1.0,1.0,1.0,0.5,1.0,1.0,1.0,0.5,2.0,1.0,2.0,1.0,2.0,1.0,1.0
151,mew,mew,1,psychic,,1,synchronize,,100,0.17,100,0.17,100,0.17,100,0.17,100,0.17,100,0.17,600,hp,200,300,fast,0.0,1,balanced,0.95,top_tier,0.9,top_tier,3,2,0,-2.0,frail,juggernaut,frail-juggernaut,0.4,4.0,25.0,average,1,0.0,mythical,270.0,375,45,100,120,no-eggs,medium-slow,upright,pink,New Species Pokémon,So rare that it is still said to be a mirage by many experts. Only a few people have seen it worldwide.,mew,1,0,0,1.0,1.0,1.0,1.0,1.0,1.0,0.5,1.0,1.0,1.0,0.5,2.0,1.0,2.0,1.0,2.0,1.0,1.0
152,chikorita,chikorita,2,grass,,1,overgrow,leaf-guard,45,0.14,49,0.15,65,0.2,49,0.15,65,0.2,45,0.14,318,defense,98,175,slow,74.67,1,balanced,0.19,bottom_tier,0.19,bottom_tier,5,4,0,-3.0,frail,weak_slow,frail-weak_slow,0.9,6.4,7.9,very_light,0,0.125,normal,64.0,76,45,70,20,"monster, plant",medium-slow,quadruped,green,Leaf Pokémon,A sweet aroma gently wafts from the leaf on its head. It is docile and loves to soak up the sun's rays.,chikorita --> bayleef --> meganium,3,1,0,1.0,2.0,0.5,0.5,0.5,2.0,1.0,2.0,0.5,2.0,1.0,2.0,1.0,1.0,1.0,1.0,1.0,1.0
153,bayleef,bayleef,2,grass,,1,overgrow,leaf-guard,60,0.15,62,0.15,80,0.2,63,0.16,80,0.2,60,0.15,405,defense,125,220,average,79.25,1,balanced,0.51,mid_tier,0.34,lower_mid_tier,5,4,0,-3.0,frail,midrange,frail-midrange,1.2,15.8,10.97,very_light,0,0.125,normal,142.0,78,45,70,20,"monster, plant",medium-slow,quadruped,green,Leaf Pokémon,"The scent of spices comes from around its neck. Somehow, sniffing it makes you want to fight.",chikorita --> bayleef --> meganium,3,2,0,1.0,2.0,0.5,0.5,0.5,2.0,1.0,2.0,0.5,2.0,1.0,2.0,1.0,1.0,1.0,1.0,1.0,1.0
154,meganium,meganium,2,grass,,1,overgrow,leaf-guard,80,0.15,82,0.16,100,0.19,83,0.16,100,0.19,80,0.15,525,defense,165,280,average,79.25,1,balanced,0.84,top_tier,0.74,upper_mid_tier,5,4,0,-3.0,frail,bulky,frail-bulky,1.8,100.5,31.02,average,0,0.125,normal,236.0,92,45,70,20,"monster, plant",medium-slow,quadruped,green,Herb Pokémon,The aroma that rises from its petals contains a substance that calms aggressive feelings.,chikorita --> bayleef --> meganium,3,3,1,1.0,2.0,0.5,0.5,0.5,2.0,1.0,2.0,0.5,2.0,1.0,2.0,1.0,1.0,1.0,1.0,1.0,1.0
154,meganium,meganium-mega,2,grass,fairy,2,,,80,0.13,92,0.15,115,0.18,143,0.23,115,0.18,80,0.13,625,sp_attack,235,310,average,509.81,4,specialized,0.97,top_tier,0.93,top_tier,5,6,1,-0.5,exposed,bulky_attacker,exposed-bulky_attacker,2.4,201.0,34.9,heavy,0,0.125,normal,,0,45,70,20,"monster, plant",medium-slow,quadruped,green,Herb Pokémon,The aroma that rises from its petals contains a substance that calms aggressive feelings.,chikorita --> bayleef --> meganium,3,3,1,1.0,2.0,0.5,0.5,0.5,2.0,0.5,4.0,0.5,2.0,1.0,1.0,1.0,1.0,0.0,0.5,2.0,1.0
155,cyndaquil,cyndaquil,2,fire,,1,blaze,flash-fire,39,0.13,52,0.17,43,0.14,60,0.19,50,0.16,65,0.21,309,speed,112,132,average,80.92,1,balanced,0.17,bottom_tier,0.17,bottom_tier,3,6,0,0.0,neutral,fragile,neutral-fragile,0.5,7.9,31.6,heavy,0,0.125,normal,62.0,77,45,70,20,ground,medium-slow,humanoid,yellow,Fire Mouse Pokémon,"It has a timid nature. If it is startled, the flames on its back burn more vigorously.",cyndaquil --> quilava --> typhlosion,3,1,0,1.0,0.5,2.0,1.0,0.5,0.5,1.0,1.0,2.0,1.0,1.0,0.5,2.0,1.0,1.0,1.0,0.5,0.5
156,quilava,quilava,2,fire,,1,blaze,flash-fire,58,0.14,64,0.16,58,0.14,80,0.2,65,0.16,80,0.2,405,sp_attack,144,181,average,85.25,1,balanced,0.51,mid_tier,0.34,lower_mid_tier,3,6,0,0.0,neutral,midrange,neutral-midrange,0.9,19.0,23.46,average,0,0.125,normal,142.0,77,45,70,20,ground,medium-slow,quadruped,yellow,Volcano Pokémon,Be careful if it turns its back during battle. It means that it will attack with the fire on its back.,cyndaquil --> quilava --> typhlosion,3,2,0,1.0,0.5,2.0,1.0,0.5,0.5,1.0,1.0,2.0,1.0,1.0,0.5,2.0,1.0,1.0,1.0,0.5,0.5
157,typhlosion,typhlosion,2,fire,,1,blaze,flash-fire,78,0.15,84,0.16,78,0.15,109,0.2,85,0.16,100,0.19,534,sp_attack,193,241,fast,134.0,2,balanced,0.86,top_tier,0.77,upper_mid_tier,3,6,0,0.0,neutral,sweeper,neutral-sweeper,1.7,79.5,27.51,average,0,0.125,normal,240.0,111,45,70,20,ground,medium-slow,quadruped,yellow,Volcano Pokémon,"If its rage peaks, it becomes so hot that anything that touches it will instantly go up in flames.",cyndaquil --> quilava --> typhlosion,3,3,1,1.0,0.5,2.0,1.0,0.5,0.5,1.0,1.0,2.0,1.0,1.0,0.5,2.0,1.0,1.0,1.0,0.5,0.5
157,typhlosion,typhlosion-hisui,2,fire,ghost,2,blaze,frisk,73,0.14,84,0.16,78,0.15,119,0.22,85,0.16,95,0.18,534,sp_attack,203,236,average,225.67,2,slightly_specialized,0.86,top_tier,0.77,upper_mid_tier,5,7,2,1.5,iron,sweeper,iron-sweeper,1.6,69.8,27.27,average,0,0.125,normal,240.0,74,45,70,20,ground,medium-slow,quadruped,yellow,Volcano Pokémon,"If its rage peaks, it becomes so hot that anything that touches it will instantly go up in flames.",cyndaquil --> quilava --> typhlosion,3,3,1,0.0,0.5,2.0,1.0,0.5,0.5,0.0,0.5,2.0,1.0,1.0,0.25,2.0,2.0,1.0,2.0,0.5,0.5
158,totodile,totodile,2,water,,1,torrent,sheer-force,50,0.16,65,0.21,64,0.2,44,0.14,48,0.15,43,0.14,314,attack,109,162,slow,79.56,1,balanced,0.18,bottom_tier,0.18,bottom_tier,2,4,0,0.0,neutral,weak_slow,neutral-weak_slow,0.6,9.5,26.39,average,0,0.125,normal,63.0,98,45,70,20,"monster, water1",medium-slow,upright,blue,Big Jaw Pokémon,Its well-developed jaws are powerful and capable of crushing anything. Even its trainer must be careful.,totodile --> croconaw --> feraligatr,3,1,0,1.0,0.5,0.5,2.0,2.0,0.5,1.0,1.0,1.0,1.0,1.0,1.0,1.0,1.0,1.0,1.0,0.5,1.0
159,croconaw,croconaw,2,water,,1,torrent,sheer-force,65,0.16,80,0.2,80,0.2,59,0.15,63,0.16,58,0.14,405,attack,139,208,slow,83.58,1,balanced,0.51,mid_tier,0.34,lower_mid_tier,2,4,0,0.0,neutral,balanced,neutral-balanced,1.1,25.0,20.66,light,0,0.125,normal,142.0,100,45,70,20,"monster, water1",medium-slow,upright,blue,Big Jaw Pokémon,"If it loses a fang, a new one grows back in its place. There are always 48 fangs lining its mouth.",totodile --> croconaw --> feraligatr,3,2,0,1.0,0.5,0.5,2.0,2.0,0.5,1.0,1.0,1.0,1.0,1.0,1.0,1.0,1.0,1.0,1.0,0.5,1.0
160,feraligatr,feraligatr,2,water,,1,torrent,sheer-force,85,0.16,105,0.2,100,0.19,79,0.15,83,0.16,78,0.15,530,attack,184,268,average,107.89,1,balanced,0.85,top_tier,0.76,upper_mid_tier,2,4,0,0.0,neutral,bulky_attacker,neutral-bulky_attacker,2.3,88.8,16.79,light,0,0.125,normal,239.0,117,45,70,20,"monster, water1",medium-slow,upright,blue,Big Jaw Pokémon,"When it bites with its massive and powerful jaws, it shakes its head and savagely tears its victim up.",totodile --> croconaw --> feraligatr,3,3,1,1.0,0.5,0.5,2.0,2.0,0.5,1.0,1.0,1.0,1.0,1.0,1.0,1.0,1.0,1.0,1.0,0.5,1.0
160,feraligatr,feraligatr-mega,2,water,dragon,2,,,85,0.13,160,0.25,125,0.2,89,0.14,93,0.15,78,0.12,630,attack,249,303,average,825.67,5,specialized,0.98,top_tier,0.94,top_tier,2,3,0,-0.5,exposed,bulky_attacker,exposed-bulky_attacker,2.3,108.8,20.57,light,0,0.125,normal,,0,45,70,20,"monster, water1",medium-slow,upright,blue,Big Jaw Pokémon,"When it bites with its massive and powerful jaws, it shakes its head and savagely tears its victim up.",totodile --> croconaw --> feraligatr,3,3,1,1.0,0.25,0.25,1.0,1.0,1.0,1.0,1.0,1.0,1.0,1.0,1.0,1.0,1.0,2.0,1.0,0.5,2.0
161,sentret,sentret,2,normal,,1,"run-away, keen-eye",frisk,35,0.16,46,0.21,34,0.16,35,0.16,45,0.21,20,0.09,215,attack,81,114,slow,73.81,1,balanced,0.06,bottom_tier,0.04,bottom_tier,1,0,1,0.5,solid,weak_slow,solid-weak_slow,0.8,6.0,9.37,very_light,0,0.5,normal,43.0,100,255,70,15,ground,medium,quadruped,brown,Scout Pokémon,"A very cautious POKéMON, it raises itself up using its tail to get a better view of its surroundings.",sentret --> furret,2,1,0,1.0,1.0,1.0,1.0,1.0,1.0,2.0,1.0,1.0,1.0,1.0,1.0,1.0,0.0,1.0,1.0,1.0,1.0
162,furret,furret,2,normal,,1,"run-away, keen-eye",frisk,85,0.2,76,0.18,64,0.15,45,0.11,55,0.13,90,0.22,415,speed,121,204,average,257.14,2,slightly_specialized,0.56,mid_tier,0.37,lower_mid_tier,1,0,1,0.5,solid,midrange,solid-midrange,1.8,32.5,10.03,very_light,0,0.5,normal,145.0,105,90,70,15,ground,medium,quadruped,brown,Long Body Pokémon,It makes a nest to suit its long and skinny body. The nest is impossible for other POKéMON to enter.,sentret --> furret,2,2,1,1.0,1.0,1.0,1.0,1.0,1.0,2.0,1.0,1.0,1.0,1.0,1.0,1.0,0.0,1.0,1.0,1.0,1.0
163,hoothoot,hoothoot,2,normal,flying,2,"insomnia, keen-eye",tinted-lens,60,0.23,30,0.11,30,0.11,36,0.14,56,0.21,50,0.19,262,hp,66,146,slow,148.56,2,balanced,0.12,bottom_tier,0.07,bottom_tier,3,2,2,1.0,solid,weak_slow,solid-weak_slow,0.7,21.2,43.27,heavy,0,0.5,normal,52.0,92,255,70,15,flying,medium,wings,brown,Owl Pokémon,"It always stands on one foot. It changes feet so fast, the movement can rarely be seen.",hoothoot --> noctowl,2,1,0,1.0,1.0,1.0,2.0,0.5,2.0,1.0,1.0,0.0,1.0,1.0,0.5,2.0,0.0,1.0,1.0,1.0,1.0
164,noctowl,noctowl,2,normal,flying,2,"insomnia, keen-eye",tinted-lens,100,0.22,50,0.11,50,0.11,86,0.19,96,0.21,70,0.15,452,hp,136,246,average,410.22,3,slightly_specialized,0.66,upper_mid_tier,0.44,mid_tier,3,2,2,1.0,solid,balanced,solid-balanced,1.6,40.8,15.94,light,0,0.5,normal,158.0,96,90,70,15,flying,medium,wings,brown,Owl Pokémon,Its eyes are specially adapted. They concentrate even faint light and enable it to see in the dark.,hoothoot --> noctowl,2,2,1,1.0,1.0,1.0,2.0,0.5,2.0,1.0,1.0,0.0,1.0,1.0,0.5,2.0,0.0,1.0,1.0,1.0,1.0
165,ledyba,ledyba,2,bug,flying,2,"swarm, early-bird",rattled,40,0.15,20,0.08,30,0.11,40,0.15,80,0.3,55,0.21,265,sp_defense,60,150,slow,370.14,3,slightly_specialized,0.13,bottom_tier,0.08,bottom_tier,5,3,1,-2.0,frail,weak_slow,frail-weak_slow,1.0,10.8,10.8,very_light,0,0.5,normal,53.0,74,255,70,15,bug,fast,wings,red,Five Star Pokémon,It is very timid. It will be afraid to move if it is alone. But it will be active if it is in a group.,ledyba --> ledian,2,1,0,1.0,2.0,1.0,2.0,0.25,2.0,0.25,1.0,0.0,2.0,1.0,0.5,4.0,1.0,1.0,1.0,1.0,1.0
166,ledian,ledian,2,bug,flying,2,"swarm, early-bird",iron-fist,55,0.14,35,0.09,50,0.13,55,0.14,110,0.28,85,0.22,390,sp_defense,90,215,average,625.0,4,specialized,0.47,mid_tier,0.32,lower_mid_tier,5,3,1,-2.0,frail,midrange,frail-midrange,1.4,35.6,18.16,light,0,0.5,normal,137.0,73,90,70,15,bug,fast,wings,red,Five Star Pokémon,"When the stars flicker in the night sky, it flutters about, scattering a glowing powder.",ledyba --> ledian,2,2,1,1.0,2.0,1.0,2.0,0.25,2.0,0.25,1.0,0.0,2.0,1.0,0.5,4.0,1.0,1.0,1.0,1.0,1.0
167,spinarak,spinarak,2,bug,poison,2,"swarm, insomnia",sniper,40,0.16,60,0.24,40,0.16,40,0.16,40,0.16,30,0.12,250,attack,100,120,slow,80.56,1,balanced,0.09,bottom_tier,0.06,bottom_tier,4,5,0,-1.5,exposed,weak_slow,exposed-weak_slow,0.5,8.5,34.0,heavy,0,0.5,normal,50.0,81,255,70,15,bug,fast,armor,green,String Spit Pokémon,"It lies still in the same pose for days in its web, waiting for its unsuspecting prey to wander close.",spinarak --> ariados,2,1,0,1.0,2.0,1.0,1.0,0.25,1.0,0.25,0.5,1.0,2.0,2.0,0.5,2.0,1.0,1.0,1.0,1.0,0.5
168,ariados,ariados,2,bug,poison,2,"swarm, insomnia",sniper,70,0.18,90,0.22,70,0.18,60,0.15,70,0.18,40,0.1,400,attack,150,210,slow,222.22,2,slightly_specialized,0.48,mid_tier,0.33,lower_mid_tier,4,5,0,-1.5,exposed,slow_attacker,exposed-slow_attacker,1.1,33.5,27.69,average,0,0.5,normal,140.0,85,90,70,15,bug,fast,armor,red,Long Leg Pokémon,It spins string not only from its rear but also from its mouth. It is hard to tell which end is which.,spinarak --> ariados,2,2,1,1.0,2.0,1.0,1.0,0.25,1.0,0.25,0.5,1.0,2.0,2.0,0.5,2.0,1.0,1.0,1.0,1.0,0.5
169,crobat,crobat,2,poison,flying,2,inner-focus,infiltrator,85,0.16,90,0.17,80,0.15,70,0.13,80,0.15,130,0.24,535,speed,160,245,fast,370.14,3,slightly_specialized,0.87,top_tier,0.78,upper_mid_tier,4,5,1,0.0,neutral,midrange,neutral-midrange,1.8,75.0,23.15,average,0,0.5,normal,241.0,81,90,70,15,flying,medium,bug-wings,purple,Bat Pokémon,It flies so si­ lently through the dark on its four wings that it may not be noticed even when nearby.,zubat --> golbat --> crobat,3,3,1,1.0,1.0,1.0,2.0,0.25,2.0,0.25,0.5,0.0,1.0,2.0,0.25,2.0,1.0,1.0,1.0,1.0,0.5
170,chinchou,chinchou,2,water,electric,2,"volt-absorb, illuminate",water-absorb,75,0.23,38,0.12,38,0.12,56,0.17,56,0.17,67,0.2,330,hp,94,169,average,187.33,2,balanced,0.22,lower_mid_tier,0.23,lower_mid_tier,2,5,0,0.5,solid,fragile,solid-fragile,0.5,12.0,48.0,very_heavy,0,0.5,normal,66.0,77,190,70,20,water2,slow,fish,blue,Angler Pokémon,Chinchou blink their shining antennae at one another to claim their respective turf.,chinchou --> lanturn,2,1,0,1.0,0.5,0.5,1.0,2.0,0.5,1.0,1.0,2.0,0.5,1.0,1.0,1.0,1.0,1.0,1.0,0.25,1.0
171,lanturn,lanturn,2,water,electric,2,"volt-absorb, illuminate",water-absorb,125,0.27,58,0.13,58,0.13,76,0.17,76,0.17,67,0.15,460,hp,134,259,average,521.22,4,specialized,0.68,upper_mid_tier,0.46,mid_tier,2,5,0,0.5,solid,midrange,solid-midrange,1.2,22.5,15.62,light,0,0.5,normal,161.0,84,75,70,20,water2,slow,fish,blue,Light Pokémon,The light it emits is so bright that it can illuminate the sea's surface from a depth of over three miles.,chinchou --> lanturn,2,2,1,1.0,0.5,0.5,1.0,2.0,0.5,1.0,1.0,2.0,0.5,1.0,1.0,1.0,1.0,1.0,1.0,0.25,1.0
172,pichu,pichu,2,electric,,1,static,lightning-rod,20,0.1,40,0.2,15,0.07,35,0.17,35,0.17,60,0.29,205,speed,75,70,average,211.81,2,slightly_specialized,0.02,bottom_tier,0.02,bottom_tier,1,3,0,0.5,solid,fragile,solid-fragile,0.3,2.0,22.22,light,0,0.5,normal,41.0,86,190,70,10,no-eggs,medium,quadruped,yellow,Tiny Mouse Pokémon,It is not yet skilled at storing electricity. It may send out a jolt if amused or startled.,pichu --> pikachu --> raichu,3,1,0,1.0,1.0,1.0,0.5,1.0,1.0,1.0,1.0,2.0,0.5,1.0,1.0,1.0,1.0,1.0,1.0,0.5,1.0
172,pichu,pichu-spiky-eared,2,electric,,1,static,lightning-rod,20,0.1,40,0.2,15,0.07,35,0.17,35,0.17,60,0.29,205,speed,75,70,average,211.81,2,slightly_specialized,0.02,bottom_tier,0.02,bottom_tier,1,3,0,0.5,solid,fragile,solid-fragile,0.3,2.0,22.22,light,0,0.5,normal,41.0,86,190,70,10,no-eggs,medium,quadruped,yellow,Tiny Mouse Pokémon,It is not yet skilled at storing electricity. It may send out a jolt if amused or startled.,pichu --> pikachu --> raichu,3,1,0,1.0,1.0,1.0,0.5,1.0,1.0,1.0,1.0,2.0,0.5,1.0,1.0,1.0,1.0,1.0,1.0,0.5,1.0
173,cleffa,cleffa,2,fairy,,1,"cute-charm, magic-guard",friend-guard,50,0.23,25,0.11,28,0.13,45,0.21,55,0.25,15,0.07,218,sp_defense,70,133,slow,210.56,2,slightly_specialized,0.06,bottom_tier,0.04,bottom_tier,2,3,1,1.0,solid,weak_slow,solid-weak_slow,0.3,3.0,33.33,heavy,0,0.75,normal,44.0,109,150,140,10,no-eggs,fast,upright,pink,Star Shape Pokémon,"Because of its unusual, star-like silhouette, people believe that it came here on a meteor.",cleffa --> clefairy --> clefable,3,1,0,1.0,1.0,1.0,1.0,1.0,1.0,0.5,2.0,1.0,1.0,1.0,0.5,1.0,1.0,0.0,0.5,2.0,1.0
174,igglybuff,igglybuff,2,normal,fairy,2,"cute-charm, competitive",friend-guard,90,0.43,30,0.14,15,0.07,40,0.19,20,0.1,15,0.07,210,hp,70,125,slow,683.33,5,specialized,0.04,bottom_tier,0.03,bottom_tier,2,2,2,2.0,iron,weak_slow,iron-weak_slow,0.3,1.0,11.11,very_light,0,0.75,normal,42.0,96,170,70,10,no-eggs,fast,humanoid,pink,Balloon Pokémon,"It has a very soft body. If it starts to roll, it will bounce all over and be impossible to stop.",igglybuff --> jigglypuff --> wigglytuff,3,1,0,1.0,1.0,1.0,1.0,1.0,1.0,1.0,2.0,1.0,1.0,1.0,0.5,1.0,0.0,0.0,0.5,2.0,1.0
175,togepi,togepi,2,fairy,,1,"hustle, serene-grace",super-luck,35,0.14,20,0.08,65,0.27,40,0.16,65,0.27,20,0.08,245,defense,60,165,slow,345.14,3,slightly_specialized,0.07,bottom_tier,0.06,bottom_tier,2,3,1,1.0,solid,weak_slow,solid-weak_slow,0.3,1.5,16.67,light,0,0.125,normal,49.0,106,190,70,10,no-eggs,fast,humanoid,white,Spike Ball Pokémon,The shell seems to be filled with joy. It is said that it will share good luck when treated kindly.,togepi --> togetic --> togekiss,3,1,0,1.0,1.0,1.0,1.0,1.0,1.0,0.5,2.0,1.0,1.0,1.0,0.5,1.0,1.0,0.0,0.5,2.0,1.0
176,togetic,togetic,2,fairy,flying,2,"hustle, serene-grace",super-luck,55,0.14,40,0.1,85,0.21,80,0.2,105,0.26,40,0.1,405,sp_defense,120,245,slow,589.58,4,specialized,0.51,mid_tier,0.34,lower_mid_tier,5,4,2,0.0,neutral,slow_attacker,neutral-slow_attacker,0.6,3.2,8.89,very_light,0,0.125,normal,142.0,121,75,70,10,"flying, fairy",fast,humanoid,white,Happiness Pokémon,"They say that it will appear before kindhearted, car­ ing people and shower them with happiness.",togepi --> togetic --> togekiss,3,2,0,1.0,1.0,1.0,2.0,0.5,2.0,0.25,2.0,0.0,1.0,1.0,0.25,2.0,1.0,0.0,0.5,2.0,1.0
177,natu,natu,2,psychic,flying,2,"synchronize, early-bird",magic-bounce,40,0.12,50,0.16,45,0.14,70,0.22,45,0.14,70,0.22,320,sp_attack,120,130,average,147.22,2,balanced,0.2,bottom_tier,0.2,bottom_tier,5,3,1,-2.0,frail,fragile,frail-fragile,0.2,2.0,50.0,very_heavy,0,0.5,normal,64.0,93,190,70,20,flying,medium,wings,green,Tiny Bird Pokémon,"Because its wings aren't yet fully grown, it has to hop to get around. It is always star­ ing at something.",natu --> xatu,2,1,0,1.0,1.0,1.0,2.0,0.5,2.0,0.25,1.0,0.0,1.0,0.5,1.0,2.0,2.0,1.0,2.0,1.0,1.0
178,xatu,xatu,2,psychic,flying,2,"synchronize, early-bird",magic-bounce,65,0.14,75,0.16,70,0.15,95,0.2,70,0.15,95,0.2,470,sp_attack,170,205,average,147.22,2,balanced,0.71,upper_mid_tier,0.48,mid_tier,5,3,1,-2.0,frail,midrange,frail-midrange,1.5,15.0,6.67,very_light,0,0.5,normal,165.0,91,75,70,20,flying,medium,wings,green,Mystic Pokémon,They say that it stays still and quiet because it is seeing both the past and future at the same time.,natu --> xatu,2,2,1,1.0,1.0,1.0,2.0,0.5,2.0,0.25,1.0,0.0,1.0,0.5,1.0,2.0,2.0,1.0,2.0,1.0,1.0
179,mareep,mareep,2,electric,,1,static,plus,55,0.2,40,0.14,40,0.14,65,0.23,45,0.16,35,0.12,280,sp_attack,105,140,slow,105.56,1,balanced,0.13,bottom_tier,0.1,bottom_tier,1,3,0,0.5,solid,weak_slow,solid-weak_slow,0.6,7.8,21.67,light,0,0.5,normal,56.0,71,235,70,20,"monster, ground",medium-slow,quadruped,white,Wool Pokémon,"If static elec­ tricity builds in its body, its fleece doubles in volume. Touching it will shock you.",mareep --> flaaffy --> ampharos,3,1,0,1.0,1.0,1.0,0.5,1.0,1.0,1.0,1.0,2.0,0.5,1.0,1.0,1.0,1.0,1.0,1.0,0.5,1.0
180,flaaffy,flaaffy,2,electric,,1,static,plus,70,0.19,55,0.15,55,0.15,80,0.22,60,0.16,45,0.12,365,sp_attack,135,185,slow,128.47,1,balanced,0.46,mid_tier,0.29,lower_mid_tier,1,3,0,0.5,solid,weak_slow,solid-weak_slow,0.8,13.3,20.78,light,0,0.5,normal,128.0,83,120,70,20,"monster, ground",medium-slow,upright,pink,Wool Pokémon,"As a result of storing too much electricity, it developed patches where even downy wool won't grow.",mareep --> flaaffy --> ampharos,3,2,0,1.0,1.0,1.0,0.5,1.0,1.0,1.0,1.0,2.0,0.5,1.0,1.0,1.0,1.0,1.0,1.0,0.5,1.0
181,ampharos,ampharos,2,electric,,1,static,plus,90,0.18,75,0.15,85,0.17,115,0.23,90,0.18,55,0.11,510,sp_attack,190,265,slow,325.0,3,slightly_specialized,0.81,top_tier,0.7,upper_mid_tier,1,3,0,0.5,solid,bulky_attacker,solid-bulky_attacker,1.4,61.5,31.38,heavy,0,0.5,normal,230.0,100,45,70,20,"monster, ground",medium-slow,upright,yellow,Light Pokémon,The tail's tip shines brightly and can be seen from far away. It acts as a beacon for lost people.,mareep --> flaaffy --> ampharos,3,3,1,1.0,1.0,1.0,0.5,1.0,1.0,1.0,1.0,2.0,0.5,1.0,1.0,1.0,1.0,1.0,1.0,0.5,1.0
181,ampharos,ampharos-mega,2,electric,dragon,2,mold-breaker,,90,0.15,95,0.16,105,0.17,165,0.27,110,0.18,45,0.07,610,sp_attack,260,305,slow,1247.22,5,highly_specialized,0.96,top_tier,0.93,top_tier,4,6,0,-1.0,exposed,bulky_attacker,exposed-bulky_attacker,1.4,61.5,31.38,heavy,0,0.5,normal,275.0,64,45,70,20,"monster, ground",medium-slow,upright,yellow,Light Pokémon,The tail's tip shines brightly and can be seen from far away. It acts as a beacon for lost people.,mareep --> flaaffy --> ampharos,3,3,1,1.0,0.5,0.5,0.25,0.5,2.0,1.0,1.0,2.0,0.5,1.0,1.0,1.0,1.0,2.0,1.0,0.5,2.0
182,bellossom,bellossom,2,grass,,1,chlorophyll,healer,75,0.15,80,0.16,95,0.19,90,0.18,100,0.2,50,0.1,490,sp_defense,170,270,slow,272.22,2,slightly_specialized,0.74,upper_mid_tier,0.58,mid_tier,5,4,0,-3.0,frail,tank,frail-tank,0.4,5.8,36.25,heavy,0,0.5,normal,221.0,86,45,70,20,plant,medium-slow,humanoid,green,Flower Pokémon,"Plentiful in the tropics. When it dances, its petals rub together and make a pleasant ringing sound.",oddish --> gloom --> vileplume,3,3,1,1.0,2.0,0.5,0.5,0.5,2.0,1.0,2.0,0.5,2.0,1.0,2.0,1.0,1.0,1.0,1.0,1.0,1.0
183,marill,marill,2,water,fairy,2,"thick-fat, huge-power",sap-sipper,70,0.28,20,0.08,50,0.2,20,0.08,50,0.2,40,0.16,250,hp,40,170,slow,313.89,3,slightly_specialized,0.09,bottom_tier,0.06,bottom_tier,3,6,1,1.5,iron,weak_slow,iron-weak_slow,0.4,8.5,53.12,very_heavy,0,0.5,normal,88.0,109,190,70,10,"water1, fairy",fast,upright,blue,Aqua Mouse Pokémon,"The tip of its tail, which con­ tains oil that is lighter than wa­ ter, lets it swim without drowning.",azurill --> marill --> azumarill,3,2,0,1.0,0.5,0.5,2.0,2.0,0.5,0.5,2.0,1.0,1.0,1.0,0.5,1.0,1.0,0.0,0.5,1.0,1.0
184,azumarill,azumarill,2,water,fairy,2,"thick-fat, huge-power",sap-sipper,100,0.24,50,0.12,80,0.19,60,0.14,80,0.19,50,0.12,420,hp,110,260,slow,333.33,3,slightly_specialized,0.57,mid_tier,0.39,lower_mid_tier,3,6,1,1.5,iron,tank,iron-tank,0.8,28.5,44.53,heavy,0,0.5,normal,189.0,100,75,70,10,"water1, fairy",fast,upright,blue,Aqua Rabbit Pokémon,It lives in water virtually all day long. Its body color and pattern act as camouflage that makes it tough for enemies to spot in water.,azurill --> marill --> azumarill,3,3,1,1.0,0.5,0.5,2.0,2.0,0.5,0.5,2.0,1.0,1.0,1.0,0.5,1.0,1.0,0.0,0.5,1.0,1.0
185,sudowoodo,sudowoodo,2,rock,,1,"sturdy, rock-head",rattled,70,0.17,100,0.24,115,0.28,30,0.07,65,0.16,30,0.07,410,defense,130,250,slow,1022.22,5,highly_specialized,0.54,mid_tier,0.35,lower_mid_tier,5,4,0,-3.0,frail,slow_attacker,frail-slow_attacker,1.2,38.0,26.39,average,0,0.5,normal,144.0,101,65,70,20,mineral,medium,humanoid,brown,Imitation Pokémon,"Although it always pretends to be a tree, its composi­ tion appears to be closer to a rock than a plant.",bonsly --> sudowoodo,2,2,1,0.5,0.5,2.0,1.0,2.0,1.0,2.0,0.5,2.0,0.5,1.0,1.0,1.0,1.0,1.0,1.0,2.0,1.0
186,politoed,politoed,2,water,,1,"water-absorb, damp",drizzle,90,0.18,75,0.15,75,0.15,90,0.18,100,0.2,70,0.14,500,sp_defense,165,265,average,113.89,1,balanced,0.78,upper_mid_tier,0.66,upper_mid_tier,2,4,0,0.0,neutral,bulky,neutral-bulky,1.1,33.9,28.02,average,0,0.5,normal,225.0,92,45,70,20,water1,medium-slow,humanoid,green,Frog Pokémon,"If POLIWAG and POLIWHIRL hear its echoing cry, they respond by gather­ ing from far and wide.",poliwag --> poliwhirl --> poliwrath,3,3,1,1.0,0.5,0.5,2.0,2.0,0.5,1.0,1.0,1.0,1.0,1.0,1.0,1.0,1.0,1.0,1.0,0.5,1.0
187,hoppip,hoppip,2,grass,flying,2,"chlorophyll, leaf-guard",infiltrator,35,0.14,35,0.14,40,0.16,35,0.14,55,0.22,50,0.2,250,sp_defense,70,130,slow,63.89,1,balanced,0.09,bottom_tier,0.06,bottom_tier,5,3,1,-2.0,frail,weak_slow,frail-weak_slow,0.4,0.5,3.12,very_light,0,0.5,normal,50.0,83,255,70,20,"fairy, plant",medium-slow,upright,pink,Cottonweed Pokémon,"To keep from being blown away by the wind, they gather in clusters. They do enjoy gentle breezes, though.",hoppip --> skiploom --> jumpluff,3,1,0,1.0,2.0,0.5,1.0,0.25,4.0,0.5,2.0,0.0,2.0,1.0,1.0,2.0,1.0,1.0,1.0,1.0,1.0
188,skiploom,skiploom,2,grass,flying,2,"chlorophyll, leaf-guard",infiltrator,55,0.16,45,0.13,50,0.15,45,0.13,65,0.19,80,0.24,340,speed,90,170,average,155.56,2,balanced,0.43,mid_tier,0.27,lower_mid_tier,5,3,1,-2.0,frail,fragile,frail-fragile,0.6,1.0,2.78,very_light,0,0.5,normal,119.0,75,120,70,20,"fairy, plant",medium-slow,upright,green,Cottonweed Pokémon,The bloom on top of its head opens and closes as the temperature fluc­ tuates up and down.,hoppip --> skiploom --> jumpluff,3,2,0,1.0,2.0,0.5,1.0,0.25,4.0,0.5,2.0,0.0,2.0,1.0,1.0,2.0,1.0,1.0,1.0,1.0,1.0
189,jumpluff,jumpluff,2,grass,flying,2,"chlorophyll, leaf-guard",infiltrator,75,0.16,55,0.12,70,0.15,55,0.12,95,0.21,110,0.24,460,speed,110,240,fast,405.56,3,slightly_specialized,0.68,upper_mid_tier,0.46,mid_tier,5,3,1,-2.0,frail,midrange,frail-midrange,0.8,3.0,4.69,very_light,0,0.5,normal,207.0,78,45,70,20,"fairy, plant",medium-slow,upright,blue,Cottonweed Pokémon,"Once it catches the wind, it deft­ ly controls its cotton-puff spores to float, even around the world.",hoppip --> skiploom --> jumpluff,3,3,1,1.0,2.0,0.5,1.0,0.25,4.0,0.5,2.0,0.0,2.0,1.0,1.0,2.0,1.0,1.0,1.0,1.0,1.0
190,aipom,aipom,2,normal,,1,"run-away, pickup",skill-link,55,0.15,70,0.19,55,0.15,40,0.11,55,0.15,85,0.24,360,speed,110,165,average,200.0,2,slightly_specialized,0.44,mid_tier,0.29,lower_mid_tier,1,0,1,0.5,solid,fragile,solid-fragile,0.8,11.5,17.97,light,0,0.5,normal,72.0,115,45,70,20,ground,fast,upright,purple,Long Tail Pokémon,Its tail is so powerful that it can use it to grab a tree branch and hold itself up in the air.,aipom --> ambipom,2,1,0,1.0,1.0,1.0,1.0,1.0,1.0,2.0,1.0,1.0,1.0,1.0,1.0,1.0,0.0,1.0,1.0,1.0,1.0
191,sunkern,sunkern,2,grass,,1,"chlorophyll, solar-power",early-bird,30,0.17,30,0.17,30,0.17,30,0.17,30,0.17,30,0.17,180,hp,60,90,slow,0.0,1,balanced,0.01,bottom_tier,0.0,bottom_tier,5,4,0,-3.0,frail,weak_slow,frail-weak_slow,0.3,1.8,20.0,light,0,0.5,normal,36.0,63,235,70,20,plant,medium-slow,ball,yellow,Seed Pokémon,"It may drop out of the sky suddenly. If attacked by a SPEAROW, it will violently shake its leaves.",sunkern --> sunflora,2,1,0,1.0,2.0,0.5,0.5,0.5,2.0,1.0,2.0,0.5,2.0,1.0,2.0,1.0,1.0,1.0,1.0,1.0,1.0
192,sunflora,sunflora,2,grass,,1,"chlorophyll, solar-power",early-bird,75,0.18,75,0.18,55,0.13,105,0.25,85,0.2,30,0.07,425,sp_attack,180,215,slow,553.47,4,specialized,0.58,mid_tier,0.4,lower_mid_tier,5,4,0,-3.0,frail,attacker,frail-attacker,0.8,8.5,13.28,very_light,0,0.5,normal,149.0,69,120,70,20,plant,medium-slow,humanoid,yellow,Sun Pokémon,"It converts sun­ light into energy. In the darkness after sunset, it closes its petals and becomes still.",sunkern --> sunflora,2,2,1,1.0,2.0,0.5,0.5,0.5,2.0,1.0,2.0,0.5,2.0,1.0,2.0,1.0,1.0,1.0,1.0,1.0,1.0
193,yanma,yanma,2,bug,flying,2,"speed-boost, compound-eyes",frisk,65,0.17,65,0.17,45,0.12,75,0.19,45,0.12,95,0.24,390,speed,140,155,average,300.0,3,slightly_specialized,0.47,mid_tier,0.32,lower_mid_tier,5,3,1,-2.0,frail,midrange,frail-midrange,1.2,38.0,26.39,average,0,0.5,normal,78.0,73,75,70,20,bug,medium,bug-wings,red,Clear Wing Pokémon,"If it flaps its wings really fast, it can generate shock waves that will shatter win­ dows in the area.",yanma --> yanmega,2,1,0,1.0,2.0,1.0,2.0,0.25,2.0,0.25,1.0,0.0,2.0,1.0,0.5,4.0,1.0,1.0,1.0,1.0,1.0
194,wooper,wooper,2,water,ground,2,"damp, water-absorb",unaware,55,0.26,45,0.21,45,0.21,25,0.12,25,0.12,15,0.07,210,hp,70,125,slow,200.0,2,slightly_specialized,0.04,bottom_tier,0.03,bottom_tier,1,4,1,2.5,iron,weak_slow,iron-weak_slow,0.4,8.5,53.12,very_heavy,0,0.5,normal,42.0,92,255,70,20,"water1, ground",medium,legs,blue,Water Fish Pokémon,This POKéMON lives in cold water. It will leave the water to search for food when it gets cold outside.,wooper --> quagsire,2,1,0,1.0,0.5,1.0,0.0,4.0,1.0,1.0,0.5,1.0,1.0,1.0,1.0,0.5,1.0,1.0,1.0,0.5,1.0
194,wooper,wooper-paldea,2,poison,ground,2,"poison-point, water-absorb",unaware,55,0.26,45,0.21,45,0.21,25,0.12,25,0.12,15,0.07,210,hp,70,125,slow,200.0,2,slightly_specialized,0.04,bottom_tier,0.03,bottom_tier,4,5,1,0.0,neutral,weak_slow,neutral-weak_slow,0.4,11.0,68.75,very_heavy,0,0.5,normal,42.0,59,255,70,20,"water1, ground",medium,legs,blue,Water Fish Pokémon,This POKéMON lives in cold water. It will leave the water to search for food when it gets cold outside.,wooper --> quagsire,2,1,0,1.0,1.0,2.0,0.0,1.0,2.0,0.5,0.25,2.0,1.0,2.0,0.5,0.5,1.0,1.0,1.0,1.0,0.5
195,quagsire,quagsire,2,water,ground,2,"damp, water-absorb",unaware,95,0.22,85,0.2,85,0.2,65,0.15,65,0.15,35,0.08,430,hp,150,245,slow,388.89,3,slightly_specialized,0.6,mid_tier,0.41,mid_tier,1,4,1,2.5,iron,slow_attacker,iron-slow_attacker,1.4,75.0,38.27,heavy,0,0.5,normal,151.0,102,90,70,20,"water1, ground",medium,upright,blue,Water Fish Pokémon,"This carefree POKéMON has an easy-going nature. While swimming, it always bumps into boat hulls.",wooper --> quagsire,2,2,1,1.0,0.5,1.0,0.0,4.0,1.0,1.0,0.5,1.0,1.0,1.0,1.0,0.5,1.0,1.0,1.0,0.5,1.0
196,espeon,espeon,2,psychic,,1,synchronize,magic-bounce,65,0.12,65,0.12,60,0.11,130,0.25,95,0.18,110,0.21,525,sp_attack,195,220,fast,689.58,5,specialized,0.84,top_tier,0.74,upper_mid_tier,3,2,0,-2.0,frail,sweeper,frail-sweeper,0.9,26.5,32.72,heavy,0,0.125,normal,184.0,101,45,70,35,ground,medium,quadruped,purple,Sun Pokémon,It uses the fine hair that covers its body to sense air currents and predict its ene­ my's actions.,eevee --> vaporeon,2,2,1,1.0,1.0,1.0,1.0,1.0,1.0,0.5,1.0,1.0,1.0,0.5,2.0,1.0,2.0,1.0,2.0,1.0,1.0
197,umbreon,umbreon,2,dark,,1,synchronize,inner-focus,95,0.18,65,0.12,110,0.21,60,0.11,130,0.25,65,0.12,525,sp_defense,125,335,average,689.58,5,specialized,0.84,top_tier,0.74,upper_mid_tier,3,2,1,-0.5,exposed,support,exposed-support,1.0,27.0,27.0,average,0,0.125,normal,184.0,98,45,35,35,ground,medium,quadruped,black,Moonlight Pokémon,"When agitated, this POKéMON pro­ tects itself by spraying poisonous sweat from its pores.",eevee --> vaporeon,2,2,1,1.0,1.0,1.0,1.0,1.0,1.0,2.0,1.0,1.0,1.0,0.0,2.0,1.0,0.5,1.0,0.5,1.0,2.0
198,murkrow,murkrow,2,dark,flying,2,"insomnia, super-luck",prankster,60,0.15,85,0.21,42,0.1,85,0.21,42,0.1,91,0.22,405,speed,170,144,average,420.25,3,slightly_specialized,0.51,mid_tier,0.34,lower_mid_tier,4,3,2,0.5,solid,midrange,solid-midrange,0.5,2.1,8.4,very_light,0,0.5,normal,81.0,98,30,35,20,flying,medium-slow,wings,black,Darkness Pokémon,"Feared and loathed by many, it is believed to bring misfortune to all those who see it at night.",murkrow --> honchkrow,2,1,0,1.0,1.0,1.0,2.0,0.5,2.0,1.0,1.0,0.0,1.0,0.0,1.0,2.0,0.5,1.0,0.5,1.0,2.0
199,slowking,slowking,2,water,psychic,2,"oblivious, own-tempo",regenerator,95,0.19,75,0.15,80,0.16,100,0.2,110,0.22,30,0.06,490,sp_defense,175,285,slow,672.22,5,specialized,0.74,upper_mid_tier,0.58,mid_tier,5,6,0,-2.0,frail,tank,frail-tank,2.0,79.5,19.88,light,0,0.5,normal,172.0,134,70,70,20,"monster, water1",medium,upright,pink,Royal Pokémon,"It has incredible intellect and in­ tuition. Whatever the situation, it remains calm and collected.",slowpoke --> slowbro,2,2,1,1.0,0.5,0.5,2.0,2.0,0.5,0.5,1.0,1.0,1.0,0.5,2.0,1.0,2.0,1.0,2.0,0.5,1.0
199,slowking,slowking-galar,2,poison,psychic,2,"curious-medicine, own-tempo",regenerator,95,0.19,65,0.13,80,0.16,110,0.22,110,0.22,30,0.06,490,sp_attack,175,285,slow,788.89,5,specialized,0.74,upper_mid_tier,0.58,mid_tier,3,4,0,-1.0,exposed,tank,exposed-tank,1.8,79.5,24.54,average,0,0.5,normal,172.0,108,70,70,20,"monster, water1",medium,upright,pink,Royal Pokémon,"It has incredible intellect and in­ tuition. Whatever the situation, it remains calm and collected.",slowpoke --> slowbro,2,2,1,1.0,1.0,1.0,1.0,0.5,1.0,0.25,0.5,2.0,1.0,1.0,1.0,1.0,2.0,1.0,2.0,1.0,0.5
200,misdreavus,misdreavus,2,ghost,,1,levitate,,60,0.14,60,0.14,60,0.14,85,0.2,85,0.2,85,0.2,435,sp_attack,145,205,average,156.25,2,balanced,0.62,upper_mid_tier,0.41,mid_tier,2,2,2,2.0,iron,midrange,iron-midrange,0.7,1.0,2.04,very_light,0,0.5,normal,87.0,108,45,35,25,indeterminate,fast,ball,gray,Screech Pokémon,It likes playing mischievous tricks such as screaming and wailing to startle people at night.,misdreavus --> mismagius,2,1,0,0.0,1.0,1.0,1.0,1.0,1.0,0.0,0.5,1.0,1.0,1.0,0.5,1.0,2.0,1.0,2.0,1.0,1.0
201,unown,unown-a,2,psychic,,1,levitate,,48,0.14,72,0.21,48,0.14,72,0.21,48,0.14,48,0.14,336,attack,144,144,slow,128.0,1,balanced,0.33,lower_mid_tier,0.25,lower_mid_tier,3,2,0,-2.0,frail,slow_attacker,frail-slow_attacker,0.5,5.0,20.0,light,1,0.0,normal,118.0,1,225,70,40,no-eggs,medium,ball,black,Symbol Pokémon,Their shapes look like hieroglyphs on ancient tab­ lets. It is said that the two are somehow related.,unown,1,0,0,1.0,1.0,1.0,1.0,1.0,1.0,0.5,1.0,1.0,1.0,0.5,2.0,1.0,2.0,1.0,2.0,1.0,1.0
201,unown,unown-b,2,psychic,,1,levitate,,48,0.14,72,0.21,48,0.14,72,0.21,48,0.14,48,0.14,336,attack,144,144,slow,128.0,1,balanced,0.33,lower_mid_tier,0.25,lower_mid_tier,3,2,0,-2.0,frail,slow_attacker,frail-slow_attacker,0.5,5.0,20.0,light,1,0.0,normal,118.0,1,225,70,40,no-eggs,medium,ball,black,Symbol Pokémon,Their shapes look like hieroglyphs on ancient tab­ lets. It is said that the two are somehow related.,unown,1,0,0,1.0,1.0,1.0,1.0,1.0,1.0,0.5,1.0,1.0,1.0,0.5,2.0,1.0,2.0,1.0,2.0,1.0,1.0
201,unown,unown-c,2,psychic,,1,levitate,,48,0.14,72,0.21,48,0.14,72,0.21,48,0.14,48,0.14,336,attack,144,144,slow,128.0,1,balanced,0.33,lower_mid_tier,0.25,lower_mid_tier,3,2,0,-2.0,frail,slow_attacker,frail-slow_attacker,0.5,5.0,20.0,light,1,0.0,normal,118.0,1,225,70,40,no-eggs,medium,ball,black,Symbol Pokémon,Their shapes look like hieroglyphs on ancient tab­ lets. It is said that the two are somehow related.,unown,1,0,0,1.0,1.0,1.0,1.0,1.0,1.0,0.5,1.0,1.0,1.0,0.5,2.0,1.0,2.0,1.0,2.0,1.0,1.0
201,unown,unown-d,2,psychic,,1,levitate,,48,0.14,72,0.21,48,0.14,72,0.21,48,0.14,48,0.14,336,attack,144,144,slow,128.0,1,balanced,0.33,lower_mid_tier,0.25,lower_mid_tier,3,2,0,-2.0,frail,slow_attacker,frail-slow_attacker,0.5,5.0,20.0,light,1,0.0,normal,118.0,1,225,70,40,no-eggs,medium,ball,black,Symbol Pokémon,Their shapes look like hieroglyphs on ancient tab­ lets. It is said that the two are somehow related.,unown,1,0,0,1.0,1.0,1.0,1.0,1.0,1.0,0.5,1.0,1.0,1.0,0.5,2.0,1.0,2.0,1.0,2.0,1.0,1.0
201,unown,unown-e,2,psychic,,1,levitate,,48,0.14,72,0.21,48,0.14,72,0.21,48,0.14,48,0.14,336,attack,144,144,slow,128.0,1,balanced,0.33,lower_mid_tier,0.25,lower_mid_tier,3,2,0,-2.0,frail,slow_attacker,frail-slow_attacker,0.5,5.0,20.0,light,1,0.0,normal,118.0,1,225,70,40,no-eggs,medium,ball,black,Symbol Pokémon,Their shapes look like hieroglyphs on ancient tab­ lets. It is said that the two are somehow related.,unown,1,0,0,1.0,1.0,1.0,1.0,1.0,1.0,0.5,1.0,1.0,1.0,0.5,2.0,1.0,2.0,1.0,2.0,1.0,1.0
201,unown,unown-f,2,psychic,,1,levitate,,48,0.14,72,0.21,48,0.14,72,0.21,48,0.14,48,0.14,336,attack,144,144,slow,128.0,1,balanced,0.33,lower_mid_tier,0.25,lower_mid_tier,3,2,0,-2.0,frail,slow_attacker,frail-slow_attacker,0.5,5.0,20.0,light,1,0.0,normal,118.0,1,225,70,40,no-eggs,medium,ball,black,Symbol Pokémon,Their shapes look like hieroglyphs on ancient tab­ lets. It is said that the two are somehow related.,unown,1,0,0,1.0,1.0,1.0,1.0,1.0,1.0,0.5,1.0,1.0,1.0,0.5,2.0,1.0,2.0,1.0,2.0,1.0,1.0
201,unown,unown-g,2,psychic,,1,levitate,,48,0.14,72,0.21,48,0.14,72,0.21,48,0.14,48,0.14,336,attack,144,144,slow,128.0,1,balanced,0.33,lower_mid_tier,0.25,lower_mid_tier,3,2,0,-2.0,frail,slow_attacker,frail-slow_attacker,0.5,5.0,20.0,light,1,0.0,normal,118.0,1,225,70,40,no-eggs,medium,ball,black,Symbol Pokémon,Their shapes look like hieroglyphs on ancient tab­ lets. It is said that the two are somehow related.,unown,1,0,0,1.0,1.0,1.0,1.0,1.0,1.0,0.5,1.0,1.0,1.0,0.5,2.0,1.0,2.0,1.0,2.0,1.0,1.0
201,unown,unown-h,2,psychic,,1,levitate,,48,0.14,72,0.21,48,0.14,72,0.21,48,0.14,48,0.14,336,attack,144,144,slow,128.0,1,balanced,0.33,lower_mid_tier,0.25,lower_mid_tier,3,2,0,-2.0,frail,slow_attacker,frail-slow_attacker,0.5,5.0,20.0,light,1,0.0,normal,118.0,1,225,70,40,no-eggs,medium,ball,black,Symbol Pokémon,Their shapes look like hieroglyphs on ancient tab­ lets. It is said that the two are somehow related.,unown,1,0,0,1.0,1.0,1.0,1.0,1.0,1.0,0.5,1.0,1.0,1.0,0.5,2.0,1.0,2.0,1.0,2.0,1.0,1.0
201,unown,unown-i,2,psychic,,1,levitate,,48,0.14,72,0.21,48,0.14,72,0.21,48,0.14,48,0.14,336,attack,144,144,slow,128.0,1,balanced,0.33,lower_mid_tier,0.25,lower_mid_tier,3,2,0,-2.0,frail,slow_attacker,frail-slow_attacker,0.5,5.0,20.0,light,1,0.0,normal,118.0,1,225,70,40,no-eggs,medium,ball,black,Symbol Pokémon,Their shapes look like hieroglyphs on ancient tab­ lets. It is said that the two are somehow related.,unown,1,0,0,1.0,1.0,1.0,1.0,1.0,1.0,0.5,1.0,1.0,1.0,0.5,2.0,1.0,2.0,1.0,2.0,1.0,1.0
201,unown,unown-j,2,psychic,,1,levitate,,48,0.14,72,0.21,48,0.14,72,0.21,48,0.14,48,0.14,336,attack,144,144,slow,128.0,1,balanced,0.33,lower_mid_tier,0.25,lower_mid_tier,3,2,0,-2.0,frail,slow_attacker,frail-slow_attacker,0.5,5.0,20.0,light,1,0.0,normal,118.0,1,225,70,40,no-eggs,medium,ball,black,Symbol Pokémon,Their shapes look like hieroglyphs on ancient tab­ lets. It is said that the two are somehow related.,unown,1,0,0,1.0,1.0,1.0,1.0,1.0,1.0,0.5,1.0,1.0,1.0,0.5,2.0,1.0,2.0,1.0,2.0,1.0,1.0
201,unown,unown-k,2,psychic,,1,levitate,,48,0.14,72,0.21,48,0.14,72,0.21,48,0.14,48,0.14,336,attack,144,144,slow,128.0,1,balanced,0.33,lower_mid_tier,0.25,lower_mid_tier,3,2,0,-2.0,frail,slow_attacker,frail-slow_attacker,0.5,5.0,20.0,light,1,0.0,normal,118.0,1,225,70,40,no-eggs,medium,ball,black,Symbol Pokémon,Their shapes look like hieroglyphs on ancient tab­ lets. It is said that the two are somehow related.,unown,1,0,0,1.0,1.0,1.0,1.0,1.0,1.0,0.5,1.0,1.0,1.0,0.5,2.0,1.0,2.0,1.0,2.0,1.0,1.0
201,unown,unown-l,2,psychic,,1,levitate,,48,0.14,72,0.21,48,0.14,72,0.21,48,0.14,48,0.14,336,attack,144,144,slow,128.0,1,balanced,0.33,lower_mid_tier,0.25,lower_mid_tier,3,2,0,-2.0,frail,slow_attacker,frail-slow_attacker,0.5,5.0,20.0,light,1,0.0,normal,118.0,1,225,70,40,no-eggs,medium,ball,black,Symbol Pokémon,Their shapes look like hieroglyphs on ancient tab­ lets. It is said that the two are somehow related.,unown,1,0,0,1.0,1.0,1.0,1.0,1.0,1.0,0.5,1.0,1.0,1.0,0.5,2.0,1.0,2.0,1.0,2.0,1.0,1.0
201,unown,unown-m,2,psychic,,1,levitate,,48,0.14,72,0.21,48,0.14,72,0.21,48,0.14,48,0.14,336,attack,144,144,slow,128.0,1,balanced,0.33,lower_mid_tier,0.25,lower_mid_tier,3,2,0,-2.0,frail,slow_attacker,frail-slow_attacker,0.5,5.0,20.0,light,1,0.0,normal,118.0,1,225,70,40,no-eggs,medium,ball,black,Symbol Pokémon,Their shapes look like hieroglyphs on ancient tab­ lets. It is said that the two are somehow related.,unown,1,0,0,1.0,1.0,1.0,1.0,1.0,1.0,0.5,1.0,1.0,1.0,0.5,2.0,1.0,2.0,1.0,2.0,1.0,1.0
201,unown,unown-n,2,psychic,,1,levitate,,48,0.14,72,0.21,48,0.14,72,0.21,48,0.14,48,0.14,336,attack,144,144,slow,128.0,1,balanced,0.33,lower_mid_tier,0.25,lower_mid_tier,3,2,0,-2.0,frail,slow_attacker,frail-slow_attacker,0.5,5.0,20.0,light,1,0.0,normal,118.0,1,225,70,40,no-eggs,medium,ball,black,Symbol Pokémon,Their shapes look like hieroglyphs on ancient tab­ lets. It is said that the two are somehow related.,unown,1,0,0,1.0,1.0,1.0,1.0,1.0,1.0,0.5,1.0,1.0,1.0,0.5,2.0,1.0,2.0,1.0,2.0,1.0,1.0
201,unown,unown-o,2,psychic,,1,levitate,,48,0.14,72,0.21,48,0.14,72,0.21,48,0.14,48,0.14,336,attack,144,144,slow,128.0,1,balanced,0.33,lower_mid_tier,0.25,lower_mid_tier,3,2,0,-2.0,frail,slow_attacker,frail-slow_attacker,0.5,5.0,20.0,light,1,0.0,normal,118.0,1,225,70,40,no-eggs,medium,ball,black,Symbol Pokémon,Their shapes look like hieroglyphs on ancient tab­ lets. It is said that the two are somehow related.,unown,1,0,0,1.0,1.0,1.0,1.0,1.0,1.0,0.5,1.0,1.0,1.0,0.5,2.0,1.0,2.0,1.0,2.0,1.0,1.0
201,unown,unown-p,2,psychic,,1,levitate,,48,0.14,72,0.21,48,0.14,72,0.21,48,0.14,48,0.14,336,attack,144,144,slow,128.0,1,balanced,0.33,lower_mid_tier,0.25,lower_mid_tier,3,2,0,-2.0,frail,slow_attacker,frail-slow_attacker,0.5,5.0,20.0,light,1,0.0,normal,118.0,1,225,70,40,no-eggs,medium,ball,black,Symbol Pokémon,Their shapes look like hieroglyphs on ancient tab­ lets. It is said that the two are somehow related.,unown,1,0,0,1.0,1.0,1.0,1.0,1.0,1.0,0.5,1.0,1.0,1.0,0.5,2.0,1.0,2.0,1.0,2.0,1.0,1.0
201,unown,unown-q,2,psychic,,1,levitate,,48,0.14,72,0.21,48,0.14,72,0.21,48,0.14,48,0.14,336,attack,144,144,slow,128.0,1,balanced,0.33,lower_mid_tier,0.25,lower_mid_tier,3,2,0,-2.0,frail,slow_attacker,frail-slow_attacker,0.5,5.0,20.0,light,1,0.0,normal,118.0,1,225,70,40,no-eggs,medium,ball,black,Symbol Pokémon,Their shapes look like hieroglyphs on ancient tab­ lets. It is said that the two are somehow related.,unown,1,0,0,1.0,1.0,1.0,1.0,1.0,1.0,0.5,1.0,1.0,1.0,0.5,2.0,1.0,2.0,1.0,2.0,1.0,1.0
201,unown,unown-r,2,psychic,,1,levitate,,48,0.14,72,0.21,48,0.14,72,0.21,48,0.14,48,0.14,336,attack,144,144,slow,128.0,1,balanced,0.33,lower_mid_tier,0.25,lower_mid_tier,3,2,0,-2.0,frail,slow_attacker,frail-slow_attacker,0.5,5.0,20.0,light,1,0.0,normal,118.0,1,225,70,40,no-eggs,medium,ball,black,Symbol Pokémon,Their shapes look like hieroglyphs on ancient tab­ lets. It is said that the two are somehow related.,unown,1,0,0,1.0,1.0,1.0,1.0,1.0,1.0,0.5,1.0,1.0,1.0,0.5,2.0,1.0,2.0,1.0,2.0,1.0,1.0
201,unown,unown-s,2,psychic,,1,levitate,,48,0.14,72,0.21,48,0.14,72,0.21,48,0.14,48,0.14,336,attack,144,144,slow,128.0,1,balanced,0.33,lower_mid_tier,0.25,lower_mid_tier,3,2,0,-2.0,frail,slow_attacker,frail-slow_attacker,0.5,5.0,20.0,light,1,0.0,normal,118.0,1,225,70,40,no-eggs,medium,ball,black,Symbol Pokémon,Their shapes look like hieroglyphs on ancient tab­ lets. It is said that the two are somehow related.,unown,1,0,0,1.0,1.0,1.0,1.0,1.0,1.0,0.5,1.0,1.0,1.0,0.5,2.0,1.0,2.0,1.0,2.0,1.0,1.0
201,unown,unown-t,2,psychic,,1,levitate,,48,0.14,72,0.21,48,0.14,72,0.21,48,0.14,48,0.14,336,attack,144,144,slow,128.0,1,balanced,0.33,lower_mid_tier,0.25,lower_mid_tier,3,2,0,-2.0,frail,slow_attacker,frail-slow_attacker,0.5,5.0,20.0,light,1,0.0,normal,118.0,1,225,70,40,no-eggs,medium,ball,black,Symbol Pokémon,Their shapes look like hieroglyphs on ancient tab­ lets. It is said that the two are somehow related.,unown,1,0,0,1.0,1.0,1.0,1.0,1.0,1.0,0.5,1.0,1.0,1.0,0.5,2.0,1.0,2.0,1.0,2.0,1.0,1.0
201,unown,unown-u,2,psychic,,1,levitate,,48,0.14,72,0.21,48,0.14,72,0.21,48,0.14,48,0.14,336,attack,144,144,slow,128.0,1,balanced,0.33,lower_mid_tier,0.25,lower_mid_tier,3,2,0,-2.0,frail,slow_attacker,frail-slow_attacker,0.5,5.0,20.0,light,1,0.0,normal,118.0,1,225,70,40,no-eggs,medium,ball,black,Symbol Pokémon,Their shapes look like hieroglyphs on ancient tab­ lets. It is said that the two are somehow related.,unown,1,0,0,1.0,1.0,1.0,1.0,1.0,1.0,0.5,1.0,1.0,1.0,0.5,2.0,1.0,2.0,1.0,2.0,1.0,1.0
201,unown,unown-v,2,psychic,,1,levitate,,48,0.14,72,0.21,48,0.14,72,0.21,48,0.14,48,0.14,336,attack,144,144,slow,128.0,1,balanced,0.33,lower_mid_tier,0.25,lower_mid_tier,3,2,0,-2.0,frail,slow_attacker,frail-slow_attacker,0.5,5.0,20.0,light,1,0.0,normal,118.0,1,225,70,40,no-eggs,medium,ball,black,Symbol Pokémon,Their shapes look like hieroglyphs on ancient tab­ lets. It is said that the two are somehow related.,unown,1,0,0,1.0,1.0,1.0,1.0,1.0,1.0,0.5,1.0,1.0,1.0,0.5,2.0,1.0,2.0,1.0,2.0,1.0,1.0
201,unown,unown-w,2,psychic,,1,levitate,,48,0.14,72,0.21,48,0.14,72,0.21,48,0.14,48,0.14,336,attack,144,144,slow,128.0,1,balanced,0.33,lower_mid_tier,0.25,lower_mid_tier,3,2,0,-2.0,frail,slow_attacker,frail-slow_attacker,0.5,5.0,20.0,light,1,0.0,normal,118.0,1,225,70,40,no-eggs,medium,ball,black,Symbol Pokémon,Their shapes look like hieroglyphs on ancient tab­ lets. It is said that the two are somehow related.,unown,1,0,0,1.0,1.0,1.0,1.0,1.0,1.0,0.5,1.0,1.0,1.0,0.5,2.0,1.0,2.0,1.0,2.0,1.0,1.0
201,unown,unown-x,2,psychic,,1,levitate,,48,0.14,72,0.21,48,0.14,72,0.21,48,0.14,48,0.14,336,attack,144,144,slow,128.0,1,balanced,0.33,lower_mid_tier,0.25,lower_mid_tier,3,2,0,-2.0,frail,slow_attacker,frail-slow_attacker,0.5,5.0,20.0,light,1,0.0,normal,118.0,1,225,70,40,no-eggs,medium,ball,black,Symbol Pokémon,Their shapes look like hieroglyphs on ancient tab­ lets. It is said that the two are somehow related.,unown,1,0,0,1.0,1.0,1.0,1.0,1.0,1.0,0.5,1.0,1.0,1.0,0.5,2.0,1.0,2.0,1.0,2.0,1.0,1.0
201,unown,unown-y,2,psychic,,1,levitate,,48,0.14,72,0.21,48,0.14,72,0.21,48,0.14,48,0.14,336,attack,144,144,slow,128.0,1,balanced,0.33,lower_mid_tier,0.25,lower_mid_tier,3,2,0,-2.0,frail,slow_attacker,frail-slow_attacker,0.5,5.0,20.0,light,1,0.0,normal,118.0,1,225,70,40,no-eggs,medium,ball,black,Symbol Pokémon,Their shapes look like hieroglyphs on ancient tab­ lets. It is said that the two are somehow related.,unown,1,0,0,1.0,1.0,1.0,1.0,1.0,1.0,0.5,1.0,1.0,1.0,0.5,2.0,1.0,2.0,1.0,2.0,1.0,1.0
201,unown,unown-z,2,psychic,,1,levitate,,48,0.14,72,0.21,48,0.14,72,0.21,48,0.14,48,0.14,336,attack,144,144,slow,128.0,1,balanced,0.33,lower_mid_tier,0.25,lower_mid_tier,3,2,0,-2.0,frail,slow_attacker,frail-slow_attacker,0.5,5.0,20.0,light,1,0.0,normal,118.0,1,225,70,40,no-eggs,medium,ball,black,Symbol Pokémon,Their shapes look like hieroglyphs on ancient tab­ lets. It is said that the two are somehow related.,unown,1,0,0,1.0,1.0,1.0,1.0,1.0,1.0,0.5,1.0,1.0,1.0,0.5,2.0,1.0,2.0,1.0,2.0,1.0,1.0
201,unown,unown-exclamation,2,psychic,,1,levitate,,48,0.14,72,0.21,48,0.14,72,0.21,48,0.14,48,0.14,336,attack,144,144,slow,128.0,1,balanced,0.33,lower_mid_tier,0.25,lower_mid_tier,3,2,0,-2.0,frail,slow_attacker,frail-slow_attacker,0.5,5.0,20.0,light,1,0.0,normal,118.0,1,225,70,40,no-eggs,medium,ball,black,Symbol Pokémon,Their shapes look like hieroglyphs on ancient tab­ lets. It is said that the two are somehow related.,unown,1,0,0,1.0,1.0,1.0,1.0,1.0,1.0,0.5,1.0,1.0,1.0,0.5,2.0,1.0,2.0,1.0,2.0,1.0,1.0
201,unown,unown-question,2,psychic,,1,levitate,,48,0.14,72,0.21,48,0.14,72,0.21,48,0.14,48,0.14,336,attack,144,144,slow,128.0,1,balanced,0.33,lower_mid_tier,0.25,lower_mid_tier,3,2,0,-2.0,frail,slow_attacker,frail-slow_attacker,0.5,5.0,20.0,light,1,0.0,normal,118.0,1,225,70,40,no-eggs,medium,ball,black,Symbol Pokémon,Their shapes look like hieroglyphs on ancient tab­ lets. It is said that the two are somehow related.,unown,1,0,0,1.0,1.0,1.0,1.0,1.0,1.0,0.5,1.0,1.0,1.0,0.5,2.0,1.0,2.0,1.0,2.0,1.0,1.0
202,wobbuffet,wobbuffet,2,psychic,,1,shadow-tag,telepathy,190,0.47,33,0.08,58,0.14,33,0.08,58,0.14,33,0.08,405,hp,66,306,slow,3126.25,5,extreme,0.51,mid_tier,0.34,lower_mid_tier,3,2,0,-2.0,frail,tank,frail-tank,1.3,28.5,16.86,light,0,0.5,normal,142.0,8,45,70,20,indeterminate,medium,blob,blue,Patient Pokémon,"It hates light and shock. If attack­ ed, it inflates its body to pump up its counter­ strike.",wynaut --> wobbuffet,2,2,1,1.0,1.0,1.0,1.0,1.0,1.0,0.5,1.0,1.0,1.0,0.5,2.0,1.0,2.0,1.0,2.0,1.0,1.0
203,girafarig,girafarig,2,normal,psychic,2,"inner-focus, early-bird",sap-sipper,70,0.15,80,0.18,65,0.14,90,0.2,65,0.14,85,0.19,455,sp_attack,170,200,average,95.14,1,balanced,0.67,upper_mid_tier,0.45,mid_tier,2,1,1,0.0,neutral,midrange,neutral-midrange,1.5,41.5,18.44,light,0,0.5,normal,159.0,112,60,70,20,ground,medium,quadruped,yellow,Long Neck Pokémon,"Its tail has a small brain of its own. Beware! If you get close, it may react to your scent and bite.",girafarig --> farigiraf,2,1,0,1.0,1.0,1.0,1.0,1.0,1.0,1.0,1.0,1.0,1.0,0.5,2.0,1.0,0.0,1.0,2.0,1.0,1.0
204,pineco,pineco,2,bug,,1,sturdy,overcoat,50,0.17,65,0.22,90,0.31,35,0.12,35,0.12,15,0.05,290,defense,100,175,slow,580.56,4,specialized,0.14,bottom_tier,0.11,bottom_tier,3,3,0,-1.5,exposed,weak_slow,exposed-weak_slow,0.6,7.2,20.0,light,0,0.5,normal,58.0,79,190,70,20,bug,medium,ball,gray,Bagworm Pokémon,It likes to make its shell thicker by adding layers of tree bark. The additional weight doesn't bother it.,pineco --> forretress,2,1,0,1.0,2.0,1.0,1.0,0.5,1.0,0.5,1.0,0.5,2.0,1.0,1.0,2.0,1.0,1.0,1.0,1.0,1.0
205,forretress,forretress,2,bug,steel,2,sturdy,overcoat,75,0.16,90,0.19,140,0.3,60,0.13,60,0.13,40,0.09,465,defense,150,275,slow,1014.58,5,highly_specialized,0.7,upper_mid_tier,0.47,mid_tier,1,8,1,4.5,iron,tank,iron-tank,1.2,125.8,87.36,very_heavy,0,0.5,normal,163.0,97,75,70,20,bug,medium,ball,purple,Bagworm Pokémon,Its entire body is shielded by a steel-hard shell. What lurks inside the armor is a total mystery.,pineco --> forretress,2,2,1,0.5,4.0,1.0,1.0,0.25,0.5,1.0,0.0,1.0,1.0,0.5,0.5,1.0,1.0,0.5,1.0,0.5,0.5
206,dunsparce,dunsparce,2,normal,,1,"serene-grace, run-away",rattled,100,0.24,70,0.17,70,0.17,65,0.16,65,0.16,45,0.11,415,hp,135,235,slow,261.81,2,slightly_specialized,0.56,mid_tier,0.37,lower_mid_tier,1,0,1,0.5,solid,slow_attacker,solid-slow_attacker,1.5,14.0,6.22,very_light,0,0.5,normal,145.0,116,190,70,20,ground,medium,squiggle,yellow,Land Snake Pokémon,"When spotted, this POKéMON escapes backward by furi­ ously boring into the ground with its tail.",dunsparce --> dudunsparce,2,1,0,1.0,1.0,1.0,1.0,1.0,1.0,2.0,1.0,1.0,1.0,1.0,1.0,1.0,0.0,1.0,1.0,1.0,1.0
207,gligar,gligar,2,ground,flying,2,"hyper-cutter, sand-veil",immunity,65,0.15,75,0.17,105,0.24,35,0.08,65,0.15,85,0.2,430,defense,110,235,average,455.56,4,slightly_specialized,0.6,mid_tier,0.41,mid_tier,2,3,2,2.5,iron,midrange,iron-midrange,1.1,64.8,53.55,very_heavy,0,0.5,normal,86.0,112,60,70,20,bug,medium-slow,wings,purple,Fly Scorpion Pokémon,It flies straight at its target's face then clamps down on the star­ tled victim to inject poison.,gligar --> gliscor,2,1,0,1.0,1.0,2.0,0.0,1.0,4.0,0.5,0.5,0.0,1.0,1.0,0.5,1.0,1.0,1.0,1.0,1.0,1.0
208,steelix,steelix,2,steel,ground,2,"rock-head, sturdy",sheer-force,75,0.15,85,0.17,200,0.39,55,0.11,65,0.13,30,0.06,510,defense,140,340,slow,2941.67,5,extreme,0.81,top_tier,0.7,upper_mid_tier,4,8,2,3.0,iron,tank,iron-tank,9.2,400.0,4.73,very_light,0,0.5,normal,179.0,96,25,70,25,mineral,medium,squiggle,gray,Iron Snake Pokémon,It is thought its body transformed as a result of iron accumulating internally from swallowing soil.,onix --> steelix,2,2,1,0.5,2.0,2.0,0.0,1.0,1.0,2.0,0.0,2.0,0.5,0.5,0.5,0.25,1.0,0.5,1.0,0.5,0.5
208,steelix,steelix-mega,2,steel,ground,2,sand-force,,75,0.12,125,0.2,230,0.38,55,0.09,95,0.16,30,0.05,610,defense,180,400,slow,4180.56,5,extreme,0.96,top_tier,0.93,top_tier,4,8,2,3.0,iron,bulky_attacker,iron-bulky_attacker,10.5,740.0,6.71,very_light,0,0.5,normal,214.0,68,25,70,25,mineral,medium,squiggle,gray,Iron Snake Pokémon,It is thought its body transformed as a result of iron accumulating internally from swallowing soil.,onix --> steelix,2,2,1,0.5,2.0,2.0,0.0,1.0,1.0,2.0,0.0,2.0,0.5,0.5,0.5,0.25,1.0,0.5,1.0,0.5,0.5
209,snubbull,snubbull,2,fairy,,1,"intimidate, run-away",rattled,60,0.2,80,0.27,50,0.17,40,0.13,40,0.13,30,0.1,300,attack,120,150,slow,266.67,2,slightly_specialized,0.15,bottom_tier,0.13,bottom_tier,2,3,1,1.0,solid,weak_slow,solid-weak_slow,0.6,7.8,21.67,light,0,0.75,normal,60.0,111,190,70,20,"ground, fairy",fast,humanoid,pink,Fairy Pokémon,"Although it looks frightening, it is actually kind and affectionate. It is very popular among women.",snubbull --> granbull,2,1,0,1.0,1.0,1.0,1.0,1.0,1.0,0.5,2.0,1.0,1.0,1.0,0.5,1.0,1.0,0.0,0.5,2.0,1.0
210,granbull,granbull,2,fairy,,1,"intimidate, quick-feet",rattled,90,0.2,120,0.27,75,0.17,60,0.13,60,0.13,45,0.1,450,attack,180,225,slow,600.0,4,specialized,0.65,upper_mid_tier,0.43,mid_tier,2,3,1,1.0,solid,attacker,solid-attacker,1.4,48.7,24.85,average,0,0.75,normal,158.0,118,75,70,20,"ground, fairy",fast,upright,purple,Fairy Pokémon,"It is actually timid and easily spooked. If at­ tacked, it flails about to fend off its attacker.",snubbull --> granbull,2,2,1,1.0,1.0,1.0,1.0,1.0,1.0,0.5,2.0,1.0,1.0,1.0,0.5,1.0,1.0,0.0,0.5,2.0,1.0
211,qwilfish,qwilfish,2,water,poison,2,"poison-point, swift-swim",intimidate,65,0.15,95,0.22,85,0.19,55,0.12,55,0.12,85,0.19,440,attack,150,205,average,247.22,2,slightly_specialized,0.63,upper_mid_tier,0.42,mid_tier,3,8,0,1.0,solid,midrange,solid-midrange,0.5,3.9,15.6,light,0,0.5,normal,88.0,99,45,70,20,water2,medium,fish,gray,Balloon Pokémon,"To fire its poison spikes, it must inflate its body by drinking over 2.6 gallons of water all at once.",qwilfish --> overqwil,2,1,0,1.0,0.5,0.5,2.0,1.0,0.5,0.5,0.5,2.0,1.0,2.0,0.5,1.0,1.0,1.0,1.0,0.5,0.5
211,qwilfish,qwilfish-hisui,2,dark,poison,2,"poison-point, swift-swim",intimidate,65,0.15,95,0.22,85,0.19,55,0.12,55,0.12,85,0.19,440,attack,150,205,average,247.22,2,slightly_specialized,0.63,upper_mid_tier,0.42,mid_tier,1,4,1,2.5,iron,midrange,iron-midrange,0.5,3.9,15.6,light,0,0.5,normal,88.0,69,45,70,20,water2,medium,fish,gray,Balloon Pokémon,"To fire its poison spikes, it must inflate its body by drinking over 2.6 gallons of water all at once.",qwilfish --> overqwil,2,1,0,1.0,1.0,1.0,1.0,0.5,1.0,1.0,0.5,2.0,1.0,0.0,1.0,1.0,0.5,1.0,0.5,1.0,1.0
212,scizor,scizor,2,bug,steel,2,"swarm, technician",light-metal,70,0.14,130,0.26,100,0.2,55,0.11,80,0.16,65,0.13,500,attack,185,250,average,630.56,4,specialized,0.78,upper_mid_tier,0.66,upper_mid_tier,1,8,1,4.5,iron,attacker,iron-attacker,1.8,118.0,36.42,heavy,0,0.5,normal,175.0,97,25,70,25,bug,medium,bug-wings,red,Pincer Pokémon,It has a steel-hard body. It intimidates foes by upraising its eye-patterned pincers.,scyther --> scizor,2,2,1,0.5,4.0,1.0,1.0,0.25,0.5,1.0,0.0,1.0,1.0,0.5,0.5,1.0,1.0,0.5,1.0,0.5,0.5
212,scizor,scizor-mega,2,bug,steel,2,technician,,70,0.12,150,0.25,140,0.23,65,0.11,100,0.17,75,0.12,600,attack,215,310,average,1141.67,5,highly_specialized,0.94,top_tier,0.9,top_tier,1,8,1,4.5,iron,bulky_attacker,iron-bulky_attacker,2.0,125.0,31.25,heavy,0,0.5,normal,210.0,62,25,70,25,bug,medium,bug-wings,red,Pincer Pokémon,It has a steel-hard body. It intimidates foes by upraising its eye-patterned pincers.,scyther --> scizor,2,2,1,0.5,4.0,1.0,1.0,0.25,0.5,1.0,0.0,1.0,1.0,0.5,0.5,1.0,1.0,0.5,1.0,0.5,0.5
213,shuckle,shuckle,2,bug,rock,2,"sturdy, gluttony",contrary,20,0.04,10,0.02,230,0.46,10,0.02,230,0.46,5,0.01,505,defense,20,480,slow,10653.47,5,extreme,0.8,upper_mid_tier,0.68,upper_mid_tier,3,2,0,-2.0,frail,tank,frail-tank,0.6,20.5,56.94,very_heavy,0,0.5,normal,177.0,81,190,70,20,bug,medium-slow,armor,yellow,Mold Pokémon,The BERRIES it stores in its vase-like shell decompose and become a gooey liquid.,shuckle,1,0,0,0.5,1.0,2.0,1.0,1.0,1.0,1.0,0.5,1.0,1.0,1.0,1.0,2.0,1.0,1.0,1.0,2.0,1.0
214,heracross,heracross,2,bug,fighting,2,"swarm, guts",moxie,80,0.16,125,0.25,75,0.15,40,0.08,95,0.19,85,0.17,500,attack,165,250,average,638.89,4,specialized,0.78,upper_mid_tier,0.66,upper_mid_tier,4,5,0,-1.5,exposed,midrange,exposed-midrange,1.5,54.0,24.0,average,0,0.5,normal,175.0,99,45,70,25,bug,slow,humanoid,blue,Single Horn Pokémon,"It is usually docile, but if it is disturbed while sipping honey, it chases off the intruder with its horn.",heracross,1,0,0,1.0,2.0,1.0,1.0,0.5,1.0,0.5,1.0,0.5,4.0,2.0,0.5,1.0,1.0,1.0,0.5,1.0,2.0
214,heracross,heracross-mega,2,bug,fighting,2,skill-link,,80,0.13,185,0.31,115,0.19,40,0.07,105,0.18,75,0.12,600,attack,225,300,average,2016.67,5,extreme,0.94,top_tier,0.9,top_tier,4,5,0,-1.5,exposed,bulky_attacker,exposed-bulky_attacker,1.7,62.5,21.63,light,0,0.5,normal,210.0,75,45,70,25,bug,slow,humanoid,blue,Single Horn Pokémon,"It is usually docile, but if it is disturbed while sipping honey, it chases off the intruder with its horn.",heracross,1,0,0,1.0,2.0,1.0,1.0,0.5,1.0,0.5,1.0,0.5,4.0,2.0,0.5,1.0,1.0,1.0,0.5,1.0,2.0
215,sneasel,sneasel,2,dark,ice,2,"inner-focus, keen-eye",pickpocket,55,0.13,95,0.22,55,0.13,35,0.08,75,0.17,115,0.27,430,speed,130,185,fast,722.22,5,specialized,0.6,mid_tier,0.41,mid_tier,6,3,1,-3.0,frail,fragile,frail-fragile,0.9,28.0,34.57,heavy,0,0.5,normal,86.0,117,60,35,20,ground,medium-slow,upright,black,Sharp Claw Pokémon,"Its paws conceal sharp claws. If attacked, it sud­ denly extends the claws and startles its enemy.",sneasel --> weavile,2,1,0,1.0,2.0,1.0,1.0,1.0,0.5,4.0,1.0,1.0,1.0,0.0,2.0,2.0,0.5,1.0,0.5,2.0,2.0
215,sneasel,sneasel-hisui,2,fighting,poison,2,"inner-focus, keen-eye",pickpocket,55,0.13,95,0.22,55,0.13,35,0.08,75,0.17,115,0.27,430,speed,130,185,fast,722.22,5,specialized,0.6,mid_tier,0.41,mid_tier,3,6,0,0.0,neutral,fragile,neutral-fragile,0.9,27.0,33.33,heavy,0,0.5,normal,86.0,68,60,35,20,ground,medium-slow,upright,black,Sharp Claw Pokémon,"Its paws conceal sharp claws. If attacked, it sud­ denly extends the claws and startles its enemy.",sneasel --> weavile,2,1,0,1.0,1.0,1.0,1.0,0.5,1.0,0.5,0.5,2.0,2.0,4.0,0.25,0.5,1.0,1.0,0.5,1.0,1.0
216,teddiursa,teddiursa,2,normal,,1,"pickup, quick-feet",honey-gather,60,0.18,80,0.24,50,0.15,50,0.15,50,0.15,40,0.12,330,attack,130,160,slow,158.33,2,balanced,0.22,lower_mid_tier,0.23,lower_mid_tier,1,0,1,0.5,solid,weak_slow,solid-weak_slow,0.6,8.8,24.44,average,0,0.5,normal,66.0,104,120,70,20,ground,medium,upright,brown,Little Bear Pokémon,"If it finds honey, its crescent mark glows. It always licks its paws because they are soaked with honey.",teddiursa --> ursaring --> ursaluna,3,1,0,1.0,1.0,1.0,1.0,1.0,1.0,2.0,1.0,1.0,1.0,1.0,1.0,1.0,0.0,1.0,1.0,1.0,1.0
217,ursaring,ursaring,2,normal,,1,"guts, quick-feet",unnerve,90,0.18,130,0.26,75,0.15,75,0.15,75,0.15,55,0.11,500,attack,205,240,slow,538.89,4,specialized,0.78,upper_mid_tier,0.66,upper_mid_tier,1,0,1,0.5,solid,attacker,solid-attacker,1.8,125.8,38.83,heavy,0,0.5,normal,175.0,107,60,70,20,ground,medium,upright,brown,Hibernator Pokémon,"Although it is a good climber, it prefers to snap trees with its forelegs and eat fallen BERRIES.",teddiursa --> ursaring --> ursaluna,3,2,0,1.0,1.0,1.0,1.0,1.0,1.0,2.0,1.0,1.0,1.0,1.0,1.0,1.0,0.0,1.0,1.0,1.0,1.0
218,slugma,slugma,2,fire,,1,"magma-armor, flame-body",weak-armor,40,0.16,40,0.16,40,0.16,70,0.28,40,0.16,20,0.08,250,sp_attack,110,120,slow,213.89,2,slightly_specialized,0.09,bottom_tier,0.06,bottom_tier,3,6,0,0.0,neutral,weak_slow,neutral-weak_slow,0.7,35.0,71.43,very_heavy,0,0.5,normal,50.0,80,190,70,20,indeterminate,medium,squiggle,red,Lava Pokémon,"It never sleeps. It has to keep moving because if it stopped, its magma body would cool and harden.",slugma --> magcargo,2,1,0,1.0,0.5,2.0,1.0,0.5,0.5,1.0,1.0,2.0,1.0,1.0,0.5,2.0,1.0,1.0,1.0,0.5,0.5
219,magcargo,magcargo,2,fire,rock,2,"magma-armor, flame-body",weak-armor,60,0.14,50,0.12,120,0.28,90,0.21,80,0.19,30,0.07,430,defense,140,260,slow,847.22,5,specialized,0.6,mid_tier,0.41,mid_tier,4,7,0,-0.5,exposed,tank,exposed-tank,0.8,55.0,85.94,very_heavy,0,0.5,normal,151.0,91,75,70,20,indeterminate,medium,squiggle,red,Lava Pokémon,The shell on its back is just skin that has cooled and hardened. It breaks easily with a slight touch.,slugma --> magcargo,2,2,1,0.5,0.25,4.0,1.0,1.0,0.5,2.0,0.5,4.0,0.5,1.0,0.5,2.0,1.0,1.0,1.0,1.0,0.5
220,swinub,swinub,2,ice,ground,2,"oblivious, snow-cloak",thick-fat,50,0.2,50,0.2,40,0.16,30,0.12,30,0.12,50,0.2,250,hp,80,120,slow,80.56,1,balanced,0.09,bottom_tier,0.06,bottom_tier,5,1,1,-3.0,frail,weak_slow,frail-weak_slow,0.4,6.5,40.62,heavy,0,0.5,normal,50.0,78,225,70,20,ground,slow,quadruped,brown,Pig Pokémon,It rubs its snout on the ground to find and dig up food. It sometimes discovers hot springs.,swinub --> piloswine --> mamoswine,3,1,0,1.0,2.0,2.0,0.0,2.0,1.0,2.0,0.5,1.0,1.0,1.0,1.0,1.0,1.0,1.0,1.0,2.0,1.0
221,piloswine,piloswine,2,ice,ground,2,"oblivious, snow-cloak",thick-fat,100,0.22,100,0.22,80,0.18,60,0.13,60,0.13,50,0.11,450,hp,160,240,slow,391.67,3,slightly_specialized,0.65,upper_mid_tier,0.43,mid_tier,5,1,1,-3.0,frail,slow_attacker,frail-slow_attacker,1.1,55.8,46.12,heavy,0,0.5,normal,158.0,85,75,70,20,ground,slow,quadruped,brown,Swine Pokémon,"Because the long hair all over its body obscures its sight, it just keeps charging repeatedly.",swinub --> piloswine --> mamoswine,3,2,0,1.0,2.0,2.0,0.0,2.0,1.0,2.0,0.5,1.0,1.0,1.0,1.0,1.0,1.0,1.0,1.0,2.0,1.0
222,corsola,corsola,2,water,rock,2,"hustle, natural-cure",regenerator,65,0.16,55,0.13,95,0.23,65,0.16,95,0.23,35,0.09,410,defense,120,255,slow,455.56,4,slightly_specialized,0.54,mid_tier,0.35,lower_mid_tier,4,5,0,-1.5,exposed,slow_attacker,exposed-slow_attacker,0.6,5.0,13.89,light,0,0.75,normal,144.0,94,60,70,20,"water1, water3",fast,armor,pink,Coral Pokémon,It continuously sheds and grows. The tip of its head is prized as a treasure for its beauty.,corsola --> cursola,2,1,0,0.5,0.25,1.0,2.0,4.0,0.5,2.0,0.5,2.0,0.5,1.0,1.0,1.0,1.0,1.0,1.0,1.0,1.0
222,corsola,corsola-galar,2,ghost,,1,weak-armor,cursed-body,60,0.15,55,0.13,100,0.24,65,0.16,100,0.24,30,0.07,410,defense,120,260,slow,622.22,4,specialized,0.54,mid_tier,0.35,lower_mid_tier,2,2,2,2.0,iron,tank,iron-tank,0.6,0.5,1.39,very_light,0,0.75,normal,144.0,67,60,70,20,"water1, water3",fast,armor,pink,Coral Pokémon,It continuously sheds and grows. The tip of its head is prized as a treasure for its beauty.,corsola --> cursola,2,1,0,0.0,1.0,1.0,1.0,1.0,1.0,0.0,0.5,1.0,1.0,1.0,0.5,1.0,2.0,1.0,2.0,1.0,1.0
223,remoraid,remoraid,2,water,,1,"hustle, sniper",moody,35,0.12,65,0.22,35,0.12,65,0.22,35,0.12,65,0.22,300,attack,130,105,average,225.0,2,slightly_specialized,0.15,bottom_tier,0.13,bottom_tier,2,4,0,0.0,neutral,fragile,neutral-fragile,0.6,12.0,33.33,heavy,0,0.5,normal,60.0,73,190,70,20,"water1, water2",medium,fish,gray,Jet Pokémon,It has superb ac­ curacy. The water it shoots out can strike even moving prey from more than 300 feet.,remoraid --> octillery,2,1,0,1.0,0.5,0.5,2.0,2.0,0.5,1.0,1.0,1.0,1.0,1.0,1.0,1.0,1.0,1.0,1.0,0.5,1.0
224,octillery,octillery,2,water,,1,"suction-cups, sniper",moody,75,0.16,105,0.22,75,0.16,105,0.22,75,0.16,45,0.09,480,attack,210,225,slow,425.0,3,slightly_specialized,0.72,upper_mid_tier,0.53,mid_tier,2,4,0,0.0,neutral,attacker,neutral-attacker,0.9,28.5,35.19,heavy,0,0.5,normal,168.0,81,75,70,20,"water1, water2",medium,tentacles,red,Jet Pokémon,It traps enemies with its suction- cupped tentacles then smashes them with its rock-hard head.,remoraid --> octillery,2,2,1,1.0,0.5,0.5,2.0,2.0,0.5,1.0,1.0,1.0,1.0,1.0,1.0,1.0,1.0,1.0,1.0,0.5,1.0
225,delibird,delibird,2,ice,flying,2,"vital-spirit, hustle",insomnia,45,0.14,55,0.17,45,0.14,65,0.2,45,0.14,75,0.23,330,speed,120,135,average,133.33,2,balanced,0.22,lower_mid_tier,0.23,lower_mid_tier,4,2,1,-1.5,exposed,fragile,exposed-fragile,0.9,16.0,19.75,light,0,0.5,normal,116.0,101,45,70,20,"water1, ground",fast,wings,red,Delivery Pokémon,It carries food all day long. There are tales about lost people who were saved by the food it had.,delibird,1,0,0,1.0,2.0,1.0,2.0,0.5,1.0,1.0,1.0,0.0,1.0,1.0,0.5,4.0,1.0,1.0,1.0,2.0,1.0
226,mantine,mantine,2,water,flying,2,"swift-swim, water-absorb",water-veil,85,0.18,40,0.08,70,0.14,80,0.16,140,0.29,70,0.14,485,sp_defense,120,295,average,903.47,5,highly_specialized,0.73,upper_mid_tier,0.55,mid_tier,2,5,1,2.0,iron,support,iron-support,2.1,220.0,49.89,very_heavy,0,0.5,normal,170.0,87,25,70,25,water1,slow,wings,purple,Kite Pokémon,"As it majestically swims, it doesn't care if REMORAID attach to it for scavenging its leftovers.",mantyke --> mantine,2,2,1,1.0,0.5,0.5,4.0,1.0,1.0,0.5,1.0,0.0,1.0,1.0,0.5,2.0,1.0,1.0,1.0,0.5,1.0
227,skarmory,skarmory,2,steel,flying,2,"keen-eye, sturdy",weak-armor,65,0.14,80,0.17,140,0.3,40,0.09,70,0.15,70,0.15,465,defense,120,275,average,931.25,5,highly_specialized,0.7,upper_mid_tier,0.47,mid_tier,2,8,2,5.0,iron,support,iron-support,1.7,50.5,17.47,light,0,0.5,normal,163.0,90,25,70,25,flying,slow,wings,gray,Armor Bird Pokémon,"Its sturdy wings look heavy, but they are actually hollow and light, allowing it to fly freely in the sky.",skarmory,1,0,0,0.5,2.0,1.0,2.0,0.25,1.0,1.0,0.0,0.0,0.5,0.5,0.25,1.0,1.0,0.5,1.0,0.5,0.5
227,skarmory,skarmory-mega,2,steel,flying,2,,,65,0.12,140,0.25,110,0.19,40,0.07,100,0.18,110,0.19,565,attack,180,275,fast,1070.14,5,highly_specialized,0.9,top_tier,0.81,top_tier,2,8,2,5.0,iron,juggernaut,iron-juggernaut,1.7,40.4,13.98,light,0,0.5,normal,,0,25,70,25,flying,slow,wings,gray,Armor Bird Pokémon,"Its sturdy wings look heavy, but they are actually hollow and light, allowing it to fly freely in the sky.",skarmory,1,0,0,0.5,2.0,1.0,2.0,0.25,1.0,1.0,0.0,0.0,0.5,0.5,0.25,1.0,1.0,0.5,1.0,0.5,0.5
228,houndour,houndour,2,dark,fire,2,"early-bird, flash-fire",unnerve,45,0.14,60,0.18,30,0.09,80,0.24,50,0.15,65,0.2,330,sp_attack,140,125,average,250.0,2,slightly_specialized,0.22,lower_mid_tier,0.23,lower_mid_tier,4,6,1,0.5,solid,midrange,solid-midrange,0.6,10.8,30.0,average,0,0.5,normal,66.0,95,120,35,20,ground,slow,quadruped,black,Dark Pokémon,It uses different kinds of cries for communicating with others of its kind and for pursuing its prey.,houndour --> houndoom,2,1,0,1.0,0.5,2.0,1.0,0.5,0.5,2.0,1.0,2.0,1.0,0.0,1.0,2.0,0.5,1.0,0.5,0.5,1.0
229,houndoom,houndoom,2,dark,fire,2,"early-bird, flash-fire",unnerve,75,0.15,90,0.18,50,0.1,110,0.22,80,0.16,95,0.19,500,sp_attack,200,205,average,347.22,3,slightly_specialized,0.78,upper_mid_tier,0.66,upper_mid_tier,4,6,1,0.5,solid,sweeper,solid-sweeper,1.4,35.0,17.86,light,0,0.5,normal,175.0,95,45,35,20,ground,slow,quadruped,black,Dark Pokémon,"If you are burned by the flames it shoots from its mouth, the pain will never go away.",houndour --> houndoom,2,2,1,1.0,0.5,2.0,1.0,0.5,0.5,2.0,1.0,2.0,1.0,0.0,1.0,2.0,0.5,1.0,0.5,0.5,1.0
229,houndoom,houndoom-mega,2,dark,fire,2,solar-power,,75,0.12,90,0.15,90,0.15,140,0.23,90,0.15,115,0.19,600,sp_attack,230,255,fast,458.33,4,slightly_specialized,0.94,top_tier,0.9,top_tier,4,6,1,0.5,solid,sweeper,solid-sweeper,1.9,49.5,13.71,light,0,0.5,normal,210.0,64,45,35,20,ground,slow,quadruped,black,Dark Pokémon,"If you are burned by the flames it shoots from its mouth, the pain will never go away.",houndour --> houndoom,2,2,1,1.0,0.5,2.0,1.0,0.5,0.5,2.0,1.0,2.0,1.0,0.0,1.0,2.0,0.5,1.0,0.5,0.5,1.0
230,kingdra,kingdra,2,water,dragon,2,"swift-swim, sniper",damp,75,0.14,95,0.18,95,0.18,95,0.18,95,0.18,85,0.16,540,attack,190,265,average,58.33,1,balanced,0.88,top_tier,0.79,upper_mid_tier,2,3,0,-0.5,exposed,juggernaut,exposed-juggernaut,1.8,152.0,46.91,very_heavy,0,0.5,normal,243.0,78,45,70,20,"water1, dragon",medium,blob,blue,Dragon Pokémon,It is said that it usually hides in underwater caves. It can create whirlpools by yawning.,horsea --> seadra --> kingdra,3,3,1,1.0,0.25,0.25,1.0,1.0,1.0,1.0,1.0,1.0,1.0,1.0,1.0,1.0,1.0,2.0,1.0,0.5,2.0
231,phanpy,phanpy,2,ground,,1,pickup,sand-veil,90,0.27,60,0.18,60,0.18,40,0.12,40,0.12,40,0.12,330,hp,100,190,slow,325.0,3,slightly_specialized,0.22,lower_mid_tier,0.23,lower_mid_tier,3,2,1,-0.5,exposed,slow_attacker,exposed-slow_attacker,0.5,33.5,134.0,very_heavy,0,0.5,normal,66.0,77,120,70,20,ground,medium,quadruped,blue,Long Nose Pokémon,"It swings its long snout around play­ fully, but because it is so strong, that can be dan­ gerous.",phanpy --> donphan,2,1,0,1.0,1.0,2.0,0.0,2.0,2.0,1.0,0.5,1.0,1.0,1.0,1.0,0.5,1.0,1.0,1.0,1.0,1.0
232,donphan,donphan,2,ground,,1,sturdy,sand-veil,90,0.18,120,0.24,120,0.24,60,0.12,60,0.12,50,0.1,500,attack,180,270,slow,822.22,5,specialized,0.78,upper_mid_tier,0.66,upper_mid_tier,3,2,1,-0.5,exposed,bulky_attacker,exposed-bulky_attacker,1.1,120.0,99.17,very_heavy,0,0.5,normal,175.0,94,60,70,20,ground,medium,quadruped,gray,Armor Pokémon,"It has sharp, hard tusks and a rugged hide. Its TACKLE is strong enough to knock down a house.",phanpy --> donphan,2,2,1,1.0,1.0,2.0,0.0,2.0,2.0,1.0,0.5,1.0,1.0,1.0,1.0,0.5,1.0,1.0,1.0,1.0,1.0
233,porygon2,porygon2,2,normal,,1,"trace, download",analytic,85,0.17,80,0.16,90,0.17,105,0.2,95,0.18,60,0.12,515,sp_attack,185,270,average,195.14,2,balanced,0.83,top_tier,0.72,upper_mid_tier,1,0,1,0.5,solid,bulky_attacker,solid-bulky_attacker,0.6,32.5,90.28,very_heavy,1,0.0,normal,180.0,78,45,70,20,mineral,medium,legs,red,Virtual Pokémon,"This upgraded version of PORYGON is designed for space exploration. It can't fly, though.",porygon --> porygon2 --> porygon-z,3,2,0,1.0,1.0,1.0,1.0,1.0,1.0,2.0,1.0,1.0,1.0,1.0,1.0,1.0,0.0,1.0,1.0,1.0,1.0
234,stantler,stantler,2,normal,,1,"intimidate, frisk",sap-sipper,73,0.16,95,0.2,62,0.13,85,0.18,65,0.14,85,0.18,465,attack,180,200,average,139.25,2,balanced,0.7,upper_mid_tier,0.47,mid_tier,1,0,1,0.5,solid,sweeper,solid-sweeper,1.4,71.2,36.33,heavy,0,0.5,normal,163.0,103,45,70,20,ground,slow,quadruped,brown,Big Horn Pokémon,The curved antlers subtly change the flow of air to create a strange space where real­ ity is distorted.,stantler --> wyrdeer,2,1,0,1.0,1.0,1.0,1.0,1.0,1.0,2.0,1.0,1.0,1.0,1.0,1.0,1.0,0.0,1.0,1.0,1.0,1.0
235,smeargle,smeargle,2,normal,,1,"own-tempo, technician",moody,55,0.22,20,0.08,35,0.14,20,0.08,45,0.18,75,0.3,250,speed,40,135,average,380.56,3,slightly_specialized,0.09,bottom_tier,0.06,bottom_tier,1,0,1,0.5,solid,fragile,solid-fragile,1.2,58.0,40.28,heavy,0,0.5,normal,88.0,1,45,70,20,ground,fast,upright,white,Painter Pokémon,A special fluid oozes from the tip of its tail. It paints the fluid everywhere to mark its territory.,smeargle,1,0,0,1.0,1.0,1.0,1.0,1.0,1.0,2.0,1.0,1.0,1.0,1.0,1.0,1.0,0.0,1.0,1.0,1.0,1.0
236,tyrogue,tyrogue,2,fighting,,1,"guts, steadfast",vital-spirit,35,0.17,35,0.17,35,0.17,35,0.17,35,0.17,35,0.17,210,hp,70,105,slow,0.0,1,balanced,0.04,bottom_tier,0.03,bottom_tier,3,3,0,-1.5,exposed,weak_slow,exposed-weak_slow,0.7,21.0,42.86,heavy,0,0.0,normal,42.0,66,75,70,25,no-eggs,medium,humanoid,purple,Scuffle Pokémon,"It is always bursting with en­ ergy. To make it­ self stronger, it keeps on fighting even if it loses.",tyrogue --> hitmonlee,2,1,0,1.0,1.0,1.0,1.0,1.0,1.0,1.0,1.0,1.0,2.0,2.0,0.5,0.5,1.0,1.0,0.5,1.0,2.0
237,hitmontop,hitmontop,2,fighting,,1,"intimidate, technician",steadfast,50,0.11,95,0.21,95,0.21,35,0.08,110,0.24,70,0.15,455,sp_defense,130,255,average,711.81,5,specialized,0.67,upper_mid_tier,0.45,mid_tier,3,3,0,-1.5,exposed,midrange,exposed-midrange,1.4,48.0,24.49,average,0,0.0,normal,159.0,89,45,70,25,humanshape,medium,upright,brown,Handstand Pokémon,"If you become enchanted by its smooth, elegant, dance-like kicks, you may get drilled hard.",tyrogue --> hitmonlee,2,2,1,1.0,1.0,1.0,1.0,1.0,1.0,1.0,1.0,1.0,2.0,2.0,0.5,0.5,1.0,1.0,0.5,1.0,2.0
238,smoochum,smoochum,2,ice,psychic,2,"oblivious, forewarn",hydration,45,0.15,30,0.1,15,0.05,85,0.28,65,0.21,65,0.21,305,sp_attack,115,125,average,553.47,4,specialized,0.17,bottom_tier,0.15,bottom_tier,6,2,0,-5.0,frail,fragile,frail-fragile,0.4,6.0,37.5,heavy,0,1.0,normal,61.0,93,45,70,25,no-eggs,medium,humanoid,pink,Kiss Pokémon,Its lips are the most sensitive parts on its body. It always uses its lips first to examine things.,smoochum --> jynx,2,1,0,1.0,2.0,1.0,1.0,1.0,0.5,1.0,1.0,1.0,1.0,0.5,2.0,2.0,2.0,1.0,2.0,2.0,1.0
239,elekid,elekid,2,electric,,1,static,vital-spirit,45,0.12,63,0.18,37,0.1,65,0.18,55,0.15,95,0.26,360,speed,128,137,average,339.67,3,slightly_specialized,0.44,mid_tier,0.29,lower_mid_tier,1,3,0,0.5,solid,fragile,solid-fragile,0.6,23.5,65.28,very_heavy,0,0.25,normal,72.0,87,45,70,25,no-eggs,medium,humanoid,yellow,Electric Pokémon,"It rotates its arms to generate electricity, but it tires easily, so it charges up only a little bit.",elekid --> electabuzz --> electivire,3,1,0,1.0,1.0,1.0,0.5,1.0,1.0,1.0,1.0,2.0,0.5,1.0,1.0,1.0,1.0,1.0,1.0,0.5,1.0
240,magby,magby,2,fire,,1,flame-body,vital-spirit,45,0.12,75,0.21,37,0.1,70,0.19,55,0.15,83,0.23,365,speed,145,137,average,271.47,2,slightly_specialized,0.46,mid_tier,0.29,lower_mid_tier,3,6,0,0.0,neutral,midrange,neutral-midrange,0.7,21.4,43.67,heavy,0,0.25,normal,73.0,85,45,70,25,no-eggs,medium,upright,red,Live Coal Pokémon,"Each and every time it inhales and exhales, hot embers dribble out of its mouth and nostrils.",magby --> magmar --> magmortar,3,1,0,1.0,0.5,2.0,1.0,0.5,0.5,1.0,1.0,2.0,1.0,1.0,0.5,2.0,1.0,1.0,1.0,0.5,0.5
241,miltank,miltank,2,normal,,1,"thick-fat, scrappy",sap-sipper,95,0.19,80,0.16,105,0.21,40,0.08,70,0.14,100,0.2,490,defense,120,270,fast,488.89,4,slightly_specialized,0.74,upper_mid_tier,0.58,mid_tier,1,0,1,0.5,solid,bulky_speedster,solid-bulky_speedster,1.2,75.5,52.43,very_heavy,0,1.0,normal,172.0,99,45,70,20,ground,slow,upright,pink,Milk Cow Pokémon,"Its milk is packed with nutrition, making it the ultimate beverage for the sick or weary.",miltank,1,0,0,1.0,1.0,1.0,1.0,1.0,1.0,2.0,1.0,1.0,1.0,1.0,1.0,1.0,0.0,1.0,1.0,1.0,1.0
242,blissey,blissey,2,normal,,1,"natural-cure, serene-grace",healer,255,0.47,10,0.02,10,0.02,75,0.14,135,0.25,55,0.1,540,hp,85,400,slow,7250.0,5,extreme,0.88,top_tier,0.79,upper_mid_tier,1,0,1,0.5,solid,tank,solid-tank,1.5,46.8,20.8,light,0,1.0,normal,608.0,137,30,140,40,fairy,fast,humanoid,pink,Happiness Pokémon,Anyone who takes even one bite of BLISSEY's egg be­ comes unfailingly caring and pleas­ ant to everyone.,happiny --> chansey --> blissey,3,3,1,1.0,1.0,1.0,1.0,1.0,1.0,2.0,1.0,1.0,1.0,1.0,1.0,1.0,0.0,1.0,1.0,1.0,1.0
243,raikou,raikou,2,electric,,1,pressure,inner-focus,90,0.16,85,0.15,75,0.13,115,0.2,100,0.17,115,0.2,580,sp_attack,200,265,fast,222.22,2,slightly_specialized,0.91,top_tier,0.86,top_tier,1,3,0,0.5,solid,juggernaut,solid-juggernaut,1.9,178.0,49.31,very_heavy,1,0.0,legendary,261.0,86,3,35,80,no-eggs,slow,quadruped,yellow,Thunder Pokémon,The rain clouds it carries let it fire thunderbolts at will. They say that it descended with lightning.,raikou,1,0,0,1.0,1.0,1.0,0.5,1.0,1.0,1.0,1.0,2.0,0.5,1.0,1.0,1.0,1.0,1.0,1.0,0.5,1.0
244,entei,entei,2,fire,,1,pressure,inner-focus,115,0.2,115,0.2,85,0.15,90,0.16,75,0.13,100,0.17,580,hp,205,275,fast,222.22,2,slightly_specialized,0.91,top_tier,0.86,top_tier,3,6,0,0.0,neutral,juggernaut,neutral-juggernaut,2.1,198.0,44.9,heavy,1,0.0,legendary,261.0,81,3,35,80,no-eggs,slow,quadruped,brown,Volcano Pokémon,"Volcanoes erupt when it barks. Un­ able to restrain its extreme power, it races headlong around the land.",entei,1,0,0,1.0,0.5,2.0,1.0,0.5,0.5,1.0,1.0,2.0,1.0,1.0,0.5,2.0,1.0,1.0,1.0,0.5,0.5
245,suicune,suicune,2,water,,1,pressure,inner-focus,100,0.17,75,0.13,115,0.2,90,0.16,115,0.2,85,0.15,580,defense,165,330,average,222.22,2,slightly_specialized,0.91,top_tier,0.86,top_tier,2,4,0,0.0,neutral,bulky_speedster,neutral-bulky_speedster,2.0,187.0,46.75,very_heavy,1,0.0,legendary,261.0,84,3,35,80,no-eggs,slow,quadruped,blue,Aurora Pokémon,It races around the world to purify fouled water. It dashes away with the north wind.,suicune,1,0,0,1.0,0.5,0.5,2.0,2.0,0.5,1.0,1.0,1.0,1.0,1.0,1.0,1.0,1.0,1.0,1.0,0.5,1.0
246,larvitar,larvitar,2,rock,ground,2,guts,sand-veil,50,0.17,64,0.21,50,0.17,45,0.15,50,0.17,41,0.14,300,attack,109,150,slow,50.33,1,balanced,0.15,bottom_tier,0.13,bottom_tier,6,5,1,-2.0,frail,weak_slow,frail-weak_slow,0.6,72.0,200.0,very_heavy,0,0.5,normal,60.0,80,45,35,40,monster,slow,upright,green,Rock Skin Pokémon,"It feeds on soil. After it has eaten a large mountain, it will fall asleep so it can grow.",larvitar --> pupitar --> tyranitar,3,1,0,0.5,0.5,4.0,0.0,4.0,2.0,2.0,0.25,2.0,0.5,1.0,1.0,0.5,1.0,1.0,1.0,2.0,1.0
247,pupitar,pupitar,2,rock,ground,2,shed-skin,,70,0.17,84,0.2,70,0.17,65,0.16,70,0.17,51,0.12,410,attack,149,210,slow,94.22,1,balanced,0.54,mid_tier,0.35,lower_mid_tier,6,5,1,-2.0,frail,slow_attacker,frail-slow_attacker,1.2,152.0,105.56,very_heavy,0,0.5,normal,144.0,81,45,35,40,monster,slow,squiggle,gray,Hard Shell Pokémon,"Its shell is as hard as sheet rock, and it is also very strong. Its THRASHING can topple a mountain.",larvitar --> pupitar --> tyranitar,3,2,0,0.5,0.5,4.0,0.0,4.0,2.0,2.0,0.25,2.0,0.5,1.0,1.0,0.5,1.0,1.0,1.0,2.0,1.0
248,tyranitar,tyranitar,2,rock,dark,2,sand-stream,unnerve,100,0.17,134,0.22,110,0.18,95,0.16,100,0.17,61,0.1,600,attack,229,310,average,467.0,4,slightly_specialized,0.94,top_tier,0.9,top_tier,7,6,1,-2.5,frail,bulky_attacker,frail-bulky_attacker,2.0,202.0,50.5,very_heavy,0,0.5,normal,270.0,134,45,35,40,monster,slow,upright,green,Armor Pokémon,"Its body can't be harmed by any sort of attack, so it is very eager to make challenges against enemies.",larvitar --> pupitar --> tyranitar,3,3,1,0.5,0.5,2.0,1.0,2.0,1.0,4.0,0.5,2.0,0.5,0.0,2.0,1.0,0.5,1.0,0.5,2.0,2.0
248,tyranitar,tyranitar-mega,2,rock,dark,2,sand-stream,,100,0.14,164,0.23,150,0.21,95,0.14,120,0.17,71,0.1,700,attack,259,370,average,1032.56,5,highly_specialized,1.0,top_tier,0.98,top_tier,7,6,1,-2.5,frail,bulky_attacker,frail-bulky_attacker,2.5,255.0,40.8,heavy,0,0.5,normal,315.0,89,45,35,40,monster,slow,upright,green,Armor Pokémon,"Its body can't be harmed by any sort of attack, so it is very eager to make challenges against enemies.",larvitar --> pupitar --> tyranitar,3,3,1,0.5,0.5,2.0,1.0,2.0,1.0,4.0,0.5,2.0,0.5,0.0,2.0,1.0,0.5,1.0,0.5,2.0,2.0
249,lugia,lugia,2,psychic,flying,2,pressure,multiscale,106,0.16,90,0.13,130,0.19,90,0.13,154,0.23,110,0.16,680,sp_defense,180,390,fast,514.22,4,specialized,0.99,top_tier,0.96,top_tier,5,3,1,-2.0,frail,juggernaut,frail-juggernaut,5.2,216.0,7.99,very_light,1,0.0,legendary,306.0,119,3,0,120,no-eggs,slow,wings,white,Diving Pokémon,It is said that it quietly spends its time deep at the bottom of the sea because its powers are too strong.,lugia,1,0,0,1.0,1.0,1.0,2.0,0.5,2.0,0.25,1.0,0.0,1.0,0.5,1.0,2.0,2.0,1.0,2.0,1.0,1.0
250,ho-oh,ho-oh,2,fire,flying,2,pressure,regenerator,106,0.16,130,0.19,90,0.13,110,0.16,154,0.23,90,0.13,680,sp_defense,240,350,average,514.22,4,specialized,0.99,top_tier,0.96,top_tier,3,6,1,1.5,iron,juggernaut,iron-juggernaut,3.8,199.0,13.78,light,1,0.0,legendary,306.0,102,3,0,120,no-eggs,slow,wings,red,Rainbow Pokémon,Legends claim this POKéMON flies the world's skies con­ tinuously on its magnificent seven- colored wings.,ho-oh,1,0,0,1.0,0.5,2.0,2.0,0.25,1.0,0.5,1.0,0.0,1.0,1.0,0.25,4.0,1.0,1.0,1.0,0.5,0.5
251,celebi,celebi,2,psychic,grass,2,natural-cure,,100,0.17,100,0.17,100,0.17,100,0.17,100,0.17,100,0.17,600,hp,200,300,fast,0.0,1,balanced,0.94,top_tier,0.9,top_tier,7,6,0,-4.0,frail,juggernaut,frail-juggernaut,0.6,5.0,13.89,light,1,0.0,mythical,270.0,104,45,100,120,no-eggs,medium-slow,humanoid,green,Time Travel Pokémon,This POKéMON wan­ ders across time. Grass and trees flourish in the forests in which it has appeared.,celebi,1,0,0,1.0,2.0,0.5,0.5,0.5,2.0,0.5,2.0,0.5,2.0,0.5,4.0,1.0,2.0,1.0,2.0,1.0,1.0
252,treecko,treecko,3,grass,,1,overgrow,unburden,40,0.13,45,0.15,35,0.11,65,0.21,55,0.18,70,0.23,310,speed,110,130,average,163.89,2,balanced,0.24,lower_mid_tier,0.17,bottom_tier,5,4,0,-3.0,frail,fragile,frail-fragile,0.5,5.0,20.0,light,0,0.125,normal,62.0,98,45,70,20,"monster, dragon",medium-slow,upright,green,Wood Gecko Pokémon,TREECKO has small hooks on the bottom of its feet that enable it to scale vertical walls. This POKéMON attacks by slamming foes with its thick tail.,treecko --> grovyle --> sceptile,3,1,0,1.0,2.0,0.5,0.5,0.5,2.0,1.0,2.0,0.5,2.0,1.0,2.0,1.0,1.0,1.0,1.0,1.0,1.0
253,grovyle,grovyle,3,grass,,1,overgrow,unburden,50,0.12,65,0.16,45,0.11,85,0.21,65,0.16,95,0.23,405,speed,150,160,average,314.58,3,slightly_specialized,0.39,lower_mid_tier,0.34,lower_mid_tier,5,4,0,-3.0,frail,midrange,frail-midrange,0.9,21.6,26.67,average,0,0.125,normal,142.0,100,45,70,20,"monster, dragon",medium-slow,upright,green,Wood Gecko Pokémon,The leaves growing out of GROVYLE’s body are convenient for camouflaging it from enemies in the forest. This POKéMON is a master at climbing trees in jungles.,treecko --> grovyle --> sceptile,3,2,0,1.0,2.0,0.5,0.5,0.5,2.0,1.0,2.0,0.5,2.0,1.0,2.0,1.0,1.0,1.0,1.0,1.0,1.0
254,sceptile,sceptile,3,grass,,1,overgrow,unburden,70,0.13,85,0.16,65,0.12,105,0.2,85,0.16,120,0.23,530,speed,190,220,fast,363.89,3,slightly_specialized,0.76,upper_mid_tier,0.76,upper_mid_tier,5,4,0,-3.0,frail,sweeper,frail-sweeper,1.7,52.2,18.06,light,0,0.125,normal,239.0,121,45,70,20,"monster, dragon",medium-slow,upright,green,Forest Pokémon,The leaves growing on SCEPTILE’s body are very sharp edged. This POKéMON is very agile - it leaps all over the branches of trees and jumps on its foe from above or behind.,treecko --> grovyle --> sceptile,3,3,1,1.0,2.0,0.5,0.5,0.5,2.0,1.0,2.0,0.5,2.0,1.0,2.0,1.0,1.0,1.0,1.0,1.0,1.0
254,sceptile,sceptile-mega,3,grass,dragon,2,lightning-rod,,70,0.11,110,0.17,75,0.12,145,0.23,85,0.13,145,0.23,630,sp_attack,255,230,fast,958.33,5,highly_specialized,0.92,top_tier,0.94,top_tier,6,4,0,-4.0,frail,sweeper,frail-sweeper,1.9,55.2,15.29,light,0,0.125,normal,284.0,80,45,70,20,"monster, dragon",medium-slow,upright,green,Forest Pokémon,The leaves growing on SCEPTILE’s body are very sharp edged. This POKéMON is very agile - it leaps all over the branches of trees and jumps on its foe from above or behind.,treecko --> grovyle --> sceptile,3,3,1,1.0,1.0,0.25,0.25,0.25,4.0,1.0,2.0,0.5,2.0,1.0,2.0,1.0,1.0,2.0,1.0,1.0,2.0
255,torchic,torchic,3,fire,,1,blaze,speed-boost,45,0.15,60,0.19,40,0.13,70,0.23,50,0.16,45,0.15,310,sp_attack,130,135,slow,105.56,1,balanced,0.24,lower_mid_tier,0.17,bottom_tier,3,6,0,0.0,neutral,weak_slow,neutral-weak_slow,0.4,2.5,15.62,light,0,0.125,normal,62.0,82,45,70,20,ground,medium-slow,legs,red,Chick Pokémon,"TORCHIC sticks with its TRAINER, following behind with unsteady steps. This POKéMON breathes fire of over 1,800 degrees F, including fireballs that leave the foe scorched black.",torchic --> combusken --> blaziken,3,1,0,1.0,0.5,2.0,1.0,0.5,0.5,1.0,1.0,2.0,1.0,1.0,0.5,2.0,1.0,1.0,1.0,0.5,0.5
256,combusken,combusken,3,fire,fighting,2,blaze,speed-boost,60,0.15,85,0.21,60,0.15,85,0.21,60,0.15,55,0.14,405,attack,170,180,slow,156.25,2,balanced,0.39,lower_mid_tier,0.34,lower_mid_tier,4,6,0,-1.0,exposed,slow_attacker,exposed-slow_attacker,0.9,19.5,24.07,average,0,0.125,normal,142.0,101,45,70,20,ground,medium-slow,upright,red,Young Fowl Pokémon,"COMBUSKEN toughens up its legs and thighs by running through fields and mountains. This POKéMON’s legs possess both speed and power, enabling it to dole out ten kicks in one second.",torchic --> combusken --> blaziken,3,2,0,1.0,0.5,2.0,1.0,0.5,0.5,1.0,1.0,2.0,2.0,2.0,0.25,1.0,1.0,1.0,0.5,0.5,1.0
257,blaziken,blaziken,3,fire,fighting,2,blaze,speed-boost,80,0.15,120,0.23,70,0.13,110,0.21,70,0.13,80,0.15,530,attack,230,220,average,380.56,3,slightly_specialized,0.76,upper_mid_tier,0.76,upper_mid_tier,4,6,0,-1.0,exposed,attacker,exposed-attacker,1.9,52.0,14.4,light,0,0.125,normal,239.0,122,45,70,20,ground,medium-slow,upright,red,Blaze Pokémon,"In battle, BLAZIKEN blows out intense flames from its wrists and attacks foes courageously. The stronger the foe, the more intensely this POKéMON’s wrists burn.",torchic --> combusken --> blaziken,3,3,1,1.0,0.5,2.0,1.0,0.5,0.5,1.0,1.0,2.0,2.0,2.0,0.25,1.0,1.0,1.0,0.5,0.5,1.0
257,blaziken,blaziken-mega,3,fire,fighting,2,speed-boost,,80,0.13,160,0.25,80,0.13,130,0.21,80,0.13,100,0.16,630,attack,290,240,fast,925.0,5,highly_specialized,0.92,top_tier,0.94,top_tier,4,6,0,-1.0,exposed,sweeper,exposed-sweeper,1.9,52.0,14.4,light,0,0.125,normal,284.0,80,45,70,20,ground,medium-slow,upright,red,Blaze Pokémon,"In battle, BLAZIKEN blows out intense flames from its wrists and attacks foes courageously. The stronger the foe, the more intensely this POKéMON’s wrists burn.",torchic --> combusken --> blaziken,3,3,1,1.0,0.5,2.0,1.0,0.5,0.5,1.0,1.0,2.0,2.0,2.0,0.25,1.0,1.0,1.0,0.5,0.5,1.0
258,mudkip,mudkip,3,water,,1,torrent,damp,50,0.16,70,0.23,50,0.16,50,0.16,50,0.16,40,0.13,310,attack,120,150,slow,80.56,1,balanced,0.24,lower_mid_tier,0.17,bottom_tier,2,4,0,0.0,neutral,weak_slow,neutral-weak_slow,0.4,7.6,47.5,very_heavy,0,0.125,normal,62.0,85,45,70,20,"monster, water1",medium-slow,quadruped,blue,Mud Fish Pokémon,"The fin on MUDKIP’s head acts as highly sensitive radar. Using this fin to sense movements of water and air, this POKéMON can determine what is taking place around it without using its eyes.",mudkip --> marshtomp --> swampert,3,1,0,1.0,0.5,0.5,2.0,2.0,0.5,1.0,1.0,1.0,1.0,1.0,1.0,1.0,1.0,1.0,1.0,0.5,1.0
259,marshtomp,marshtomp,3,water,ground,2,torrent,damp,70,0.17,85,0.21,70,0.17,60,0.15,70,0.17,50,0.12,405,attack,145,210,slow,114.58,1,balanced,0.39,lower_mid_tier,0.34,lower_mid_tier,1,4,1,2.5,iron,slow_attacker,iron-slow_attacker,0.7,28.0,57.14,very_heavy,0,0.125,normal,142.0,96,45,70,20,"monster, water1",medium-slow,upright,blue,Mud Fish Pokémon,"The surface of MARSHTOMP’s body is enveloped by a thin, sticky film that enables it to live on land. This POKéMON plays in mud on beaches when the ocean tide is low.",mudkip --> marshtomp --> swampert,3,2,0,1.0,0.5,1.0,0.0,4.0,1.0,1.0,0.5,1.0,1.0,1.0,1.0,0.5,1.0,1.0,1.0,0.5,1.0
260,swampert,swampert,3,water,ground,2,torrent,damp,100,0.19,110,0.21,90,0.17,85,0.16,90,0.17,60,0.11,535,attack,195,280,average,236.81,2,slightly_specialized,0.77,upper_mid_tier,0.78,upper_mid_tier,1,4,1,2.5,iron,bulky_attacker,iron-bulky_attacker,1.5,81.9,36.4,heavy,0,0.125,normal,241.0,116,45,70,20,"monster, water1",medium-slow,upright,blue,Mud Fish Pokémon,SWAMPERT is very strong. It has enough power to easily drag a boulder weighing more than a ton. This POKéMON also has powerful vision that lets it see even in murky water.,mudkip --> marshtomp --> swampert,3,3,1,1.0,0.5,1.0,0.0,4.0,1.0,1.0,0.5,1.0,1.0,1.0,1.0,0.5,1.0,1.0,1.0,0.5,1.0
260,swampert,swampert-mega,3,water,ground,2,swift-swim,,100,0.16,150,0.24,110,0.17,95,0.15,110,0.17,70,0.11,635,attack,245,320,average,570.14,4,specialized,0.93,top_tier,0.94,top_tier,1,4,1,2.5,iron,bulky_attacker,iron-bulky_attacker,1.9,102.0,28.25,average,0,0.125,normal,286.0,69,45,70,20,"monster, water1",medium-slow,upright,blue,Mud Fish Pokémon,SWAMPERT is very strong. It has enough power to easily drag a boulder weighing more than a ton. This POKéMON also has powerful vision that lets it see even in murky water.,mudkip --> marshtomp --> swampert,3,3,1,1.0,0.5,1.0,0.0,4.0,1.0,1.0,0.5,1.0,1.0,1.0,1.0,0.5,1.0,1.0,1.0,0.5,1.0
261,poochyena,poochyena,3,dark,,1,"run-away, quick-feet",rattled,35,0.16,55,0.25,35,0.16,30,0.14,30,0.14,35,0.16,220,attack,85,100,slow,72.22,1,balanced,0.05,bottom_tier,0.04,bottom_tier,3,2,1,-0.5,exposed,weak_slow,exposed-weak_slow,0.5,13.6,54.4,very_heavy,0,0.5,normal,56.0,77,255,70,15,ground,medium,quadruped,gray,Bite Pokémon,"At first sight, POOCHYENA takes a bite at anything that moves. This POKéMON chases after prey until the victim becomes exhausted. However, it may turn tail if the prey strikes back.",poochyena --> mightyena,2,1,0,1.0,1.0,1.0,1.0,1.0,1.0,2.0,1.0,1.0,1.0,0.0,2.0,1.0,0.5,1.0,0.5,1.0,2.0
262,mightyena,mightyena,3,dark,,1,"intimidate, quick-feet",moxie,70,0.17,90,0.21,70,0.17,60,0.14,60,0.14,70,0.17,420,attack,150,200,average,100.0,1,balanced,0.44,mid_tier,0.39,lower_mid_tier,3,2,1,-0.5,exposed,balanced,exposed-balanced,1.0,37.0,37.0,heavy,0,0.5,normal,147.0,80,127,70,15,ground,medium,quadruped,gray,Bite Pokémon,MIGHTYENA gives obvious signals when it is preparing to attack. It starts to growl deeply and then flattens its body. This POKéMON will bite savagely with its sharply pointed fangs.,poochyena --> mightyena,2,2,1,1.0,1.0,1.0,1.0,1.0,1.0,2.0,1.0,1.0,1.0,0.0,2.0,1.0,0.5,1.0,0.5,1.0,2.0
263,zigzagoon,zigzagoon,3,normal,,1,"pickup, gluttony",quick-feet,38,0.16,30,0.12,41,0.17,30,0.12,41,0.17,60,0.25,240,speed,60,120,average,101.0,1,balanced,0.08,bottom_tier,0.05,bottom_tier,1,0,1,0.5,solid,fragile,solid-fragile,0.4,17.5,109.37,very_heavy,0,0.5,normal,56.0,81,255,70,15,ground,medium,quadruped,brown,Tiny Raccoon Pokémon,ZIGZAGOON restlessly wanders everywhere at all times. This POKéMON does so because it is very curious. It becomes interested in anything that it happens to see.,zigzagoon --> linoone --> obstagoon,3,1,0,1.0,1.0,1.0,1.0,1.0,1.0,2.0,1.0,1.0,1.0,1.0,1.0,1.0,0.0,1.0,1.0,1.0,1.0
263,zigzagoon,zigzagoon-galar,3,dark,normal,2,"pickup, gluttony",quick-feet,38,0.16,30,0.12,41,0.17,30,0.12,41,0.17,60,0.25,240,speed,60,120,average,101.0,1,balanced,0.08,bottom_tier,0.05,bottom_tier,3,1,2,0.5,solid,fragile,solid-fragile,0.4,17.5,109.37,very_heavy,0,0.5,normal,56.0,56,255,70,15,ground,medium,quadruped,brown,Tiny Raccoon Pokémon,ZIGZAGOON restlessly wanders everywhere at all times. This POKéMON does so because it is very curious. It becomes interested in anything that it happens to see.,zigzagoon --> linoone --> obstagoon,3,1,0,1.0,1.0,1.0,1.0,1.0,1.0,4.0,1.0,1.0,1.0,0.0,2.0,1.0,0.0,1.0,0.5,1.0,2.0
264,linoone,linoone,3,normal,,1,"pickup, gluttony",quick-feet,78,0.19,70,0.17,61,0.15,50,0.12,61,0.15,100,0.24,420,speed,120,200,fast,254.33,2,slightly_specialized,0.44,mid_tier,0.39,lower_mid_tier,1,0,1,0.5,solid,midrange,solid-midrange,0.5,32.5,130.0,very_heavy,0,0.5,normal,147.0,88,90,70,15,ground,medium,quadruped,white,Rushing Pokémon,"LINOONE always runs full speed and only in straight lines. If facing an obstacle, it makes a right-angle turn to evade it. This POKéMON is very challenged by gently curving roads.",zigzagoon --> linoone --> obstagoon,3,2,0,1.0,1.0,1.0,1.0,1.0,1.0,2.0,1.0,1.0,1.0,1.0,1.0,1.0,0.0,1.0,1.0,1.0,1.0
264,linoone,linoone-galar,3,dark,normal,2,"pickup, gluttony",quick-feet,78,0.19,70,0.17,61,0.15,50,0.12,61,0.15,100,0.24,420,speed,120,200,fast,254.33,2,slightly_specialized,0.44,mid_tier,0.39,lower_mid_tier,3,1,2,0.5,solid,midrange,solid-midrange,0.5,32.5,130.0,very_heavy,0,0.5,normal,147.0,63,90,70,15,ground,medium,quadruped,white,Rushing Pokémon,"LINOONE always runs full speed and only in straight lines. If facing an obstacle, it makes a right-angle turn to evade it. This POKéMON is very challenged by gently curving roads.",zigzagoon --> linoone --> obstagoon,3,2,0,1.0,1.0,1.0,1.0,1.0,1.0,4.0,1.0,1.0,1.0,0.0,2.0,1.0,0.0,1.0,0.5,1.0,2.0
265,wurmple,wurmple,3,bug,,1,shield-dust,run-away,45,0.23,45,0.23,35,0.18,20,0.1,30,0.15,20,0.1,195,hp,65,110,slow,106.25,1,balanced,0.01,bottom_tier,0.01,bottom_tier,3,3,0,-1.5,exposed,weak_slow,exposed-weak_slow,0.3,3.6,40.0,heavy,0,0.5,normal,56.0,6,255,70,15,bug,medium,armor,red,Worm Pokémon,"Using the spikes on its rear end,   WURMPLE peels the bark off trees and feeds on the sap that oozes out. This POKéMON’s feet are tipped with suction pads that allow it to cling to glass without slipping.",wurmple --> silcoon --> beautifly,3,1,0,1.0,2.0,1.0,1.0,0.5,1.0,0.5,1.0,0.5,2.0,1.0,1.0,2.0,1.0,1.0,1.0,1.0,1.0
266,silcoon,silcoon,3,bug,,1,shed-skin,,50,0.24,35,0.17,55,0.27,25,0.12,25,0.12,15,0.07,205,defense,60,130,slow,203.47,2,slightly_specialized,0.03,bottom_tier,0.02,bottom_tier,3,3,0,-1.5,exposed,weak_slow,exposed-weak_slow,0.6,10.0,27.78,average,0,0.5,normal,72.0,7,120,70,15,bug,medium,ball,white,Cocoon Pokémon,"SILCOON tethers itself to a tree branch using silk to keep from falling. There,  this POKéMON hangs quietly while it awaits evolution. It peers out of the silk cocoon through a small hole.",wurmple --> silcoon --> beautifly,3,2,0,1.0,2.0,1.0,1.0,0.5,1.0,0.5,1.0,0.5,2.0,1.0,1.0,2.0,1.0,1.0,1.0,1.0,1.0
267,beautifly,beautifly,3,bug,flying,2,swarm,rivalry,60,0.15,70,0.18,50,0.13,100,0.25,50,0.13,65,0.16,395,sp_attack,170,160,average,286.81,3,slightly_specialized,0.35,lower_mid_tier,0.32,lower_mid_tier,5,3,1,-2.0,frail,midrange,frail-midrange,1.0,28.4,28.4,average,0,0.5,normal,178.0,66,45,70,15,bug,medium,bug-wings,yellow,Butterfly Pokémon,"BEAUTIFLY’s favorite food is the sweet pollen of flowers. If you want to see this POKéMON, just leave a potted flower by an open window. BEAUTIFLY is sure to come looking for pollen.",wurmple --> silcoon --> beautifly,3,3,1,1.0,2.0,1.0,2.0,0.25,2.0,0.25,1.0,0.0,2.0,1.0,0.5,4.0,1.0,1.0,1.0,1.0,1.0
268,cascoon,cascoon,3,bug,,1,shed-skin,,50,0.24,35,0.17,55,0.27,25,0.12,25,0.12,15,0.07,205,defense,60,130,slow,203.47,2,slightly_specialized,0.03,bottom_tier,0.02,bottom_tier,3,3,0,-1.5,exposed,weak_slow,exposed-weak_slow,0.7,11.5,23.47,average,0,0.5,normal,72.0,7,120,70,15,bug,medium,ball,purple,Cocoon Pokémon,"CASCOON makes its protective cocoon by wrapping its body entirely with a fine silk from its mouth. Once the silk goes around its body, it hardens. This POKéMON prepares for its evolution inside the cocoon.",wurmple --> silcoon --> beautifly,3,2,0,1.0,2.0,1.0,1.0,0.5,1.0,0.5,1.0,0.5,2.0,1.0,1.0,2.0,1.0,1.0,1.0,1.0,1.0
269,dustox,dustox,3,bug,poison,2,shield-dust,compound-eyes,60,0.16,50,0.13,70,0.18,50,0.13,90,0.23,65,0.17,385,sp_defense,100,220,average,186.81,2,balanced,0.35,lower_mid_tier,0.31,lower_mid_tier,4,5,0,-1.5,exposed,midrange,exposed-midrange,1.2,31.6,21.94,light,0,0.5,normal,173.0,66,45,70,15,bug,medium,bug-wings,green,Poison Moth Pokémon,"DUSTOX is instinctively drawn to light. Swarms of this POKéMON are attracted by the bright lights of cities, where they wreak havoc by stripping the leaves off roadside trees for food.",wurmple --> silcoon --> beautifly,3,3,1,1.0,2.0,1.0,1.0,0.25,1.0,0.25,0.5,1.0,2.0,2.0,0.5,2.0,1.0,1.0,1.0,1.0,0.5
270,lotad,lotad,3,water,grass,2,"swift-swim, rain-dish",own-tempo,40,0.18,30,0.14,30,0.14,40,0.18,50,0.23,30,0.14,220,sp_defense,70,120,slow,55.56,1,balanced,0.05,bottom_tier,0.04,bottom_tier,3,3,0,-1.5,exposed,weak_slow,exposed-weak_slow,0.5,2.6,10.4,very_light,0,0.5,normal,44.0,72,255,70,15,"water1, plant",medium-slow,armor,green,Water Weed Pokémon,"It searches about for clean water. If it does not drink water for too long, the leaf on its head wilts.",lotad --> lombre --> ludicolo,3,1,0,1.0,1.0,0.25,1.0,1.0,1.0,1.0,2.0,0.5,2.0,1.0,2.0,1.0,1.0,1.0,1.0,0.5,1.0
271,lombre,lombre,3,water,grass,2,"swift-swim, rain-dish",own-tempo,60,0.18,50,0.15,50,0.15,60,0.18,70,0.21,50,0.15,340,sp_defense,110,180,slow,55.56,1,balanced,0.29,lower_mid_tier,0.27,lower_mid_tier,3,3,0,-1.5,exposed,weak_slow,exposed-weak_slow,1.2,32.5,22.57,average,0,0.5,normal,119.0,97,120,70,15,"water1, plant",medium-slow,humanoid,green,Jolly Pokémon,It lives at the water’s edge where it is sunny. It sleeps on a bed of water grass by day and becomes active at night.,lotad --> lombre --> ludicolo,3,2,0,1.0,1.0,0.25,1.0,1.0,1.0,1.0,2.0,0.5,2.0,1.0,2.0,1.0,1.0,1.0,1.0,0.5,1.0
272,ludicolo,ludicolo,3,water,grass,2,"swift-swim, rain-dish",own-tempo,80,0.17,70,0.15,70,0.15,90,0.19,100,0.21,70,0.15,480,sp_defense,160,250,average,133.33,2,balanced,0.66,upper_mid_tier,0.53,mid_tier,3,3,0,-1.5,exposed,balanced,exposed-balanced,1.5,55.0,24.44,average,0,0.5,normal,216.0,104,45,70,15,"water1, plant",medium-slow,humanoid,green,Carefree Pokémon,"LUDICOLO begins dancing as soon as it hears cheerful, festive music. This POKéMON is said to appear when it hears the singing of children on hiking outings.",lotad --> lombre --> ludicolo,3,3,1,1.0,1.0,0.25,1.0,1.0,1.0,1.0,2.0,0.5,2.0,1.0,2.0,1.0,1.0,1.0,1.0,0.5,1.0
273,seedot,seedot,3,grass,,1,"chlorophyll, early-bird",pickpocket,40,0.18,40,0.18,50,0.23,30,0.14,30,0.14,30,0.14,220,defense,70,120,slow,55.56,1,balanced,0.05,bottom_tier,0.04,bottom_tier,5,4,0,-3.0,frail,weak_slow,frail-weak_slow,0.5,4.0,16.0,light,0,0.5,normal,44.0,75,255,70,15,"ground, plant",medium-slow,legs,brown,Acorn Pokémon,"SEEDOT attaches itself to a tree branch using the top of its head. It sucks moisture from the tree while hanging off the branch. The more water it drinks, the glossier this POKéMON’s body becomes.",seedot --> nuzleaf --> shiftry,3,1,0,1.0,2.0,0.5,0.5,0.5,2.0,1.0,2.0,0.5,2.0,1.0,2.0,1.0,1.0,1.0,1.0,1.0,1.0
274,nuzleaf,nuzleaf,3,grass,dark,2,"chlorophyll, early-bird",pickpocket,70,0.21,70,0.21,40,0.12,60,0.18,40,0.12,60,0.18,340,hp,130,150,average,155.56,2,balanced,0.29,lower_mid_tier,0.27,lower_mid_tier,7,6,1,-2.5,frail,fragile,frail-fragile,1.0,28.0,28.0,average,0,0.5,normal,119.0,108,120,70,15,"ground, plant",medium-slow,humanoid,brown,Wily Pokémon,NUZLEAF live in densely overgrown forests. They occasionally venture out of the forest to startle people. This POKéMON dislikes having its long nose pinched.,seedot --> nuzleaf --> shiftry,3,2,0,1.0,2.0,0.5,0.5,0.5,2.0,2.0,2.0,0.5,2.0,0.0,4.0,1.0,0.5,1.0,0.5,1.0,2.0
275,shiftry,shiftry,3,grass,dark,2,"chlorophyll, wind-rider",pickpocket,90,0.19,100,0.21,60,0.12,90,0.19,60,0.12,80,0.17,480,attack,190,210,average,233.33,2,slightly_specialized,0.66,upper_mid_tier,0.53,mid_tier,7,6,1,-2.5,frail,attacker,frail-attacker,1.3,59.6,35.27,heavy,0,0.5,normal,216.0,136,45,70,15,"ground, plant",medium-slow,humanoid,brown,Wicked Pokémon,It lives quietly in the deep forest. It is said to create chilly winter winds with the fans it holds.,seedot --> nuzleaf --> shiftry,3,3,1,1.0,2.0,0.5,0.5,0.5,2.0,2.0,2.0,0.5,2.0,0.0,4.0,1.0,0.5,1.0,0.5,1.0,2.0
276,taillow,taillow,3,normal,flying,2,guts,scrappy,40,0.15,55,0.2,30,0.11,30,0.11,30,0.11,85,0.31,270,speed,85,100,average,400.0,3,slightly_specialized,0.12,bottom_tier,0.08,bottom_tier,3,2,2,1.0,solid,fragile,solid-fragile,0.3,2.3,25.56,average,0,0.5,normal,54.0,61,200,70,15,flying,medium-slow,wings,blue,Tiny Swallow Pokémon,"TAILLOW courageously stands its ground against foes, however strong they may be. This gutsy POKéMON will remain defiant even after a loss. On the other hand, it cries loudly if it becomes hungry.",taillow --> swellow,2,1,0,1.0,1.0,1.0,2.0,0.5,2.0,1.0,1.0,0.0,1.0,1.0,0.5,2.0,0.0,1.0,1.0,1.0,1.0
277,swellow,swellow,3,normal,flying,2,guts,scrappy,60,0.13,85,0.19,60,0.13,75,0.16,50,0.11,125,0.27,455,speed,160,170,fast,611.81,4,specialized,0.52,mid_tier,0.45,mid_tier,3,2,2,1.0,solid,midrange,solid-midrange,0.7,19.8,40.41,heavy,0,0.5,normal,159.0,57,45,70,15,flying,medium-slow,wings,blue,Swallow Pokémon,"SWELLOW flies high above our heads, making graceful arcs in the sky. This POKéMON dives at a steep angle as soon as it spots its prey. The hapless prey is tightly grasped by SWELLOW’s clawed feet, preventing escape.",taillow --> swellow,2,2,1,1.0,1.0,1.0,2.0,0.5,2.0,1.0,1.0,0.0,1.0,1.0,0.5,2.0,0.0,1.0,1.0,1.0,1.0
278,wingull,wingull,3,water,flying,2,"keen-eye, hydration",rain-dish,40,0.15,30,0.11,30,0.11,55,0.2,30,0.11,85,0.31,270,speed,85,100,average,400.0,3,slightly_specialized,0.12,bottom_tier,0.08,bottom_tier,2,5,1,2.0,iron,fragile,iron-fragile,0.6,9.5,26.39,average,0,0.5,normal,54.0,78,190,70,20,"water1, flying",medium,wings,white,Seagull Pokémon,WINGULL has the habit of carrying prey and valuables in its beak and hiding them in all sorts of locations. This POKéMON rides the winds and flies as if it were skating across the sky.,wingull --> pelipper,2,1,0,1.0,0.5,0.5,4.0,1.0,1.0,0.5,1.0,0.0,1.0,1.0,0.5,2.0,1.0,1.0,1.0,0.5,1.0
279,pelipper,pelipper,3,water,flying,2,"keen-eye, drizzle",rain-dish,60,0.14,50,0.11,100,0.23,95,0.22,70,0.16,65,0.15,440,defense,145,230,average,330.56,3,slightly_specialized,0.5,mid_tier,0.42,mid_tier,2,5,1,2.0,iron,balanced,iron-balanced,1.2,28.0,19.44,light,0,0.5,normal,154.0,87,45,70,20,"water1, flying",medium,wings,yellow,Water Bird Pokémon,"It is a messenger of the skies, carrying small Pokémon and eggs to safety in its bill.",wingull --> pelipper,2,2,1,1.0,0.5,0.5,4.0,1.0,1.0,0.5,1.0,0.0,1.0,1.0,0.5,2.0,1.0,1.0,1.0,0.5,1.0
280,ralts,ralts,3,psychic,fairy,2,"synchronize, trace",telepathy,28,0.14,25,0.13,25,0.13,45,0.23,35,0.18,40,0.2,198,sp_attack,70,88,slow,58.33,1,balanced,0.02,bottom_tier,0.01,bottom_tier,3,2,1,-0.5,exposed,weak_slow,exposed-weak_slow,0.4,6.6,41.25,heavy,0,0.5,normal,40.0,105,235,35,20,"humanshape, indeterminate",slow,humanoid,white,Feeling Pokémon,"RALTS senses the emotions of people using the horns on its head. This POKéMON rarely appears before people. But when it does, it draws closer if it senses that the person has a positive disposition.",ralts --> kirlia --> gardevoir,3,1,0,1.0,1.0,1.0,1.0,1.0,1.0,0.25,2.0,1.0,1.0,0.5,1.0,1.0,2.0,0.0,1.0,2.0,1.0
281,kirlia,kirlia,3,psychic,fairy,2,"synchronize, trace",telepathy,38,0.14,35,0.13,35,0.13,65,0.23,55,0.2,50,0.18,278,sp_attack,100,128,slow,127.22,1,balanced,0.13,bottom_tier,0.09,bottom_tier,3,2,1,-0.5,exposed,weak_slow,exposed-weak_slow,0.8,20.2,31.56,heavy,0,0.5,normal,97.0,98,120,35,20,"humanshape, indeterminate",slow,humanoid,white,Emotion Pokémon,It is said that a KIRLIA that is exposed to the positive emotions of its TRAINER grows beautiful. This POKéMON controls psychokinetic powers with its highly developed brain.,ralts --> kirlia --> gardevoir,3,2,0,1.0,1.0,1.0,1.0,1.0,1.0,0.25,2.0,1.0,1.0,0.5,1.0,1.0,2.0,0.0,1.0,2.0,1.0
282,gardevoir,gardevoir,3,psychic,fairy,2,"synchronize, trace",telepathy,68,0.13,65,0.13,65,0.13,125,0.24,115,0.22,80,0.15,518,sp_attack,190,248,average,600.56,4,specialized,0.74,upper_mid_tier,0.72,upper_mid_tier,3,2,1,-0.5,exposed,attacker,exposed-attacker,1.6,48.4,18.91,light,0,0.5,normal,233.0,115,45,35,20,"humanshape, indeterminate",slow,humanoid,white,Embrace Pokémon,"GARDEVOIR has the ability to read the future. If it senses impending danger to its TRAINER, this POKéMON is said to unleash its psychokinetic energy at full power.",ralts --> kirlia --> gardevoir,3,3,1,1.0,1.0,1.0,1.0,1.0,1.0,0.25,2.0,1.0,1.0,0.5,1.0,1.0,2.0,0.0,1.0,2.0,1.0
282,gardevoir,gardevoir-mega,3,psychic,fairy,2,pixilate,,68,0.11,85,0.14,65,0.11,165,0.27,135,0.22,100,0.16,618,sp_attack,250,268,fast,1311.67,5,highly_specialized,0.91,top_tier,0.93,top_tier,3,2,1,-0.5,exposed,juggernaut,exposed-juggernaut,1.6,48.4,18.91,light,0,0.5,normal,278.0,81,45,35,20,"humanshape, indeterminate",slow,humanoid,white,Embrace Pokémon,"GARDEVOIR has the ability to read the future. If it senses impending danger to its TRAINER, this POKéMON is said to unleash its psychokinetic energy at full power.",ralts --> kirlia --> gardevoir,3,3,1,1.0,1.0,1.0,1.0,1.0,1.0,0.25,2.0,1.0,1.0,0.5,1.0,1.0,2.0,0.0,1.0,2.0,1.0
283,surskit,surskit,3,bug,water,2,swift-swim,rain-dish,40,0.15,30,0.11,32,0.12,50,0.19,52,0.19,65,0.24,269,speed,80,124,average,148.81,2,balanced,0.11,bottom_tier,0.08,bottom_tier,3,5,0,-0.5,exposed,fragile,exposed-fragile,0.5,1.7,6.8,very_light,0,0.5,normal,54.0,74,200,70,15,"water1, bug",medium,armor,blue,Pond Skater Pokémon,"From the tips of its feet, SURSKIT secretes an oil that enables it to walk on water as if it were skating. This POKéMON feeds on microscopic organisms in ponds and lakes.",surskit --> masquerain,2,1,0,1.0,1.0,0.5,2.0,1.0,0.5,0.5,1.0,0.5,2.0,1.0,1.0,2.0,1.0,1.0,1.0,0.5,1.0
284,masquerain,masquerain,3,bug,flying,2,intimidate,unnerve,70,0.15,60,0.13,62,0.14,100,0.22,82,0.18,80,0.18,454,sp_attack,160,214,average,185.89,2,balanced,0.51,mid_tier,0.44,mid_tier,5,3,1,-2.0,frail,balanced,frail-balanced,0.8,3.6,5.62,very_light,0,0.5,normal,159.0,94,75,70,15,"water1, bug",medium,bug-wings,blue,Eyeball Pokémon,MASQUERAIN intimidates enemies with the eyelike patterns on its antennas. This POKéMON flaps its four wings to freely fly in any direction - even sideways and backwards - as if it were a helicopter.,surskit --> masquerain,2,2,1,1.0,2.0,1.0,2.0,0.25,2.0,0.25,1.0,0.0,2.0,1.0,0.5,4.0,1.0,1.0,1.0,1.0,1.0
285,shroomish,shroomish,3,grass,,1,"effect-spore, poison-heal",quick-feet,60,0.2,40,0.14,60,0.2,40,0.14,60,0.2,35,0.12,295,hp,80,180,slow,120.14,1,balanced,0.17,bottom_tier,0.12,bottom_tier,5,4,0,-3.0,frail,weak_slow,frail-weak_slow,0.4,4.5,28.12,average,0,0.5,normal,59.0,63,255,70,15,"fairy, plant",fast-then-very-slow,legs,brown,Mushroom Pokémon,"SHROOMISH live in damp soil in the dark depths of forests. They are often found keeping still under fallen leaves. This POKéMON feeds on compost that is made up of fallen, rotted leaves.",shroomish --> breloom,2,1,0,1.0,2.0,0.5,0.5,0.5,2.0,1.0,2.0,0.5,2.0,1.0,2.0,1.0,1.0,1.0,1.0,1.0,1.0
286,breloom,breloom,3,grass,fighting,2,"effect-spore, poison-heal",technician,60,0.13,130,0.28,80,0.17,60,0.13,60,0.13,70,0.15,460,attack,190,200,average,622.22,4,specialized,0.57,mid_tier,0.46,mid_tier,6,6,0,-3.0,frail,attacker,frail-attacker,1.2,39.2,27.22,average,0,0.5,normal,161.0,103,90,70,15,"fairy, plant",fast-then-very-slow,upright,green,Mushroom Pokémon,"BRELOOM closes in on its foe with light and sprightly footwork, then throws punches with its stretchy arms. This POKéMON’s fighting technique puts boxers to shame.",shroomish --> breloom,2,2,1,1.0,2.0,0.5,0.5,0.5,2.0,1.0,2.0,0.5,4.0,2.0,1.0,0.5,1.0,1.0,0.5,1.0,2.0
287,slakoth,slakoth,3,normal,,1,truant,,60,0.21,60,0.21,60,0.21,35,0.12,35,0.12,30,0.11,280,hp,95,155,slow,180.56,2,balanced,0.13,bottom_tier,0.1,bottom_tier,1,0,1,0.5,solid,weak_slow,solid-weak_slow,0.8,24.0,37.5,heavy,0,0.5,normal,56.0,96,255,70,15,ground,slow,quadruped,brown,Slacker Pokémon,"SLAKOTH lolls around for over twenty hours every day. Because it moves so little, it does not need much food. This POKéMON’s sole daily meal consists of just three leaves.",slakoth --> vigoroth --> slaking,3,1,0,1.0,1.0,1.0,1.0,1.0,1.0,2.0,1.0,1.0,1.0,1.0,1.0,1.0,0.0,1.0,1.0,1.0,1.0
288,vigoroth,vigoroth,3,normal,,1,vital-spirit,,80,0.18,80,0.18,80,0.18,55,0.12,55,0.12,90,0.2,440,speed,135,215,average,180.56,2,balanced,0.5,mid_tier,0.42,mid_tier,1,0,1,0.5,solid,midrange,solid-midrange,1.4,46.5,23.72,average,0,0.5,normal,154.0,113,120,70,15,ground,slow,upright,white,Wild Monkey Pokémon,VIGOROTH is always itching and agitated to go on a wild rampage. It simply can’t tolerate sitting still for even a minute. This POKéMON’s stress level rises if it can’t be moving constantly.,slakoth --> vigoroth --> slaking,3,2,0,1.0,1.0,1.0,1.0,1.0,1.0,2.0,1.0,1.0,1.0,1.0,1.0,1.0,0.0,1.0,1.0,1.0,1.0
289,slaking,slaking,3,normal,,1,truant,,150,0.22,160,0.24,100,0.15,95,0.14,65,0.1,100,0.15,670,attack,255,315,fast,1088.89,5,highly_specialized,0.95,top_tier,0.95,top_tier,1,0,1,0.5,solid,juggernaut,solid-juggernaut,2.0,130.5,32.62,heavy,0,0.5,normal,252.0,127,45,70,15,ground,slow,humanoid,brown,Lazy Pokémon,"SLAKING spends all day lying down and lolling about. It eats grass growing within its reach. If it eats all the grass it can reach, this POKéMON reluctantly moves to another spot.",slakoth --> vigoroth --> slaking,3,3,1,1.0,1.0,1.0,1.0,1.0,1.0,2.0,1.0,1.0,1.0,1.0,1.0,1.0,0.0,1.0,1.0,1.0,1.0
290,nincada,nincada,3,bug,ground,2,compound-eyes,run-away,31,0.12,45,0.17,90,0.34,30,0.11,30,0.11,40,0.15,266,defense,75,151,slow,448.89,4,slightly_specialized,0.1,bottom_tier,0.08,bottom_tier,4,3,1,-1.0,exposed,weak_slow,exposed-weak_slow,0.5,5.5,22.0,light,0,0.5,normal,53.0,54,255,70,15,bug,slow-then-very-fast,armor,gray,Trainee Pokémon,NINCADA lives underground for many years in complete darkness. This POKéMON absorbs nutrients from the roots of trees. It stays motionless as it waits for evolution.,nincada --> ninjask,2,1,0,1.0,2.0,2.0,0.0,1.0,2.0,0.5,0.5,0.5,2.0,1.0,1.0,1.0,1.0,1.0,1.0,1.0,1.0
291,ninjask,ninjask,3,bug,flying,2,speed-boost,infiltrator,61,0.13,90,0.2,45,0.1,50,0.11,50,0.11,160,0.35,456,speed,140,156,fast,1631.67,5,extreme,0.54,mid_tier,0.45,mid_tier,5,3,1,-2.0,frail,midrange,frail-midrange,0.8,12.0,18.75,light,0,0.5,normal,160.0,69,120,70,15,bug,slow-then-very-fast,bug-wings,yellow,Ninja Pokémon,"NINJASK moves around at such a high speed that it cannot be seen, even while its crying can be clearly heard. For that reason, this POKéMON was long believed to be invisible.",nincada --> ninjask,2,2,1,1.0,2.0,1.0,2.0,0.25,2.0,0.25,1.0,0.0,2.0,1.0,0.5,4.0,1.0,1.0,1.0,1.0,1.0
292,shedinja,shedinja,3,bug,ghost,2,wonder-guard,,1,0.0,90,0.38,45,0.19,30,0.13,30,0.13,40,0.17,236,attack,120,76,slow,707.22,5,specialized,0.06,bottom_tier,0.05,bottom_tier,5,4,2,0.0,neutral,weak_slow,neutral-weak_slow,0.8,1.2,1.87,very_light,1,0.0,normal,83.0,66,45,70,15,mineral,slow-then-very-fast,blob,brown,Shed Pokémon,"SHEDINJA’s hard body doesn’t move - not even a twitch. In fact, its body appears to be merely a hollow shell. It is believed that this POKéMON will steal the spirit of anyone peering into its hollow body from its back.",nincada --> ninjask,2,2,1,0.0,2.0,1.0,1.0,0.5,1.0,0.0,0.5,0.5,2.0,1.0,0.5,2.0,2.0,1.0,2.0,1.0,1.0
293,whismur,whismur,3,normal,,1,soundproof,rattled,64,0.27,51,0.21,23,0.1,51,0.21,23,0.1,28,0.12,240,hp,102,110,slow,256.67,2,slightly_specialized,0.08,bottom_tier,0.05,bottom_tier,1,0,1,0.5,solid,weak_slow,solid-weak_slow,0.6,16.3,45.28,heavy,0,0.5,normal,48.0,72,190,70,20,"monster, ground",medium-slow,upright,pink,Whisper Pokémon,"Normally, WHISMUR’s voice is very quiet - it is barely audible even if one is paying close attention. However, if this POKéMON senses danger, it starts crying at an earsplitting volume.",whismur --> loudred --> exploud,3,1,0,1.0,1.0,1.0,1.0,1.0,1.0,2.0,1.0,1.0,1.0,1.0,1.0,1.0,0.0,1.0,1.0,1.0,1.0
294,loudred,loudred,3,normal,,1,soundproof,scrappy,84,0.23,71,0.2,43,0.12,71,0.2,43,0.12,48,0.13,360,hp,142,170,slow,256.67,2,slightly_specialized,0.32,lower_mid_tier,0.29,lower_mid_tier,1,0,1,0.5,solid,slow_attacker,solid-slow_attacker,1.0,40.5,40.5,heavy,0,0.5,normal,126.0,79,120,70,20,"monster, ground",medium-slow,upright,blue,Big Voice Pokémon,LOUDRED’s bellowing can completely decimate a wood-frame house. It uses its voice to punish its foes. This POKéMON’s round ears serve as loudspeakers.,whismur --> loudred --> exploud,3,2,0,1.0,1.0,1.0,1.0,1.0,1.0,2.0,1.0,1.0,1.0,1.0,1.0,1.0,0.0,1.0,1.0,1.0,1.0
295,exploud,exploud,3,normal,,1,soundproof,scrappy,104,0.21,91,0.19,63,0.13,91,0.19,73,0.15,68,0.14,490,hp,182,240,average,213.89,2,slightly_specialized,0.7,upper_mid_tier,0.58,mid_tier,1,0,1,0.5,solid,attacker,solid-attacker,1.5,84.0,37.33,heavy,0,0.5,normal,221.0,94,45,70,20,"monster, ground",medium-slow,upright,blue,Loud Noise Pokémon,"EXPLOUD triggers earthquakes with the tremors it creates by bellowing. If this POKéMON violently inhales from the ports on its body, it’s a sign that it is preparing to let loose a huge bellow.",whismur --> loudred --> exploud,3,3,1,1.0,1.0,1.0,1.0,1.0,1.0,2.0,1.0,1.0,1.0,1.0,1.0,1.0,0.0,1.0,1.0,1.0,1.0
296,makuhita,makuhita,3,fighting,,1,"thick-fat, guts",sheer-force,72,0.3,60,0.25,30,0.13,20,0.08,30,0.13,25,0.11,237,hp,80,132,slow,374.58,3,slightly_specialized,0.07,bottom_tier,0.05,bottom_tier,3,3,0,-1.5,exposed,weak_slow,exposed-weak_slow,1.0,86.4,86.4,very_heavy,0,0.25,normal,47.0,100,180,70,20,humanshape,fast-then-very-slow,humanoid,yellow,Guts Pokémon,"MAKUHITA is tenacious - it will keep getting up and attacking its foe however many times it is knocked down. Every time it gets back up, this POKéMON stores more energy in its body for evolving.",makuhita --> hariyama,2,1,0,1.0,1.0,1.0,1.0,1.0,1.0,1.0,1.0,1.0,2.0,2.0,0.5,0.5,1.0,1.0,0.5,1.0,2.0
297,hariyama,hariyama,3,fighting,,1,"thick-fat, guts",sheer-force,144,0.3,120,0.25,60,0.13,40,0.08,60,0.13,50,0.11,474,hp,160,264,slow,1498.33,5,extreme,0.63,upper_mid_tier,0.49,mid_tier,3,3,0,-1.5,exposed,tank,exposed-tank,2.3,253.8,47.98,very_heavy,0,0.25,normal,166.0,101,200,70,20,humanshape,fast-then-very-slow,humanoid,brown,Arm Thrust Pokémon,It has the habit of challenging others without hesitation to tests of strength. It’s been known to stand on train tracks and stop trains using forearm thrusts.,makuhita --> hariyama,2,2,1,1.0,1.0,1.0,1.0,1.0,1.0,1.0,1.0,1.0,2.0,2.0,0.5,0.5,1.0,1.0,0.5,1.0,2.0
298,azurill,azurill,3,normal,fairy,2,"thick-fat, huge-power",sap-sipper,50,0.26,20,0.11,40,0.21,20,0.11,40,0.21,20,0.11,190,hp,40,130,slow,147.22,2,balanced,0.01,bottom_tier,0.0,bottom_tier,2,2,2,2.0,iron,weak_slow,iron-weak_slow,0.2,2.0,50.0,very_heavy,0,0.75,normal,38.0,74,150,70,10,no-eggs,fast,legs,blue,Polka Dot Pokémon,A Pokémon that lives by water. It moves quickly on land by bouncing on its big tail.,azurill --> marill --> azumarill,3,1,0,1.0,1.0,1.0,1.0,1.0,1.0,1.0,2.0,1.0,1.0,1.0,0.5,1.0,0.0,0.0,0.5,2.0,1.0
299,nosepass,nosepass,3,rock,,1,"sturdy, magnet-pull",sand-force,30,0.08,45,0.12,135,0.36,45,0.12,90,0.24,30,0.08,375,defense,90,255,slow,1456.25,5,extreme,0.33,lower_mid_tier,0.3,lower_mid_tier,5,4,0,-3.0,frail,slow_attacker,frail-slow_attacker,1.0,97.0,97.0,very_heavy,0,0.5,normal,75.0,84,255,70,20,mineral,medium,humanoid,gray,Compass Pokémon,"NOSEPASS’s magnetic nose is always pointed to the north. If two of these POKéMON meet, they cannot turn their faces to each other when they are close because their magnetic noses repel one another.",nosepass --> probopass,2,1,0,0.5,0.5,2.0,1.0,2.0,1.0,2.0,0.5,2.0,0.5,1.0,1.0,1.0,1.0,1.0,1.0,2.0,1.0
300,skitty,skitty,3,normal,,1,"cute-charm, normalize",wonder-skin,50,0.19,45,0.17,45,0.17,35,0.13,35,0.13,50,0.19,260,hp,80,130,slow,38.89,1,balanced,0.09,bottom_tier,0.07,bottom_tier,1,0,1,0.5,solid,weak_slow,solid-weak_slow,0.6,11.0,30.56,average,0,0.75,normal,52.0,85,255,70,15,"ground, fairy",fast,quadruped,pink,Kitten Pokémon,SKITTY has the habit of becoming fascinated by moving objects and chasing them around. This POKéMON is known to chase after its own tail and become dizzy.,skitty --> delcatty,2,1,0,1.0,1.0,1.0,1.0,1.0,1.0,2.0,1.0,1.0,1.0,1.0,1.0,1.0,0.0,1.0,1.0,1.0,1.0
301,delcatty,delcatty,3,normal,,1,"cute-charm, normalize",wonder-skin,70,0.18,65,0.16,65,0.16,55,0.14,55,0.14,90,0.22,400,speed,120,190,average,138.89,2,balanced,0.37,lower_mid_tier,0.33,lower_mid_tier,1,0,1,0.5,solid,midrange,solid-midrange,1.1,32.6,26.94,average,0,0.75,normal,140.0,81,60,70,15,"ground, fairy",fast,quadruped,purple,Prim Pokémon,"DELCATTY prefers to live an unfettered existence in which it can do as it pleases at its own pace. Because this POKéMON eats and sleeps whenever it decides, its daily routines are completely random.",skitty --> delcatty,2,2,1,1.0,1.0,1.0,1.0,1.0,1.0,2.0,1.0,1.0,1.0,1.0,1.0,1.0,0.0,1.0,1.0,1.0,1.0
302,sableye,sableye,3,dark,ghost,2,"keen-eye, stall",prankster,50,0.13,75,0.2,75,0.2,65,0.17,65,0.17,50,0.13,380,attack,140,190,slow,105.56,1,balanced,0.34,lower_mid_tier,0.31,lower_mid_tier,1,1,3,4.0,iron,slow_attacker,iron-slow_attacker,0.5,11.0,44.0,heavy,0,0.5,normal,133.0,135,45,35,25,humanshape,medium-slow,humanoid,purple,Darkness Pokémon,"SABLEYE lead quiet lives deep inside caverns. They are feared, however, because these POKéMON are thought to steal the spirits of people when their eyes burn with a sinister glow in the darkness.",sableye,1,0,0,0.0,1.0,1.0,1.0,1.0,1.0,0.0,0.5,1.0,1.0,0.0,1.0,1.0,1.0,1.0,1.0,1.0,2.0
302,sableye,sableye-mega,3,dark,ghost,2,magic-bounce,,50,0.1,85,0.18,125,0.26,85,0.18,115,0.24,20,0.04,480,defense,170,290,slow,1300.0,5,highly_specialized,0.66,upper_mid_tier,0.53,mid_tier,1,1,3,4.0,iron,tank,iron-tank,0.5,161.0,644.0,very_heavy,0,0.5,normal,168.0,93,45,35,25,humanshape,medium-slow,humanoid,purple,Darkness Pokémon,"SABLEYE lead quiet lives deep inside caverns. They are feared, however, because these POKéMON are thought to steal the spirits of people when their eyes burn with a sinister glow in the darkness.",sableye,1,0,0,0.0,1.0,1.0,1.0,1.0,1.0,0.0,0.5,1.0,1.0,0.0,1.0,1.0,1.0,1.0,1.0,1.0,2.0
303,mawile,mawile,3,steel,fairy,2,"hyper-cutter, intimidate",sheer-force,50,0.13,85,0.22,85,0.22,55,0.14,55,0.14,50,0.13,380,attack,140,190,slow,238.89,2,slightly_specialized,0.34,lower_mid_tier,0.31,lower_mid_tier,2,9,2,5.5,iron,slow_attacker,iron-slow_attacker,0.6,11.5,31.94,heavy,0,0.5,normal,133.0,109,45,70,20,"ground, fairy",fast,humanoid,black,Deceiver Pokémon,"MAWHILE’s huge jaws are actually steel horns that have been transformed. Its docile-looking face serves to lull its foe into letting down its guard. When the foe least expects it, MAWHILE chomps it with its gaping jaws.",mawile,1,0,0,0.5,2.0,1.0,1.0,0.5,0.5,1.0,0.0,2.0,0.5,0.5,0.25,0.5,1.0,0.0,0.5,1.0,0.5
303,mawile,mawile-mega,3,steel,fairy,2,huge-power,,50,0.1,105,0.22,125,0.26,55,0.11,95,0.2,50,0.1,480,defense,160,270,slow,883.33,5,specialized,0.66,upper_mid_tier,0.53,mid_tier,2,9,2,5.5,iron,tank,iron-tank,1.0,23.5,23.5,average,0,0.5,normal,168.0,91,45,70,20,"ground, fairy",fast,humanoid,black,Deceiver Pokémon,"MAWHILE’s huge jaws are actually steel horns that have been transformed. Its docile-looking face serves to lull its foe into letting down its guard. When the foe least expects it, MAWHILE chomps it with its gaping jaws.",mawile,1,0,0,0.5,2.0,1.0,1.0,0.5,0.5,1.0,0.0,2.0,0.5,0.5,0.25,0.5,1.0,0.0,0.5,1.0,0.5
304,aron,aron,3,steel,rock,2,"sturdy, rock-head",heavy-metal,50,0.15,70,0.21,100,0.3,40,0.12,40,0.12,30,0.09,330,defense,110,190,slow,558.33,4,specialized,0.26,lower_mid_tier,0.23,lower_mid_tier,3,8,1,2.5,iron,slow_attacker,iron-slow_attacker,0.4,60.0,375.0,very_heavy,0,0.5,normal,66.0,74,180,35,35,monster,slow,quadruped,gray,Iron Armor Pokémon,"This POKéMON has a body of steel. To make its body, ARON feeds on iron ore that it digs from mountains. Occasionally, it causes major trouble by eating bridges and rails.",aron --> lairon --> aggron,3,1,0,0.25,1.0,2.0,1.0,1.0,0.5,4.0,0.0,4.0,0.25,0.5,0.5,0.5,1.0,0.5,1.0,1.0,0.5
305,lairon,lairon,3,steel,rock,2,"sturdy, rock-head",heavy-metal,60,0.14,90,0.21,140,0.33,50,0.12,50,0.12,40,0.09,430,defense,140,250,slow,1180.56,5,highly_specialized,0.48,mid_tier,0.41,mid_tier,3,8,1,2.5,iron,slow_attacker,iron-slow_attacker,0.9,120.0,148.15,very_heavy,0,0.5,normal,151.0,73,90,35,35,monster,slow,quadruped,gray,Iron Armor Pokémon,LAIRON tempers its steel body by drinking highly nutritious mineral springwater until it is bloated. This POKéMON makes its nest close to springs of delicious water.,aron --> lairon --> aggron,3,2,0,0.25,1.0,2.0,1.0,1.0,0.5,4.0,0.0,4.0,0.25,0.5,0.5,0.5,1.0,0.5,1.0,1.0,0.5
306,aggron,aggron,3,steel,rock,2,"sturdy, rock-head",heavy-metal,70,0.13,110,0.21,180,0.34,60,0.11,60,0.11,50,0.09,530,defense,170,310,slow,2047.22,5,extreme,0.76,upper_mid_tier,0.76,upper_mid_tier,3,8,1,2.5,iron,tank,iron-tank,2.1,360.0,81.63,very_heavy,0,0.5,normal,239.0,121,45,35,35,monster,slow,upright,gray,Iron Armor Pokémon,AGGRON claims an entire mountain as its own territory. It mercilessly beats up anything that violates its environment. This POKéMON vigilantly patrols its territory at all times.,aron --> lairon --> aggron,3,3,1,0.25,1.0,2.0,1.0,1.0,0.5,4.0,0.0,4.0,0.25,0.5,0.5,0.5,1.0,0.5,1.0,1.0,0.5
306,aggron,aggron-mega,3,steel,,1,filter,,70,0.11,140,0.22,230,0.37,60,0.1,80,0.13,50,0.08,630,defense,200,380,slow,3958.33,5,extreme,0.92,top_tier,0.94,top_tier,3,10,1,3.5,iron,bulky_attacker,iron-bulky_attacker,2.2,395.0,81.61,very_heavy,0,0.5,normal,284.0,92,45,35,35,monster,slow,upright,gray,Iron Armor Pokémon,AGGRON claims an entire mountain as its own territory. It mercilessly beats up anything that violates its environment. This POKéMON vigilantly patrols its territory at all times.,aron --> lairon --> aggron,3,3,1,0.5,2.0,1.0,1.0,0.5,0.5,2.0,0.0,2.0,0.5,0.5,0.5,0.5,1.0,0.5,1.0,0.5,0.5
307,meditite,meditite,3,fighting,psychic,2,pure-power,telepathy,30,0.11,40,0.14,55,0.2,40,0.14,55,0.2,60,0.21,280,speed,80,140,average,113.89,1,balanced,0.13,bottom_tier,0.1,bottom_tier,3,2,0,-2.0,frail,fragile,frail-fragile,0.6,11.2,31.11,average,0,0.5,normal,56.0,110,180,70,20,humanshape,medium,humanoid,blue,Meditate Pokémon,"MEDITITE undertakes rigorous mental training deep in the mountains. However, whenever it meditates, this POKéMON always loses its concentration and focus. As a result, its training never ends.",meditite --> medicham,2,1,0,1.0,1.0,1.0,1.0,1.0,1.0,0.5,1.0,1.0,2.0,1.0,1.0,0.5,2.0,1.0,1.0,1.0,2.0
308,medicham,medicham,3,fighting,psychic,2,pure-power,telepathy,60,0.15,60,0.15,75,0.18,60,0.15,75,0.18,80,0.2,410,speed,120,210,average,72.22,1,balanced,0.41,mid_tier,0.35,lower_mid_tier,3,2,0,-2.0,frail,midrange,frail-midrange,1.3,31.5,18.64,light,0,0.5,normal,144.0,109,90,70,20,humanshape,medium,humanoid,red,Meditate Pokémon,"It is said that through meditation, MEDICHAM heightens energy inside its body and sharpens its sixth sense. This POKéMON hides its presence by merging itself with fields and mountains.",meditite --> medicham,2,2,1,1.0,1.0,1.0,1.0,1.0,1.0,0.5,1.0,1.0,2.0,1.0,1.0,0.5,2.0,1.0,1.0,1.0,2.0
308,medicham,medicham-mega,3,fighting,psychic,2,pure-power,,60,0.12,100,0.2,85,0.17,80,0.16,85,0.17,100,0.2,510,attack,180,230,fast,183.33,2,balanced,0.73,upper_mid_tier,0.7,upper_mid_tier,3,2,0,-2.0,frail,sweeper,frail-sweeper,1.3,31.5,18.64,light,0,0.5,normal,179.0,75,90,70,20,humanshape,medium,humanoid,red,Meditate Pokémon,"It is said that through meditation, MEDICHAM heightens energy inside its body and sharpens its sixth sense. This POKéMON hides its presence by merging itself with fields and mountains.",meditite --> medicham,2,2,1,1.0,1.0,1.0,1.0,1.0,1.0,0.5,1.0,1.0,2.0,1.0,1.0,0.5,2.0,1.0,1.0,1.0,2.0
309,electrike,electrike,3,electric,,1,"static, lightning-rod",minus,40,0.14,45,0.15,40,0.14,65,0.22,40,0.14,65,0.22,295,sp_attack,110,120,average,128.47,1,balanced,0.17,bottom_tier,0.12,bottom_tier,1,3,0,0.5,solid,fragile,solid-fragile,0.6,15.2,42.22,heavy,0,0.5,normal,59.0,65,120,70,20,ground,slow,quadruped,green,Lightning Pokémon,ELECTRIKE stores electricity in its long body hair. This POKéMON stimulates its leg muscles with electric charges. These jolts of power give its legs explosive acceleration performance.,electrike --> manectric,2,1,0,1.0,1.0,1.0,0.5,1.0,1.0,1.0,1.0,2.0,0.5,1.0,1.0,1.0,1.0,1.0,1.0,0.5,1.0
310,manectric,manectric,3,electric,,1,"static, lightning-rod",minus,70,0.15,75,0.16,60,0.13,105,0.22,60,0.13,105,0.22,475,sp_attack,180,190,fast,361.81,3,slightly_specialized,0.64,upper_mid_tier,0.5,mid_tier,1,3,0,0.5,solid,sweeper,solid-sweeper,1.5,40.2,17.87,light,0,0.5,normal,166.0,70,45,70,20,ground,slow,quadruped,yellow,Discharge Pokémon,"MANECTRIC is constantly discharging electricity from its mane. The sparks sometimes ignite forest fires. When it enters a battle, this POKéMON creates thunderclouds.",electrike --> manectric,2,2,1,1.0,1.0,1.0,0.5,1.0,1.0,1.0,1.0,2.0,0.5,1.0,1.0,1.0,1.0,1.0,1.0,0.5,1.0
310,manectric,manectric-mega,3,electric,,1,intimidate,,70,0.12,75,0.13,80,0.14,135,0.23,80,0.14,135,0.23,575,sp_attack,210,230,fast,778.47,5,specialized,0.82,top_tier,0.85,top_tier,1,3,0,0.5,solid,sweeper,solid-sweeper,1.8,44.0,13.58,light,0,0.5,normal,201.0,51,45,70,20,ground,slow,quadruped,yellow,Discharge Pokémon,"MANECTRIC is constantly discharging electricity from its mane. The sparks sometimes ignite forest fires. When it enters a battle, this POKéMON creates thunderclouds.",electrike --> manectric,2,2,1,1.0,1.0,1.0,0.5,1.0,1.0,1.0,1.0,2.0,0.5,1.0,1.0,1.0,1.0,1.0,1.0,0.5,1.0
311,plusle,plusle,3,electric,,1,plus,lightning-rod,60,0.15,50,0.12,40,0.1,85,0.21,75,0.19,95,0.23,405,speed,135,175,average,372.92,3,slightly_specialized,0.39,lower_mid_tier,0.34,lower_mid_tier,1,3,0,0.5,solid,fragile,solid-fragile,0.4,4.2,26.25,average,0,0.5,normal,142.0,87,200,70,20,fairy,medium,upright,yellow,Cheering Pokémon,"PLUSLE always acts as a cheerleader for its partners. Whenever a teammate puts out a good effort in battle, this POKéMON shorts out its body to create the crackling noises of sparks to show its joy.",plusle,1,0,0,1.0,1.0,1.0,0.5,1.0,1.0,1.0,1.0,2.0,0.5,1.0,1.0,1.0,1.0,1.0,1.0,0.5,1.0
312,minun,minun,3,electric,,1,minus,volt-absorb,60,0.15,40,0.1,50,0.12,75,0.19,85,0.21,95,0.23,405,speed,115,195,average,372.92,3,slightly_specialized,0.39,lower_mid_tier,0.34,lower_mid_tier,1,3,0,0.5,solid,midrange,solid-midrange,0.4,4.2,26.25,average,0,0.5,normal,142.0,85,200,70,20,fairy,medium,upright,yellow,Cheering Pokémon,MINUN is more concerned about cheering on its partners than its own safety. It shorts out the electricity in its body to create brilliant showers of sparks to cheer on its teammates.,minun,1,0,0,1.0,1.0,1.0,0.5,1.0,1.0,1.0,1.0,2.0,0.5,1.0,1.0,1.0,1.0,1.0,1.0,0.5,1.0
313,volbeat,volbeat,3,bug,,1,"illuminate, swarm",prankster,65,0.15,73,0.17,75,0.17,47,0.11,85,0.2,85,0.2,430,sp_defense,120,225,average,170.22,2,balanced,0.48,mid_tier,0.41,mid_tier,3,3,0,-1.5,exposed,midrange,exposed-midrange,0.7,17.7,36.12,heavy,0,0.0,normal,151.0,90,150,70,15,"bug, humanshape",slow-then-very-fast,upright,gray,Firefly Pokémon,"With the arrival of night, VOLBEAT emits light from its tail. It communicates with others by adjusting the intensity and flashing of its light. This POKéMON is attracted by the sweet aroma of ILLUMISE.",volbeat,1,0,0,1.0,2.0,1.0,1.0,0.5,1.0,0.5,1.0,0.5,2.0,1.0,1.0,2.0,1.0,1.0,1.0,1.0,1.0
314,illumise,illumise,3,bug,,1,"oblivious, tinted-lens",prankster,65,0.15,47,0.11,75,0.17,73,0.17,85,0.2,85,0.2,430,sp_defense,120,225,average,170.22,2,balanced,0.48,mid_tier,0.41,mid_tier,3,3,0,-1.5,exposed,midrange,exposed-midrange,0.6,17.7,49.17,very_heavy,0,1.0,normal,151.0,94,150,70,15,"bug, humanshape",fast-then-very-slow,humanoid,purple,Firefly Pokémon,"With its sweet aroma, it guides Volbeat to draw signs with light in the night sky.",illumise,1,0,0,1.0,2.0,1.0,1.0,0.5,1.0,0.5,1.0,0.5,2.0,1.0,1.0,2.0,1.0,1.0,1.0,1.0,1.0
315,roselia,roselia,3,grass,poison,2,"natural-cure, poison-point",leaf-guard,50,0.12,60,0.15,45,0.11,100,0.25,80,0.2,65,0.16,400,sp_attack,160,175,average,347.22,3,slightly_specialized,0.37,lower_mid_tier,0.33,lower_mid_tier,4,5,0,-1.5,exposed,midrange,exposed-midrange,0.3,2.0,22.22,light,0,0.5,normal,140.0,76,150,70,20,"fairy, plant",medium-slow,humanoid,green,Thorn Pokémon,ROSELIA shoots sharp thorns as projectiles at any opponent that tries to steal the flowers on its arms. The aroma of this POKéMON brings serenity to living things.,budew --> roselia --> roserade,3,2,0,1.0,2.0,0.5,0.5,0.25,2.0,0.5,1.0,1.0,2.0,2.0,1.0,1.0,1.0,1.0,1.0,1.0,0.5
316,gulpin,gulpin,3,poison,,1,"liquid-ooze, sticky-hold",gluttony,70,0.23,43,0.14,53,0.18,43,0.14,53,0.18,40,0.13,302,hp,86,176,slow,102.56,1,balanced,0.21,lower_mid_tier,0.14,bottom_tier,2,5,0,0.5,solid,weak_slow,solid-weak_slow,0.4,10.3,64.37,very_heavy,0,0.5,normal,60.0,86,225,70,20,indeterminate,fast-then-very-slow,arms,green,Stomach Pokémon,"Virtually all of GULPIN’s body is its stomach. As a result, it can swallow something its own size. This POKéMON’s stomach contains a special fluid that digests anything.",gulpin --> swalot,2,1,0,1.0,1.0,1.0,1.0,0.5,1.0,0.5,0.5,2.0,1.0,2.0,0.5,1.0,1.0,1.0,1.0,1.0,0.5
317,swalot,swalot,3,poison,,1,"liquid-ooze, sticky-hold",gluttony,100,0.21,73,0.16,83,0.18,73,0.16,83,0.18,55,0.12,467,hp,146,266,slow,185.47,2,balanced,0.6,mid_tier,0.47,mid_tier,2,5,0,0.5,solid,tank,solid-tank,1.7,80.0,27.68,average,0,0.5,normal,163.0,90,75,70,20,indeterminate,fast-then-very-slow,arms,purple,Poison Bag Pokémon,"When SWALOT spots prey, it spurts out a hideously toxic fluid from its pores and sprays the target. Once the prey has weakened, this POKéMON gulps it down whole with its cavernous mouth.",gulpin --> swalot,2,2,1,1.0,1.0,1.0,1.0,0.5,1.0,0.5,0.5,2.0,1.0,2.0,0.5,1.0,1.0,1.0,1.0,1.0,0.5
318,carvanha,carvanha,3,water,dark,2,rough-skin,speed-boost,45,0.15,90,0.3,20,0.07,65,0.21,20,0.07,65,0.21,305,attack,155,85,average,645.14,4,specialized,0.22,lower_mid_tier,0.15,bottom_tier,5,6,1,-0.5,exposed,midrange,exposed-midrange,0.8,20.8,32.5,heavy,0,0.5,normal,61.0,70,225,35,20,water2,slow,fish,red,Savage Pokémon,CARVANHA’s strongly developed jaws and its sharply pointed fangs pack the destructive power to rip out boat hulls. Many boats have been attacked and sunk by this POKéMON.,carvanha --> sharpedo,2,1,0,1.0,0.5,0.5,2.0,2.0,0.5,2.0,1.0,1.0,1.0,0.0,2.0,1.0,0.5,1.0,0.5,0.5,2.0
319,sharpedo,sharpedo,3,water,dark,2,rough-skin,speed-boost,70,0.15,120,0.26,40,0.09,95,0.21,40,0.09,95,0.21,460,attack,215,150,average,880.56,5,specialized,0.57,mid_tier,0.46,mid_tier,5,6,1,-0.5,exposed,sweeper,exposed-sweeper,1.8,88.8,27.41,average,0,0.5,normal,161.0,82,60,35,20,water2,slow,fish,blue,Brutal Pokémon,"Nicknamed “the bully of the sea,” SHARPEDO is widely feared. Its cruel fangs grow back immediately if they snap off. Just one of these POKéMON can thoroughly tear apart a supertanker.",carvanha --> sharpedo,2,2,1,1.0,0.5,0.5,2.0,2.0,0.5,2.0,1.0,1.0,1.0,0.0,2.0,1.0,0.5,1.0,0.5,0.5,2.0
319,sharpedo,sharpedo-mega,3,water,dark,2,strong-jaw,,70,0.12,140,0.25,70,0.12,110,0.2,65,0.12,105,0.19,560,attack,250,205,fast,747.22,5,specialized,0.8,upper_mid_tier,0.81,top_tier,5,6,1,-0.5,exposed,sweeper,exposed-sweeper,2.5,130.3,20.85,light,0,0.5,normal,196.0,64,60,35,20,water2,slow,fish,blue,Brutal Pokémon,"Nicknamed “the bully of the sea,” SHARPEDO is widely feared. Its cruel fangs grow back immediately if they snap off. Just one of these POKéMON can thoroughly tear apart a supertanker.",carvanha --> sharpedo,2,2,1,1.0,0.5,0.5,2.0,2.0,0.5,2.0,1.0,1.0,1.0,0.0,2.0,1.0,0.5,1.0,0.5,0.5,2.0
320,wailmer,wailmer,3,water,,1,"water-veil, oblivious",pressure,130,0.32,70,0.18,35,0.09,70,0.18,35,0.09,60,0.15,400,hp,140,200,average,1013.89,5,highly_specialized,0.37,lower_mid_tier,0.33,lower_mid_tier,2,4,0,0.0,neutral,balanced,neutral-balanced,2.0,130.0,32.5,heavy,0,0.5,normal,80.0,68,125,70,40,"ground, water2",fast-then-very-slow,fish,blue,Ball Whale Pokémon,WAILMER’s nostrils are located above its eyes. This playful POKéMON loves to startle people by forcefully snorting out seawater it stores inside its body out of its nostrils.,wailmer --> wailord,2,1,0,1.0,0.5,0.5,2.0,2.0,0.5,1.0,1.0,1.0,1.0,1.0,1.0,1.0,1.0,1.0,1.0,0.5,1.0
321,wailord,wailord,3,water,,1,"water-veil, oblivious",pressure,170,0.34,90,0.18,45,0.09,90,0.18,45,0.09,60,0.12,500,hp,180,260,average,1847.22,5,extreme,0.72,upper_mid_tier,0.66,upper_mid_tier,2,4,0,0.0,neutral,bulky_attacker,neutral-bulky_attacker,14.5,398.0,1.89,very_light,0,0.5,normal,175.0,68,60,70,40,"ground, water2",fast-then-very-slow,fish,blue,Float Whale Pokémon,"WAILORD is the largest of all identified POKéMON up to now. This giant POKéMON swims languorously in the vast open sea, eating massive amounts of food at once with its enormous mouth.",wailmer --> wailord,2,2,1,1.0,0.5,0.5,2.0,2.0,0.5,1.0,1.0,1.0,1.0,1.0,1.0,1.0,1.0,1.0,1.0,0.5,1.0
322,numel,numel,3,fire,ground,2,"oblivious, simple",own-tempo,60,0.2,60,0.2,40,0.13,65,0.21,45,0.15,35,0.11,305,sp_attack,125,145,slow,128.47,1,balanced,0.22,lower_mid_tier,0.15,bottom_tier,2,5,1,2.0,iron,weak_slow,iron-weak_slow,0.7,24.0,48.98,very_heavy,0,0.5,normal,61.0,90,255,70,20,ground,medium,quadruped,yellow,Numb Pokémon,"NUMEL is extremely dull witted - it doesn’t notice being hit. However, it can’t stand hunger for even a second. This POKéMON’s body is a seething cauldron of boiling magma.",numel --> camerupt,2,1,0,1.0,0.5,4.0,0.0,1.0,1.0,1.0,0.5,2.0,1.0,1.0,0.5,1.0,1.0,1.0,1.0,0.5,0.5
323,camerupt,camerupt,3,fire,ground,2,"magma-armor, solid-rock",anger-point,70,0.15,100,0.22,70,0.15,105,0.23,75,0.16,40,0.09,460,sp_attack,205,215,slow,463.89,4,slightly_specialized,0.57,mid_tier,0.46,mid_tier,2,5,1,2.0,iron,attacker,iron-attacker,1.9,220.0,60.94,very_heavy,0,0.5,normal,161.0,91,150,70,20,ground,medium,quadruped,red,Eruption Pokémon,"CAMERUPT has a volcano inside its body. Magma of 18,000 degrees F courses through its body. Occasionally, the humps on this POKéMON’s back erupt, spewing the superheated magma.",numel --> camerupt,2,2,1,1.0,0.5,4.0,0.0,1.0,1.0,1.0,0.5,2.0,1.0,1.0,0.5,1.0,1.0,1.0,1.0,0.5,0.5
323,camerupt,camerupt-mega,3,fire,ground,2,sheer-force,,70,0.12,120,0.21,100,0.18,145,0.26,105,0.19,20,0.04,560,sp_attack,265,275,slow,1580.56,5,extreme,0.8,upper_mid_tier,0.81,top_tier,2,5,1,2.0,iron,bulky_attacker,iron-bulky_attacker,2.5,320.5,51.28,very_heavy,0,0.5,normal,196.0,60,150,70,20,ground,medium,quadruped,red,Eruption Pokémon,"CAMERUPT has a volcano inside its body. Magma of 18,000 degrees F courses through its body. Occasionally, the humps on this POKéMON’s back erupt, spewing the superheated magma.",numel --> camerupt,2,2,1,1.0,0.5,4.0,0.0,1.0,1.0,1.0,0.5,2.0,1.0,1.0,0.5,1.0,1.0,1.0,1.0,0.5,0.5
324,torkoal,torkoal,3,fire,,1,"white-smoke, drought",shell-armor,70,0.15,85,0.18,140,0.3,85,0.18,70,0.15,20,0.04,470,defense,170,280,slow,1238.89,5,highly_specialized,0.62,upper_mid_tier,0.48,mid_tier,3,6,0,0.0,neutral,tank,neutral-tank,0.5,80.4,321.6,very_heavy,0,0.5,normal,165.0,88,90,70,20,ground,medium,quadruped,brown,Coal Pokémon,You can tell how it’s feeling by the smoke spouting from its shell. Tremendous velocity is a sign of good health.,torkoal,1,0,0,1.0,0.5,2.0,1.0,0.5,0.5,1.0,1.0,2.0,1.0,1.0,0.5,2.0,1.0,1.0,1.0,0.5,0.5
325,spoink,spoink,3,psychic,,1,"thick-fat, own-tempo",gluttony,60,0.18,25,0.08,35,0.11,70,0.21,80,0.24,60,0.18,330,sp_defense,95,175,average,366.67,3,slightly_specialized,0.26,lower_mid_tier,0.23,lower_mid_tier,3,2,0,-2.0,frail,fragile,frail-fragile,0.7,30.6,62.45,very_heavy,0,0.5,normal,66.0,92,255,70,20,ground,fast,arms,black,Bounce Pokémon,"SPOINK bounces around on its tail. The shock of its bouncing makes its heart pump. As a result, this POKéMON cannot afford to stop bouncing - if it stops, its heart will stop.",spoink --> grumpig,2,1,0,1.0,1.0,1.0,1.0,1.0,1.0,0.5,1.0,1.0,1.0,0.5,2.0,1.0,2.0,1.0,2.0,1.0,1.0
326,grumpig,grumpig,3,psychic,,1,"thick-fat, own-tempo",gluttony,80,0.17,45,0.1,65,0.14,90,0.19,110,0.23,80,0.17,470,sp_defense,135,255,average,405.56,3,slightly_specialized,0.62,upper_mid_tier,0.48,mid_tier,3,2,0,-2.0,frail,midrange,frail-midrange,0.9,71.5,88.27,very_heavy,0,0.5,normal,165.0,121,60,70,20,ground,fast,upright,purple,Manipulate Pokémon,"GRUMPIG uses the black pearls on its body to amplify its psychic power waves for gaining total control over its foe. When this POKéMON uses its special power, its snorting breath grows labored.",spoink --> grumpig,2,2,1,1.0,1.0,1.0,1.0,1.0,1.0,0.5,1.0,1.0,1.0,0.5,2.0,1.0,2.0,1.0,2.0,1.0,1.0
327,spinda,spinda,3,normal,,1,"own-tempo, tangled-feet",contrary,60,0.17,60,0.17,60,0.17,60,0.17,60,0.17,60,0.17,360,hp,120,180,average,0.0,1,balanced,0.32,lower_mid_tier,0.29,lower_mid_tier,1,0,1,0.5,solid,fragile,solid-fragile,1.1,5.0,4.13,very_light,0,0.5,normal,126.0,100,255,70,15,"ground, humanshape",fast,upright,brown,Spot Panda Pokémon,No two Spinda have the same pattern of spots. Its tottering step fouls the aim of foes.,spinda,1,0,0,1.0,1.0,1.0,1.0,1.0,1.0,2.0,1.0,1.0,1.0,1.0,1.0,1.0,0.0,1.0,1.0,1.0,1.0
328,trapinch,trapinch,3,ground,,1,"hyper-cutter, arena-trap",sheer-force,45,0.16,100,0.34,45,0.16,45,0.16,45,0.16,10,0.03,290,attack,145,135,slow,697.22,5,specialized,0.15,bottom_tier,0.11,bottom_tier,3,2,1,-0.5,exposed,slow_attacker,exposed-slow_attacker,0.7,15.0,30.61,average,0,0.5,normal,58.0,63,255,70,20,"bug, dragon",medium-slow,armor,brown,Ant Pit Pokémon,"TRAPINCH’s nest is a sloped, bowl-like pit dug in sand. This POKéMON patiently waits for prey to tumble down the pit. Its giant jaws have enough strength to crush even boulders.",trapinch --> vibrava --> flygon,3,1,0,1.0,1.0,2.0,0.0,2.0,2.0,1.0,0.5,1.0,1.0,1.0,1.0,0.5,1.0,1.0,1.0,1.0,1.0
329,vibrava,vibrava,3,ground,dragon,2,levitate,,50,0.15,70,0.21,50,0.15,50,0.15,50,0.15,70,0.21,340,attack,120,150,average,88.89,1,balanced,0.29,lower_mid_tier,0.27,lower_mid_tier,3,3,1,0.0,neutral,fragile,neutral-fragile,1.1,15.3,12.64,very_light,0,0.5,normal,119.0,93,120,70,20,"bug, dragon",medium-slow,bug-wings,green,Vibration Pokémon,"To make prey faint, VIBRAVA generates ultrasonic waves by vigorously making its two wings vibrate. This POKéMON’s ultrasonic waves are so powerful, they can bring on headaches in people.",trapinch --> vibrava --> flygon,3,2,0,1.0,0.5,1.0,0.0,1.0,4.0,1.0,0.5,1.0,1.0,1.0,1.0,0.5,1.0,2.0,1.0,1.0,2.0
330,flygon,flygon,3,ground,dragon,2,levitate,,80,0.15,100,0.19,80,0.15,80,0.15,80,0.15,100,0.19,520,attack,180,240,fast,88.89,1,balanced,0.74,upper_mid_tier,0.73,upper_mid_tier,3,3,1,0.0,neutral,sweeper,neutral-sweeper,2.0,82.0,20.5,light,0,0.5,normal,234.0,114,45,70,20,"bug, dragon",medium-slow,wings,green,Mystic Pokémon,"FLYGON is nicknamed “the elemental  spirit of the desert.” Because its flapping wings whip up a cloud of sand, this POKéMON is always enveloped in a sandstorm while flying.",trapinch --> vibrava --> flygon,3,3,1,1.0,0.5,1.0,0.0,1.0,4.0,1.0,0.5,1.0,1.0,1.0,1.0,0.5,1.0,2.0,1.0,1.0,2.0
331,cacnea,cacnea,3,grass,,1,sand-veil,water-absorb,50,0.15,85,0.25,40,0.12,85,0.25,40,0.12,35,0.1,335,attack,170,130,slow,445.14,4,slightly_specialized,0.28,lower_mid_tier,0.24,lower_mid_tier,5,4,0,-3.0,frail,slow_attacker,frail-slow_attacker,0.4,51.3,320.62,very_heavy,0,0.5,normal,67.0,104,190,35,20,"plant, humanshape",medium-slow,humanoid,green,Cactus Pokémon,"CACNEA lives in arid locations such as deserts. It releases a strong aroma from its flower to attract prey. When prey comes near, this POKéMON shoots sharp thorns from its body to bring the victim down.",cacnea --> cacturne,2,1,0,1.0,2.0,0.5,0.5,0.5,2.0,1.0,2.0,0.5,2.0,1.0,2.0,1.0,1.0,1.0,1.0,1.0,1.0
332,cacturne,cacturne,3,grass,dark,2,sand-veil,water-absorb,70,0.15,115,0.24,60,0.13,115,0.24,60,0.13,55,0.12,475,attack,230,190,slow,661.81,5,specialized,0.64,upper_mid_tier,0.5,mid_tier,7,6,1,-2.5,frail,attacker,frail-attacker,1.3,77.4,45.8,heavy,0,0.5,normal,166.0,112,60,35,20,"plant, humanshape",medium-slow,humanoid,green,Scarecrow Pokémon,"During the daytime, CACTURNE remains unmoving so that it does not lose any moisture to the harsh desert sun. This POKéMON becomes active at night when the temperature drops.",cacnea --> cacturne,2,2,1,1.0,2.0,0.5,0.5,0.5,2.0,2.0,2.0,0.5,2.0,0.0,4.0,1.0,0.5,1.0,0.5,1.0,2.0
333,swablu,swablu,3,normal,flying,2,natural-cure,cloud-nine,45,0.15,40,0.13,60,0.19,40,0.13,75,0.24,50,0.16,310,sp_defense,80,180,slow,155.56,2,balanced,0.24,lower_mid_tier,0.17,bottom_tier,3,2,2,1.0,solid,weak_slow,solid-weak_slow,0.4,1.2,7.5,very_light,0,0.5,normal,62.0,83,255,70,20,"flying, dragon",slow-then-very-fast,wings,blue,Cotton Bird Pokémon,SWABLU has light and fluffy wings that are like cottony clouds. This POKéMON is not frightened of people. It lands on the heads of people and sits there like a cotton-fluff hat.,swablu --> altaria,2,1,0,1.0,1.0,1.0,2.0,0.5,2.0,1.0,1.0,0.0,1.0,1.0,0.5,2.0,0.0,1.0,1.0,1.0,1.0
334,altaria,altaria,3,dragon,flying,2,natural-cure,cloud-nine,75,0.15,70,0.14,90,0.18,70,0.14,105,0.21,80,0.16,490,sp_defense,140,270,average,155.56,2,balanced,0.7,upper_mid_tier,0.58,mid_tier,4,5,1,0.0,neutral,bulky,neutral-bulky,1.1,20.6,17.02,light,0,0.5,normal,172.0,100,45,70,20,"flying, dragon",slow-then-very-fast,wings,blue,Humming Pokémon,"ALTARIA dances and wheels through the sky among billowing, cotton-like clouds. By singing melodies in its crystal-clear voice, this POKéMON makes its listeners experience dreamy wonderment.",swablu --> altaria,2,2,1,1.0,0.5,0.5,1.0,0.25,4.0,0.5,1.0,0.0,1.0,1.0,0.5,2.0,1.0,2.0,1.0,1.0,2.0
334,altaria,altaria-mega,3,dragon,fairy,2,pixilate,,75,0.13,110,0.19,110,0.19,110,0.19,105,0.18,80,0.14,590,attack,220,290,average,222.22,2,slightly_specialized,0.85,top_tier,0.88,top_tier,4,7,1,1.0,solid,bulky_attacker,solid-bulky_attacker,1.5,20.6,9.16,very_light,0,0.5,normal,207.0,69,45,70,20,"flying, dragon",slow-then-very-fast,wings,blue,Humming Pokémon,"ALTARIA dances and wheels through the sky among billowing, cotton-like clouds. By singing melodies in its crystal-clear voice, this POKéMON makes its listeners experience dreamy wonderment.",swablu --> altaria,2,2,1,1.0,0.5,0.5,0.5,0.5,2.0,0.5,2.0,1.0,1.0,1.0,0.5,1.0,1.0,0.0,0.5,2.0,2.0
335,zangoose,zangoose,3,normal,,1,immunity,toxic-boost,73,0.16,115,0.25,60,0.13,60,0.13,60,0.13,90,0.2,458,attack,175,193,average,415.56,3,slightly_specialized,0.55,mid_tier,0.45,mid_tier,1,0,1,0.5,solid,midrange,solid-midrange,1.3,40.3,23.85,average,0,0.5,normal,160.0,124,90,70,20,ground,slow-then-very-fast,upright,white,Cat Ferret Pokémon,Memories of battling its arch-rival SEVIPER are etched into every cell of ZANGOOSE’s body. This POKéMON adroitly dodges attacks with incredible agility.,zangoose,1,0,0,1.0,1.0,1.0,1.0,1.0,1.0,2.0,1.0,1.0,1.0,1.0,1.0,1.0,0.0,1.0,1.0,1.0,1.0
336,seviper,seviper,3,poison,,1,shed-skin,infiltrator,73,0.16,100,0.22,60,0.13,100,0.22,60,0.13,65,0.14,458,attack,200,193,average,298.89,3,slightly_specialized,0.55,mid_tier,0.45,mid_tier,2,5,0,0.5,solid,attacker,solid-attacker,2.7,52.5,7.2,very_light,0,0.5,normal,160.0,104,90,70,20,"ground, dragon",fast-then-very-slow,squiggle,black,Fang Snake Pokémon,SEVIPER shares a generations-long feud with ZANGOOSE. The scars on its body are evidence of vicious battles. This POKéMON attacks using its sword- edged tail.,seviper,1,0,0,1.0,1.0,1.0,1.0,0.5,1.0,0.5,0.5,2.0,1.0,2.0,0.5,1.0,1.0,1.0,1.0,1.0,0.5
337,lunatone,lunatone,3,rock,psychic,2,levitate,,90,0.2,55,0.12,65,0.14,95,0.21,85,0.18,70,0.15,460,sp_attack,150,240,average,205.56,2,slightly_specialized,0.57,mid_tier,0.46,mid_tier,7,5,0,-4.5,frail,balanced,frail-balanced,1.0,168.0,168.0,very_heavy,1,0.0,normal,161.0,94,45,70,25,mineral,fast,ball,yellow,Meteorite Pokémon,"LUNATONE was discovered at a location where a meteorite fell. As a result, some people theorize that this POKéMON came from space. However, no one has been able to prove this theory so far.",lunatone,1,0,0,0.5,0.5,2.0,1.0,2.0,1.0,1.0,0.5,2.0,0.5,0.5,2.0,1.0,2.0,1.0,2.0,2.0,1.0
338,solrock,solrock,3,rock,psychic,2,levitate,,90,0.2,95,0.21,85,0.18,55,0.12,65,0.14,70,0.15,460,attack,150,240,average,205.56,2,slightly_specialized,0.57,mid_tier,0.46,mid_tier,7,5,0,-4.5,frail,balanced,frail-balanced,1.2,154.0,106.94,very_heavy,1,0.0,normal,161.0,98,45,70,25,mineral,fast,ball,red,Meteorite Pokémon,"Solar energy is the source of its power, so it is strong during the daytime. When it spins, its body shines.",solrock,1,0,0,0.5,0.5,2.0,1.0,2.0,1.0,1.0,0.5,2.0,0.5,0.5,2.0,1.0,2.0,1.0,2.0,2.0,1.0
339,barboach,barboach,3,water,ground,2,"oblivious, anticipation",hydration,50,0.17,48,0.17,43,0.15,46,0.16,41,0.14,60,0.21,288,speed,94,134,average,37.67,1,balanced,0.14,bottom_tier,0.11,bottom_tier,1,4,1,2.5,iron,fragile,iron-fragile,0.4,1.9,11.87,very_light,0,0.5,normal,58.0,70,190,70,20,water2,medium,fish,gray,Whiskers Pokémon,"BARBOACH’s sensitive whiskers serve as a superb radar system. This POKéMON hides in mud, leaving only its two whiskers exposed while it waits for prey to come along.",barboach --> whiscash,2,1,0,1.0,0.5,1.0,0.0,4.0,1.0,1.0,0.5,1.0,1.0,1.0,1.0,0.5,1.0,1.0,1.0,0.5,1.0
340,whiscash,whiscash,3,water,ground,2,"oblivious, anticipation",hydration,110,0.24,78,0.17,73,0.16,76,0.16,71,0.15,60,0.13,468,hp,154,254,average,237.67,2,slightly_specialized,0.61,upper_mid_tier,0.47,mid_tier,1,4,1,2.5,iron,balanced,iron-balanced,0.9,23.6,29.14,average,0,0.5,normal,164.0,81,75,70,20,water2,medium,fish,blue,Whiskers Pokémon,"WHISCASH is extremely territorial. Just one of these POKéMON will claim a large pond as its exclusive territory. If a foe approaches it, it thrashes about and triggers a massive earthquake.",barboach --> whiscash,2,2,1,1.0,0.5,1.0,0.0,4.0,1.0,1.0,0.5,1.0,1.0,1.0,1.0,0.5,1.0,1.0,1.0,0.5,1.0
341,corphish,corphish,3,water,,1,"hyper-cutter, shell-armor",adaptability,43,0.14,80,0.26,65,0.21,50,0.16,35,0.11,35,0.11,308,attack,130,143,slow,268.89,2,slightly_specialized,0.23,lower_mid_tier,0.16,bottom_tier,2,4,0,0.0,neutral,weak_slow,neutral-weak_slow,0.6,11.5,31.94,heavy,0,0.5,normal,62.0,85,205,70,15,"water1, water3",fast-then-very-slow,armor,red,Ruffian Pokémon,Its hardy vitality enables it to adapt to any environment. Its pincers will never release prey.,corphish --> crawdaunt,2,1,0,1.0,0.5,0.5,2.0,2.0,0.5,1.0,1.0,1.0,1.0,1.0,1.0,1.0,1.0,1.0,1.0,0.5,1.0
342,crawdaunt,crawdaunt,3,water,dark,2,"hyper-cutter, shell-armor",adaptability,63,0.13,120,0.26,85,0.18,90,0.19,55,0.12,55,0.12,468,attack,210,203,slow,540.0,4,specialized,0.61,upper_mid_tier,0.47,mid_tier,5,6,1,-0.5,exposed,attacker,exposed-attacker,1.1,32.8,27.11,average,0,0.5,normal,164.0,98,155,70,15,"water1, water3",fast-then-very-slow,armor,red,Rogue Pokémon,"CRAWDAUNT has an extremely violent nature that compels it to challenge other living things to battle. Other life-forms refuse to live in ponds inhabited by this POKéMON, making them desolate places.",corphish --> crawdaunt,2,2,1,1.0,0.5,0.5,2.0,2.0,0.5,2.0,1.0,1.0,1.0,0.0,2.0,1.0,0.5,1.0,0.5,0.5,2.0
343,baltoy,baltoy,3,ground,psychic,2,levitate,,40,0.13,40,0.13,55,0.18,40,0.13,70,0.23,55,0.18,300,sp_defense,80,165,slow,125.0,1,balanced,0.19,bottom_tier,0.13,bottom_tier,6,4,1,-2.5,frail,weak_slow,frail-weak_slow,0.5,21.5,86.0,very_heavy,1,0.0,normal,60.0,84,255,70,20,mineral,medium,arms,brown,Clay Doll Pokémon,BALTOY moves while spinning around on its one foot. Primitive wall paintings depicting this POKéMON living among people were discovered in some ancient ruins.,baltoy --> claydol,2,1,0,1.0,1.0,2.0,0.0,2.0,2.0,0.5,0.5,1.0,1.0,0.5,2.0,0.5,2.0,1.0,2.0,1.0,1.0
344,claydol,claydol,3,ground,psychic,2,levitate,,60,0.12,70,0.14,105,0.21,70,0.14,120,0.24,75,0.15,500,sp_defense,140,285,average,463.89,4,slightly_specialized,0.72,upper_mid_tier,0.66,upper_mid_tier,6,4,1,-2.5,frail,bulky,frail-bulky,1.5,108.0,48.0,very_heavy,1,0.0,normal,175.0,94,90,70,20,mineral,medium,arms,black,Clay Doll Pokémon,CLAYDOL are said to be dolls of mud made by primitive humans and brought to life by exposure to a mysterious ray. This POKéMON moves about while levitating.,baltoy --> claydol,2,2,1,1.0,1.0,2.0,0.0,2.0,2.0,0.5,0.5,1.0,1.0,0.5,2.0,0.5,2.0,1.0,2.0,1.0,1.0
345,lileep,lileep,3,rock,grass,2,suction-cups,storm-drain,66,0.19,41,0.12,77,0.22,61,0.17,87,0.25,23,0.06,355,sp_defense,102,230,slow,463.47,4,slightly_specialized,0.31,lower_mid_tier,0.28,lower_mid_tier,4,2,0,-3.0,frail,slow_attacker,frail-slow_attacker,1.0,23.8,23.8,average,0,0.125,normal,71.0,70,45,70,30,water3,slow-then-very-fast,blob,purple,Sea Lily Pokémon,LILEEP became extinct approximately a hundred million years ago. This ancient POKéMON attaches itself to a rock on the seafloor and catches approaching prey using tentacles  shaped like flower petals.,lileep --> cradily,2,1,0,0.5,1.0,1.0,0.5,1.0,2.0,2.0,1.0,1.0,1.0,1.0,2.0,1.0,1.0,1.0,1.0,2.0,1.0
346,cradily,cradily,3,rock,grass,2,suction-cups,storm-drain,86,0.17,81,0.16,97,0.2,81,0.16,107,0.22,43,0.09,495,sp_defense,162,290,slow,397.92,3,slightly_specialized,0.71,upper_mid_tier,0.62,upper_mid_tier,4,2,0,-3.0,frail,tank,frail-tank,1.5,60.4,26.84,average,0,0.125,normal,173.0,79,45,70,30,water3,slow-then-very-fast,blob,green,Barnacle Pokémon,CRADILY roams around the ocean floor in search of food. This POKéMON freely extends its tree trunk-like neck and captures unwary prey using its eight tentacles.,lileep --> cradily,2,2,1,0.5,1.0,1.0,0.5,1.0,2.0,2.0,1.0,1.0,1.0,1.0,2.0,1.0,1.0,1.0,1.0,2.0,1.0
347,anorith,anorith,3,rock,bug,2,battle-armor,swift-swim,45,0.13,95,0.27,50,0.14,40,0.11,50,0.14,75,0.21,355,attack,135,145,average,378.47,3,slightly_specialized,0.31,lower_mid_tier,0.28,lower_mid_tier,3,2,0,-2.0,frail,fragile,frail-fragile,0.7,12.5,25.51,average,0,0.125,normal,71.0,66,45,70,30,water3,slow-then-very-fast,armor,gray,Old Shrimp Pokémon,ANORITH was regenerated from a prehistoric fossil. This primitive POKéMON once lived in warm seas. It grips its prey firmly between its two large claws.,anorith --> armaldo,2,1,0,0.5,1.0,2.0,1.0,1.0,1.0,1.0,0.5,1.0,1.0,1.0,1.0,2.0,1.0,1.0,1.0,2.0,1.0
348,armaldo,armaldo,3,rock,bug,2,battle-armor,swift-swim,75,0.15,125,0.25,100,0.2,70,0.14,80,0.16,45,0.09,495,attack,195,255,slow,622.92,4,specialized,0.71,upper_mid_tier,0.62,upper_mid_tier,3,2,0,-2.0,frail,attacker,frail-attacker,1.5,68.2,30.31,average,0,0.125,normal,173.0,79,45,70,30,water3,slow-then-very-fast,upright,gray,Plate Pokémon,ARMALDO’s tough armor makes all attacks bounce off. This POKéMON’s two enormous claws can be freely extended or contracted. They have the power to punch right through a steel slab.,anorith --> armaldo,2,2,1,0.5,1.0,2.0,1.0,1.0,1.0,1.0,0.5,1.0,1.0,1.0,1.0,2.0,1.0,1.0,1.0,2.0,1.0
349,feebas,feebas,3,water,,1,"swift-swim, oblivious",adaptability,20,0.1,15,0.08,20,0.1,10,0.05,55,0.28,80,0.4,200,speed,25,95,average,647.22,4,specialized,0.02,bottom_tier,0.01,bottom_tier,2,4,0,0.0,neutral,fragile,neutral-fragile,0.6,7.4,20.56,light,0,0.5,normal,40.0,53,255,70,20,"water1, dragon",slow-then-very-fast,fish,brown,Fish Pokémon,"FEEBAS’s fins are ragged and tattered from the start of its life. Because of its shoddy appearance, this POKéMON is largely ignored. It is capable of living in both the sea and in rivers.",feebas --> milotic,2,1,0,1.0,0.5,0.5,2.0,2.0,0.5,1.0,1.0,1.0,1.0,1.0,1.0,1.0,1.0,1.0,1.0,0.5,1.0
350,milotic,milotic,3,water,,1,"marvel-scale, competitive",cute-charm,95,0.18,60,0.11,79,0.15,100,0.19,125,0.23,81,0.15,540,sp_defense,160,299,average,408.67,3,slightly_specialized,0.78,upper_mid_tier,0.79,upper_mid_tier,2,4,0,0.0,neutral,bulky,neutral-bulky,6.2,162.0,4.21,very_light,0,0.5,normal,189.0,90,60,70,20,"water1, dragon",slow-then-very-fast,squiggle,pink,Tender Pokémon,Its lovely scales are described as rainbow colored. They change color depending on the viewing angle.,feebas --> milotic,2,2,1,1.0,0.5,0.5,2.0,2.0,0.5,1.0,1.0,1.0,1.0,1.0,1.0,1.0,1.0,1.0,1.0,0.5,1.0
351,castform,castform,3,normal,,1,forecast,,70,0.17,70,0.17,70,0.17,70,0.17,70,0.17,70,0.17,420,hp,140,210,average,0.0,1,balanced,0.44,mid_tier,0.39,lower_mid_tier,1,0,1,0.5,solid,balanced,solid-balanced,0.3,0.8,8.89,very_light,0,0.5,normal,147.0,70,45,70,25,"fairy, indeterminate",medium,ball,gray,Weather Pokémon,CASTFORM’s appearance changes with the weather. This POKéMON gained the ability to use the vast power of nature to protect its tiny body.,castform,1,0,0,1.0,1.0,1.0,1.0,1.0,1.0,2.0,1.0,1.0,1.0,1.0,1.0,1.0,0.0,1.0,1.0,1.0,1.0
351,castform,castform-sunny,3,fire,,1,forecast,,70,0.17,70,0.17,70,0.17,70,0.17,70,0.17,70,0.17,420,hp,140,210,average,0.0,1,balanced,0.44,mid_tier,0.39,lower_mid_tier,3,6,0,0.0,neutral,balanced,neutral-balanced,0.3,0.8,8.89,very_light,0,0.5,normal,147.0,70,45,70,25,"fairy, indeterminate",medium,ball,gray,Weather Pokémon,CASTFORM’s appearance changes with the weather. This POKéMON gained the ability to use the vast power of nature to protect its tiny body.,castform,1,0,0,1.0,0.5,2.0,1.0,0.5,0.5,1.0,1.0,2.0,1.0,1.0,0.5,2.0,1.0,1.0,1.0,0.5,0.5
351,castform,castform-rainy,3,water,,1,forecast,,70,0.17,70,0.17,70,0.17,70,0.17,70,0.17,70,0.17,420,hp,140,210,average,0.0,1,balanced,0.44,mid_tier,0.39,lower_mid_tier,2,4,0,0.0,neutral,balanced,neutral-balanced,0.3,0.8,8.89,very_light,0,0.5,normal,147.0,70,45,70,25,"fairy, indeterminate",medium,ball,gray,Weather Pokémon,CASTFORM’s appearance changes with the weather. This POKéMON gained the ability to use the vast power of nature to protect its tiny body.,castform,1,0,0,1.0,0.5,0.5,2.0,2.0,0.5,1.0,1.0,1.0,1.0,1.0,1.0,1.0,1.0,1.0,1.0,0.5,1.0
351,castform,castform-snowy,3,ice,,1,forecast,,70,0.17,70,0.17,70,0.17,70,0.17,70,0.17,70,0.17,420,hp,140,210,average,0.0,1,balanced,0.44,mid_tier,0.39,lower_mid_tier,4,1,0,-3.5,frail,balanced,frail-balanced,0.3,0.8,8.89,very_light,0,0.5,normal,147.0,70,45,70,25,"fairy, indeterminate",medium,ball,gray,Weather Pokémon,CASTFORM’s appearance changes with the weather. This POKéMON gained the ability to use the vast power of nature to protect its tiny body.,castform,1,0,0,1.0,2.0,1.0,1.0,1.0,0.5,2.0,1.0,1.0,1.0,1.0,1.0,2.0,1.0,1.0,1.0,2.0,1.0
352,kecleon,kecleon,3,normal,,1,color-change,protean,60,0.14,90,0.2,70,0.16,60,0.14,120,0.27,40,0.09,440,sp_defense,150,250,slow,655.56,5,specialized,0.5,mid_tier,0.42,mid_tier,1,0,1,0.5,solid,slow_attacker,solid-slow_attacker,1.0,22.0,22.0,light,0,0.5,normal,154.0,111,200,70,20,ground,medium-slow,upright,green,Color Swap Pokémon,It changes body color to blend in with its surroundings. It also changes color if it is happy or sad.,kecleon,1,0,0,1.0,1.0,1.0,1.0,1.0,1.0,2.0,1.0,1.0,1.0,1.0,1.0,1.0,0.0,1.0,1.0,1.0,1.0
353,shuppet,shuppet,3,ghost,,1,"insomnia, frisk",cursed-body,44,0.15,75,0.25,35,0.12,63,0.21,33,0.11,45,0.15,295,attack,138,112,slow,227.47,2,slightly_specialized,0.17,bottom_tier,0.12,bottom_tier,2,2,2,2.0,iron,slow_attacker,iron-slow_attacker,0.6,2.3,6.39,very_light,0,0.5,normal,59.0,88,225,35,25,indeterminate,fast,ball,black,Puppet Pokémon,"SHUPPET is attracted by feelings of jealousy and vindictiveness. If someone develops strong feelings of vengeance, this POKéMON will appear in a swarm and line up beneath the eaves of that person’s home.",shuppet --> banette,2,1,0,0.0,1.0,1.0,1.0,1.0,1.0,0.0,0.5,1.0,1.0,1.0,0.5,1.0,2.0,1.0,2.0,1.0,1.0
354,banette,banette,3,ghost,,1,"insomnia, frisk",cursed-body,64,0.14,115,0.25,65,0.14,83,0.18,63,0.14,65,0.14,455,attack,198,192,average,354.14,3,slightly_specialized,0.52,mid_tier,0.45,mid_tier,2,2,2,2.0,iron,attacker,iron-attacker,1.1,12.5,10.33,very_light,0,0.5,normal,159.0,93,45,35,25,indeterminate,fast,upright,black,Marionette Pokémon,BANETTE generates energy for laying strong curses by sticking pins into its own body. This POKéMON was originally a pitiful plush doll that was thrown away.,shuppet --> banette,2,2,1,0.0,1.0,1.0,1.0,1.0,1.0,0.0,0.5,1.0,1.0,1.0,0.5,1.0,2.0,1.0,2.0,1.0,1.0
354,banette,banette-mega,3,ghost,,1,prankster,,64,0.12,165,0.3,75,0.14,93,0.17,83,0.15,75,0.14,555,attack,258,222,average,1128.58,5,highly_specialized,0.79,upper_mid_tier,0.81,top_tier,2,2,2,2.0,iron,attacker,iron-attacker,1.2,13.0,9.03,very_light,0,0.5,normal,194.0,67,45,35,25,indeterminate,fast,upright,black,Marionette Pokémon,BANETTE generates energy for laying strong curses by sticking pins into its own body. This POKéMON was originally a pitiful plush doll that was thrown away.,shuppet --> banette,2,2,1,0.0,1.0,1.0,1.0,1.0,1.0,0.0,0.5,1.0,1.0,1.0,0.5,1.0,2.0,1.0,2.0,1.0,1.0
355,duskull,duskull,3,ghost,,1,levitate,frisk,20,0.07,40,0.14,90,0.31,30,0.1,90,0.31,25,0.08,295,defense,70,200,slow,870.14,5,specialized,0.17,bottom_tier,0.12,bottom_tier,2,2,2,2.0,iron,slow_attacker,iron-slow_attacker,0.8,15.0,23.44,average,0,0.5,normal,59.0,83,190,35,25,indeterminate,fast,arms,black,Requiem Pokémon,"DUSKULL can pass through any wall no matter how thick it may be. Once this POKéMON chooses a target, it will doggedly pursue the intended victim until the break of dawn.",duskull --> dusclops --> dusknoir,3,1,0,0.0,1.0,1.0,1.0,1.0,1.0,0.0,0.5,1.0,1.0,1.0,0.5,1.0,2.0,1.0,2.0,1.0,1.0
356,dusclops,dusclops,3,ghost,,1,pressure,frisk,40,0.09,70,0.15,130,0.29,60,0.13,130,0.29,25,0.05,455,defense,130,300,slow,1670.14,5,extreme,0.52,mid_tier,0.45,mid_tier,2,2,2,2.0,iron,tank,iron-tank,1.6,30.6,11.95,very_light,0,0.5,normal,159.0,103,90,35,25,indeterminate,fast,humanoid,black,Beckon Pokémon,"DUSCLOPS’s body is completely hollow - there is nothing at all inside. It is said that its body is like a black hole. This POKéMON will absorb anything into its body, but nothing will ever come back out.",duskull --> dusclops --> dusknoir,3,2,0,0.0,1.0,1.0,1.0,1.0,1.0,0.0,0.5,1.0,1.0,1.0,0.5,1.0,2.0,1.0,2.0,1.0,1.0
357,tropius,tropius,3,grass,flying,2,"chlorophyll, solar-power",harvest,99,0.22,68,0.15,83,0.18,72,0.16,87,0.19,51,0.11,460,hp,140,269,slow,233.56,2,slightly_specialized,0.57,mid_tier,0.46,mid_tier,5,3,1,-2.0,frail,tank,frail-tank,2.0,100.0,25.0,average,0,0.5,normal,161.0,95,200,70,25,"monster, plant",slow,quadruped,green,Fruit Pokémon,"The bunches of fruit around TROPIUS’s neck are very popular with children. This POKéMON loves fruit, and eats it continuously. Apparently, its love for fruit resulted in its own outgrowth of fruit.",tropius,1,0,0,1.0,2.0,0.5,1.0,0.25,4.0,0.5,2.0,0.0,2.0,1.0,1.0,2.0,1.0,1.0,1.0,1.0,1.0
358,chimecho,chimecho,3,psychic,,1,levitate,,75,0.16,50,0.11,80,0.18,95,0.21,90,0.2,65,0.14,455,sp_attack,145,245,average,228.47,2,slightly_specialized,0.52,mid_tier,0.45,mid_tier,3,2,0,-2.0,frail,balanced,frail-balanced,0.6,1.0,2.78,very_light,0,0.5,normal,159.0,103,45,70,25,indeterminate,fast,arms,blue,Wind Chime Pokémon,"CHIMECHO makes its cries echo inside its hollow body. When this POKéMON becomes enraged, its cries result in ultrasonic waves that have the power to knock foes flying.",chingling --> chimecho,2,2,1,1.0,1.0,1.0,1.0,1.0,1.0,0.5,1.0,1.0,1.0,0.5,2.0,1.0,2.0,1.0,2.0,1.0,1.0
358,chimecho,chimecho-mega,3,psychic,steel,2,,,75,0.14,50,0.09,110,0.2,135,0.24,120,0.22,65,0.12,555,sp_attack,185,305,average,956.25,5,highly_specialized,0.79,upper_mid_tier,0.81,top_tier,4,9,1,2.0,iron,bulky_attacker,iron-bulky_attacker,1.2,8.0,5.56,very_light,0,0.5,normal,,0,45,70,25,indeterminate,fast,arms,blue,Wind Chime Pokémon,"CHIMECHO makes its cries echo inside its hollow body. When this POKéMON becomes enraged, its cries result in ultrasonic waves that have the power to knock foes flying.",chingling --> chimecho,2,2,1,0.5,2.0,1.0,1.0,0.5,0.5,1.0,0.0,2.0,0.5,0.25,1.0,0.5,2.0,0.5,2.0,0.5,0.5
359,absol,absol,3,dark,,1,"pressure, super-luck",justified,65,0.14,130,0.28,60,0.13,75,0.16,60,0.13,75,0.16,465,attack,205,185,average,589.58,4,specialized,0.59,mid_tier,0.47,mid_tier,3,2,1,-0.5,exposed,glass_cannon,exposed-glass_cannon,1.2,47.0,32.64,heavy,0,0.5,normal,163.0,112,30,35,25,ground,medium-slow,quadruped,white,Disaster Pokémon,"Every time ABSOL appears before people, it is followed by a disaster such as an earthquake or a tidal wave. As a result, it came to be known as the disaster POKéMON.",absol,1,0,0,1.0,1.0,1.0,1.0,1.0,1.0,2.0,1.0,1.0,1.0,0.0,2.0,1.0,0.5,1.0,0.5,1.0,2.0
359,absol,absol-mega,3,dark,,1,magic-bounce,,65,0.12,150,0.27,60,0.11,115,0.2,60,0.11,115,0.2,565,attack,265,185,fast,1195.14,5,highly_specialized,0.81,top_tier,0.81,top_tier,3,2,1,-0.5,exposed,sweeper,exposed-sweeper,1.2,49.0,34.03,heavy,0,0.5,normal,198.0,98,30,35,25,ground,medium-slow,quadruped,white,Disaster Pokémon,"Every time ABSOL appears before people, it is followed by a disaster such as an earthquake or a tidal wave. As a result, it came to be known as the disaster POKéMON.",absol,1,0,0,1.0,1.0,1.0,1.0,1.0,1.0,2.0,1.0,1.0,1.0,0.0,2.0,1.0,0.5,1.0,0.5,1.0,2.0
359,absol,absol-mega-z,3,dark,ghost,2,,,65,0.12,154,0.27,60,0.11,75,0.13,60,0.11,151,0.27,565,attack,229,185,fast,1727.14,5,extreme,0.81,top_tier,0.81,top_tier,1,1,3,4.0,iron,sweeper,iron-sweeper,1.2,49.0,34.03,heavy,0,0.5,normal,,0,30,35,25,ground,medium-slow,quadruped,white,Disaster Pokémon,"Every time ABSOL appears before people, it is followed by a disaster such as an earthquake or a tidal wave. As a result, it came to be known as the disaster POKéMON.",absol,1,0,0,0.0,1.0,1.0,1.0,1.0,1.0,0.0,0.5,1.0,1.0,0.0,1.0,1.0,1.0,1.0,1.0,1.0,2.0
360,wynaut,wynaut,3,psychic,,1,shadow-tag,telepathy,95,0.37,23,0.09,48,0.18,23,0.09,48,0.18,23,0.09,260,hp,46,191,slow,658.89,5,specialized,0.09,bottom_tier,0.07,bottom_tier,3,2,0,-2.0,frail,slow_attacker,frail-slow_attacker,0.6,14.0,38.89,heavy,0,0.5,normal,52.0,8,125,70,20,no-eggs,medium,upright,blue,Bright Pokémon,"WYNAUT can always be seen with a big, happy smile on its face. Look at its tail to determine if it is angry. When angered, this POKéMON will be slapping the ground with its tail.",wynaut --> wobbuffet,2,1,0,1.0,1.0,1.0,1.0,1.0,1.0,0.5,1.0,1.0,1.0,0.5,2.0,1.0,2.0,1.0,2.0,1.0,1.0
361,snorunt,snorunt,3,ice,,1,"inner-focus, ice-body",moody,50,0.17,50,0.17,50,0.17,50,0.17,50,0.17,50,0.17,300,hp,100,150,slow,0.0,1,balanced,0.19,bottom_tier,0.13,bottom_tier,4,1,0,-3.5,frail,weak_slow,frail-weak_slow,0.7,16.8,34.29,heavy,0,0.5,normal,60.0,62,190,70,20,"fairy, mineral",medium,humanoid,gray,Snow Hat Pokémon,"SNORUNT live in regions with heavy snowfall. In seasons without snow, such as spring and summer, this POKéMON steals away to live quietly among stalactites and stalagmites deep in caverns.",snorunt --> glalie,2,1,0,1.0,2.0,1.0,1.0,1.0,0.5,2.0,1.0,1.0,1.0,1.0,1.0,2.0,1.0,1.0,1.0,2.0,1.0
362,glalie,glalie,3,ice,,1,"inner-focus, ice-body",moody,80,0.17,80,0.17,80,0.17,80,0.17,80,0.17,80,0.17,480,hp,160,240,average,0.0,1,balanced,0.66,upper_mid_tier,0.53,mid_tier,4,1,0,-3.5,frail,balanced,frail-balanced,1.5,256.5,114.0,very_heavy,0,0.5,normal,168.0,80,75,70,20,"fairy, mineral",medium,ball,gray,Face Pokémon,"GLALIE has a body made of rock, which it hardens with an armor of ice. This POKéMON has the ability to freeze moisture in the atmosphere into any shape it desires.",snorunt --> glalie,2,2,1,1.0,2.0,1.0,1.0,1.0,0.5,2.0,1.0,1.0,1.0,1.0,1.0,2.0,1.0,1.0,1.0,2.0,1.0
362,glalie,glalie-mega,3,ice,,1,refrigerate,,80,0.14,120,0.21,80,0.14,120,0.21,80,0.14,100,0.17,580,attack,240,240,fast,322.22,3,slightly_specialized,0.84,top_tier,0.86,top_tier,4,1,0,-3.5,frail,sweeper,frail-sweeper,2.1,350.2,79.41,very_heavy,0,0.5,normal,203.0,52,75,70,20,"fairy, mineral",medium,ball,gray,Face Pokémon,"GLALIE has a body made of rock, which it hardens with an armor of ice. This POKéMON has the ability to freeze moisture in the atmosphere into any shape it desires.",snorunt --> glalie,2,2,1,1.0,2.0,1.0,1.0,1.0,0.5,2.0,1.0,1.0,1.0,1.0,1.0,2.0,1.0,1.0,1.0,2.0,1.0
363,spheal,spheal,3,ice,water,2,"thick-fat, ice-body",oblivious,70,0.24,40,0.14,50,0.17,55,0.19,50,0.17,25,0.09,290,hp,95,170,slow,188.89,2,balanced,0.15,bottom_tier,0.11,bottom_tier,4,2,0,-3.0,frail,weak_slow,frail-weak_slow,0.8,39.5,61.72,very_heavy,0,0.5,normal,58.0,68,255,70,20,"water1, ground",medium-slow,fish,blue,Clap Pokémon,"SPHEAL is much faster rolling than  walking to get around. When groups of this POKéMON eat, they all clap at once to show their pleasure. Because of this, their mealtimes are noisy.",spheal --> sealeo --> walrein,3,1,0,1.0,1.0,0.5,2.0,2.0,0.25,2.0,1.0,1.0,1.0,1.0,1.0,2.0,1.0,1.0,1.0,1.0,1.0
364,sealeo,sealeo,3,ice,water,2,"thick-fat, ice-body",oblivious,90,0.22,60,0.15,70,0.17,75,0.18,70,0.17,45,0.11,410,hp,135,230,slow,188.89,2,balanced,0.41,mid_tier,0.35,lower_mid_tier,4,2,0,-3.0,frail,slow_attacker,frail-slow_attacker,1.1,87.6,72.4,very_heavy,0,0.5,normal,144.0,60,120,70,20,"water1, ground",medium-slow,fish,blue,Ball Roll Pokémon,SEALEO has the habit of always juggling on the tip of its nose anything it sees for the first time. This POKéMON occasionally entertains itself by balancing and rolling a SPHEAL on its nose.,spheal --> sealeo --> walrein,3,2,0,1.0,1.0,0.5,2.0,2.0,0.25,2.0,1.0,1.0,1.0,1.0,1.0,2.0,1.0,1.0,1.0,1.0,1.0
365,walrein,walrein,3,ice,water,2,"thick-fat, ice-body",oblivious,110,0.21,80,0.15,90,0.17,95,0.18,90,0.17,65,0.12,530,hp,175,290,average,188.89,2,balanced,0.76,upper_mid_tier,0.76,upper_mid_tier,4,2,0,-3.0,frail,bulky,frail-bulky,1.4,150.6,76.84,very_heavy,0,0.5,normal,239.0,73,45,70,20,"water1, ground",medium-slow,quadruped,blue,Ice Break Pokémon,It swims through icy seas while shattering ice floes with its large tusks. It is protected by its thick blubber.,spheal --> sealeo --> walrein,3,3,1,1.0,1.0,0.5,2.0,2.0,0.25,2.0,1.0,1.0,1.0,1.0,1.0,2.0,1.0,1.0,1.0,1.0,1.0
366,clamperl,clamperl,3,water,,1,shell-armor,rattled,35,0.1,64,0.19,85,0.25,74,0.21,55,0.16,32,0.09,345,defense,138,175,slow,372.25,3,slightly_specialized,0.3,lower_mid_tier,0.27,lower_mid_tier,2,4,0,0.0,neutral,slow_attacker,neutral-slow_attacker,0.4,52.5,328.12,very_heavy,0,0.5,normal,69.0,45,255,70,20,water1,slow-then-very-fast,ball,blue,Bivalve Pokémon,CLAMPERL’s sturdy shell is not only good for protection - it is also used for clamping and catching prey. A fully grown CLAMPERL’s shell will be scored with nicks and scratches all over.,clamperl --> huntail,2,1,0,1.0,0.5,0.5,2.0,2.0,0.5,1.0,1.0,1.0,1.0,1.0,1.0,1.0,1.0,1.0,1.0,0.5,1.0
367,huntail,huntail,3,water,,1,swift-swim,water-veil,55,0.11,104,0.21,105,0.22,94,0.19,75,0.15,52,0.11,485,defense,198,235,slow,471.14,4,slightly_specialized,0.68,upper_mid_tier,0.55,mid_tier,2,4,0,0.0,neutral,attacker,neutral-attacker,1.7,27.0,9.34,very_light,0,0.5,normal,170.0,58,60,70,20,water1,slow-then-very-fast,squiggle,blue,Deep Sea Pokémon,HUNTAIL’s presence went unnoticed by people for a long time because it lives at extreme depths in the sea. This POKéMON’s eyes can see clearly even in the murky dark depths of the ocean.,clamperl --> huntail,2,2,1,1.0,0.5,0.5,2.0,2.0,0.5,1.0,1.0,1.0,1.0,1.0,1.0,1.0,1.0,1.0,1.0,0.5,1.0
368,gorebyss,gorebyss,3,water,,1,swift-swim,hydration,55,0.11,84,0.17,105,0.22,114,0.24,75,0.15,52,0.11,485,sp_attack,198,235,slow,537.81,4,specialized,0.68,upper_mid_tier,0.55,mid_tier,2,4,0,0.0,neutral,attacker,neutral-attacker,1.8,22.6,6.98,very_light,0,0.5,normal,170.0,59,60,70,20,water1,slow-then-very-fast,squiggle,pink,South Sea Pokémon,"GOREBYSS lives in the southern seas at extreme depths. Its body is built to withstand the enormous pressure of water at incredible depths. Because of this, this POKéMON’s body is unharmed by ordinary attacks.",clamperl --> huntail,2,2,1,1.0,0.5,0.5,2.0,2.0,0.5,1.0,1.0,1.0,1.0,1.0,1.0,1.0,1.0,1.0,1.0,0.5,1.0
369,relicanth,relicanth,3,water,rock,2,"swift-swim, rock-head",sturdy,100,0.21,90,0.19,130,0.27,45,0.09,65,0.13,55,0.11,485,defense,135,295,slow,845.14,5,specialized,0.68,upper_mid_tier,0.55,mid_tier,4,5,0,-1.5,exposed,tank,exposed-tank,1.0,23.4,23.4,average,0,0.125,normal,170.0,78,25,70,40,"water1, water2",slow,fish,gray,Longevity Pokémon,RELICANTH is a POKéMON species that existed for a hundred million years without ever changing its form. This ancient POKéMON feeds on microscopic organisms with its toothless mouth.,relicanth,1,0,0,0.5,0.25,1.0,2.0,4.0,0.5,2.0,0.5,2.0,0.5,1.0,1.0,1.0,1.0,1.0,1.0,1.0,1.0
370,luvdisc,luvdisc,3,water,,1,swift-swim,hydration,43,0.13,30,0.09,55,0.17,40,0.12,65,0.2,97,0.29,330,speed,70,163,average,476.33,4,slightly_specialized,0.26,lower_mid_tier,0.23,lower_mid_tier,2,4,0,0.0,neutral,fragile,neutral-fragile,0.6,8.7,24.17,average,0,0.75,normal,116.0,66,225,70,20,water2,fast,fish,pink,Rendezvous Pokémon,LUVDISC live in shallow seas in the tropics. This heart-shaped POKéMON earned its name by swimming after loving couples it spotted in the ocean’s waves.,luvdisc,1,0,0,1.0,0.5,0.5,2.0,2.0,0.5,1.0,1.0,1.0,1.0,1.0,1.0,1.0,1.0,1.0,1.0,0.5,1.0
371,bagon,bagon,3,dragon,,1,rock-head,sheer-force,45,0.15,75,0.25,60,0.2,40,0.13,30,0.1,50,0.17,300,attack,115,135,slow,208.33,2,slightly_specialized,0.19,bottom_tier,0.13,bottom_tier,3,4,0,-1.0,exposed,weak_slow,exposed-weak_slow,0.6,42.1,116.94,very_heavy,0,0.5,normal,60.0,71,45,35,40,dragon,slow,humanoid,blue,Rock Head Pokémon,"Dreaming of one day flying, it practices by leaping off cliffs every day.",bagon --> shelgon --> salamence,3,1,0,1.0,0.5,0.5,0.5,0.5,2.0,1.0,1.0,1.0,1.0,1.0,1.0,1.0,1.0,2.0,1.0,1.0,2.0
372,shelgon,shelgon,3,dragon,,1,rock-head,overcoat,65,0.15,95,0.23,100,0.24,60,0.14,50,0.12,50,0.12,420,defense,155,215,slow,408.33,3,slightly_specialized,0.44,mid_tier,0.39,lower_mid_tier,3,4,0,-1.0,exposed,slow_attacker,exposed-slow_attacker,1.1,110.5,91.32,very_heavy,0,0.5,normal,147.0,70,45,35,40,dragon,slow,quadruped,white,Endurance Pokémon,"Inside SHELGON’s armor-like shell, cells are in the midst of transformation to create an entirely new body. This POKéMON’s shell is extremely heavy, making its movements sluggish.",bagon --> shelgon --> salamence,3,2,0,1.0,0.5,0.5,0.5,0.5,2.0,1.0,1.0,1.0,1.0,1.0,1.0,1.0,1.0,2.0,1.0,1.0,2.0
373,salamence,salamence,3,dragon,flying,2,intimidate,moxie,95,0.16,135,0.22,80,0.13,110,0.18,80,0.13,100,0.17,600,attack,245,255,fast,358.33,3,slightly_specialized,0.88,top_tier,0.9,top_tier,4,5,1,0.0,neutral,sweeper,neutral-sweeper,1.5,102.6,45.6,heavy,0,0.5,normal,270.0,94,45,35,40,dragon,slow,quadruped,blue,Dragon Pokémon,"SALAMENCE came about as a result of a strong, long-held dream of growing wings. It is said that this powerful desire triggered a sudden mutation in this POKéMON’s cells, causing it to sprout its magnificent wings.",bagon --> shelgon --> salamence,3,3,1,1.0,0.5,0.5,1.0,0.25,4.0,0.5,1.0,0.0,1.0,1.0,0.5,2.0,1.0,2.0,1.0,1.0,2.0
373,salamence,salamence-mega,3,dragon,flying,2,aerilate,,95,0.14,145,0.21,130,0.19,120,0.17,90,0.13,120,0.17,700,attack,265,315,fast,363.89,3,slightly_specialized,0.97,top_tier,0.98,top_tier,4,5,1,0.0,neutral,juggernaut,neutral-juggernaut,1.8,112.6,34.75,heavy,0,0.5,normal,315.0,65,45,35,40,dragon,slow,quadruped,blue,Dragon Pokémon,"SALAMENCE came about as a result of a strong, long-held dream of growing wings. It is said that this powerful desire triggered a sudden mutation in this POKéMON’s cells, causing it to sprout its magnificent wings.",bagon --> shelgon --> salamence,3,3,1,1.0,0.5,0.5,1.0,0.25,4.0,0.5,1.0,0.0,1.0,1.0,0.5,2.0,1.0,2.0,1.0,1.0,2.0
374,beldum,beldum,3,steel,psychic,2,clear-body,light-metal,40,0.13,55,0.18,80,0.27,35,0.12,60,0.2,30,0.1,300,defense,90,180,slow,291.67,3,slightly_specialized,0.19,bottom_tier,0.13,bottom_tier,4,9,1,2.0,iron,weak_slow,iron-weak_slow,0.6,95.2,264.44,very_heavy,1,0.0,normal,60.0,8,3,35,40,mineral,slow,blob,blue,Iron Ball Pokémon,"Instead of blood, a powerful magnetic force courses throughout BELDUM’s body. This POKéMON communicates with others by sending controlled pulses of magnetism.",beldum --> metang --> metagross,3,1,0,0.5,2.0,1.0,1.0,0.5,0.5,1.0,0.0,2.0,0.5,0.25,1.0,0.5,2.0,0.5,2.0,0.5,0.5
375,metang,metang,3,steel,psychic,2,clear-body,light-metal,60,0.14,75,0.18,100,0.24,55,0.13,80,0.19,50,0.12,420,defense,130,240,slow,291.67,3,slightly_specialized,0.44,mid_tier,0.39,lower_mid_tier,4,9,1,2.0,iron,slow_attacker,iron-slow_attacker,1.2,202.5,140.62,very_heavy,1,0.0,normal,147.0,93,3,35,40,mineral,slow,arms,blue,Iron Claw Pokémon,"When two BELDUM fuse together, METANG is formed. The brains of the BELDUM are joined by a magnetic nervous system. By linking its brains magnetically, this POKéMON generates strong psychokinetic power.",beldum --> metang --> metagross,3,2,0,0.5,2.0,1.0,1.0,0.5,0.5,1.0,0.0,2.0,0.5,0.25,1.0,0.5,2.0,0.5,2.0,0.5,0.5
376,metagross,metagross,3,steel,psychic,2,clear-body,light-metal,80,0.13,135,0.22,130,0.22,95,0.16,90,0.15,70,0.12,600,attack,230,300,average,591.67,4,specialized,0.88,top_tier,0.9,top_tier,4,9,1,2.0,iron,bulky_attacker,iron-bulky_attacker,1.6,550.0,214.84,very_heavy,1,0.0,normal,270.0,103,3,35,40,mineral,slow,heads,blue,Iron Leg Pokémon,"METAGROSS has four brains in total. Combined, the four brains can breeze through difficult calculations faster than a supercomputer. This POKéMON can float in the air by tucking in its four legs.",beldum --> metang --> metagross,3,3,1,0.5,2.0,1.0,1.0,0.5,0.5,1.0,0.0,2.0,0.5,0.25,1.0,0.5,2.0,0.5,2.0,0.5,0.5
376,metagross,metagross-mega,3,steel,psychic,2,tough-claws,,80,0.11,145,0.21,150,0.21,105,0.15,110,0.16,110,0.16,700,defense,250,340,fast,580.56,4,specialized,0.97,top_tier,0.98,top_tier,4,9,1,2.0,iron,juggernaut,iron-juggernaut,2.5,942.9,150.86,very_heavy,1,0.0,normal,315.0,70,3,35,40,mineral,slow,heads,blue,Iron Leg Pokémon,"METAGROSS has four brains in total. Combined, the four brains can breeze through difficult calculations faster than a supercomputer. This POKéMON can float in the air by tucking in its four legs.",beldum --> metang --> metagross,3,3,1,0.5,2.0,1.0,1.0,0.5,0.5,1.0,0.0,2.0,0.5,0.25,1.0,0.5,2.0,0.5,2.0,0.5,0.5
377,regirock,regirock,3,rock,,1,clear-body,sturdy,80,0.14,100,0.17,200,0.34,50,0.09,100,0.17,50,0.09,580,defense,150,380,slow,2555.56,5,extreme,0.84,top_tier,0.86,top_tier,5,4,0,-3.0,frail,tank,frail-tank,1.7,230.0,79.58,very_heavy,1,0.0,legendary,261.0,87,3,35,80,no-eggs,slow,humanoid,brown,Rock Peak Pokémon,"Its entire body is made of rock. If any part chips off in battle, it attaches rocks to repair itself.",regirock,1,0,0,0.5,0.5,2.0,1.0,2.0,1.0,2.0,0.5,2.0,0.5,1.0,1.0,1.0,1.0,1.0,1.0,2.0,1.0
378,regice,regice,3,ice,,1,clear-body,ice-body,80,0.14,50,0.09,100,0.17,100,0.17,200,0.34,50,0.09,580,sp_defense,150,380,slow,2555.56,5,extreme,0.84,top_tier,0.86,top_tier,4,1,0,-3.5,frail,tank,frail-tank,1.8,175.0,54.01,very_heavy,1,0.0,legendary,261.0,83,3,35,80,no-eggs,slow,humanoid,blue,Iceberg Pokémon,"REGICE’s body was made during an ice age. The deep-frozen body can’t be melted, even by fire. This POKéMON controls frigid air of minus 328 degrees F.",regice,1,0,0,1.0,2.0,1.0,1.0,1.0,0.5,2.0,1.0,1.0,1.0,1.0,1.0,2.0,1.0,1.0,1.0,2.0,1.0
379,registeel,registeel,3,steel,,1,clear-body,light-metal,80,0.14,75,0.13,150,0.26,75,0.13,150,0.26,50,0.09,580,defense,150,380,slow,1513.89,5,extreme,0.84,top_tier,0.86,top_tier,3,10,1,3.5,iron,tank,iron-tank,1.9,205.0,56.79,very_heavy,1,0.0,legendary,261.0,89,3,35,80,no-eggs,slow,humanoid,gray,Iron Pokémon,REGISTEEL has a body that is harder than any kind of metal. Its body is apparently hollow. No one has any idea what this POKéMON eats.,registeel,1,0,0,0.5,2.0,1.0,1.0,0.5,0.5,2.0,0.0,2.0,0.5,0.5,0.5,0.5,1.0,0.5,1.0,0.5,0.5
380,latias,latias,3,dragon,psychic,2,levitate,,80,0.13,80,0.13,90,0.15,110,0.18,130,0.22,110,0.18,600,sp_defense,190,300,fast,333.33,3,slightly_specialized,0.88,top_tier,0.9,top_tier,6,6,0,-3.0,frail,juggernaut,frail-juggernaut,1.4,40.0,20.41,light,0,1.0,legendary,270.0,122,3,90,120,no-eggs,slow,wings,red,Eon Pokémon,"LATIAS is highly sensitive to the emotions of people. If it senses any hostility, this POKéMON ruffles the feathers all over its body and cries shrilly to intimidate the foe.",latias,1,0,0,1.0,0.5,0.5,0.5,0.5,2.0,0.5,1.0,1.0,1.0,0.5,2.0,1.0,2.0,2.0,2.0,1.0,2.0
380,latias,latias-mega,3,dragon,psychic,2,levitate,,80,0.11,100,0.14,120,0.17,140,0.2,150,0.21,110,0.16,700,sp_defense,240,350,fast,555.56,4,specialized,0.97,top_tier,0.98,top_tier,6,6,0,-3.0,frail,juggernaut,frail-juggernaut,1.8,52.0,16.05,light,0,1.0,legendary,315.0,87,3,90,120,no-eggs,slow,wings,red,Eon Pokémon,"LATIAS is highly sensitive to the emotions of people. If it senses any hostility, this POKéMON ruffles the feathers all over its body and cries shrilly to intimidate the foe.",latias,1,0,0,1.0,0.5,0.5,0.5,0.5,2.0,0.5,1.0,1.0,1.0,0.5,2.0,1.0,2.0,2.0,2.0,1.0,2.0
381,latios,latios,3,dragon,psychic,2,levitate,,80,0.13,90,0.15,80,0.13,130,0.22,110,0.18,110,0.18,600,sp_attack,220,270,fast,333.33,3,slightly_specialized,0.88,top_tier,0.9,top_tier,6,6,0,-3.0,frail,juggernaut,frail-juggernaut,2.0,60.0,15.0,light,0,0.0,legendary,270.0,116,3,90,120,no-eggs,slow,wings,blue,Eon Pokémon,LATIOS has the ability to make its foe see an image of what it has seen or imagines in its head. This POKéMON is intelligent and understands human speech.,latios,1,0,0,1.0,0.5,0.5,0.5,0.5,2.0,0.5,1.0,1.0,1.0,0.5,2.0,1.0,2.0,2.0,2.0,1.0,2.0
381,latios,latios-mega,3,dragon,psychic,2,levitate,,80,0.11,130,0.19,100,0.14,160,0.23,120,0.17,110,0.16,700,sp_attack,290,300,fast,622.22,4,specialized,0.97,top_tier,0.98,top_tier,6,6,0,-3.0,frail,juggernaut,frail-juggernaut,2.3,70.0,13.23,very_light,0,0.0,legendary,315.0,83,3,90,120,no-eggs,slow,wings,blue,Eon Pokémon,LATIOS has the ability to make its foe see an image of what it has seen or imagines in its head. This POKéMON is intelligent and understands human speech.,latios,1,0,0,1.0,0.5,0.5,0.5,0.5,2.0,0.5,1.0,1.0,1.0,0.5,2.0,1.0,2.0,2.0,2.0,1.0,2.0
382,kyogre,kyogre,3,water,,1,drizzle,,100,0.15,100,0.15,90,0.13,150,0.22,140,0.21,90,0.13,670,sp_attack,250,330,average,580.56,4,specialized,0.95,top_tier,0.95,top_tier,2,4,0,0.0,neutral,juggernaut,neutral-juggernaut,4.5,352.0,17.38,light,1,0.0,legendary,302.0,73,3,0,120,no-eggs,slow,fish,blue,Sea Basin Pokémon,KYOGRE has the power to create massive rain clouds that cover the entire sky and bring about torrential downpours. This POKéMON saved people who were suffering from droughts.,kyogre,1,0,0,1.0,0.5,0.5,2.0,2.0,0.5,1.0,1.0,1.0,1.0,1.0,1.0,1.0,1.0,1.0,1.0,0.5,1.0
382,kyogre,kyogre-primal,3,water,,1,primordial-sea,,100,0.13,150,0.19,90,0.12,180,0.23,160,0.21,90,0.12,770,sp_attack,330,350,average,1313.89,5,highly_specialized,0.99,top_tier,1.0,top_tier,2,4,0,0.0,neutral,juggernaut,neutral-juggernaut,9.8,430.0,4.48,very_light,1,0.0,legendary,347.0,58,3,0,120,no-eggs,slow,fish,blue,Sea Basin Pokémon,KYOGRE has the power to create massive rain clouds that cover the entire sky and bring about torrential downpours. This POKéMON saved people who were suffering from droughts.,kyogre,1,0,0,1.0,0.5,0.5,2.0,2.0,0.5,1.0,1.0,1.0,1.0,1.0,1.0,1.0,1.0,1.0,1.0,0.5,1.0
383,groudon,groudon,3,ground,,1,drought,,100,0.15,150,0.22,140,0.21,100,0.15,90,0.13,90,0.13,670,attack,250,330,average,580.56,4,specialized,0.95,top_tier,0.95,top_tier,3,2,1,-0.5,exposed,juggernaut,exposed-juggernaut,3.5,950.0,77.55,very_heavy,1,0.0,legendary,302.0,108,3,0,120,no-eggs,slow,upright,red,Continent Pokémon,GROUDON has long been described in  mythology as the POKéMON that raised lands and expanded continents. This POKéMON took to sleep after a cataclysmic battle with KYOGRE.,groudon,1,0,0,1.0,1.0,2.0,0.0,2.0,2.0,1.0,0.5,1.0,1.0,1.0,1.0,0.5,1.0,1.0,1.0,1.0,1.0
383,groudon,groudon-primal,3,ground,fire,2,desolate-land,,100,0.13,180,0.23,160,0.21,150,0.19,90,0.12,90,0.12,770,attack,330,350,average,1313.89,5,highly_specialized,0.99,top_tier,1.0,top_tier,2,5,1,2.0,iron,juggernaut,iron-juggernaut,5.0,999.7,39.99,heavy,1,0.0,legendary,347.0,72,3,0,120,no-eggs,slow,upright,red,Continent Pokémon,GROUDON has long been described in  mythology as the POKéMON that raised lands and expanded continents. This POKéMON took to sleep after a cataclysmic battle with KYOGRE.,groudon,1,0,0,1.0,0.5,4.0,0.0,1.0,1.0,1.0,0.5,2.0,1.0,1.0,0.5,1.0,1.0,1.0,1.0,0.5,0.5
384,rayquaza,rayquaza,3,dragon,flying,2,air-lock,,105,0.15,150,0.22,90,0.13,150,0.22,90,0.13,95,0.14,680,attack,300,285,average,697.22,5,specialized,0.96,top_tier,0.96,top_tier,4,5,1,0.0,neutral,juggernaut,neutral-juggernaut,7.0,206.5,4.21,very_light,1,0.0,legendary,306.0,105,45,0,120,no-eggs,slow,squiggle,green,Sky High Pokémon,"RAYQUAZA lived for hundreds of millions of years in the earth’s ozone layer,  never descending to the ground. This POKéMON appears to feed on water and particles in the atmosphere.",rayquaza,1,0,0,1.0,0.5,0.5,1.0,0.25,4.0,0.5,1.0,0.0,1.0,1.0,0.5,2.0,1.0,2.0,1.0,1.0,2.0
384,rayquaza,rayquaza-mega,3,dragon,flying,2,delta-stream,,105,0.13,180,0.23,100,0.13,180,0.23,100,0.13,115,0.15,780,attack,360,305,fast,1275.0,5,highly_specialized,1.0,top_tier,1.0,top_tier,4,5,1,0.0,neutral,juggernaut,neutral-juggernaut,10.8,392.0,3.36,very_light,1,0.0,legendary,351.0,81,45,0,120,no-eggs,slow,squiggle,green,Sky High Pokémon,"RAYQUAZA lived for hundreds of millions of years in the earth’s ozone layer,  never descending to the ground. This POKéMON appears to feed on water and particles in the atmosphere.",rayquaza,1,0,0,1.0,0.5,0.5,1.0,0.25,4.0,0.5,1.0,0.0,1.0,1.0,0.5,2.0,1.0,2.0,1.0,1.0,2.0
385,jirachi,jirachi,3,steel,psychic,2,serene-grace,,100,0.17,100,0.17,100,0.17,100,0.17,100,0.17,100,0.17,600,hp,200,300,fast,0.0,1,balanced,0.88,top_tier,0.9,top_tier,4,9,1,2.0,iron,juggernaut,iron-juggernaut,0.3,1.1,12.22,very_light,1,0.0,mythical,270.0,108,3,100,120,no-eggs,slow,humanoid,yellow,Wish Pokémon,"A legend states that JIRACHI will make true any wish that is written on notes attached to its head when it awakens. If this POKéMON senses danger, it will fight without awakening.",jirachi,1,0,0,0.5,2.0,1.0,1.0,0.5,0.5,1.0,0.0,2.0,0.5,0.25,1.0,0.5,2.0,0.5,2.0,0.5,0.5
386,deoxys,deoxys-normal,3,psychic,,1,pressure,,50,0.08,150,0.25,50,0.08,150,0.25,50,0.08,150,0.25,600,attack,300,150,fast,2500.0,5,extreme,0.88,top_tier,0.9,top_tier,3,2,0,-2.0,frail,sweeper,frail-sweeper,1.7,60.8,21.04,light,1,0.0,mythical,270.0,116,3,0,120,no-eggs,slow,humanoid,red,DNA Pokémon,The DNA of a space virus underwent a sudden mutation upon exposure to a laser beam and resulted in DEOXYS. The crystalline organ on this POKéMON’s chest appears to be its brain.,deoxys,1,0,0,1.0,1.0,1.0,1.0,1.0,1.0,0.5,1.0,1.0,1.0,0.5,2.0,1.0,2.0,1.0,2.0,1.0,1.0
386,deoxys,deoxys-attack,3,psychic,,1,pressure,,50,0.08,180,0.3,20,0.03,180,0.3,20,0.03,150,0.25,600,attack,360,90,fast,5100.0,5,extreme,0.88,top_tier,0.9,top_tier,3,2,0,-2.0,frail,sweeper,frail-sweeper,1.7,60.8,21.04,light,1,0.0,mythical,270.0,119,3,0,120,no-eggs,slow,humanoid,red,DNA Pokémon,The DNA of a space virus underwent a sudden mutation upon exposure to a laser beam and resulted in DEOXYS. The crystalline organ on this POKéMON’s chest appears to be its brain.,deoxys,1,0,0,1.0,1.0,1.0,1.0,1.0,1.0,0.5,1.0,1.0,1.0,0.5,2.0,1.0,2.0,1.0,2.0,1.0,1.0
386,deoxys,deoxys-defense,3,psychic,,1,pressure,,50,0.08,70,0.12,160,0.27,70,0.12,160,0.27,90,0.15,600,defense,140,370,average,1933.33,5,extreme,0.88,top_tier,0.9,top_tier,3,2,0,-2.0,frail,bulky_speedster,frail-bulky_speedster,1.7,60.8,21.04,light,1,0.0,mythical,270.0,119,3,0,120,no-eggs,slow,humanoid,red,DNA Pokémon,The DNA of a space virus underwent a sudden mutation upon exposure to a laser beam and resulted in DEOXYS. The crystalline organ on this POKéMON’s chest appears to be its brain.,deoxys,1,0,0,1.0,1.0,1.0,1.0,1.0,1.0,0.5,1.0,1.0,1.0,0.5,2.0,1.0,2.0,1.0,2.0,1.0,1.0
386,deoxys,deoxys-speed,3,psychic,,1,pressure,,50,0.08,95,0.16,90,0.15,95,0.16,90,0.15,180,0.3,600,speed,190,230,fast,1525.0,5,extreme,0.88,top_tier,0.9,top_tier,3,2,0,-2.0,frail,sweeper,frail-sweeper,1.7,60.8,21.04,light,1,0.0,mythical,270.0,119,3,0,120,no-eggs,slow,humanoid,red,DNA Pokémon,The DNA of a space virus underwent a sudden mutation upon exposure to a laser beam and resulted in DEOXYS. The crystalline organ on this POKéMON’s chest appears to be its brain.,deoxys,1,0,0,1.0,1.0,1.0,1.0,1.0,1.0,0.5,1.0,1.0,1.0,0.5,2.0,1.0,2.0,1.0,2.0,1.0,1.0
387,turtwig,turtwig,4,grass,,1,overgrow,shell-armor,55,0.17,68,0.21,64,0.2,45,0.14,55,0.17,31,0.1,318,attack,113,174,slow,150.33,2,balanced,0.14,bottom_tier,0.19,bottom_tier,5,4,0,-3.0,frail,weak_slow,frail-weak_slow,0.4,10.2,63.75,very_heavy,0,0.125,normal,64.0,84,45,70,20,"monster, plant",medium-slow,quadruped,green,Tiny Leaf Pokémon,"Made from soil, the shell on its back hardens when it drinks water. It lives along lakes.",turtwig --> grotle --> torterra,3,1,0,1.0,2.0,0.5,0.5,0.5,2.0,1.0,2.0,0.5,2.0,1.0,2.0,1.0,1.0,1.0,1.0,1.0,1.0
388,grotle,grotle,4,grass,,1,overgrow,shell-armor,75,0.19,89,0.22,85,0.21,55,0.14,65,0.16,36,0.09,405,attack,144,225,slow,329.92,3,slightly_specialized,0.27,lower_mid_tier,0.34,lower_mid_tier,5,4,0,-3.0,frail,slow_attacker,frail-slow_attacker,1.1,97.0,80.17,very_heavy,0,0.125,normal,142.0,84,45,70,20,"monster, plant",medium-slow,quadruped,green,Grove Pokémon,It knows where pure water wells up. It carries fellow Pokémon there on its back.,turtwig --> grotle --> torterra,3,2,0,1.0,2.0,0.5,0.5,0.5,2.0,1.0,2.0,0.5,2.0,1.0,2.0,1.0,1.0,1.0,1.0,1.0,1.0
389,torterra,torterra,4,grass,ground,2,overgrow,shell-armor,95,0.18,109,0.21,105,0.2,75,0.14,85,0.16,56,0.11,525,attack,184,285,slow,329.92,3,slightly_specialized,0.61,upper_mid_tier,0.74,upper_mid_tier,4,2,1,-1.5,exposed,bulky_attacker,exposed-bulky_attacker,2.2,310.0,64.05,very_heavy,0,0.125,normal,236.0,106,45,70,20,"monster, plant",medium-slow,quadruped,green,Continent Pokémon,Small Pokémon occasionally gather on its unmoving back to begin building their nests.,turtwig --> grotle --> torterra,3,3,1,1.0,2.0,1.0,0.0,1.0,4.0,1.0,1.0,0.5,2.0,1.0,2.0,0.5,1.0,1.0,1.0,1.0,1.0
390,chimchar,chimchar,4,fire,,1,blaze,iron-fist,44,0.14,58,0.19,44,0.14,58,0.19,44,0.14,61,0.2,309,speed,116,132,average,57.25,1,balanced,0.12,bottom_tier,0.17,bottom_tier,3,6,0,0.0,neutral,fragile,neutral-fragile,0.5,6.2,24.8,average,0,0.125,normal,62.0,100,45,70,20,"ground, humanshape",medium-slow,upright,brown,Chimp Pokémon,It agilely scales sheer cliffs to live atop craggy mountains. Its fire is put out when it sleeps.,chimchar --> monferno --> infernape,3,1,0,1.0,0.5,2.0,1.0,0.5,0.5,1.0,1.0,2.0,1.0,1.0,0.5,2.0,1.0,1.0,1.0,0.5,0.5
391,monferno,monferno,4,fire,fighting,2,blaze,iron-fist,64,0.16,78,0.19,52,0.13,78,0.19,52,0.13,81,0.2,405,speed,156,168,average,149.25,2,balanced,0.27,lower_mid_tier,0.34,lower_mid_tier,4,6,0,-1.0,exposed,midrange,exposed-midrange,0.9,22.0,27.16,average,0,0.125,normal,142.0,107,45,70,20,"ground, humanshape",medium-slow,upright,brown,Playful Pokémon,"To intimidate attackers, it stretches the fire on its tail to make itself appear bigger.",chimchar --> monferno --> infernape,3,2,0,1.0,0.5,2.0,1.0,0.5,0.5,1.0,1.0,2.0,2.0,2.0,0.25,1.0,1.0,1.0,0.5,0.5,1.0
392,infernape,infernape,4,fire,fighting,2,blaze,iron-fist,76,0.14,104,0.19,71,0.13,104,0.19,71,0.13,108,0.2,534,speed,208,218,fast,271.33,2,slightly_specialized,0.65,upper_mid_tier,0.77,upper_mid_tier,4,6,0,-1.0,exposed,sweeper,exposed-sweeper,1.2,55.0,38.19,heavy,0,0.125,normal,240.0,125,45,70,20,"ground, humanshape",medium-slow,upright,brown,Flame Pokémon,It uses a special kind of martial arts involving all its limbs. Its fire never goes out.,chimchar --> monferno --> infernape,3,3,1,1.0,0.5,2.0,1.0,0.5,0.5,1.0,1.0,2.0,2.0,2.0,0.25,1.0,1.0,1.0,0.5,0.5,1.0
393,piplup,piplup,4,water,,1,torrent,competitive,53,0.17,51,0.16,53,0.17,61,0.19,56,0.18,40,0.13,314,sp_attack,112,162,slow,40.56,1,balanced,0.14,bottom_tier,0.18,bottom_tier,2,4,0,0.0,neutral,weak_slow,neutral-weak_slow,0.4,5.2,32.5,heavy,0,0.125,normal,63.0,87,45,70,20,"water1, ground",medium-slow,humanoid,blue,Penguin Pokémon,"Because it is very proud, it hates accepting food from people. Its thick down guards it from cold.",piplup --> prinplup --> empoleon,3,1,0,1.0,0.5,0.5,2.0,2.0,0.5,1.0,1.0,1.0,1.0,1.0,1.0,1.0,1.0,1.0,1.0,0.5,1.0
394,prinplup,prinplup,4,water,,1,torrent,competitive,64,0.16,66,0.16,68,0.17,81,0.2,76,0.19,50,0.12,405,sp_attack,147,208,slow,95.92,1,balanced,0.27,lower_mid_tier,0.34,lower_mid_tier,2,4,0,0.0,neutral,slow_attacker,neutral-slow_attacker,0.8,23.0,35.94,heavy,0,0.125,normal,142.0,90,45,70,20,"water1, ground",medium-slow,upright,blue,Penguin Pokémon,"It lives alone, away from others. Apparently, every one of them believes it is the most important.",piplup --> prinplup --> empoleon,3,2,0,1.0,0.5,0.5,2.0,2.0,0.5,1.0,1.0,1.0,1.0,1.0,1.0,1.0,1.0,1.0,1.0,0.5,1.0
395,empoleon,empoleon,4,water,steel,2,torrent,competitive,84,0.16,86,0.16,88,0.17,111,0.21,101,0.19,60,0.11,530,sp_attack,197,273,average,250.22,2,slightly_specialized,0.64,upper_mid_tier,0.76,upper_mid_tier,3,10,1,3.5,iron,bulky_attacker,iron-bulky_attacker,1.7,84.5,29.24,average,0,0.125,normal,239.0,118,45,70,20,"water1, ground",medium-slow,upright,blue,Emperor Pokémon,The three horns that extend from its beak attest to its power. The leader has the biggest horns.,piplup --> prinplup --> empoleon,3,3,1,0.5,1.0,0.5,2.0,1.0,0.25,2.0,0.0,2.0,0.5,0.5,0.5,0.5,1.0,0.5,1.0,0.25,0.5
396,starly,starly,4,normal,flying,2,keen-eye,reckless,40,0.16,55,0.22,30,0.12,30,0.12,30,0.12,60,0.24,245,speed,85,100,average,153.47,2,balanced,0.05,bottom_tier,0.06,bottom_tier,3,2,2,1.0,solid,fragile,solid-fragile,0.3,2.0,22.22,light,0,0.5,normal,49.0,67,255,70,15,flying,medium-slow,wings,brown,Starling Pokémon,"They flock in great numbers. Though small, they flap their wings with great power.",starly --> staravia --> staraptor,3,1,0,1.0,1.0,1.0,2.0,0.5,2.0,1.0,1.0,0.0,1.0,1.0,0.5,2.0,0.0,1.0,1.0,1.0,1.0
397,staravia,staravia,4,normal,flying,2,intimidate,reckless,55,0.16,75,0.22,50,0.15,40,0.12,40,0.12,80,0.24,340,speed,115,145,average,247.22,2,slightly_specialized,0.2,bottom_tier,0.27,lower_mid_tier,3,2,2,1.0,solid,fragile,solid-fragile,0.6,15.5,43.06,heavy,0,0.5,normal,119.0,60,120,70,15,flying,medium-slow,wings,brown,Starling Pokémon,It flies around forests and fields in search of bug Pokémon. It stays within a huge flock.,starly --> staravia --> staraptor,3,2,0,1.0,1.0,1.0,2.0,0.5,2.0,1.0,1.0,0.0,1.0,1.0,0.5,2.0,0.0,1.0,1.0,1.0,1.0
398,staraptor,staraptor,4,normal,flying,2,intimidate,reckless,85,0.18,120,0.25,70,0.14,50,0.1,60,0.12,100,0.21,485,attack,170,215,fast,570.14,4,specialized,0.44,mid_tier,0.55,mid_tier,3,2,2,1.0,solid,midrange,solid-midrange,1.2,24.9,17.29,light,0,0.5,normal,218.0,65,45,70,15,flying,medium-slow,wings,brown,Predator Pokémon,It has a savage nature. It will courageously challenge foes that are much larger.,starly --> staravia --> staraptor,3,3,1,1.0,1.0,1.0,2.0,0.5,2.0,1.0,1.0,0.0,1.0,1.0,0.5,2.0,0.0,1.0,1.0,1.0,1.0
398,staraptor,staraptor-mega,4,fighting,flying,2,,,85,0.15,140,0.24,100,0.17,60,0.1,90,0.15,110,0.19,585,attack,200,275,fast,597.92,4,specialized,0.74,upper_mid_tier,0.87,top_tier,5,4,1,-1.5,exposed,juggernaut,exposed-juggernaut,1.9,50.0,13.85,light,0,0.5,normal,,0,45,70,15,flying,medium-slow,wings,brown,Predator Pokémon,It has a savage nature. It will courageously challenge foes that are much larger.,starly --> staravia --> staraptor,3,3,1,1.0,1.0,1.0,2.0,0.5,2.0,0.5,1.0,0.0,2.0,2.0,0.25,1.0,1.0,1.0,0.5,1.0,2.0
399,bidoof,bidoof,4,normal,,1,"simple, unaware",moody,59,0.24,45,0.18,40,0.16,35,0.14,40,0.16,31,0.12,250,hp,80,139,slow,79.22,1,balanced,0.05,bottom_tier,0.06,bottom_tier,1,0,1,0.5,solid,weak_slow,solid-weak_slow,0.5,20.0,80.0,very_heavy,0,0.5,normal,50.0,71,255,70,15,"water1, ground",medium,quadruped,brown,Plump Mouse Pokémon,"With nerves of steel, nothing can perturb it. It is more agile and active than it appears.",bidoof --> bibarel,2,1,0,1.0,1.0,1.0,1.0,1.0,1.0,2.0,1.0,1.0,1.0,1.0,1.0,1.0,0.0,1.0,1.0,1.0,1.0
400,bibarel,bibarel,4,normal,water,2,"simple, unaware",moody,79,0.19,85,0.21,60,0.15,55,0.13,60,0.15,71,0.17,410,attack,140,199,average,119.22,1,balanced,0.29,lower_mid_tier,0.35,lower_mid_tier,3,4,1,0.5,solid,balanced,solid-balanced,1.0,31.5,31.5,heavy,0,0.5,normal,144.0,82,127,70,15,"water1, ground",medium,upright,brown,Beaver Pokémon,It makes its nest by damming streams with bark and mud. It is known as an industrious worker.,bidoof --> bibarel,2,2,1,1.0,0.5,0.5,2.0,2.0,0.5,2.0,1.0,1.0,1.0,1.0,1.0,1.0,0.0,1.0,1.0,0.5,1.0
401,kricketot,kricketot,4,bug,,1,shed-skin,run-away,37,0.19,25,0.13,41,0.21,25,0.13,41,0.21,25,0.13,194,defense,50,119,slow,55.56,1,balanced,0.01,bottom_tier,0.0,bottom_tier,3,3,0,-1.5,exposed,weak_slow,exposed-weak_slow,0.3,2.2,24.44,average,0,0.5,normal,39.0,15,255,70,15,bug,medium-slow,humanoid,red,Cricket Pokémon,"It shakes its head back to front, causing its antennae to hit each other and sound like a xylophone.",kricketot --> kricketune,2,1,0,1.0,2.0,1.0,1.0,0.5,1.0,0.5,1.0,0.5,2.0,1.0,1.0,2.0,1.0,1.0,1.0,1.0,1.0
402,kricketune,kricketune,4,bug,,1,swarm,technician,77,0.2,85,0.22,51,0.13,55,0.14,51,0.13,65,0.17,384,attack,140,179,average,171.67,2,balanced,0.25,lower_mid_tier,0.31,lower_mid_tier,3,3,0,-1.5,exposed,midrange,exposed-midrange,1.0,25.5,25.5,average,0,0.5,normal,134.0,74,45,70,15,bug,medium-slow,bug-wings,red,Cricket Pokémon,It crosses its knifelike arms in front of its chest when it cries. It can compose melodies ad lib.,kricketot --> kricketune,2,2,1,1.0,2.0,1.0,1.0,0.5,1.0,0.5,1.0,0.5,2.0,1.0,1.0,2.0,1.0,1.0,1.0,1.0,1.0
403,shinx,shinx,4,electric,,1,"rivalry, intimidate",guts,45,0.17,65,0.25,34,0.13,40,0.15,34,0.13,45,0.17,263,attack,105,113,slow,109.81,1,balanced,0.06,bottom_tier,0.07,bottom_tier,1,3,0,0.5,solid,weak_slow,solid-weak_slow,0.5,9.5,38.0,heavy,0,0.5,normal,53.0,72,235,70,20,ground,medium-slow,quadruped,blue,Flash Pokémon,All of its fur dazzles if danger is sensed. It flees while the foe is momentarily blinded.,shinx --> luxio --> luxray,3,1,0,1.0,1.0,1.0,0.5,1.0,1.0,1.0,1.0,2.0,0.5,1.0,1.0,1.0,1.0,1.0,1.0,0.5,1.0
404,luxio,luxio,4,electric,,1,"rivalry, intimidate",guts,60,0.17,85,0.23,49,0.13,60,0.17,49,0.13,60,0.17,363,attack,145,158,average,144.25,2,balanced,0.24,lower_mid_tier,0.29,lower_mid_tier,1,3,0,0.5,solid,midrange,solid-midrange,0.9,30.5,37.65,heavy,0,0.5,normal,127.0,68,120,100,20,ground,medium-slow,quadruped,blue,Spark Pokémon,Its claws loose electricity with enough amperage to cause fainting. They live in small groups.,shinx --> luxio --> luxray,3,2,0,1.0,1.0,1.0,0.5,1.0,1.0,1.0,1.0,2.0,0.5,1.0,1.0,1.0,1.0,1.0,1.0,0.5,1.0
405,luxray,luxray,4,electric,,1,"rivalry, intimidate",guts,80,0.15,120,0.23,79,0.15,95,0.18,79,0.15,70,0.13,523,attack,215,238,average,269.81,2,slightly_specialized,0.58,mid_tier,0.73,upper_mid_tier,1,3,0,0.5,solid,attacker,solid-attacker,1.4,42.0,21.43,light,0,0.5,normal,235.0,76,45,70,20,ground,medium-slow,quadruped,blue,Gleam Eyes Pokémon,It has eyes that can see through anything. It spots and captures prey hiding behind objects.,shinx --> luxio --> luxray,3,3,1,1.0,1.0,1.0,0.5,1.0,1.0,1.0,1.0,2.0,0.5,1.0,1.0,1.0,1.0,1.0,1.0,0.5,1.0
406,budew,budew,4,grass,poison,2,"natural-cure, poison-point",leaf-guard,40,0.14,30,0.11,35,0.12,50,0.18,70,0.25,55,0.2,280,sp_defense,80,145,slow,180.56,2,balanced,0.07,bottom_tier,0.1,bottom_tier,4,5,0,-1.5,exposed,weak_slow,exposed-weak_slow,0.2,1.2,30.0,average,0,0.5,normal,56.0,63,255,70,20,no-eggs,medium-slow,humanoid,green,Bud Pokémon,"Over the winter, it closes its bud and endures the cold. In spring, the bud opens and releases pollen.",budew --> roselia --> roserade,3,1,0,1.0,2.0,0.5,0.5,0.25,2.0,0.5,1.0,1.0,2.0,2.0,1.0,1.0,1.0,1.0,1.0,1.0,0.5
407,roserade,roserade,4,grass,poison,2,"natural-cure, poison-point",technician,60,0.12,70,0.14,65,0.13,125,0.24,105,0.2,90,0.17,515,sp_attack,195,230,average,545.14,4,specialized,0.53,mid_tier,0.72,upper_mid_tier,4,5,0,-1.5,exposed,sweeper,exposed-sweeper,0.9,14.5,17.9,light,0,0.5,normal,232.0,70,75,70,20,"fairy, plant",medium-slow,humanoid,green,Bouquet Pokémon,"It attracts prey with a sweet aroma, then downs it with thorny whips hidden in its arms.",budew --> roselia --> roserade,3,3,1,1.0,2.0,0.5,0.5,0.25,2.0,0.5,1.0,1.0,2.0,2.0,1.0,1.0,1.0,1.0,1.0,1.0,0.5
408,cranidos,cranidos,4,rock,,1,mold-breaker,sheer-force,67,0.19,125,0.36,40,0.11,30,0.09,30,0.09,58,0.17,350,attack,155,137,slow,1076.89,5,highly_specialized,0.23,lower_mid_tier,0.28,lower_mid_tier,5,4,0,-3.0,frail,midrange,frail-midrange,0.9,31.5,38.89,heavy,0,0.125,normal,70.0,87,45,70,30,monster,slow-then-very-fast,upright,blue,Head Butt Pokémon,It lived in jungles around 100 million years ago. Its skull is as hard as iron.,cranidos --> rampardos,2,1,0,0.5,0.5,2.0,1.0,2.0,1.0,2.0,0.5,2.0,0.5,1.0,1.0,1.0,1.0,1.0,1.0,2.0,1.0
409,rampardos,rampardos,4,rock,,1,mold-breaker,sheer-force,97,0.2,165,0.33,60,0.12,65,0.13,50,0.1,58,0.12,495,attack,230,207,slow,1580.92,5,extreme,0.47,mid_tier,0.62,upper_mid_tier,5,4,0,-3.0,frail,attacker,frail-attacker,1.6,102.5,40.04,heavy,0,0.125,normal,173.0,105,45,70,30,monster,slow-then-very-fast,upright,blue,Head Butt Pokémon,Its powerful head butt has enough power to shatter even the most durable things upon impact.,cranidos --> rampardos,2,2,1,0.5,0.5,2.0,1.0,2.0,1.0,2.0,0.5,2.0,0.5,1.0,1.0,1.0,1.0,1.0,1.0,2.0,1.0
410,shieldon,shieldon,4,rock,steel,2,sturdy,soundproof,30,0.09,42,0.12,118,0.34,42,0.12,88,0.25,30,0.09,350,defense,84,236,slow,1096.56,5,highly_specialized,0.23,lower_mid_tier,0.28,lower_mid_tier,3,8,1,2.5,iron,slow_attacker,iron-slow_attacker,0.5,57.0,228.0,very_heavy,0,0.125,normal,70.0,77,45,70,30,monster,slow-then-very-fast,quadruped,gray,Shield Pokémon,A Pokémon that lived in jungles around 100 million years ago. Its facial hide is extremely hard.,shieldon --> bastiodon,2,1,0,0.25,1.0,2.0,1.0,1.0,0.5,4.0,0.0,4.0,0.25,0.5,0.5,0.5,1.0,0.5,1.0,1.0,0.5
411,bastiodon,bastiodon,4,rock,steel,2,sturdy,soundproof,60,0.12,52,0.11,168,0.34,47,0.09,138,0.28,30,0.06,495,defense,99,366,slow,2640.58,5,extreme,0.47,mid_tier,0.62,upper_mid_tier,3,8,1,2.5,iron,tank,iron-tank,1.3,149.5,88.46,very_heavy,0,0.125,normal,173.0,88,45,70,30,monster,slow-then-very-fast,quadruped,gray,Shield Pokémon,Any frontal attack is repulsed. It is a docile Pokémon that feeds on grass and berries.,shieldon --> bastiodon,2,2,1,0.25,1.0,2.0,1.0,1.0,0.5,4.0,0.0,4.0,0.25,0.5,0.5,0.5,1.0,0.5,1.0,1.0,0.5
412,burmy,burmy-plant,4,bug,,1,shed-skin,overcoat,40,0.18,29,0.13,45,0.2,29,0.13,45,0.2,36,0.16,224,defense,58,130,slow,44.22,1,balanced,0.03,bottom_tier,0.05,bottom_tier,3,3,0,-1.5,exposed,weak_slow,exposed-weak_slow,0.2,3.4,85.0,very_heavy,0,0.5,normal,45.0,8,120,70,15,bug,medium,blob,green,Bagworm Pokémon,"To shelter itself from cold, wintry winds, it covers itself with a cloak made of twigs and leaves.",burmy --> wormadam,2,1,0,1.0,2.0,1.0,1.0,0.5,1.0,0.5,1.0,0.5,2.0,1.0,1.0,2.0,1.0,1.0,1.0,1.0,1.0
412,burmy,burmy-sandy,4,bug,,1,shed-skin,overcoat,40,0.18,29,0.13,45,0.2,29,0.13,45,0.2,36,0.16,224,defense,58,130,slow,44.22,1,balanced,0.03,bottom_tier,0.05,bottom_tier,3,3,0,-1.5,exposed,weak_slow,exposed-weak_slow,0.2,3.4,85.0,very_heavy,0,0.5,normal,45.0,8,120,70,15,bug,medium,blob,green,Bagworm Pokémon,"To shelter itself from cold, wintry winds, it covers itself with a cloak made of twigs and leaves.",burmy --> wormadam,2,1,0,1.0,2.0,1.0,1.0,0.5,1.0,0.5,1.0,0.5,2.0,1.0,1.0,2.0,1.0,1.0,1.0,1.0,1.0
412,burmy,burmy-trash,4,bug,,1,shed-skin,overcoat,40,0.18,29,0.13,45,0.2,29,0.13,45,0.2,36,0.16,224,defense,58,130,slow,44.22,1,balanced,0.03,bottom_tier,0.05,bottom_tier,3,3,0,-1.5,exposed,weak_slow,exposed-weak_slow,0.2,3.4,85.0,very_heavy,0,0.5,normal,45.0,8,120,70,15,bug,medium,blob,green,Bagworm Pokémon,"To shelter itself from cold, wintry winds, it covers itself with a cloak made of twigs and leaves.",burmy --> wormadam,2,1,0,1.0,2.0,1.0,1.0,0.5,1.0,0.5,1.0,0.5,2.0,1.0,1.0,2.0,1.0,1.0,1.0,1.0,1.0
413,wormadam,wormadam-plant,4,bug,grass,2,anticipation,overcoat,60,0.14,59,0.14,85,0.2,79,0.19,105,0.25,36,0.08,424,sp_defense,138,250,slow,484.22,4,slightly_specialized,0.32,lower_mid_tier,0.4,lower_mid_tier,6,5,0,-3.5,frail,slow_attacker,frail-slow_attacker,0.5,6.5,26.0,average,0,1.0,normal,148.0,64,45,70,15,bug,medium,blob,green,Bagworm Pokémon,"When BURMY evolved, its cloak became a part of this Pokémon’s body. The cloak is never shed.",burmy --> wormadam,2,2,1,1.0,4.0,0.5,0.5,0.25,2.0,0.5,2.0,0.25,4.0,1.0,2.0,2.0,1.0,1.0,1.0,1.0,1.0
413,wormadam,wormadam-sandy,4,bug,ground,2,anticipation,overcoat,60,0.14,79,0.19,105,0.25,59,0.14,85,0.2,36,0.08,424,defense,138,250,slow,484.22,4,slightly_specialized,0.32,lower_mid_tier,0.4,lower_mid_tier,4,3,1,-1.0,exposed,slow_attacker,exposed-slow_attacker,0.5,6.5,26.0,average,0,1.0,normal,148.0,65,45,70,15,bug,medium,blob,green,Bagworm Pokémon,"When BURMY evolved, its cloak became a part of this Pokémon’s body. The cloak is never shed.",burmy --> wormadam,2,2,1,1.0,2.0,2.0,0.0,1.0,2.0,0.5,0.5,0.5,2.0,1.0,1.0,1.0,1.0,1.0,1.0,1.0,1.0
413,wormadam,wormadam-trash,4,bug,steel,2,anticipation,overcoat,60,0.14,69,0.16,95,0.22,69,0.16,95,0.22,36,0.08,424,defense,138,250,slow,417.56,3,slightly_specialized,0.32,lower_mid_tier,0.4,lower_mid_tier,1,8,1,4.5,iron,slow_attacker,iron-slow_attacker,0.5,6.5,26.0,average,0,1.0,normal,148.0,69,45,70,15,bug,medium,blob,green,Bagworm Pokémon,"When BURMY evolved, its cloak became a part of this Pokémon’s body. The cloak is never shed.",burmy --> wormadam,2,2,1,0.5,4.0,1.0,1.0,0.25,0.5,1.0,0.0,1.0,1.0,0.5,0.5,1.0,1.0,0.5,1.0,0.5,0.5
414,mothim,mothim-plant,4,bug,flying,2,swarm,tinted-lens,70,0.17,94,0.22,50,0.12,94,0.22,50,0.12,66,0.16,424,attack,188,170,average,327.56,3,slightly_specialized,0.32,lower_mid_tier,0.4,lower_mid_tier,5,3,1,-2.0,frail,glass_cannon,frail-glass_cannon,0.9,23.3,28.77,average,0,0.0,normal,148.0,63,45,70,15,bug,medium,bug-wings,yellow,Moth Pokémon,It loves the honey of flowers and steals honey collected by COMBEE.,burmy --> wormadam,2,2,1,1.0,2.0,1.0,2.0,0.25,2.0,0.25,1.0,0.0,2.0,1.0,0.5,4.0,1.0,1.0,1.0,1.0,1.0
414,mothim,mothim-sandy,4,bug,flying,2,swarm,tinted-lens,70,0.17,94,0.22,50,0.12,94,0.22,50,0.12,66,0.16,424,attack,188,170,average,327.56,3,slightly_specialized,0.32,lower_mid_tier,0.4,lower_mid_tier,5,3,1,-2.0,frail,glass_cannon,frail-glass_cannon,0.9,23.3,28.77,average,0,0.0,normal,148.0,63,45,70,15,bug,medium,bug-wings,yellow,Moth Pokémon,It loves the honey of flowers and steals honey collected by COMBEE.,burmy --> wormadam,2,2,1,1.0,2.0,1.0,2.0,0.25,2.0,0.25,1.0,0.0,2.0,1.0,0.5,4.0,1.0,1.0,1.0,1.0,1.0
414,mothim,mothim-trash,4,bug,flying,2,swarm,tinted-lens,70,0.17,94,0.22,50,0.12,94,0.22,50,0.12,66,0.16,424,attack,188,170,average,327.56,3,slightly_specialized,0.32,lower_mid_tier,0.4,lower_mid_tier,5,3,1,-2.0,frail,glass_cannon,frail-glass_cannon,0.9,23.3,28.77,average,0,0.0,normal,148.0,63,45,70,15,bug,medium,bug-wings,yellow,Moth Pokémon,It loves the honey of flowers and steals honey collected by COMBEE.,burmy --> wormadam,2,2,1,1.0,2.0,1.0,2.0,0.25,2.0,0.25,1.0,0.0,2.0,1.0,0.5,4.0,1.0,1.0,1.0,1.0,1.0
415,combee,combee,4,bug,flying,2,honey-gather,hustle,30,0.12,30,0.12,42,0.17,30,0.12,42,0.17,70,0.29,244,speed,60,114,average,200.89,2,slightly_specialized,0.04,bottom_tier,0.05,bottom_tier,5,3,1,-2.0,frail,fragile,frail-fragile,0.3,5.5,61.11,very_heavy,0,0.125,normal,49.0,18,120,70,15,bug,medium-slow,heads,yellow,Tiny Bee Pokémon,A Pokémon formed by three others. It busily carries sweet floral honey to VESPIQUEN.,combee --> vespiquen,2,1,0,1.0,2.0,1.0,2.0,0.25,2.0,0.25,1.0,0.0,2.0,1.0,0.5,4.0,1.0,1.0,1.0,1.0,1.0
416,vespiquen,vespiquen,4,bug,flying,2,pressure,unnerve,70,0.15,80,0.17,102,0.22,80,0.17,102,0.22,40,0.08,474,defense,160,274,slow,443.67,4,slightly_specialized,0.38,lower_mid_tier,0.49,mid_tier,5,3,1,-2.0,frail,tank,frail-tank,1.2,38.5,26.74,average,0,1.0,normal,166.0,94,45,70,15,bug,medium-slow,bug-wings,yellow,Beehive Pokémon,Its abdomen is a honeycomb for grubs. It raises its grubs on honey collected by COMBEE.,combee --> vespiquen,2,2,1,1.0,2.0,1.0,2.0,0.25,2.0,0.25,1.0,0.0,2.0,1.0,0.5,4.0,1.0,1.0,1.0,1.0,1.0
417,pachirisu,pachirisu,4,electric,,1,"run-away, pickup",volt-absorb,60,0.15,45,0.11,70,0.17,45,0.11,90,0.22,95,0.23,405,speed,90,220,average,389.58,3,slightly_specialized,0.27,lower_mid_tier,0.34,lower_mid_tier,1,3,0,0.5,solid,midrange,solid-midrange,0.4,3.9,24.37,average,0,0.5,normal,142.0,91,200,100,10,"ground, fairy",medium,quadruped,white,EleSquirrel Pokémon,It makes fur balls that crackle with static electricity. It stores them with berries in tree holes.,pachirisu,1,0,0,1.0,1.0,1.0,0.5,1.0,1.0,1.0,1.0,2.0,0.5,1.0,1.0,1.0,1.0,1.0,1.0,0.5,1.0
418,buizel,buizel,4,water,,1,swift-swim,water-veil,55,0.17,65,0.2,35,0.11,60,0.18,30,0.09,85,0.26,330,speed,125,120,average,341.67,3,slightly_specialized,0.18,bottom_tier,0.23,lower_mid_tier,2,4,0,0.0,neutral,fragile,neutral-fragile,0.7,29.5,60.2,very_heavy,0,0.5,normal,66.0,87,190,70,20,"water1, ground",medium,quadruped,brown,Sea Weasel Pokémon,It has a flotation sac that is like an inflatable collar. It floats on water with its head out.,buizel --> floatzel,2,1,0,1.0,0.5,0.5,2.0,2.0,0.5,1.0,1.0,1.0,1.0,1.0,1.0,1.0,1.0,1.0,1.0,0.5,1.0
419,floatzel,floatzel,4,water,,1,swift-swim,water-veil,85,0.17,105,0.21,55,0.11,85,0.17,50,0.1,115,0.23,495,speed,190,190,fast,564.58,4,specialized,0.47,mid_tier,0.62,upper_mid_tier,2,4,0,0.0,neutral,sweeper,neutral-sweeper,1.1,33.5,27.69,average,0,0.5,normal,173.0,89,75,70,20,"water1, ground",medium,quadruped,brown,Sea Weasel Pokémon,It floats using its well-developed flotation sac. It assists in the rescues of drowning people.,buizel --> floatzel,2,2,1,1.0,0.5,0.5,2.0,2.0,0.5,1.0,1.0,1.0,1.0,1.0,1.0,1.0,1.0,1.0,1.0,0.5,1.0
420,cherubi,cherubi,4,grass,,1,chlorophyll,,45,0.16,35,0.13,45,0.16,62,0.23,53,0.19,35,0.13,275,sp_attack,97,143,slow,91.47,1,balanced,0.06,bottom_tier,0.09,bottom_tier,5,4,0,-3.0,frail,weak_slow,frail-weak_slow,0.4,3.3,20.62,light,0,0.5,normal,55.0,63,190,70,20,"fairy, plant",medium,heads,pink,Cherry Pokémon,"The small ball holds the nutrients needed for evolution. Apparently, it is very sweet and tasty.",cherubi --> cherrim,2,1,0,1.0,2.0,0.5,0.5,0.5,2.0,1.0,2.0,0.5,2.0,1.0,2.0,1.0,1.0,1.0,1.0,1.0,1.0
421,cherrim,cherrim-overcast,4,grass,,1,flower-gift,,70,0.16,60,0.13,70,0.16,87,0.19,78,0.17,85,0.19,450,sp_attack,147,218,average,88.0,1,balanced,0.35,lower_mid_tier,0.43,mid_tier,5,4,0,-3.0,frail,midrange,frail-midrange,0.5,9.3,37.2,heavy,0,0.5,normal,158.0,60,75,70,20,"fairy, plant",medium,legs,purple,Blossom Pokémon,It blooms during times of strong sunlight. It tries to make up for everything it endured as a bud.,cherubi --> cherrim,2,2,1,1.0,2.0,0.5,0.5,0.5,2.0,1.0,2.0,0.5,2.0,1.0,2.0,1.0,1.0,1.0,1.0,1.0,1.0
421,cherrim,cherrim-sunshine,4,grass,,1,flower-gift,,70,0.16,60,0.13,70,0.16,87,0.19,78,0.17,85,0.19,450,sp_attack,147,218,average,88.0,1,balanced,0.35,lower_mid_tier,0.43,mid_tier,5,4,0,-3.0,frail,midrange,frail-midrange,0.5,9.3,37.2,heavy,0,0.5,normal,158.0,60,75,70,20,"fairy, plant",medium,legs,purple,Blossom Pokémon,It blooms during times of strong sunlight. It tries to make up for everything it endured as a bud.,cherubi --> cherrim,2,2,1,1.0,2.0,0.5,0.5,0.5,2.0,1.0,2.0,0.5,2.0,1.0,2.0,1.0,1.0,1.0,1.0,1.0,1.0
422,shellos,shellos-west,4,water,,1,"sticky-hold, storm-drain",sand-force,76,0.23,48,0.15,48,0.15,57,0.18,62,0.19,34,0.1,325,hp,105,186,slow,171.47,2,balanced,0.15,bottom_tier,0.22,lower_mid_tier,2,4,0,0.0,neutral,slow_attacker,neutral-slow_attacker,0.3,6.3,70.0,very_heavy,0,0.5,normal,65.0,76,190,70,20,"water1, indeterminate",medium,squiggle,purple,Sea Slug Pokémon,"Its colors and shapes differ from region to region. In the Sinnoh region, two types are confirmed.",shellos --> gastrodon,2,1,0,1.0,0.5,0.5,2.0,2.0,0.5,1.0,1.0,1.0,1.0,1.0,1.0,1.0,1.0,1.0,1.0,0.5,1.0
422,shellos,shellos-east,4,water,,1,"sticky-hold, storm-drain",sand-force,76,0.23,48,0.15,48,0.15,57,0.18,62,0.19,34,0.1,325,hp,105,186,slow,171.47,2,balanced,0.15,bottom_tier,0.22,lower_mid_tier,2,4,0,0.0,neutral,slow_attacker,neutral-slow_attacker,0.3,6.3,70.0,very_heavy,0,0.5,normal,65.0,76,190,70,20,"water1, indeterminate",medium,squiggle,purple,Sea Slug Pokémon,"Its colors and shapes differ from region to region. In the Sinnoh region, two types are confirmed.",shellos --> gastrodon,2,1,0,1.0,0.5,0.5,2.0,2.0,0.5,1.0,1.0,1.0,1.0,1.0,1.0,1.0,1.0,1.0,1.0,0.5,1.0
423,gastrodon,gastrodon-west,4,water,ground,2,"sticky-hold, storm-drain",sand-force,111,0.23,83,0.17,68,0.14,92,0.19,82,0.17,39,0.08,475,hp,175,261,slow,489.81,4,slightly_specialized,0.39,lower_mid_tier,0.5,mid_tier,1,4,1,2.5,iron,tank,iron-tank,0.9,29.9,36.91,heavy,0,0.5,normal,166.0,79,75,70,20,"water1, indeterminate",medium,squiggle,purple,Sea Slug Pokémon,"It has a pliable body without any bones. If any part of its body is torn off, it grows right back.",shellos --> gastrodon,2,2,1,1.0,0.5,1.0,0.0,4.0,1.0,1.0,0.5,1.0,1.0,1.0,1.0,0.5,1.0,1.0,1.0,0.5,1.0
423,gastrodon,gastrodon-east,4,water,ground,2,"sticky-hold, storm-drain",sand-force,111,0.23,83,0.17,68,0.14,92,0.19,82,0.17,39,0.08,475,hp,175,261,slow,489.81,4,slightly_specialized,0.39,lower_mid_tier,0.5,mid_tier,1,4,1,2.5,iron,tank,iron-tank,0.9,29.9,36.91,heavy,0,0.5,normal,166.0,79,75,70,20,"water1, indeterminate",medium,squiggle,purple,Sea Slug Pokémon,"It has a pliable body without any bones. If any part of its body is torn off, it grows right back.",shellos --> gastrodon,2,2,1,1.0,0.5,1.0,0.0,4.0,1.0,1.0,0.5,1.0,1.0,1.0,1.0,0.5,1.0,1.0,1.0,0.5,1.0
424,ambipom,ambipom,4,normal,,1,"technician, pickup",skill-link,75,0.16,100,0.21,66,0.14,60,0.12,66,0.14,115,0.24,482,speed,160,207,fast,406.89,3,slightly_specialized,0.43,mid_tier,0.54,mid_tier,1,0,1,0.5,solid,midrange,solid-midrange,1.2,20.3,14.1,light,0,0.5,normal,169.0,105,45,100,20,ground,fast,upright,purple,Long Tail Pokémon,"To eat, it deftly shucks nuts with its two tails. It rarely uses its arms now.",aipom --> ambipom,2,2,1,1.0,1.0,1.0,1.0,1.0,1.0,2.0,1.0,1.0,1.0,1.0,1.0,1.0,0.0,1.0,1.0,1.0,1.0
425,drifloon,drifloon,4,ghost,flying,2,"aftermath, unburden",flare-boost,90,0.26,50,0.14,34,0.1,60,0.17,44,0.13,70,0.2,348,hp,110,168,average,334.67,3,slightly_specialized,0.21,lower_mid_tier,0.27,lower_mid_tier,5,3,3,1.0,solid,fragile,solid-fragile,0.4,1.2,7.5,very_light,0,0.5,normal,70.0,96,125,70,30,indeterminate,fast-then-very-slow,arms,purple,Balloon Pokémon,"A Pokémon formed by the spirits of people and Pokémon. It loves damp, humid seasons.",drifloon --> drifblim,2,1,0,0.0,1.0,1.0,2.0,0.5,2.0,0.0,0.5,0.0,1.0,1.0,0.25,2.0,2.0,1.0,2.0,1.0,1.0
426,drifblim,drifblim,4,ghost,flying,2,"aftermath, unburden",flare-boost,150,0.3,80,0.16,44,0.09,90,0.18,54,0.11,80,0.16,498,hp,170,248,average,1153.0,5,highly_specialized,0.49,mid_tier,0.64,upper_mid_tier,5,3,3,1.0,solid,balanced,solid-balanced,1.2,15.0,10.42,very_light,0,0.5,normal,174.0,98,60,70,30,indeterminate,fast-then-very-slow,arms,purple,Blimp Pokémon,"At dusk, swarms of them are carried aloft on winds. When noticed, they suddenly vanish.",drifloon --> drifblim,2,2,1,0.0,1.0,1.0,2.0,0.5,2.0,0.0,0.5,0.0,1.0,1.0,0.25,2.0,2.0,1.0,2.0,1.0,1.0
427,buneary,buneary,4,normal,,1,"run-away, klutz",limber,55,0.16,66,0.19,44,0.13,44,0.13,56,0.16,85,0.24,350,speed,110,155,average,199.56,2,balanced,0.23,lower_mid_tier,0.28,lower_mid_tier,1,0,1,0.5,solid,fragile,solid-fragile,0.4,5.5,34.37,heavy,0,0.5,normal,70.0,94,190,0,20,"ground, humanshape",medium,upright,brown,Rabbit Pokémon,It slams foes by sharply uncoiling its rolled ears. It stings enough to make a grown-up cry in pain.,buneary --> lopunny,2,1,0,1.0,1.0,1.0,1.0,1.0,1.0,2.0,1.0,1.0,1.0,1.0,1.0,1.0,0.0,1.0,1.0,1.0,1.0
428,lopunny,lopunny,4,normal,,1,"cute-charm, klutz",limber,65,0.14,76,0.16,84,0.18,54,0.11,96,0.2,105,0.22,480,speed,130,245,fast,302.33,3,slightly_specialized,0.42,mid_tier,0.53,mid_tier,1,0,1,0.5,solid,midrange,solid-midrange,1.2,33.3,23.12,average,0,0.5,normal,168.0,103,60,140,20,"ground, humanshape",medium,upright,brown,Rabbit Pokémon,An extremely cautious Pokémon. It cloaks its body with its fluffy ear fur when it senses danger.,buneary --> lopunny,2,2,1,1.0,1.0,1.0,1.0,1.0,1.0,2.0,1.0,1.0,1.0,1.0,1.0,1.0,0.0,1.0,1.0,1.0,1.0
428,lopunny,lopunny-mega,4,normal,fighting,2,scrappy,,65,0.11,136,0.23,94,0.16,54,0.09,96,0.17,135,0.23,580,attack,190,255,fast,974.56,5,highly_specialized,0.72,upper_mid_tier,0.86,top_tier,4,3,1,-1.0,exposed,sweeper,exposed-sweeper,1.3,28.3,16.75,light,0,0.5,normal,203.0,77,60,140,20,"ground, humanshape",medium,upright,brown,Rabbit Pokémon,An extremely cautious Pokémon. It cloaks its body with its fluffy ear fur when it senses danger.,buneary --> lopunny,2,2,1,1.0,1.0,1.0,1.0,1.0,1.0,2.0,1.0,1.0,2.0,2.0,0.5,0.5,0.0,1.0,0.5,1.0,2.0
429,mismagius,mismagius,4,ghost,,1,levitate,,60,0.12,60,0.12,60,0.12,105,0.21,105,0.21,105,0.21,495,sp_attack,165,225,fast,506.25,4,specialized,0.47,mid_tier,0.62,upper_mid_tier,2,2,2,2.0,iron,midrange,iron-midrange,0.9,4.4,5.43,very_light,0,0.5,normal,173.0,103,45,35,25,indeterminate,fast,ball,purple,Magical Pokémon,Its cries sound like incantations. Those hearing it are tormented by headaches and hallucinations.,misdreavus --> mismagius,2,2,1,0.0,1.0,1.0,1.0,1.0,1.0,0.0,0.5,1.0,1.0,1.0,0.5,1.0,2.0,1.0,2.0,1.0,1.0
430,honchkrow,honchkrow,4,dark,flying,2,"insomnia, super-luck",moxie,100,0.2,125,0.25,52,0.1,105,0.21,52,0.1,71,0.14,505,attack,230,204,average,765.81,5,specialized,0.51,mid_tier,0.68,upper_mid_tier,4,3,2,0.5,solid,attacker,solid-attacker,0.9,27.3,33.7,heavy,0,0.5,normal,177.0,90,30,35,20,flying,medium-slow,wings,black,Big Boss Pokémon,"Becoming active at night, it is known to swarm with numerous MURKROW in tow.",murkrow --> honchkrow,2,2,1,1.0,1.0,1.0,2.0,0.5,2.0,1.0,1.0,0.0,1.0,0.0,1.0,2.0,0.5,1.0,0.5,1.0,2.0
431,glameow,glameow,4,normal,,1,"limber, own-tempo",keen-eye,49,0.16,55,0.18,42,0.14,42,0.14,37,0.12,85,0.27,310,speed,97,128,average,255.22,2,slightly_specialized,0.13,bottom_tier,0.17,bottom_tier,1,0,1,0.5,solid,fragile,solid-fragile,0.5,3.9,15.6,light,0,0.75,normal,62.0,77,190,70,20,ground,fast,quadruped,gray,Catty Pokémon,It claws if displeased and purrs when affectionate. Its fickleness is very popular among some.,glameow --> purugly,2,1,0,1.0,1.0,1.0,1.0,1.0,1.0,2.0,1.0,1.0,1.0,1.0,1.0,1.0,0.0,1.0,1.0,1.0,1.0
432,purugly,purugly,4,normal,,1,"thick-fat, own-tempo",defiant,71,0.16,82,0.18,64,0.14,64,0.14,59,0.13,112,0.25,452,speed,146,194,fast,321.89,3,slightly_specialized,0.36,lower_mid_tier,0.44,mid_tier,1,0,1,0.5,solid,midrange,solid-midrange,1.0,43.8,43.8,heavy,0,0.75,normal,158.0,77,75,70,20,ground,fast,quadruped,gray,Tiger Cat Pokémon,It is a brazen brute that barges its way into another Pokémon’s nest and claims it as its own.,glameow --> purugly,2,2,1,1.0,1.0,1.0,1.0,1.0,1.0,2.0,1.0,1.0,1.0,1.0,1.0,1.0,0.0,1.0,1.0,1.0,1.0
433,chingling,chingling,4,psychic,,1,levitate,,45,0.16,30,0.11,50,0.18,65,0.23,50,0.18,45,0.16,285,sp_attack,95,145,slow,106.25,1,balanced,0.08,bottom_tier,0.1,bottom_tier,3,2,0,-2.0,frail,weak_slow,frail-weak_slow,0.2,0.6,15.0,light,0,0.5,normal,57.0,82,120,70,25,no-eggs,fast,humanoid,yellow,Bell Pokémon,It emits cries by agitating an orb at the back of its throat. It moves with flouncing hops.,chingling --> chimecho,2,1,0,1.0,1.0,1.0,1.0,1.0,1.0,0.5,1.0,1.0,1.0,0.5,2.0,1.0,2.0,1.0,2.0,1.0,1.0
434,stunky,stunky,4,poison,dark,2,"stench, aftermath",keen-eye,63,0.19,63,0.19,47,0.14,41,0.12,41,0.12,74,0.22,329,speed,104,151,average,157.47,2,balanced,0.16,bottom_tier,0.22,lower_mid_tier,1,4,1,2.5,iron,fragile,iron-fragile,0.4,19.2,120.0,very_heavy,0,0.5,normal,66.0,94,225,70,20,ground,medium,quadruped,purple,Skunk Pokémon,It protects itself by spraying a noxious fluid from its rear. The stench lingers for 24 hours.,stunky --> skuntank,2,1,0,1.0,1.0,1.0,1.0,0.5,1.0,1.0,0.5,2.0,1.0,0.0,1.0,1.0,0.5,1.0,0.5,1.0,1.0
435,skuntank,skuntank,4,poison,dark,2,"stench, aftermath",keen-eye,103,0.22,93,0.19,67,0.14,71,0.15,61,0.13,84,0.18,479,hp,164,231,average,220.81,2,slightly_specialized,0.4,lower_mid_tier,0.52,mid_tier,1,4,1,2.5,iron,balanced,iron-balanced,1.0,38.0,38.0,heavy,0,0.5,normal,168.0,95,60,70,20,ground,medium,quadruped,purple,Skunk Pokémon,It sprays a vile-smelling fluid from the tip of its tail to attack. Its range is over 160 feet.,stunky --> skuntank,2,2,1,1.0,1.0,1.0,1.0,0.5,1.0,1.0,0.5,2.0,1.0,0.0,1.0,1.0,0.5,1.0,0.5,1.0,1.0
436,bronzor,bronzor,4,steel,psychic,2,"levitate, heatproof",heavy-metal,57,0.19,24,0.08,86,0.29,24,0.08,86,0.29,23,0.08,300,defense,48,229,slow,787.0,5,specialized,0.1,bottom_tier,0.13,bottom_tier,4,9,1,2.0,iron,slow_attacker,iron-slow_attacker,0.5,60.5,242.0,very_heavy,1,0.0,normal,60.0,85,255,70,20,mineral,medium,ball,green,Bronze Pokémon,Implements shaped like it were discovered in ancient tombs. It is unknown if they are related.,bronzor --> bronzong,2,1,0,0.5,2.0,1.0,1.0,0.5,0.5,1.0,0.0,2.0,0.5,0.25,1.0,0.5,2.0,0.5,2.0,0.5,0.5
437,bronzong,bronzong,4,steel,psychic,2,"levitate, heatproof",heavy-metal,67,0.13,89,0.18,116,0.23,79,0.16,116,0.23,33,0.07,500,defense,168,299,slow,830.89,5,specialized,0.5,mid_tier,0.66,upper_mid_tier,4,9,1,2.0,iron,tank,iron-tank,1.3,187.0,110.65,very_heavy,1,0.0,normal,175.0,98,90,70,20,mineral,medium,arms,green,Bronze Bell Pokémon,"One caused a news sensation when it was dug up at a construction site after a 2,000-year sleep.",bronzor --> bronzong,2,2,1,0.5,2.0,1.0,1.0,0.5,0.5,1.0,0.0,2.0,0.5,0.25,1.0,0.5,2.0,0.5,2.0,0.5,0.5
438,bonsly,bonsly,4,rock,,1,"sturdy, rock-head",rattled,50,0.17,80,0.28,95,0.33,10,0.03,45,0.16,10,0.03,290,defense,90,190,slow,1022.22,5,highly_specialized,0.09,bottom_tier,0.11,bottom_tier,5,4,0,-3.0,frail,slow_attacker,frail-slow_attacker,0.5,15.0,60.0,very_heavy,0,0.5,normal,58.0,77,255,70,20,no-eggs,medium,legs,brown,Bonsai Pokémon,It looks as if it is always crying. It is actually adjusting its body’s fluid levels by eliminating excess.,bonsly --> sudowoodo,2,1,0,0.5,0.5,2.0,1.0,2.0,1.0,2.0,0.5,2.0,0.5,1.0,1.0,1.0,1.0,1.0,1.0,2.0,1.0
439,mime-jr,mime-jr,4,psychic,fairy,2,"soundproof, filter",technician,20,0.06,25,0.08,45,0.15,70,0.23,90,0.29,60,0.19,310,sp_defense,95,155,average,605.56,4,specialized,0.13,bottom_tier,0.17,bottom_tier,3,2,1,-0.5,exposed,fragile,exposed-fragile,0.6,13.0,36.11,heavy,0,0.5,normal,62.0,92,145,70,25,no-eggs,medium,humanoid,pink,Mime Pokémon,"It habitually mimics foes. Once mimicked, the foe cannot take its eyes off this Pokémon.",mime-jr --> mr-mime --> mr-rime,3,1,0,1.0,1.0,1.0,1.0,1.0,1.0,0.25,2.0,1.0,1.0,0.5,1.0,1.0,2.0,0.0,1.0,2.0,1.0
440,happiny,happiny,4,normal,,1,"natural-cure, serene-grace",friend-guard,100,0.45,5,0.02,5,0.02,15,0.07,65,0.3,30,0.14,220,hp,20,170,slow,1222.22,5,highly_specialized,0.01,bottom_tier,0.04,bottom_tier,1,0,1,0.5,solid,weak_slow,solid-weak_slow,0.6,24.4,67.78,very_heavy,0,1.0,normal,110.0,80,130,140,40,no-eggs,fast,humanoid,pink,Playhouse Pokémon,It loves round white things. It carries an egg-shaped rock in imitation of CHANSEY.,happiny --> chansey --> blissey,3,1,0,1.0,1.0,1.0,1.0,1.0,1.0,2.0,1.0,1.0,1.0,1.0,1.0,1.0,0.0,1.0,1.0,1.0,1.0
441,chatot,chatot,4,normal,flying,2,"keen-eye, tangled-feet",big-pecks,76,0.18,65,0.16,45,0.11,92,0.22,42,0.1,91,0.22,411,sp_attack,157,163,average,396.92,3,slightly_specialized,0.3,lower_mid_tier,0.36,lower_mid_tier,3,2,2,1.0,solid,midrange,solid-midrange,0.5,1.9,7.6,very_light,0,0.5,normal,144.0,64,30,35,20,flying,medium-slow,wings,black,Music Note Pokémon,"It can learn and speak human words. If they gather, they all learn the same saying.",chatot,1,0,0,1.0,1.0,1.0,2.0,0.5,2.0,1.0,1.0,0.0,1.0,1.0,0.5,2.0,0.0,1.0,1.0,1.0,1.0
442,spiritomb,spiritomb,4,ghost,dark,2,pressure,infiltrator,50,0.1,92,0.19,108,0.22,92,0.19,108,0.22,35,0.07,485,defense,184,266,slow,796.14,5,specialized,0.44,mid_tier,0.55,mid_tier,1,1,3,4.0,iron,bulky_attacker,iron-bulky_attacker,1.0,108.0,108.0,very_heavy,0,0.5,normal,170.0,86,100,70,30,indeterminate,medium,blob,purple,Forbidden Pokémon,A Pokémon that was formed by 108 spirits. It is bound to a fissure in an odd keystone.,spiritomb,1,0,0,0.0,1.0,1.0,1.0,1.0,1.0,0.0,0.5,1.0,1.0,0.0,1.0,1.0,1.0,1.0,1.0,1.0,2.0
443,gible,gible,4,dragon,ground,2,sand-veil,rough-skin,58,0.19,70,0.23,45,0.15,40,0.13,45,0.15,42,0.14,300,attack,110,148,slow,113.0,1,balanced,0.1,bottom_tier,0.13,bottom_tier,3,3,1,0.0,neutral,weak_slow,neutral-weak_slow,0.7,20.5,41.84,heavy,0,0.5,normal,60.0,77,45,70,40,"monster, dragon",slow,upright,blue,Land Shark Pokémon,"It nests in small, horizontal holes in cave walls. It pounces to catch prey that stray too close.",gible --> gabite --> garchomp,3,1,0,1.0,0.5,1.0,0.0,1.0,4.0,1.0,0.5,1.0,1.0,1.0,1.0,0.5,1.0,2.0,1.0,1.0,2.0
444,gabite,gabite,4,dragon,ground,2,sand-veil,rough-skin,68,0.17,90,0.22,65,0.16,50,0.12,55,0.13,82,0.2,410,attack,140,188,average,196.89,2,balanced,0.29,lower_mid_tier,0.35,lower_mid_tier,3,3,1,0.0,neutral,balanced,neutral-balanced,1.4,56.0,28.57,average,0,0.5,normal,144.0,81,45,70,40,"monster, dragon",slow,upright,blue,Cave Pokémon,There is a long-held belief that medicine made from its scales will heal even incurable illnesses.,gible --> gabite --> garchomp,3,2,0,1.0,0.5,1.0,0.0,1.0,4.0,1.0,0.5,1.0,1.0,1.0,1.0,0.5,1.0,2.0,1.0,1.0,2.0
445,garchomp,garchomp,4,dragon,ground,2,sand-veil,rough-skin,108,0.18,130,0.22,95,0.16,80,0.13,85,0.14,102,0.17,600,attack,210,288,fast,269.67,2,slightly_specialized,0.77,upper_mid_tier,0.9,top_tier,3,3,1,0.0,neutral,juggernaut,neutral-juggernaut,1.9,95.0,26.32,average,0,0.5,normal,270.0,93,45,70,40,"monster, dragon",slow,upright,blue,Mach Pokémon,"When it folds up its body and extends its wings, it looks like a jet plane. It flies at sonic speed.",gible --> gabite --> garchomp,3,3,1,1.0,0.5,1.0,0.0,1.0,4.0,1.0,0.5,1.0,1.0,1.0,1.0,0.5,1.0,2.0,1.0,1.0,2.0
445,garchomp,garchomp-mega,4,dragon,ground,2,sand-force,,108,0.15,170,0.24,115,0.16,120,0.17,95,0.14,92,0.13,700,attack,290,318,average,668.56,5,specialized,0.87,top_tier,0.98,top_tier,3,3,1,0.0,neutral,juggernaut,neutral-juggernaut,1.9,95.0,26.32,average,0,0.5,normal,315.0,66,45,70,40,"monster, dragon",slow,upright,blue,Mach Pokémon,"When it folds up its body and extends its wings, it looks like a jet plane. It flies at sonic speed.",gible --> gabite --> garchomp,3,3,1,1.0,0.5,1.0,0.0,1.0,4.0,1.0,0.5,1.0,1.0,1.0,1.0,0.5,1.0,2.0,1.0,1.0,2.0
445,garchomp,garchomp-mega-z,4,dragon,,1,,,108,0.15,130,0.19,85,0.12,141,0.2,85,0.12,151,0.22,700,speed,271,278,fast,671.56,5,specialized,0.87,top_tier,0.98,top_tier,3,4,0,-1.0,exposed,juggernaut,exposed-juggernaut,1.9,99.0,27.42,average,0,0.5,normal,,0,45,70,40,"monster, dragon",slow,upright,blue,Mach Pokémon,"When it folds up its body and extends its wings, it looks like a jet plane. It flies at sonic speed.",gible --> gabite --> garchomp,3,3,1,1.0,0.5,0.5,0.5,0.5,2.0,1.0,1.0,1.0,1.0,1.0,1.0,1.0,1.0,2.0,1.0,1.0,2.0
446,munchlax,munchlax,4,normal,,1,"pickup, thick-fat",gluttony,135,0.35,85,0.22,40,0.1,40,0.1,85,0.22,5,0.01,390,hp,125,260,slow,1758.33,5,extreme,0.25,lower_mid_tier,0.32,lower_mid_tier,1,0,1,0.5,solid,tank,solid-tank,0.6,105.0,291.67,very_heavy,0,0.125,normal,78.0,105,50,70,40,no-eggs,slow,humanoid,black,Big Eater Pokémon,"It wolfs down its weight in food once a day, swallowing food whole with almost no chewing.",munchlax --> snorlax,2,1,0,1.0,1.0,1.0,1.0,1.0,1.0,2.0,1.0,1.0,1.0,1.0,1.0,1.0,0.0,1.0,1.0,1.0,1.0
447,riolu,riolu,4,fighting,,1,"steadfast, inner-focus",prankster,40,0.14,70,0.25,40,0.14,35,0.12,40,0.14,60,0.21,285,attack,105,120,average,164.58,2,balanced,0.08,bottom_tier,0.1,bottom_tier,3,3,0,-1.5,exposed,fragile,exposed-fragile,0.7,20.2,41.22,heavy,0,0.125,normal,57.0,97,75,70,25,no-eggs,medium-slow,upright,blue,Emanation Pokémon,The aura that emanates from its body intensifies to alert others if it is afraid or sad.,riolu --> lucario,2,1,0,1.0,1.0,1.0,1.0,1.0,1.0,1.0,1.0,1.0,2.0,2.0,0.5,0.5,1.0,1.0,0.5,1.0,2.0
448,lucario,lucario,4,fighting,steel,2,"steadfast, inner-focus",justified,70,0.13,110,0.21,70,0.13,115,0.22,70,0.13,90,0.17,525,sp_attack,225,210,average,364.58,3,slightly_specialized,0.61,upper_mid_tier,0.74,upper_mid_tier,3,8,1,2.5,iron,sweeper,iron-sweeper,1.2,54.0,37.5,heavy,0,0.125,normal,184.0,115,45,70,25,"ground, humanshape",medium-slow,upright,blue,Aura Pokémon,It has the ability to sense the auras of all things. It understands human speech.,riolu --> lucario,2,2,1,0.5,2.0,1.0,1.0,0.5,0.5,2.0,0.0,2.0,1.0,1.0,0.25,0.25,1.0,0.5,0.5,0.5,1.0
448,lucario,lucario-mega,4,fighting,steel,2,adaptability,,70,0.11,145,0.23,88,0.14,140,0.22,70,0.11,112,0.18,625,attack,285,228,fast,934.81,5,highly_specialized,0.8,upper_mid_tier,0.93,top_tier,3,8,1,2.5,iron,sweeper,iron-sweeper,1.3,57.5,34.02,heavy,0,0.125,normal,219.0,76,45,70,25,"ground, humanshape",medium-slow,upright,blue,Aura Pokémon,It has the ability to sense the auras of all things. It understands human speech.,riolu --> lucario,2,2,1,0.5,2.0,1.0,1.0,0.5,0.5,2.0,0.0,2.0,1.0,1.0,0.25,0.25,1.0,0.5,0.5,0.5,1.0
448,lucario,lucario-mega-z,4,fighting,steel,2,,,70,0.11,100,0.16,70,0.11,164,0.26,70,0.11,151,0.24,625,sp_attack,264,210,fast,1548.81,5,extreme,0.8,upper_mid_tier,0.93,top_tier,3,8,1,2.5,iron,sweeper,iron-sweeper,1.3,49.4,29.23,average,0,0.125,normal,,0,45,70,25,"ground, humanshape",medium-slow,upright,blue,Aura Pokémon,It has the ability to sense the auras of all things. It understands human speech.,riolu --> lucario,2,2,1,0.5,2.0,1.0,1.0,0.5,0.5,2.0,0.0,2.0,1.0,1.0,0.25,0.25,1.0,0.5,0.5,0.5,1.0
449,hippopotas,hippopotas,4,ground,,1,sand-stream,sand-force,68,0.21,72,0.22,78,0.24,38,0.12,42,0.13,32,0.1,330,defense,110,188,slow,329.0,3,slightly_specialized,0.18,bottom_tier,0.23,lower_mid_tier,3,2,1,-0.5,exposed,slow_attacker,exposed-slow_attacker,0.8,49.5,77.34,very_heavy,0,0.5,normal,66.0,68,140,70,30,ground,slow,quadruped,brown,Hippo Pokémon,"It lives in arid places. Instead of perspiration, it expels grainy sand from its body.",hippopotas --> hippowdon,2,1,0,1.0,1.0,2.0,0.0,2.0,2.0,1.0,0.5,1.0,1.0,1.0,1.0,0.5,1.0,1.0,1.0,1.0,1.0
450,hippowdon,hippowdon,4,ground,,1,sand-stream,sand-force,108,0.21,112,0.21,118,0.22,68,0.13,72,0.14,47,0.09,525,defense,180,298,slow,701.92,5,specialized,0.61,upper_mid_tier,0.74,upper_mid_tier,3,2,1,-0.5,exposed,bulky_attacker,exposed-bulky_attacker,2.0,300.0,75.0,very_heavy,0,0.5,normal,184.0,70,60,70,30,ground,slow,quadruped,brown,Heavyweight Pokémon,It blasts internally stored sand from ports on its body to create a towering twister for attack.,hippopotas --> hippowdon,2,2,1,1.0,1.0,2.0,0.0,2.0,2.0,1.0,0.5,1.0,1.0,1.0,1.0,0.5,1.0,1.0,1.0,1.0,1.0
451,skorupi,skorupi,4,poison,bug,2,"battle-armor, sniper",keen-eye,40,0.12,50,0.15,90,0.27,30,0.09,55,0.17,65,0.2,330,defense,80,185,average,366.67,3,slightly_specialized,0.18,bottom_tier,0.23,lower_mid_tier,4,5,0,-1.5,exposed,fragile,exposed-fragile,0.8,12.0,18.75,light,0,0.5,normal,66.0,77,120,70,20,"bug, water3",slow,armor,purple,Scorpion Pokémon,It grips prey with its tail claws and injects poison. It tenaciously hangs on until the poison takes.,skorupi --> drapion,2,1,0,1.0,2.0,1.0,1.0,0.25,1.0,0.25,0.5,1.0,2.0,2.0,0.5,2.0,1.0,1.0,1.0,1.0,0.5
452,drapion,drapion,4,poison,dark,2,"battle-armor, sniper",keen-eye,70,0.14,90,0.18,110,0.22,60,0.12,75,0.15,95,0.19,500,defense,150,255,average,280.56,3,slightly_specialized,0.5,mid_tier,0.66,upper_mid_tier,1,4,1,2.5,iron,midrange,iron-midrange,1.3,61.5,36.39,heavy,0,0.5,normal,175.0,90,45,70,20,"bug, water3",slow,armor,purple,Ogre Scorpion Pokémon,It has the power in its clawed arms to make scrap of a car. The tips of its claws release poison.,skorupi --> drapion,2,2,1,1.0,1.0,1.0,1.0,0.5,1.0,1.0,0.5,2.0,1.0,0.0,1.0,1.0,0.5,1.0,0.5,1.0,1.0
453,croagunk,croagunk,4,poison,fighting,2,"anticipation, dry-skin",poison-touch,48,0.16,61,0.2,40,0.13,61,0.2,40,0.13,50,0.17,300,attack,122,128,slow,74.33,1,balanced,0.1,bottom_tier,0.13,bottom_tier,3,6,0,0.0,neutral,weak_slow,neutral-weak_slow,0.7,23.0,46.94,very_heavy,0,0.5,normal,60.0,112,140,100,10,humanshape,medium,humanoid,blue,Toxic Mouth Pokémon,Its cheeks hold poison sacs. It tries to catch foes off guard to jab them with toxic fingers.,croagunk --> toxicroak,2,1,0,1.0,1.0,1.0,1.0,0.5,1.0,0.5,0.5,2.0,2.0,4.0,0.25,0.5,1.0,1.0,0.5,1.0,1.0
454,toxicroak,toxicroak,4,poison,fighting,2,"anticipation, dry-skin",poison-touch,83,0.17,106,0.22,65,0.13,86,0.18,65,0.13,85,0.17,490,attack,192,213,average,196.56,2,balanced,0.45,mid_tier,0.58,mid_tier,3,6,0,0.0,neutral,sweeper,neutral-sweeper,1.3,44.4,26.27,average,0,0.5,normal,172.0,108,75,70,20,humanshape,medium,humanoid,blue,Toxic Mouth Pokémon,Its knuckle claws secrete a toxin so vile that even a scratch could prove fatal.,croagunk --> toxicroak,2,2,1,1.0,1.0,1.0,1.0,0.5,1.0,0.5,0.5,2.0,2.0,4.0,0.25,0.5,1.0,1.0,0.5,1.0,1.0
455,carnivine,carnivine,4,grass,,1,levitate,,74,0.16,100,0.22,72,0.16,90,0.2,72,0.16,46,0.1,454,attack,190,218,slow,284.56,3,slightly_specialized,0.37,lower_mid_tier,0.44,mid_tier,5,4,0,-3.0,frail,attacker,frail-attacker,1.4,27.0,13.78,light,0,0.5,normal,159.0,70,200,70,25,plant,slow,tentacles,green,Bug Catcher Pokémon,"It attracts prey with its sweet- smelling saliva, then chomps down. It takes a whole day to eat prey.",carnivine,1,0,0,1.0,2.0,0.5,0.5,0.5,2.0,1.0,2.0,0.5,2.0,1.0,2.0,1.0,1.0,1.0,1.0,1.0,1.0
456,finneon,finneon,4,water,,1,"swift-swim, storm-drain",water-veil,49,0.15,49,0.15,56,0.17,49,0.15,61,0.18,66,0.2,330,speed,98,166,average,44.33,1,balanced,0.18,bottom_tier,0.23,lower_mid_tier,2,4,0,0.0,neutral,fragile,neutral-fragile,0.4,7.0,43.75,heavy,0,0.5,normal,66.0,74,190,70,20,water2,slow-then-very-fast,fish,blue,Wing Fish Pokémon,"After long exposure to sunlight, the patterns on its tail fins shine vividly when darkness arrives.",finneon --> lumineon,2,1,0,1.0,0.5,0.5,2.0,2.0,0.5,1.0,1.0,1.0,1.0,1.0,1.0,1.0,1.0,1.0,1.0,0.5,1.0
457,lumineon,lumineon,4,water,,1,"swift-swim, storm-drain",water-veil,69,0.15,69,0.15,76,0.17,69,0.15,86,0.19,91,0.2,460,speed,138,231,average,78.22,1,balanced,0.38,lower_mid_tier,0.46,mid_tier,2,4,0,0.0,neutral,midrange,neutral-midrange,1.2,24.0,16.67,light,0,0.5,normal,161.0,72,75,70,20,water2,slow-then-very-fast,fish,blue,Neon Pokémon,It lives on the deep-sea floor. It attracts prey by flashing the patterns on its four tail fins.,finneon --> lumineon,2,2,1,1.0,0.5,0.5,2.0,2.0,0.5,1.0,1.0,1.0,1.0,1.0,1.0,1.0,1.0,1.0,1.0,0.5,1.0
458,mantyke,mantyke,4,water,flying,2,"swift-swim, water-absorb",water-veil,45,0.13,20,0.06,50,0.14,60,0.17,120,0.35,50,0.14,345,sp_defense,80,215,slow,931.25,5,highly_specialized,0.21,lower_mid_tier,0.27,lower_mid_tier,2,5,1,2.0,iron,slow_attacker,iron-slow_attacker,1.0,65.0,65.0,very_heavy,0,0.5,normal,69.0,66,25,70,25,no-eggs,slow,wings,blue,Kite Pokémon,A friendly Pokémon that captures the subtle flows of seawater using its two antennae.,mantyke --> mantine,2,1,0,1.0,0.5,0.5,4.0,1.0,1.0,0.5,1.0,0.0,1.0,1.0,0.5,2.0,1.0,1.0,1.0,0.5,1.0
459,snover,snover,4,grass,ice,2,snow-warning,soundproof,60,0.18,62,0.19,50,0.15,62,0.19,60,0.18,40,0.12,334,attack,124,170,slow,65.89,1,balanced,0.19,bottom_tier,0.23,lower_mid_tier,7,4,0,-5.0,frail,weak_slow,frail-weak_slow,1.0,50.5,50.5,very_heavy,0,0.5,normal,67.0,76,120,70,20,"monster, plant",slow,upright,white,Frost Tree Pokémon,"It lives on snowy mountains. Having had little contact with humans, it is boldly inquisitive.",snover --> abomasnow,2,1,0,1.0,4.0,0.5,0.5,0.5,1.0,2.0,2.0,0.5,2.0,1.0,2.0,2.0,1.0,1.0,1.0,2.0,1.0
460,abomasnow,abomasnow,4,grass,ice,2,snow-warning,soundproof,90,0.18,92,0.19,75,0.15,92,0.19,85,0.17,60,0.12,494,attack,184,250,average,134.22,2,balanced,0.45,mid_tier,0.59,mid_tier,7,4,0,-5.0,frail,attacker,frail-attacker,2.2,135.5,28.0,average,0,0.5,normal,173.0,95,60,70,20,"monster, plant",slow,upright,white,Frost Tree Pokémon,It whips up blizzards in mountains that are always buried in snow. It is the abominable snowman.,snover --> abomasnow,2,2,1,1.0,4.0,0.5,0.5,0.5,1.0,2.0,2.0,0.5,2.0,1.0,2.0,2.0,1.0,1.0,1.0,2.0,1.0
460,abomasnow,abomasnow-mega,4,grass,ice,2,snow-warning,,90,0.15,132,0.22,105,0.18,132,0.22,105,0.18,30,0.05,594,attack,264,300,slow,1182.0,5,highly_specialized,0.75,upper_mid_tier,0.88,top_tier,7,4,0,-5.0,frail,bulky_attacker,frail-bulky_attacker,2.7,185.0,25.38,average,0,0.5,normal,208.0,62,60,70,20,"monster, plant",slow,upright,white,Frost Tree Pokémon,It whips up blizzards in mountains that are always buried in snow. It is the abominable snowman.,snover --> abomasnow,2,2,1,1.0,4.0,0.5,0.5,0.5,1.0,2.0,2.0,0.5,2.0,1.0,2.0,2.0,1.0,1.0,1.0,2.0,1.0
461,weavile,weavile,4,dark,ice,2,pressure,pickpocket,70,0.14,120,0.24,65,0.13,45,0.09,85,0.17,125,0.25,510,speed,165,220,fast,841.67,5,specialized,0.52,mid_tier,0.7,upper_mid_tier,6,3,1,-3.0,frail,midrange,frail-midrange,1.1,34.0,28.1,average,0,0.5,normal,179.0,108,45,35,20,ground,medium-slow,upright,black,Sharp Claw Pokémon,"They live in cold regions, forming groups of four or five that hunt prey with impressive coordination.",sneasel --> weavile,2,2,1,1.0,2.0,1.0,1.0,1.0,0.5,4.0,1.0,1.0,1.0,0.0,2.0,2.0,0.5,1.0,0.5,2.0,2.0
462,magnezone,magnezone,4,electric,steel,2,"magnet-pull, sturdy",analytic,70,0.13,70,0.13,115,0.21,130,0.24,90,0.17,60,0.11,535,sp_attack,200,275,average,653.47,5,specialized,0.67,upper_mid_tier,0.78,upper_mid_tier,3,11,1,4.0,iron,bulky_attacker,iron-bulky_attacker,1.2,180.0,125.0,very_heavy,1,0.0,normal,241.0,81,30,70,20,mineral,medium,arms,gray,Magnet Area Pokémon,It evolved from exposure to a special magnetic field. Three units generate magnetism.,magnemite --> magneton --> magnezone,3,3,1,0.5,2.0,1.0,0.5,0.5,0.5,2.0,0.0,4.0,0.25,0.5,0.5,0.5,1.0,0.5,1.0,0.25,0.5
463,lickilicky,lickilicky,4,normal,,1,"own-tempo, oblivious",cloud-nine,110,0.21,85,0.17,95,0.18,80,0.16,95,0.18,50,0.1,515,hp,165,300,slow,345.14,3,slightly_specialized,0.53,mid_tier,0.72,upper_mid_tier,1,0,1,0.5,solid,tank,solid-tank,1.7,140.0,48.44,very_heavy,0,0.5,normal,180.0,102,30,70,20,monster,medium,humanoid,pink,Licking Pokémon,It wraps things with its extensible tongue. Getting too close to it will leave you soaked with drool.,lickitung --> lickilicky,2,2,1,1.0,1.0,1.0,1.0,1.0,1.0,2.0,1.0,1.0,1.0,1.0,1.0,1.0,0.0,1.0,1.0,1.0,1.0
464,rhyperior,rhyperior,4,ground,rock,2,"lightning-rod, solid-rock",reckless,115,0.21,140,0.26,130,0.24,55,0.1,55,0.1,40,0.07,535,attack,195,300,slow,1611.81,5,extreme,0.67,upper_mid_tier,0.78,upper_mid_tier,6,5,1,-2.0,frail,bulky_attacker,frail-bulky_attacker,2.4,282.8,49.1,very_heavy,0,0.5,normal,241.0,128,30,70,20,"monster, ground",slow,upright,gray,Drill Pokémon,It puts rocks in holes in its palms and uses its muscles to shoot them. GEODUDE are shot at rare times.,rhyhorn --> rhydon --> rhyperior,3,3,1,0.5,0.5,4.0,0.0,4.0,2.0,2.0,0.25,2.0,0.5,1.0,1.0,0.5,1.0,1.0,1.0,2.0,1.0
465,tangrowth,tangrowth,4,grass,,1,"chlorophyll, leaf-guard",regenerator,100,0.19,100,0.19,125,0.23,110,0.21,50,0.09,50,0.09,535,defense,210,275,slow,836.81,5,specialized,0.67,upper_mid_tier,0.78,upper_mid_tier,5,4,0,-3.0,frail,bulky_attacker,frail-bulky_attacker,2.0,128.6,32.15,heavy,0,0.5,normal,187.0,84,30,70,20,plant,medium,humanoid,blue,Vine Pokémon,It ensnares prey by extending arms made of vines. Losing arms to predators does not trouble it.,tangela --> tangrowth,2,2,1,1.0,2.0,0.5,0.5,0.5,2.0,1.0,2.0,0.5,2.0,1.0,2.0,1.0,1.0,1.0,1.0,1.0,1.0
466,electivire,electivire,4,electric,,1,motor-drive,vital-spirit,75,0.14,123,0.23,67,0.12,95,0.18,85,0.16,95,0.18,540,attack,218,227,average,319.67,3,slightly_specialized,0.69,upper_mid_tier,0.79,upper_mid_tier,1,3,0,0.5,solid,sweeper,solid-sweeper,1.8,138.6,42.78,heavy,0,0.25,normal,243.0,98,30,70,25,humanshape,medium,upright,yellow,Thunderbolt Pokémon,"As its electric charge amplifies, blue sparks begin to crackle between its horns.",elekid --> electabuzz --> electivire,3,3,1,1.0,1.0,1.0,0.5,1.0,1.0,1.0,1.0,2.0,0.5,1.0,1.0,1.0,1.0,1.0,1.0,0.5,1.0
467,magmortar,magmortar,4,fire,,1,flame-body,vital-spirit,75,0.14,95,0.18,67,0.12,125,0.23,95,0.18,83,0.15,540,sp_attack,220,237,average,346.33,3,slightly_specialized,0.69,upper_mid_tier,0.79,upper_mid_tier,3,6,0,0.0,neutral,attacker,neutral-attacker,1.6,68.0,26.56,average,0,0.25,normal,243.0,102,30,70,25,humanshape,medium,upright,red,Blast Pokémon,"It blasts fireballs of over 3,600 degrees F from the ends of its arms. It lives in volcanic craters.",magby --> magmar --> magmortar,3,3,1,1.0,0.5,2.0,1.0,0.5,0.5,1.0,1.0,2.0,1.0,1.0,0.5,2.0,1.0,1.0,1.0,0.5,0.5
468,togekiss,togekiss,4,fairy,flying,2,"hustle, serene-grace",super-luck,85,0.16,50,0.09,95,0.17,120,0.22,115,0.21,80,0.15,545,sp_attack,170,295,average,545.14,4,specialized,0.69,upper_mid_tier,0.79,upper_mid_tier,5,4,2,0.0,neutral,bulky,neutral-bulky,1.5,38.0,16.89,light,0,0.125,normal,245.0,118,30,70,10,"flying, fairy",fast,wings,white,Jubilee Pokémon,It will never appear where there is strife. Its sightings have become rare recently.,togepi --> togetic --> togekiss,3,3,1,1.0,1.0,1.0,2.0,0.5,2.0,0.25,2.0,0.0,1.0,1.0,0.25,2.0,1.0,0.0,0.5,2.0,1.0
469,yanmega,yanmega,4,bug,flying,2,"speed-boost, tinted-lens",frisk,86,0.17,76,0.15,86,0.17,116,0.23,56,0.11,95,0.18,515,sp_attack,192,228,average,330.14,3,slightly_specialized,0.53,mid_tier,0.72,upper_mid_tier,5,3,1,-2.0,frail,sweeper,frail-sweeper,1.9,51.5,14.27,light,0,0.5,normal,180.0,79,30,70,20,bug,medium,bug-wings,green,Ogre Darner Pokémon,"By churning its wings, it creates shock waves that inflict critical internal injuries to foes.",yanma --> yanmega,2,2,1,1.0,2.0,1.0,2.0,0.25,2.0,0.25,1.0,0.0,2.0,1.0,0.5,4.0,1.0,1.0,1.0,1.0,1.0
470,leafeon,leafeon,4,grass,,1,leaf-guard,chlorophyll,65,0.12,110,0.21,130,0.25,60,0.11,65,0.12,95,0.18,525,defense,170,260,average,689.58,5,specialized,0.61,upper_mid_tier,0.74,upper_mid_tier,5,4,0,-3.0,frail,bulky_speedster,frail-bulky_speedster,1.0,25.5,25.5,average,0,0.125,normal,184.0,90,45,35,35,ground,medium,quadruped,green,Verdant Pokémon,"Just like a plant, it uses photosynthesis. As a result, it is always enveloped in clear air.",eevee --> vaporeon,2,2,1,1.0,2.0,0.5,0.5,0.5,2.0,1.0,2.0,0.5,2.0,1.0,2.0,1.0,1.0,1.0,1.0,1.0,1.0
471,glaceon,glaceon,4,ice,,1,snow-cloak,ice-body,65,0.12,60,0.11,110,0.21,130,0.25,95,0.18,65,0.12,525,sp_attack,190,270,average,689.58,5,specialized,0.61,upper_mid_tier,0.74,upper_mid_tier,4,1,0,-3.5,frail,bulky_attacker,frail-bulky_attacker,0.8,25.9,40.47,heavy,0,0.125,normal,184.0,87,45,35,35,ground,medium,quadruped,blue,Fresh Snow Pokémon,"As a protective technique, it can completely freeze its fur to make its hairs stand like needles.",eevee --> vaporeon,2,2,1,1.0,2.0,1.0,1.0,1.0,0.5,2.0,1.0,1.0,1.0,1.0,1.0,2.0,1.0,1.0,1.0,2.0,1.0
472,gliscor,gliscor,4,ground,flying,2,"hyper-cutter, sand-veil",poison-heal,75,0.15,95,0.19,125,0.25,45,0.09,75,0.15,95,0.19,510,defense,140,275,average,600.0,4,specialized,0.52,mid_tier,0.7,upper_mid_tier,2,3,2,2.5,iron,bulky_speedster,iron-bulky_speedster,2.0,42.5,10.62,very_light,0,0.5,normal,179.0,110,30,70,20,bug,medium-slow,wings,purple,Fang Scorpion Pokémon,"It observes prey while hanging inverted from branches. When the chance presents itself, it swoops!",gligar --> gliscor,2,2,1,1.0,1.0,2.0,0.0,1.0,4.0,0.5,0.5,0.0,1.0,1.0,0.5,1.0,1.0,1.0,1.0,1.0,1.0
473,mamoswine,mamoswine,4,ice,ground,2,"oblivious, snow-cloak",thick-fat,110,0.21,130,0.25,80,0.15,70,0.13,60,0.11,80,0.15,530,attack,200,250,average,580.56,4,specialized,0.64,upper_mid_tier,0.76,upper_mid_tier,5,1,1,-3.0,frail,attacker,frail-attacker,2.5,291.0,46.56,heavy,0,0.5,normal,239.0,91,50,70,20,ground,slow,quadruped,brown,Twin Tusk Pokémon,Its impressive tusks are made of ice. The population thinned when it turned warm after the ice age.,swinub --> piloswine --> mamoswine,3,3,1,1.0,2.0,2.0,0.0,2.0,1.0,2.0,0.5,1.0,1.0,1.0,1.0,1.0,1.0,1.0,1.0,2.0,1.0
474,porygon-z,porygon-z,4,normal,,1,"adaptability, download",analytic,85,0.16,80,0.15,70,0.13,135,0.25,75,0.14,90,0.17,535,sp_attack,215,230,average,461.81,4,slightly_specialized,0.67,upper_mid_tier,0.78,upper_mid_tier,1,0,1,0.5,solid,sweeper,solid-sweeper,0.9,34.0,41.98,heavy,1,0.0,normal,241.0,80,30,70,20,mineral,medium,arms,red,Virtual Pokémon,"Additional software was installed to make it a better Pokémon. It began acting oddly, however.",porygon --> porygon2 --> porygon-z,3,3,1,1.0,1.0,1.0,1.0,1.0,1.0,2.0,1.0,1.0,1.0,1.0,1.0,1.0,0.0,1.0,1.0,1.0,1.0
475,gallade,gallade,4,psychic,fighting,2,"steadfast, sharpness",justified,68,0.13,125,0.24,65,0.13,65,0.13,115,0.22,80,0.15,518,attack,190,248,average,600.56,4,specialized,0.55,mid_tier,0.72,upper_mid_tier,3,2,0,-2.0,frail,attacker,frail-attacker,1.6,52.0,20.31,light,0,0.0,normal,233.0,145,45,35,20,"humanshape, indeterminate",slow,humanoid,white,Blade Pokémon,"A master of courtesy and swordsmanship, it fights using extending swords on its elbows.",ralts --> kirlia --> gardevoir,3,3,1,1.0,1.0,1.0,1.0,1.0,1.0,0.5,1.0,1.0,2.0,1.0,1.0,0.5,2.0,1.0,1.0,1.0,2.0
475,gallade,gallade-mega,4,psychic,fighting,2,inner-focus,,68,0.11,165,0.27,95,0.15,65,0.11,115,0.19,110,0.18,618,attack,230,278,fast,1128.33,5,highly_specialized,0.79,upper_mid_tier,0.93,top_tier,3,2,0,-2.0,frail,juggernaut,frail-juggernaut,1.6,56.4,22.03,light,0,0.0,normal,278.0,101,45,35,20,"humanshape, indeterminate",slow,humanoid,white,Blade Pokémon,"A master of courtesy and swordsmanship, it fights using extending swords on its elbows.",ralts --> kirlia --> gardevoir,3,3,1,1.0,1.0,1.0,1.0,1.0,1.0,0.5,1.0,1.0,2.0,1.0,1.0,0.5,2.0,1.0,1.0,1.0,2.0
476,probopass,probopass,4,rock,steel,2,"sturdy, magnet-pull",sand-force,60,0.11,55,0.1,145,0.28,75,0.14,150,0.29,40,0.08,525,sp_defense,130,355,slow,1906.25,5,extreme,0.61,upper_mid_tier,0.74,upper_mid_tier,3,8,1,2.5,iron,tank,iron-tank,1.4,340.0,173.47,very_heavy,0,0.5,normal,184.0,90,60,70,20,mineral,medium,heads,gray,Compass Pokémon,It freely controls three small units called Mini-Noses using magnetic force.,nosepass --> probopass,2,2,1,0.25,1.0,2.0,1.0,1.0,0.5,4.0,0.0,4.0,0.25,0.5,0.5,0.5,1.0,0.5,1.0,1.0,0.5
477,dusknoir,dusknoir,4,ghost,,1,pressure,frisk,45,0.09,100,0.19,135,0.26,65,0.12,135,0.26,45,0.09,525,defense,165,315,slow,1464.58,5,extreme,0.61,upper_mid_tier,0.74,upper_mid_tier,2,2,2,2.0,iron,tank,iron-tank,2.2,106.6,22.02,light,0,0.5,normal,236.0,103,45,35,25,indeterminate,fast,arms,black,Gripper Pokémon,The antenna on its head captures radio waves from the world of spirits that command it to take people there.,duskull --> dusclops --> dusknoir,3,3,1,0.0,1.0,1.0,1.0,1.0,1.0,0.0,0.5,1.0,1.0,1.0,0.5,1.0,2.0,1.0,2.0,1.0,1.0
478,froslass,froslass,4,ice,ghost,2,snow-cloak,cursed-body,70,0.15,80,0.17,70,0.15,80,0.17,70,0.15,110,0.23,480,speed,160,210,fast,200.0,2,slightly_specialized,0.42,mid_tier,0.53,mid_tier,5,3,2,-0.5,exposed,midrange,exposed-midrange,1.3,26.6,15.74,light,0,1.0,normal,168.0,95,75,70,20,"fairy, mineral",medium,arms,white,Snow Land Pokémon,It freezes foes with an icy breath nearly -60 degrees F. What seems to be its body is actually hollow.,snorunt --> glalie,2,2,1,0.0,2.0,1.0,1.0,1.0,0.5,0.0,0.5,1.0,1.0,1.0,0.5,2.0,2.0,1.0,2.0,2.0,1.0
478,froslass,froslass-mega,4,ice,ghost,2,,,70,0.12,80,0.14,70,0.12,140,0.24,100,0.17,120,0.21,580,sp_attack,220,240,fast,688.89,5,specialized,0.72,upper_mid_tier,0.86,top_tier,5,3,2,-0.5,exposed,sweeper,exposed-sweeper,2.6,29.6,4.38,very_light,0,1.0,normal,,0,75,70,20,"fairy, mineral",medium,arms,white,Snow Land Pokémon,It freezes foes with an icy breath nearly -60 degrees F. What seems to be its body is actually hollow.,snorunt --> glalie,2,2,1,0.0,2.0,1.0,1.0,1.0,0.5,0.0,0.5,1.0,1.0,1.0,0.5,2.0,2.0,1.0,2.0,2.0,1.0
479,rotom,rotom,4,electric,ghost,2,levitate,,50,0.11,50,0.11,77,0.18,95,0.22,77,0.18,91,0.21,440,sp_attack,145,204,average,316.22,3,slightly_specialized,0.34,lower_mid_tier,0.42,mid_tier,3,5,2,2.5,iron,midrange,iron-midrange,0.3,0.3,3.33,very_light,1,0.0,normal,154.0,66,45,70,20,indeterminate,medium,ball,red,Plasma Pokémon,Its body is composed of plasma. It is known to infiltrate electronic devices and wreak havoc.,rotom,1,0,0,0.0,1.0,1.0,0.5,1.0,1.0,0.0,0.5,2.0,0.5,1.0,0.5,1.0,2.0,1.0,2.0,0.5,1.0
479,rotom,rotom-heat,4,electric,fire,2,levitate,,50,0.1,65,0.12,107,0.21,105,0.2,107,0.21,86,0.17,520,defense,170,264,average,496.22,4,slightly_specialized,0.56,mid_tier,0.73,upper_mid_tier,3,8,0,1.0,solid,bulky_speedster,solid-bulky_speedster,0.3,0.3,3.33,very_light,1,0.0,normal,182.0,67,45,70,20,indeterminate,medium,ball,red,Plasma Pokémon,Its body is composed of plasma. It is known to infiltrate electronic devices and wreak havoc.,rotom,1,0,0,1.0,0.5,2.0,0.5,0.5,0.5,1.0,1.0,4.0,0.5,1.0,0.5,2.0,1.0,1.0,1.0,0.25,0.5
479,rotom,rotom-wash,4,electric,water,2,levitate,,50,0.1,65,0.12,107,0.21,105,0.2,107,0.21,86,0.17,520,defense,170,264,average,496.22,4,slightly_specialized,0.56,mid_tier,0.73,upper_mid_tier,2,5,0,0.5,solid,bulky_speedster,solid-bulky_speedster,0.3,0.3,3.33,very_light,1,0.0,normal,182.0,67,45,70,20,indeterminate,medium,ball,red,Plasma Pokémon,Its body is composed of plasma. It is known to infiltrate electronic devices and wreak havoc.,rotom,1,0,0,1.0,0.5,0.5,1.0,2.0,0.5,1.0,1.0,2.0,0.5,1.0,1.0,1.0,1.0,1.0,1.0,0.25,1.0
479,rotom,rotom-frost,4,electric,ice,2,levitate,,50,0.1,65,0.12,107,0.21,105,0.2,107,0.21,86,0.17,520,defense,170,264,average,496.22,4,slightly_specialized,0.56,mid_tier,0.73,upper_mid_tier,4,3,0,-2.5,frail,bulky_speedster,frail-bulky_speedster,0.3,0.3,3.33,very_light,1,0.0,normal,182.0,67,45,70,20,indeterminate,medium,ball,red,Plasma Pokémon,Its body is composed of plasma. It is known to infiltrate electronic devices and wreak havoc.,rotom,1,0,0,1.0,2.0,1.0,0.5,1.0,0.5,2.0,1.0,2.0,0.5,1.0,1.0,2.0,1.0,1.0,1.0,1.0,1.0
479,rotom,rotom-fan,4,electric,flying,2,levitate,,50,0.1,65,0.12,107,0.21,105,0.2,107,0.21,86,0.17,520,defense,170,264,average,496.22,4,slightly_specialized,0.56,mid_tier,0.73,upper_mid_tier,2,5,1,2.0,iron,bulky_speedster,iron-bulky_speedster,0.3,0.3,3.33,very_light,1,0.0,normal,182.0,67,45,70,20,indeterminate,medium,ball,red,Plasma Pokémon,Its body is composed of plasma. It is known to infiltrate electronic devices and wreak havoc.,rotom,1,0,0,1.0,1.0,1.0,1.0,0.5,2.0,0.5,1.0,0.0,0.5,1.0,0.5,2.0,1.0,1.0,1.0,0.5,1.0
479,rotom,rotom-mow,4,electric,grass,2,levitate,,50,0.1,65,0.12,107,0.21,105,0.2,107,0.21,86,0.17,520,defense,170,264,average,496.22,4,slightly_specialized,0.56,mid_tier,0.73,upper_mid_tier,4,4,0,-2.0,frail,bulky_speedster,frail-bulky_speedster,0.3,0.3,3.33,very_light,1,0.0,normal,182.0,67,45,70,20,indeterminate,medium,ball,red,Plasma Pokémon,Its body is composed of plasma. It is known to infiltrate electronic devices and wreak havoc.,rotom,1,0,0,1.0,2.0,0.5,0.25,0.5,2.0,1.0,2.0,1.0,1.0,1.0,2.0,1.0,1.0,1.0,1.0,0.5,1.0
480,uxie,uxie,4,psychic,,1,levitate,,75,0.13,75,0.13,130,0.22,75,0.13,130,0.22,95,0.16,580,defense,150,335,average,605.56,4,specialized,0.72,upper_mid_tier,0.86,top_tier,3,2,0,-2.0,frail,bulky_speedster,frail-bulky_speedster,0.3,0.3,3.33,very_light,1,0.0,legendary,261.0,99,3,140,80,no-eggs,slow,upright,yellow,Knowledge Pokémon,Known as “The Being of Knowledge.” It is said that it can wipe out the memory of those who see its eyes.,uxie,1,0,0,1.0,1.0,1.0,1.0,1.0,1.0,0.5,1.0,1.0,1.0,0.5,2.0,1.0,2.0,1.0,2.0,1.0,1.0
481,mesprit,mesprit,4,psychic,,1,levitate,,80,0.14,105,0.18,105,0.18,105,0.18,105,0.18,80,0.14,580,attack,210,290,average,138.89,2,balanced,0.72,upper_mid_tier,0.86,top_tier,3,2,0,-2.0,frail,bulky_attacker,frail-bulky_attacker,0.3,0.3,3.33,very_light,1,0.0,legendary,261.0,99,3,140,80,no-eggs,slow,upright,pink,Emotion Pokémon,"Known as “The Being of Emotion.” It taught humans the nobility of sorrow, pain, and joy.",mesprit,1,0,0,1.0,1.0,1.0,1.0,1.0,1.0,0.5,1.0,1.0,1.0,0.5,2.0,1.0,2.0,1.0,2.0,1.0,1.0
482,azelf,azelf,4,psychic,,1,levitate,,75,0.13,125,0.22,70,0.12,125,0.22,70,0.12,115,0.2,580,attack,250,215,fast,638.89,4,specialized,0.72,upper_mid_tier,0.86,top_tier,3,2,0,-2.0,frail,sweeper,frail-sweeper,0.3,0.3,3.33,very_light,1,0.0,legendary,261.0,101,3,140,80,no-eggs,slow,upright,blue,Willpower Pokémon,Known as “The Being of Willpower.” It sleeps at the bottom of a lake to keep the world in balance.,azelf,1,0,0,1.0,1.0,1.0,1.0,1.0,1.0,0.5,1.0,1.0,1.0,0.5,2.0,1.0,2.0,1.0,2.0,1.0,1.0
483,dialga,dialga,4,steel,dragon,2,pressure,telepathy,100,0.15,120,0.18,120,0.18,150,0.22,100,0.15,90,0.13,680,sp_attack,270,320,average,388.89,3,slightly_specialized,0.83,top_tier,0.96,top_tier,2,9,1,4.0,iron,juggernaut,iron-juggernaut,5.4,683.0,23.42,average,1,0.0,legendary,306.0,92,3,0,120,no-eggs,slow,quadruped,white,Temporal Pokémon,It has the power to control time. It appears in Sinnoh-region myths as an ancient deity.,dialga,1,0,0,0.5,1.0,0.5,0.5,0.25,1.0,2.0,0.0,2.0,0.5,0.5,0.5,0.5,1.0,1.0,1.0,0.5,1.0
483,dialga,dialga-origin,4,steel,dragon,2,pressure,telepathy,100,0.15,100,0.15,120,0.18,150,0.22,120,0.18,90,0.13,680,sp_attack,250,340,average,388.89,3,slightly_specialized,0.83,top_tier,0.96,top_tier,2,9,1,4.0,iron,juggernaut,iron-juggernaut,7.0,848.7,17.32,light,1,0.0,legendary,306.0,59,3,0,120,no-eggs,slow,quadruped,white,Temporal Pokémon,It has the power to control time. It appears in Sinnoh-region myths as an ancient deity.,dialga,1,0,0,0.5,1.0,0.5,0.5,0.25,1.0,2.0,0.0,2.0,0.5,0.5,0.5,0.5,1.0,1.0,1.0,0.5,1.0
484,palkia,palkia,4,water,dragon,2,pressure,telepathy,90,0.13,120,0.18,100,0.15,150,0.22,120,0.18,100,0.15,680,sp_attack,270,310,fast,388.89,3,slightly_specialized,0.83,top_tier,0.96,top_tier,2,3,0,-0.5,exposed,juggernaut,exposed-juggernaut,4.2,336.0,19.05,light,1,0.0,legendary,306.0,98,3,0,120,no-eggs,slow,upright,purple,Spatial Pokémon,It has the ability to distort space. It is described as a deity in Sinnoh-region mythology.,palkia,1,0,0,1.0,0.25,0.25,1.0,1.0,1.0,1.0,1.0,1.0,1.0,1.0,1.0,1.0,1.0,2.0,1.0,0.5,2.0
484,palkia,palkia-origin,4,water,dragon,2,pressure,telepathy,90,0.13,100,0.15,100,0.15,150,0.22,120,0.18,120,0.18,680,sp_attack,250,310,fast,388.89,3,slightly_specialized,0.83,top_tier,0.96,top_tier,2,3,0,-0.5,exposed,juggernaut,exposed-juggernaut,6.3,659.0,16.6,light,1,0.0,legendary,306.0,63,3,0,120,no-eggs,slow,upright,purple,Spatial Pokémon,It has the ability to distort space. It is described as a deity in Sinnoh-region mythology.,palkia,1,0,0,1.0,0.25,0.25,1.0,1.0,1.0,1.0,1.0,1.0,1.0,1.0,1.0,1.0,1.0,2.0,1.0,0.5,2.0
485,heatran,heatran,4,fire,steel,2,flash-fire,flame-body,91,0.15,90,0.15,106,0.18,130,0.22,106,0.18,77,0.13,600,sp_attack,220,303,average,280.33,3,slightly_specialized,0.77,upper_mid_tier,0.9,top_tier,3,9,1,3.0,iron,bulky_attacker,iron-bulky_attacker,1.7,430.0,148.79,very_heavy,0,0.5,legendary,270.0,86,3,100,10,no-eggs,slow,quadruped,brown,Lava Dome Pokémon,It dwells in volcanic caves. It digs in with its cross-shaped feet to crawl on ceilings and walls.,heatran,1,0,0,0.5,1.0,2.0,1.0,0.25,0.25,2.0,0.0,4.0,0.5,0.5,0.25,1.0,1.0,0.5,1.0,0.25,0.25
485,heatran,heatran-mega,4,fire,steel,2,,,91,0.13,120,0.17,106,0.15,175,0.25,141,0.2,67,0.1,700,sp_attack,295,338,average,1207.56,5,highly_specialized,0.87,top_tier,0.98,top_tier,3,9,1,3.0,iron,bulky_attacker,iron-bulky_attacker,2.8,570.0,72.7,very_heavy,0,0.5,legendary,,0,3,100,10,no-eggs,slow,quadruped,brown,Lava Dome Pokémon,It dwells in volcanic caves. It digs in with its cross-shaped feet to crawl on ceilings and walls.,heatran,1,0,0,0.5,1.0,2.0,1.0,0.25,0.25,2.0,0.0,4.0,0.5,0.5,0.25,1.0,1.0,0.5,1.0,0.25,0.25
486,regigigas,regigigas,4,normal,,1,slow-start,,110,0.16,160,0.24,110,0.16,80,0.12,110,0.16,100,0.15,670,attack,240,330,fast,580.56,4,specialized,0.81,top_tier,0.95,top_tier,1,0,1,0.5,solid,juggernaut,solid-juggernaut,3.7,420.0,30.68,average,1,0.0,legendary,302.0,85,3,0,120,no-eggs,slow,humanoid,white,Colossal Pokémon,There is an enduring legend that states this Pokémon towed continents with ropes.,regigigas,1,0,0,1.0,1.0,1.0,1.0,1.0,1.0,2.0,1.0,1.0,1.0,1.0,1.0,1.0,0.0,1.0,1.0,1.0,1.0
487,giratina,giratina-altered,4,ghost,dragon,2,pressure,telepathy,150,0.22,100,0.15,120,0.18,100,0.15,120,0.18,90,0.13,680,hp,200,390,average,388.89,3,slightly_specialized,0.83,top_tier,0.96,top_tier,5,6,2,1.0,solid,juggernaut,solid-juggernaut,4.5,750.0,37.04,heavy,1,0.0,legendary,306.0,95,3,0,120,no-eggs,slow,tentacles,black,Renegade Pokémon,A Pokémon that is said to live in a world on the reverse side of ours. It appears in an ancient cemetery.,giratina,1,0,0,0.0,0.5,0.5,0.5,0.5,2.0,0.0,0.5,1.0,1.0,1.0,0.5,1.0,2.0,2.0,2.0,1.0,2.0
487,giratina,giratina-origin,4,ghost,dragon,2,levitate,,150,0.22,120,0.18,100,0.15,120,0.18,100,0.15,90,0.13,680,hp,240,350,average,388.89,3,slightly_specialized,0.83,top_tier,0.96,top_tier,5,6,2,1.0,solid,juggernaut,solid-juggernaut,6.9,650.0,13.65,light,1,0.0,legendary,340.0,97,3,0,120,no-eggs,slow,tentacles,black,Renegade Pokémon,A Pokémon that is said to live in a world on the reverse side of ours. It appears in an ancient cemetery.,giratina,1,0,0,0.0,0.5,0.5,0.5,0.5,2.0,0.0,0.5,1.0,1.0,1.0,0.5,1.0,2.0,2.0,2.0,1.0,2.0
488,cresselia,cresselia,4,psychic,,1,levitate,,120,0.21,70,0.12,110,0.19,75,0.13,120,0.21,85,0.15,580,hp,145,350,average,430.56,4,slightly_specialized,0.72,upper_mid_tier,0.86,top_tier,3,2,0,-2.0,frail,bulky_speedster,frail-bulky_speedster,1.5,85.6,38.04,heavy,0,1.0,legendary,270.0,82,3,100,120,no-eggs,slow,squiggle,yellow,Lunar Pokémon,Shiny particles are released from its wings like a veil. It is said to represent the crescent moon.,cresselia,1,0,0,1.0,1.0,1.0,1.0,1.0,1.0,0.5,1.0,1.0,1.0,0.5,2.0,1.0,2.0,1.0,2.0,1.0,1.0
489,phione,phione,4,water,,1,hydration,,80,0.17,80,0.17,80,0.17,80,0.17,80,0.17,80,0.17,480,hp,160,240,average,0.0,1,balanced,0.42,mid_tier,0.53,mid_tier,2,4,0,0.0,neutral,balanced,neutral-balanced,0.4,3.1,19.37,light,1,0.0,mythical,216.0,68,30,70,40,"water1, fairy",slow,arms,blue,Sea Drifter Pokémon,"It drifts in warm seas. It always returns to where it was born, no matter how far it may have drifted.",phione --> manaphy,2,1,0,1.0,0.5,0.5,2.0,2.0,0.5,1.0,1.0,1.0,1.0,1.0,1.0,1.0,1.0,1.0,1.0,0.5,1.0
490,manaphy,manaphy,4,water,,1,hydration,,100,0.17,100,0.17,100,0.17,100,0.17,100,0.17,100,0.17,600,hp,200,300,fast,0.0,1,balanced,0.77,upper_mid_tier,0.9,top_tier,2,4,0,0.0,neutral,juggernaut,neutral-juggernaut,0.3,1.4,15.56,light,1,0.0,mythical,270.0,83,3,70,10,"water1, fairy",slow,humanoid,blue,Seafaring Pokémon,"Born on a cold seafloor, it will swim great distances to return to its birthplace.",phione --> manaphy,2,2,1,1.0,0.5,0.5,2.0,2.0,0.5,1.0,1.0,1.0,1.0,1.0,1.0,1.0,1.0,1.0,1.0,0.5,1.0
491,darkrai,darkrai,4,dark,,1,bad-dreams,,70,0.12,90,0.15,90,0.15,135,0.22,90,0.15,125,0.21,600,sp_attack,225,250,fast,508.33,4,specialized,0.77,upper_mid_tier,0.9,top_tier,3,2,1,-0.5,exposed,sweeper,exposed-sweeper,1.5,50.5,22.44,light,1,0.0,mythical,270.0,94,3,0,120,no-eggs,slow,humanoid,black,Pitch-Black Pokémon,It can lull people to sleep and make them dream. It is active during nights of the new moon.,darkrai,1,0,0,1.0,1.0,1.0,1.0,1.0,1.0,2.0,1.0,1.0,1.0,0.0,2.0,1.0,0.5,1.0,0.5,1.0,2.0
491,darkrai,darkrai-mega,4,dark,,1,,,70,0.1,120,0.17,130,0.19,165,0.24,130,0.19,85,0.12,700,sp_attack,285,330,average,980.56,5,highly_specialized,0.87,top_tier,0.98,top_tier,3,2,1,-0.5,exposed,juggernaut,exposed-juggernaut,3.0,240.0,26.67,average,1,0.0,mythical,,0,3,0,120,no-eggs,slow,humanoid,black,Pitch-Black Pokémon,It can lull people to sleep and make them dream. It is active during nights of the new moon.,darkrai,1,0,0,1.0,1.0,1.0,1.0,1.0,1.0,2.0,1.0,1.0,1.0,0.0,2.0,1.0,0.5,1.0,0.5,1.0,2.0
492,shaymin,shaymin-land,4,grass,,1,natural-cure,,100,0.17,100,0.17,100,0.17,100,0.17,100,0.17,100,0.17,600,hp,200,300,fast,0.0,1,balanced,0.77,upper_mid_tier,0.9,top_tier,5,4,0,-3.0,frail,juggernaut,frail-juggernaut,0.2,2.1,52.5,very_heavy,1,0.0,mythical,270.0,76,45,100,120,no-eggs,medium-slow,quadruped,green,Gratitude Pokémon,It lives in flower patches and avoids detection by curling up to look like a flowering plant.,shaymin,1,0,0,1.0,2.0,0.5,0.5,0.5,2.0,1.0,2.0,0.5,2.0,1.0,2.0,1.0,1.0,1.0,1.0,1.0,1.0
492,shaymin,shaymin-sky,4,grass,flying,2,serene-grace,,100,0.17,103,0.17,75,0.12,120,0.2,75,0.12,127,0.21,600,speed,223,250,fast,398.0,3,slightly_specialized,0.77,upper_mid_tier,0.9,top_tier,5,3,1,-2.0,frail,sweeper,frail-sweeper,0.4,5.2,32.5,heavy,1,0.0,mythical,270.0,68,45,100,120,no-eggs,medium-slow,quadruped,green,Gratitude Pokémon,It lives in flower patches and avoids detection by curling up to look like a flowering plant.,shaymin,1,0,0,1.0,2.0,0.5,1.0,0.25,4.0,0.5,2.0,0.0,2.0,1.0,1.0,2.0,1.0,1.0,1.0,1.0,1.0
493,arceus,arceus-normal,4,normal,,1,multitype,,120,0.17,120,0.17,120,0.17,120,0.17,120,0.17,120,0.17,720,hp,240,360,fast,0.0,1,balanced,0.94,top_tier,0.99,top_tier,1,0,1,0.5,solid,juggernaut,solid-juggernaut,3.2,320.0,31.25,average,1,0.0,mythical,324.0,173,3,0,120,no-eggs,slow,quadruped,white,Alpha Pokémon,"It is described in mythology as the Pokémon that shaped the universe with its 1,000 arms.",arceus,1,0,0,1.0,1.0,1.0,1.0,1.0,1.0,2.0,1.0,1.0,1.0,1.0,1.0,1.0,0.0,1.0,1.0,1.0,1.0
493,arceus,arceus-bug,4,normal,,1,multitype,,120,0.17,120,0.17,120,0.17,120,0.17,120,0.17,120,0.17,720,hp,240,360,fast,0.0,1,balanced,0.94,top_tier,0.99,top_tier,1,0,1,0.5,solid,juggernaut,solid-juggernaut,3.2,320.0,31.25,average,1,0.0,mythical,324.0,173,3,0,120,no-eggs,slow,quadruped,white,Alpha Pokémon,"It is described in mythology as the Pokémon that shaped the universe with its 1,000 arms.",arceus,1,0,0,1.0,1.0,1.0,1.0,1.0,1.0,2.0,1.0,1.0,1.0,1.0,1.0,1.0,0.0,1.0,1.0,1.0,1.0
493,arceus,arceus-dark,4,normal,,1,multitype,,120,0.17,120,0.17,120,0.17,120,0.17,120,0.17,120,0.17,720,hp,240,360,fast,0.0,1,balanced,0.94,top_tier,0.99,top_tier,1,0,1,0.5,solid,juggernaut,solid-juggernaut,3.2,320.0,31.25,average,1,0.0,mythical,324.0,173,3,0,120,no-eggs,slow,quadruped,white,Alpha Pokémon,"It is described in mythology as the Pokémon that shaped the universe with its 1,000 arms.",arceus,1,0,0,1.0,1.0,1.0,1.0,1.0,1.0,2.0,1.0,1.0,1.0,1.0,1.0,1.0,0.0,1.0,1.0,1.0,1.0
493,arceus,arceus-dragon,4,normal,,1,multitype,,120,0.17,120,0.17,120,0.17,120,0.17,120,0.17,120,0.17,720,hp,240,360,fast,0.0,1,balanced,0.94,top_tier,0.99,top_tier,1,0,1,0.5,solid,juggernaut,solid-juggernaut,3.2,320.0,31.25,average,1,0.0,mythical,324.0,173,3,0,120,no-eggs,slow,quadruped,white,Alpha Pokémon,"It is described in mythology as the Pokémon that shaped the universe with its 1,000 arms.",arceus,1,0,0,1.0,1.0,1.0,1.0,1.0,1.0,2.0,1.0,1.0,1.0,1.0,1.0,1.0,0.0,1.0,1.0,1.0,1.0
493,arceus,arceus-electric,4,normal,,1,multitype,,120,0.17,120,0.17,120,0.17,120,0.17,120,0.17,120,0.17,720,hp,240,360,fast,0.0,1,balanced,0.94,top_tier,0.99,top_tier,1,0,1,0.5,solid,juggernaut,solid-juggernaut,3.2,320.0,31.25,average,1,0.0,mythical,324.0,173,3,0,120,no-eggs,slow,quadruped,white,Alpha Pokémon,"It is described in mythology as the Pokémon that shaped the universe with its 1,000 arms.",arceus,1,0,0,1.0,1.0,1.0,1.0,1.0,1.0,2.0,1.0,1.0,1.0,1.0,1.0,1.0,0.0,1.0,1.0,1.0,1.0
493,arceus,arceus-fighting,4,normal,,1,multitype,,120,0.17,120,0.17,120,0.17,120,0.17,120,0.17,120,0.17,720,hp,240,360,fast,0.0,1,balanced,0.94,top_tier,0.99,top_tier,1,0,1,0.5,solid,juggernaut,solid-juggernaut,3.2,320.0,31.25,average,1,0.0,mythical,324.0,173,3,0,120,no-eggs,slow,quadruped,white,Alpha Pokémon,"It is described in mythology as the Pokémon that shaped the universe with its 1,000 arms.",arceus,1,0,0,1.0,1.0,1.0,1.0,1.0,1.0,2.0,1.0,1.0,1.0,1.0,1.0,1.0,0.0,1.0,1.0,1.0,1.0
493,arceus,arceus-fire,4,normal,,1,multitype,,120,0.17,120,0.17,120,0.17,120,0.17,120,0.17,120,0.17,720,hp,240,360,fast,0.0,1,balanced,0.94,top_tier,0.99,top_tier,1,0,1,0.5,solid,juggernaut,solid-juggernaut,3.2,320.0,31.25,average,1,0.0,mythical,324.0,173,3,0,120,no-eggs,slow,quadruped,white,Alpha Pokémon,"It is described in mythology as the Pokémon that shaped the universe with its 1,000 arms.",arceus,1,0,0,1.0,1.0,1.0,1.0,1.0,1.0,2.0,1.0,1.0,1.0,1.0,1.0,1.0,0.0,1.0,1.0,1.0,1.0
493,arceus,arceus-flying,4,normal,,1,multitype,,120,0.17,120,0.17,120,0.17,120,0.17,120,0.17,120,0.17,720,hp,240,360,fast,0.0,1,balanced,0.94,top_tier,0.99,top_tier,1,0,1,0.5,solid,juggernaut,solid-juggernaut,3.2,320.0,31.25,average,1,0.0,mythical,324.0,173,3,0,120,no-eggs,slow,quadruped,white,Alpha Pokémon,"It is described in mythology as the Pokémon that shaped the universe with its 1,000 arms.",arceus,1,0,0,1.0,1.0,1.0,1.0,1.0,1.0,2.0,1.0,1.0,1.0,1.0,1.0,1.0,0.0,1.0,1.0,1.0,1.0
493,arceus,arceus-ghost,4,normal,,1,multitype,,120,0.17,120,0.17,120,0.17,120,0.17,120,0.17,120,0.17,720,hp,240,360,fast,0.0,1,balanced,0.94,top_tier,0.99,top_tier,1,0,1,0.5,solid,juggernaut,solid-juggernaut,3.2,320.0,31.25,average,1,0.0,mythical,324.0,173,3,0,120,no-eggs,slow,quadruped,white,Alpha Pokémon,"It is described in mythology as the Pokémon that shaped the universe with its 1,000 arms.",arceus,1,0,0,1.0,1.0,1.0,1.0,1.0,1.0,2.0,1.0,1.0,1.0,1.0,1.0,1.0,0.0,1.0,1.0,1.0,1.0
493,arceus,arceus-grass,4,normal,,1,multitype,,120,0.17,120,0.17,120,0.17,120,0.17,120,0.17,120,0.17,720,hp,240,360,fast,0.0,1,balanced,0.94,top_tier,0.99,top_tier,1,0,1,0.5,solid,juggernaut,solid-juggernaut,3.2,320.0,31.25,average,1,0.0,mythical,324.0,173,3,0,120,no-eggs,slow,quadruped,white,Alpha Pokémon,"It is described in mythology as the Pokémon that shaped the universe with its 1,000 arms.",arceus,1,0,0,1.0,1.0,1.0,1.0,1.0,1.0,2.0,1.0,1.0,1.0,1.0,1.0,1.0,0.0,1.0,1.0,1.0,1.0
493,arceus,arceus-ground,4,normal,,1,multitype,,120,0.17,120,0.17,120,0.17,120,0.17,120,0.17,120,0.17,720,hp,240,360,fast,0.0,1,balanced,0.94,top_tier,0.99,top_tier,1,0,1,0.5,solid,juggernaut,solid-juggernaut,3.2,320.0,31.25,average,1,0.0,mythical,324.0,173,3,0,120,no-eggs,slow,quadruped,white,Alpha Pokémon,"It is described in mythology as the Pokémon that shaped the universe with its 1,000 arms.",arceus,1,0,0,1.0,1.0,1.0,1.0,1.0,1.0,2.0,1.0,1.0,1.0,1.0,1.0,1.0,0.0,1.0,1.0,1.0,1.0
493,arceus,arceus-ice,4,normal,,1,multitype,,120,0.17,120,0.17,120,0.17,120,0.17,120,0.17,120,0.17,720,hp,240,360,fast,0.0,1,balanced,0.94,top_tier,0.99,top_tier,1,0,1,0.5,solid,juggernaut,solid-juggernaut,3.2,320.0,31.25,average,1,0.0,mythical,324.0,173,3,0,120,no-eggs,slow,quadruped,white,Alpha Pokémon,"It is described in mythology as the Pokémon that shaped the universe with its 1,000 arms.",arceus,1,0,0,1.0,1.0,1.0,1.0,1.0,1.0,2.0,1.0,1.0,1.0,1.0,1.0,1.0,0.0,1.0,1.0,1.0,1.0
493,arceus,arceus-poison,4,normal,,1,multitype,,120,0.17,120,0.17,120,0.17,120,0.17,120,0.17,120,0.17,720,hp,240,360,fast,0.0,1,balanced,0.94,top_tier,0.99,top_tier,1,0,1,0.5,solid,juggernaut,solid-juggernaut,3.2,320.0,31.25,average,1,0.0,mythical,324.0,173,3,0,120,no-eggs,slow,quadruped,white,Alpha Pokémon,"It is described in mythology as the Pokémon that shaped the universe with its 1,000 arms.",arceus,1,0,0,1.0,1.0,1.0,1.0,1.0,1.0,2.0,1.0,1.0,1.0,1.0,1.0,1.0,0.0,1.0,1.0,1.0,1.0
493,arceus,arceus-psychic,4,normal,,1,multitype,,120,0.17,120,0.17,120,0.17,120,0.17,120,0.17,120,0.17,720,hp,240,360,fast,0.0,1,balanced,0.94,top_tier,0.99,top_tier,1,0,1,0.5,solid,juggernaut,solid-juggernaut,3.2,320.0,31.25,average,1,0.0,mythical,324.0,173,3,0,120,no-eggs,slow,quadruped,white,Alpha Pokémon,"It is described in mythology as the Pokémon that shaped the universe with its 1,000 arms.",arceus,1,0,0,1.0,1.0,1.0,1.0,1.0,1.0,2.0,1.0,1.0,1.0,1.0,1.0,1.0,0.0,1.0,1.0,1.0,1.0
493,arceus,arceus-rock,4,normal,,1,multitype,,120,0.17,120,0.17,120,0.17,120,0.17,120,0.17,120,0.17,720,hp,240,360,fast,0.0,1,balanced,0.94,top_tier,0.99,top_tier,1,0,1,0.5,solid,juggernaut,solid-juggernaut,3.2,320.0,31.25,average,1,0.0,mythical,324.0,173,3,0,120,no-eggs,slow,quadruped,white,Alpha Pokémon,"It is described in mythology as the Pokémon that shaped the universe with its 1,000 arms.",arceus,1,0,0,1.0,1.0,1.0,1.0,1.0,1.0,2.0,1.0,1.0,1.0,1.0,1.0,1.0,0.0,1.0,1.0,1.0,1.0
493,arceus,arceus-steel,4,normal,,1,multitype,,120,0.17,120,0.17,120,0.17,120,0.17,120,0.17,120,0.17,720,hp,240,360,fast,0.0,1,balanced,0.94,top_tier,0.99,top_tier,1,0,1,0.5,solid,juggernaut,solid-juggernaut,3.2,320.0,31.25,average,1,0.0,mythical,324.0,173,3,0,120,no-eggs,slow,quadruped,white,Alpha Pokémon,"It is described in mythology as the Pokémon that shaped the universe with its 1,000 arms.",arceus,1,0,0,1.0,1.0,1.0,1.0,1.0,1.0,2.0,1.0,1.0,1.0,1.0,1.0,1.0,0.0,1.0,1.0,1.0,1.0
493,arceus,arceus-water,4,normal,,1,multitype,,120,0.17,120,0.17,120,0.17,120,0.17,120,0.17,120,0.17,720,hp,240,360,fast,0.0,1,balanced,0.94,top_tier,0.99,top_tier,1,0,1,0.5,solid,juggernaut,solid-juggernaut,3.2,320.0,31.25,average,1,0.0,mythical,324.0,173,3,0,120,no-eggs,slow,quadruped,white,Alpha Pokémon,"It is described in mythology as the Pokémon that shaped the universe with its 1,000 arms.",arceus,1,0,0,1.0,1.0,1.0,1.0,1.0,1.0,2.0,1.0,1.0,1.0,1.0,1.0,1.0,0.0,1.0,1.0,1.0,1.0
493,arceus,arceus-unknown,4,normal,,1,multitype,,120,0.17,120,0.17,120,0.17,120,0.17,120,0.17,120,0.17,720,hp,240,360,fast,0.0,1,balanced,0.94,top_tier,0.99,top_tier,1,0,1,0.5,solid,juggernaut,solid-juggernaut,3.2,320.0,31.25,average,1,0.0,mythical,324.0,173,3,0,120,no-eggs,slow,quadruped,white,Alpha Pokémon,"It is described in mythology as the Pokémon that shaped the universe with its 1,000 arms.",arceus,1,0,0,1.0,1.0,1.0,1.0,1.0,1.0,2.0,1.0,1.0,1.0,1.0,1.0,1.0,0.0,1.0,1.0,1.0,1.0
493,arceus,arceus-fairy,4,normal,,1,multitype,,120,0.17,120,0.17,120,0.17,120,0.17,120,0.17,120,0.17,720,hp,240,360,fast,0.0,1,balanced,0.94,top_tier,0.99,top_tier,1,0,1,0.5,solid,juggernaut,solid-juggernaut,3.2,320.0,31.25,average,1,0.0,mythical,324.0,173,3,0,120,no-eggs,slow,quadruped,white,Alpha Pokémon,"It is described in mythology as the Pokémon that shaped the universe with its 1,000 arms.",arceus,1,0,0,1.0,1.0,1.0,1.0,1.0,1.0,2.0,1.0,1.0,1.0,1.0,1.0,1.0,0.0,1.0,1.0,1.0,1.0
494,victini,victini,5,psychic,fire,2,victory-star,,100,0.17,100,0.17,100,0.17,100,0.17,100,0.17,100,0.17,600,hp,200,300,fast,0.0,1,balanced,0.93,top_tier,0.9,top_tier,5,7,0,-1.5,exposed,juggernaut,exposed-juggernaut,0.4,4.0,25.0,average,1,0.0,mythical,270.0,94,3,100,120,no-eggs,slow,humanoid,yellow,Victory Pokémon,"This Pokémon brings victory. It is said that Trainers with Victini always win, regardless of the type of encounter.",victini,1,0,0,1.0,0.5,2.0,1.0,0.5,0.5,0.5,1.0,2.0,1.0,0.5,1.0,2.0,2.0,1.0,2.0,0.5,0.5
495,snivy,snivy,5,grass,,1,overgrow,contrary,45,0.15,45,0.15,55,0.18,45,0.15,55,0.18,63,0.2,308,speed,90,155,average,47.22,1,balanced,0.16,bottom_tier,0.16,bottom_tier,5,4,0,-3.0,frail,fragile,frail-fragile,0.6,8.1,22.5,average,0,0.125,normal,62.0,77,45,70,20,"ground, plant",medium-slow,upright,green,Grass Snake Pokémon,It is very intelligent and calm. Being exposed to lots of sunlight makes its movements swifter.,snivy --> servine --> serperior,3,1,0,1.0,2.0,0.5,0.5,0.5,2.0,1.0,2.0,0.5,2.0,1.0,2.0,1.0,1.0,1.0,1.0,1.0,1.0
496,servine,servine,5,grass,,1,overgrow,contrary,60,0.15,60,0.15,75,0.18,60,0.15,75,0.18,83,0.2,413,speed,120,210,average,85.14,1,balanced,0.39,lower_mid_tier,0.37,lower_mid_tier,5,4,0,-3.0,frail,midrange,frail-midrange,0.8,16.0,25.0,average,0,0.125,normal,145.0,74,45,70,20,"ground, plant",medium-slow,upright,green,Grass Snake Pokémon,"It moves along the ground as if sliding. Its swift movements befuddle its foes, and it then attacks with a vine whip.",snivy --> servine --> serperior,3,2,0,1.0,2.0,0.5,0.5,0.5,2.0,1.0,2.0,0.5,2.0,1.0,2.0,1.0,1.0,1.0,1.0,1.0,1.0
497,serperior,serperior,5,grass,,1,overgrow,contrary,75,0.14,75,0.14,95,0.18,75,0.14,95,0.18,113,0.21,528,speed,150,265,fast,205.0,2,slightly_specialized,0.79,upper_mid_tier,0.75,upper_mid_tier,5,4,0,-3.0,frail,bulky_speedster,frail-bulky_speedster,3.3,63.0,5.79,very_light,0,0.125,normal,238.0,87,45,70,20,"ground, plant",medium-slow,squiggle,green,Regal Pokémon,It can stop its opponents’ movements with just a glare. It takes in solar energy and boosts it internally.,snivy --> servine --> serperior,3,3,1,1.0,2.0,0.5,0.5,0.5,2.0,1.0,2.0,0.5,2.0,1.0,2.0,1.0,1.0,1.0,1.0,1.0,1.0
498,tepig,tepig,5,fire,,1,blaze,thick-fat,65,0.21,63,0.2,45,0.15,45,0.15,45,0.15,45,0.15,308,hp,108,155,slow,80.56,1,balanced,0.16,bottom_tier,0.16,bottom_tier,3,6,0,0.0,neutral,weak_slow,neutral-weak_slow,0.5,9.9,39.6,heavy,0,0.125,normal,62.0,72,45,70,20,ground,medium-slow,quadruped,red,Fire Pig Pokémon,It can deftly dodge its foe’s attacks while shooting fireballs from its nose. It roasts berries before it eats them.,tepig --> pignite --> emboar,3,1,0,1.0,0.5,2.0,1.0,0.5,0.5,1.0,1.0,2.0,1.0,1.0,0.5,2.0,1.0,1.0,1.0,0.5,0.5
499,pignite,pignite,5,fire,fighting,2,blaze,thick-fat,90,0.22,93,0.22,55,0.13,70,0.17,55,0.13,55,0.13,418,attack,163,200,slow,267.22,2,slightly_specialized,0.4,lower_mid_tier,0.38,lower_mid_tier,4,6,0,-1.0,exposed,slow_attacker,exposed-slow_attacker,1.0,55.5,55.5,very_heavy,0,0.125,normal,146.0,91,45,70,20,ground,medium-slow,upright,red,Fire Pig Pokémon,"When its internal fire flares up, its movements grow sharper and faster. When in trouble, it emits smoke.",tepig --> pignite --> emboar,3,2,0,1.0,0.5,2.0,1.0,0.5,0.5,1.0,1.0,2.0,2.0,2.0,0.25,1.0,1.0,1.0,0.5,0.5,1.0
500,emboar,emboar,5,fire,fighting,2,blaze,reckless,110,0.21,123,0.23,65,0.12,100,0.19,65,0.12,65,0.12,528,attack,223,240,average,573.33,4,specialized,0.79,upper_mid_tier,0.75,upper_mid_tier,4,6,0,-1.0,exposed,attacker,exposed-attacker,1.6,150.0,58.59,very_heavy,0,0.125,normal,238.0,102,45,70,20,ground,medium-slow,upright,red,Mega Fire Pig Pokémon,It can throw a fire punch by setting its fists on fire with its fiery chin. It cares deeply about its friends.,tepig --> pignite --> emboar,3,3,1,1.0,0.5,2.0,1.0,0.5,0.5,1.0,1.0,2.0,2.0,2.0,0.25,1.0,1.0,1.0,0.5,0.5,1.0
500,emboar,emboar-mega,5,fire,fighting,2,,,110,0.18,148,0.24,75,0.12,110,0.18,110,0.18,75,0.12,628,attack,258,295,average,620.56,4,specialized,0.97,top_tier,0.93,top_tier,4,6,0,-1.0,exposed,bulky_attacker,exposed-bulky_attacker,1.8,180.3,55.65,very_heavy,0,0.125,normal,,0,45,70,20,ground,medium-slow,upright,red,Mega Fire Pig Pokémon,It can throw a fire punch by setting its fists on fire with its fiery chin. It cares deeply about its friends.,tepig --> pignite --> emboar,3,3,1,1.0,0.5,2.0,1.0,0.5,0.5,1.0,1.0,2.0,2.0,2.0,0.25,1.0,1.0,1.0,0.5,0.5,1.0
501,oshawott,oshawott,5,water,,1,torrent,shell-armor,55,0.18,55,0.18,45,0.15,63,0.2,45,0.15,45,0.15,308,sp_attack,118,145,slow,47.22,1,balanced,0.16,bottom_tier,0.16,bottom_tier,2,4,0,0.0,neutral,weak_slow,neutral-weak_slow,0.5,5.9,23.6,average,0,0.125,normal,62.0,78,45,70,20,ground,medium-slow,upright,blue,Sea Otter Pokémon,"It fights using the scalchop on its stomach. In response to an attack, it retaliates immediately by slashing.",oshawott --> dewott --> samurott,3,1,0,1.0,0.5,0.5,2.0,2.0,0.5,1.0,1.0,1.0,1.0,1.0,1.0,1.0,1.0,1.0,1.0,0.5,1.0
502,dewott,dewott,5,water,,1,torrent,shell-armor,75,0.18,75,0.18,60,0.15,83,0.2,60,0.15,60,0.15,413,sp_attack,158,195,average,85.14,1,balanced,0.39,lower_mid_tier,0.37,lower_mid_tier,2,4,0,0.0,neutral,balanced,neutral-balanced,0.8,24.5,38.28,heavy,0,0.125,normal,145.0,77,45,70,20,ground,medium-slow,upright,blue,Discipline Pokémon,Strict training is how it learns its flowing double-scalchop technique.,oshawott --> dewott --> samurott,3,2,0,1.0,0.5,0.5,2.0,2.0,0.5,1.0,1.0,1.0,1.0,1.0,1.0,1.0,1.0,1.0,1.0,0.5,1.0
503,samurott,samurott,5,water,,1,torrent,shell-armor,95,0.18,100,0.19,85,0.16,108,0.2,70,0.13,70,0.13,528,sp_attack,208,250,average,208.33,2,slightly_specialized,0.79,upper_mid_tier,0.75,upper_mid_tier,2,4,0,0.0,neutral,attacker,neutral-attacker,1.5,94.6,42.04,heavy,0,0.125,normal,238.0,95,45,70,20,ground,medium-slow,quadruped,blue,Formidable Pokémon,One swing of the sword incorporated in its armor can fell an opponent. A simple glare from one of them quiets everybody.,oshawott --> dewott --> samurott,3,3,1,1.0,0.5,0.5,2.0,2.0,0.5,1.0,1.0,1.0,1.0,1.0,1.0,1.0,1.0,1.0,1.0,0.5,1.0
503,samurott,samurott-hisui,5,water,dark,2,torrent,sharpness,90,0.17,108,0.2,80,0.15,100,0.19,65,0.12,85,0.16,528,attack,208,235,average,191.67,2,balanced,0.79,upper_mid_tier,0.75,upper_mid_tier,5,6,1,-0.5,exposed,sweeper,exposed-sweeper,1.5,58.2,25.87,average,0,0.125,normal,238.0,66,45,70,20,ground,medium-slow,quadruped,blue,Formidable Pokémon,One swing of the sword incorporated in its armor can fell an opponent. A simple glare from one of them quiets everybody.,oshawott --> dewott --> samurott,3,3,1,1.0,0.5,0.5,2.0,2.0,0.5,2.0,1.0,1.0,1.0,0.0,2.0,1.0,0.5,1.0,0.5,0.5,2.0
504,patrat,patrat,5,normal,,1,"run-away, keen-eye",analytic,45,0.18,55,0.22,39,0.15,35,0.14,39,0.15,42,0.16,255,attack,90,123,slow,40.58,1,balanced,0.01,bottom_tier,0.07,bottom_tier,1,0,1,0.5,solid,weak_slow,solid-weak_slow,0.5,11.6,46.4,heavy,0,0.5,normal,51.0,63,255,70,15,ground,medium,quadruped,brown,Scout Pokémon,"Using food stored in cheek pouches, they can keep watch for days. They use their tails to communicate with others.",patrat --> watchog,2,1,0,1.0,1.0,1.0,1.0,1.0,1.0,2.0,1.0,1.0,1.0,1.0,1.0,1.0,0.0,1.0,1.0,1.0,1.0
505,watchog,watchog,5,normal,,1,"illuminate, keen-eye",analytic,60,0.14,85,0.2,69,0.16,60,0.14,69,0.16,77,0.18,420,attack,145,198,average,79.33,1,balanced,0.41,mid_tier,0.39,lower_mid_tier,1,0,1,0.5,solid,balanced,solid-balanced,1.1,27.0,22.31,light,0,0.5,normal,147.0,77,255,70,20,ground,medium,upright,brown,Lookout Pokémon,"When they see an enemy, their tails stand high, and they spit the seeds of berries stored in their cheek pouches.",patrat --> watchog,2,2,1,1.0,1.0,1.0,1.0,1.0,1.0,2.0,1.0,1.0,1.0,1.0,1.0,1.0,0.0,1.0,1.0,1.0,1.0
506,lillipup,lillipup,5,normal,,1,"vital-spirit, pickup",run-away,45,0.16,60,0.22,45,0.16,25,0.09,45,0.16,55,0.2,275,attack,85,135,slow,120.14,1,balanced,0.03,bottom_tier,0.09,bottom_tier,1,0,1,0.5,solid,weak_slow,solid-weak_slow,0.4,4.1,25.62,average,0,0.5,normal,55.0,60,255,70,15,ground,medium-slow,quadruped,brown,Puppy Pokémon,"It faces strong opponents with great courage. But, when at a disadvantage in a fight, this intelligent Pokémon flees.",lillipup --> herdier --> stoutland,3,1,0,1.0,1.0,1.0,1.0,1.0,1.0,2.0,1.0,1.0,1.0,1.0,1.0,1.0,0.0,1.0,1.0,1.0,1.0
507,herdier,herdier,5,normal,,1,"intimidate, sand-rush",scrappy,65,0.18,80,0.22,65,0.18,35,0.09,65,0.18,60,0.16,370,attack,115,195,average,180.56,2,balanced,0.33,lower_mid_tier,0.3,lower_mid_tier,1,0,1,0.5,solid,midrange,solid-midrange,0.9,14.7,18.15,light,0,0.5,normal,130.0,56,120,70,15,ground,medium-slow,quadruped,gray,Loyal Dog Pokémon,"It has black, cape-like fur that is very hard and decreases the amount of damage it receives.",lillipup --> herdier --> stoutland,3,2,0,1.0,1.0,1.0,1.0,1.0,1.0,2.0,1.0,1.0,1.0,1.0,1.0,1.0,0.0,1.0,1.0,1.0,1.0
508,stoutland,stoutland,5,normal,,1,"intimidate, sand-rush",scrappy,85,0.17,110,0.22,90,0.18,45,0.09,90,0.18,80,0.16,500,attack,155,265,average,380.56,3,slightly_specialized,0.7,upper_mid_tier,0.66,upper_mid_tier,1,0,1,0.5,solid,bulky,solid-bulky,1.2,61.0,42.36,heavy,0,0.5,normal,225.0,61,45,70,15,ground,medium-slow,quadruped,gray,Big-Hearted Pokémon,It rescues people stranded by blizzards in the mountains. Its shaggy fur shields it from the cold.,lillipup --> herdier --> stoutland,3,3,1,1.0,1.0,1.0,1.0,1.0,1.0,2.0,1.0,1.0,1.0,1.0,1.0,1.0,0.0,1.0,1.0,1.0,1.0
509,purrloin,purrloin,5,dark,,1,"limber, unburden",prankster,41,0.15,50,0.18,37,0.13,50,0.18,37,0.13,66,0.23,281,speed,100,115,average,102.47,1,balanced,0.05,bottom_tier,0.1,bottom_tier,3,2,1,-0.5,exposed,fragile,exposed-fragile,0.4,10.1,63.12,very_heavy,0,0.5,normal,56.0,74,255,70,20,ground,medium,quadruped,purple,Devious Pokémon,"They steal from people for fun, but their victims can’t help but forgive them. Their deceptively cute act is perfect.",purrloin --> liepard,2,1,0,1.0,1.0,1.0,1.0,1.0,1.0,2.0,1.0,1.0,1.0,0.0,2.0,1.0,0.5,1.0,0.5,1.0,2.0
510,liepard,liepard,5,dark,,1,"limber, unburden",prankster,64,0.14,88,0.2,50,0.11,88,0.2,50,0.11,106,0.24,446,speed,176,164,fast,444.56,4,slightly_specialized,0.44,mid_tier,0.43,mid_tier,3,2,1,-0.5,exposed,midrange,exposed-midrange,1.1,37.5,30.99,average,0,0.5,normal,156.0,77,90,70,20,ground,medium,quadruped,purple,Cruel Pokémon,These Pokémon vanish and appear unexpectedly. Many Trainers are drawn to their beautiful form and fur.,purrloin --> liepard,2,2,1,1.0,1.0,1.0,1.0,1.0,1.0,2.0,1.0,1.0,1.0,0.0,2.0,1.0,0.5,1.0,0.5,1.0,2.0
511,pansage,pansage,5,grass,,1,gluttony,overgrow,50,0.16,53,0.17,48,0.15,53,0.17,48,0.15,64,0.2,316,speed,106,146,average,29.89,1,balanced,0.19,bottom_tier,0.19,bottom_tier,5,4,0,-3.0,frail,fragile,frail-fragile,0.6,10.5,29.17,average,0,0.125,normal,63.0,72,190,70,20,ground,medium,upright,green,Grass Monkey Pokémon,This Pokémon dwells deep in the forest. Eating a leaf from its head whisks weariness away as if by magic.,pansage --> simisage,2,1,0,1.0,2.0,0.5,0.5,0.5,2.0,1.0,2.0,0.5,2.0,1.0,2.0,1.0,1.0,1.0,1.0,1.0,1.0
512,simisage,simisage,5,grass,,1,gluttony,overgrow,75,0.15,98,0.2,63,0.13,98,0.2,63,0.13,101,0.2,498,speed,196,201,fast,273.0,2,slightly_specialized,0.69,upper_mid_tier,0.64,upper_mid_tier,5,4,0,-3.0,frail,sweeper,frail-sweeper,1.1,30.5,25.21,average,0,0.125,normal,174.0,64,75,70,20,ground,medium,upright,green,Thorn Monkey Pokémon,"Ill tempered, it fights by swinging its barbed tail around wildly. The leaf growing on its head is very bitter.",pansage --> simisage,2,2,1,1.0,2.0,0.5,0.5,0.5,2.0,1.0,2.0,0.5,2.0,1.0,2.0,1.0,1.0,1.0,1.0,1.0,1.0
513,pansear,pansear,5,fire,,1,gluttony,blaze,50,0.16,53,0.17,48,0.15,53,0.17,48,0.15,64,0.2,316,speed,106,146,average,29.89,1,balanced,0.19,bottom_tier,0.19,bottom_tier,3,6,0,0.0,neutral,fragile,neutral-fragile,0.6,11.0,30.56,average,0,0.125,normal,63.0,72,190,70,20,ground,medium,upright,red,High Temp Pokémon,"When it is angered, the temperature of its head tuft reaches 600° F. It uses its tuft to roast berries.",pansear --> simisear,2,1,0,1.0,0.5,2.0,1.0,0.5,0.5,1.0,1.0,2.0,1.0,1.0,0.5,2.0,1.0,1.0,1.0,0.5,0.5
514,simisear,simisear,5,fire,,1,gluttony,blaze,75,0.15,98,0.2,63,0.13,98,0.2,63,0.13,101,0.2,498,speed,196,201,fast,273.0,2,slightly_specialized,0.69,upper_mid_tier,0.64,upper_mid_tier,3,6,0,0.0,neutral,sweeper,neutral-sweeper,1.0,28.0,28.0,average,0,0.125,normal,174.0,66,75,70,20,ground,medium,upright,red,Ember Pokémon,It loves sweets because they become energy for the fire burning inside its body.,pansear --> simisear,2,2,1,1.0,0.5,2.0,1.0,0.5,0.5,1.0,1.0,2.0,1.0,1.0,0.5,2.0,1.0,1.0,1.0,0.5,0.5
515,panpour,panpour,5,water,,1,gluttony,torrent,50,0.16,53,0.17,48,0.15,53,0.17,48,0.15,64,0.2,316,speed,106,146,average,29.89,1,balanced,0.19,bottom_tier,0.19,bottom_tier,2,4,0,0.0,neutral,fragile,neutral-fragile,0.6,13.5,37.5,heavy,0,0.125,normal,63.0,74,190,70,20,ground,medium,upright,blue,Spray Pokémon,The water stored inside the tuft on its head is full of nutrients. Plants that receive its water grow large.,panpour --> simipour,2,1,0,1.0,0.5,0.5,2.0,2.0,0.5,1.0,1.0,1.0,1.0,1.0,1.0,1.0,1.0,1.0,1.0,0.5,1.0
516,simipour,simipour,5,water,,1,gluttony,torrent,75,0.15,98,0.2,63,0.13,98,0.2,63,0.13,101,0.2,498,speed,196,201,fast,273.0,2,slightly_specialized,0.69,upper_mid_tier,0.64,upper_mid_tier,2,4,0,0.0,neutral,sweeper,neutral-sweeper,1.0,29.0,29.0,average,0,0.125,normal,174.0,67,75,70,20,ground,medium,upright,blue,Geyser Pokémon,"The tuft on its head holds water. When the level runs low, it replenishes the tuft by siphoning up water with its tail.",panpour --> simipour,2,2,1,1.0,0.5,0.5,2.0,2.0,0.5,1.0,1.0,1.0,1.0,1.0,1.0,1.0,1.0,1.0,1.0,0.5,1.0
517,munna,munna,5,psychic,,1,"forewarn, synchronize",telepathy,76,0.26,25,0.09,45,0.15,67,0.23,55,0.19,24,0.08,292,hp,92,176,slow,384.22,3,slightly_specialized,0.07,bottom_tier,0.12,bottom_tier,3,2,0,-2.0,frail,weak_slow,frail-weak_slow,0.6,23.3,64.72,very_heavy,0,0.5,normal,58.0,75,190,70,10,ground,fast,quadruped,pink,Dream Eater Pokémon,Munna always float in the air. People whose dreams are eaten by them forget what the dreams had been about.,munna --> musharna,2,1,0,1.0,1.0,1.0,1.0,1.0,1.0,0.5,1.0,1.0,1.0,0.5,2.0,1.0,2.0,1.0,2.0,1.0,1.0
518,musharna,musharna,5,psychic,,1,"forewarn, synchronize",telepathy,116,0.24,55,0.11,85,0.17,107,0.22,95,0.2,29,0.06,487,hp,162,296,slow,915.47,5,highly_specialized,0.61,upper_mid_tier,0.56,mid_tier,3,2,0,-2.0,frail,tank,frail-tank,1.1,60.5,50.0,very_heavy,0,0.5,normal,170.0,71,75,70,10,ground,fast,humanoid,pink,Drowsing Pokémon,The mist emanating from their foreheads is packed with the dreams of people and Pokémon.,munna --> musharna,2,2,1,1.0,1.0,1.0,1.0,1.0,1.0,0.5,1.0,1.0,1.0,0.5,2.0,1.0,2.0,1.0,2.0,1.0,1.0
519,pidove,pidove,5,normal,flying,2,"big-pecks, super-luck",rivalry,50,0.19,55,0.21,50,0.19,36,0.14,30,0.11,43,0.16,264,attack,91,130,slow,75.67,1,balanced,0.02,bottom_tier,0.08,bottom_tier,3,2,2,1.0,solid,weak_slow,solid-weak_slow,0.3,2.1,23.33,average,0,0.5,normal,53.0,52,255,70,15,flying,medium-slow,wings,gray,Tiny Pigeon Pokémon,"Each follows its Trainer’s orders as best it can, but they sometimes fail to understand complicated commands.",pidove --> tranquill --> unfezant,3,1,0,1.0,1.0,1.0,2.0,0.5,2.0,1.0,1.0,0.0,1.0,1.0,0.5,2.0,0.0,1.0,1.0,1.0,1.0
520,tranquill,tranquill,5,normal,flying,2,"big-pecks, super-luck",rivalry,62,0.17,77,0.22,62,0.17,50,0.14,42,0.12,65,0.18,358,attack,127,166,average,124.22,1,balanced,0.31,lower_mid_tier,0.29,lower_mid_tier,3,2,2,1.0,solid,fragile,solid-fragile,0.6,15.0,41.67,heavy,0,0.5,normal,125.0,46,120,70,15,flying,medium-slow,wings,gray,Wild Pigeon Pokémon,It can return to its Trainer’s location regardless of the distance separating them.,pidove --> tranquill --> unfezant,3,2,0,1.0,1.0,1.0,2.0,0.5,2.0,1.0,1.0,0.0,1.0,1.0,0.5,2.0,0.0,1.0,1.0,1.0,1.0
521,unfezant,unfezant,5,normal,flying,2,"big-pecks, super-luck",rivalry,80,0.16,115,0.24,80,0.16,65,0.13,55,0.11,93,0.19,488,attack,180,215,average,372.22,3,slightly_specialized,0.62,upper_mid_tier,0.56,mid_tier,3,2,2,1.0,solid,sweeper,solid-sweeper,1.2,29.0,20.14,light,0,0.5,normal,220.0,51,45,70,15,flying,medium-slow,wings,gray,Proud Pokémon,Males swing their head plumage to threaten opponents. The females’ flying abilities surpass those of the males.,pidove --> tranquill --> unfezant,3,3,1,1.0,1.0,1.0,2.0,0.5,2.0,1.0,1.0,0.0,1.0,1.0,0.5,2.0,0.0,1.0,1.0,1.0,1.0
522,blitzle,blitzle,5,electric,,1,"lightning-rod, motor-drive",sap-sipper,45,0.15,60,0.2,32,0.11,50,0.17,32,0.11,76,0.26,295,speed,110,109,average,240.81,2,slightly_specialized,0.09,bottom_tier,0.12,bottom_tier,1,3,0,0.5,solid,fragile,solid-fragile,0.8,29.8,46.56,heavy,0,0.5,normal,59.0,65,190,70,20,ground,medium,quadruped,black,Electrified Pokémon,"When thunderclouds cover the sky, it will appear. It can catch lightning with its mane and store the electricity.",blitzle --> zebstrika,2,1,0,1.0,1.0,1.0,0.5,1.0,1.0,1.0,1.0,2.0,0.5,1.0,1.0,1.0,1.0,1.0,1.0,0.5,1.0
523,zebstrika,zebstrika,5,electric,,1,"lightning-rod, motor-drive",sap-sipper,75,0.15,100,0.2,63,0.13,80,0.16,63,0.13,116,0.23,497,speed,180,201,fast,375.14,3,slightly_specialized,0.68,upper_mid_tier,0.64,upper_mid_tier,1,3,0,0.5,solid,sweeper,solid-sweeper,1.6,79.5,31.05,average,0,0.5,normal,174.0,74,75,70,20,ground,medium,quadruped,black,Thunderbolt Pokémon,"They have lightning-like movements. When Zebstrika run at full speed, the sound of thunder reverberates.",blitzle --> zebstrika,2,2,1,1.0,1.0,1.0,0.5,1.0,1.0,1.0,1.0,2.0,0.5,1.0,1.0,1.0,1.0,1.0,1.0,0.5,1.0
524,roggenrola,roggenrola,5,rock,,1,"sturdy, weak-armor",sand-force,55,0.2,75,0.27,85,0.3,25,0.09,25,0.09,15,0.05,280,defense,100,165,slow,713.89,5,specialized,0.04,bottom_tier,0.1,bottom_tier,5,4,0,-3.0,frail,weak_slow,frail-weak_slow,0.4,18.0,112.5,very_heavy,0,0.5,normal,56.0,51,255,70,15,mineral,medium-slow,legs,blue,Mantle Pokémon,"Its ear is hexagonal in shape. Compressed underground, its body is as hard as steel.",roggenrola --> boldore --> gigalith,3,1,0,0.5,0.5,2.0,1.0,2.0,1.0,2.0,0.5,2.0,0.5,1.0,1.0,1.0,1.0,1.0,1.0,2.0,1.0
525,boldore,boldore,5,rock,,1,"sturdy, weak-armor",sand-force,70,0.18,105,0.27,105,0.27,50,0.13,40,0.1,20,0.05,390,attack,155,215,slow,1016.67,5,highly_specialized,0.36,lower_mid_tier,0.32,lower_mid_tier,5,4,0,-3.0,frail,slow_attacker,frail-slow_attacker,0.9,102.0,125.93,very_heavy,0,0.5,normal,137.0,47,120,70,15,mineral,medium-slow,tentacles,blue,Ore Pokémon,"When it overflows with power, the orange crystal on its body glows. It looks for underground water in caves.",roggenrola --> boldore --> gigalith,3,2,0,0.5,0.5,2.0,1.0,2.0,1.0,2.0,0.5,2.0,0.5,1.0,1.0,1.0,1.0,1.0,1.0,2.0,1.0
526,gigalith,gigalith,5,rock,,1,"sturdy, sand-stream",sand-force,85,0.17,135,0.26,130,0.25,60,0.12,80,0.16,25,0.05,515,attack,195,295,slow,1461.81,5,extreme,0.76,upper_mid_tier,0.72,upper_mid_tier,5,4,0,-3.0,frail,bulky_attacker,frail-bulky_attacker,1.7,260.0,89.97,very_heavy,0,0.5,normal,232.0,56,45,70,15,mineral,medium-slow,tentacles,blue,Compressed Pokémon,Compressing the energy from its internal core lets it fire off an attack capable of blowing away a mountain.,roggenrola --> boldore --> gigalith,3,3,1,0.5,0.5,2.0,1.0,2.0,1.0,2.0,0.5,2.0,0.5,1.0,1.0,1.0,1.0,1.0,1.0,2.0,1.0
527,woobat,woobat,5,psychic,flying,2,"unaware, klutz",simple,65,0.2,45,0.14,43,0.13,55,0.17,43,0.13,72,0.22,323,speed,100,151,average,128.14,1,balanced,0.21,lower_mid_tier,0.21,lower_mid_tier,5,3,1,-2.0,frail,fragile,frail-fragile,0.4,2.1,13.12,very_light,0,0.5,normal,65.0,89,190,70,15,"ground, flying",medium,wings,blue,Bat Pokémon,Its habitat is dark forests and caves. It emits ultrasonic waves from its nose to learn about its surroundings.,woobat --> swoobat,2,1,0,1.0,1.0,1.0,2.0,0.5,2.0,0.25,1.0,0.0,1.0,0.5,1.0,2.0,2.0,1.0,2.0,1.0,1.0
528,swoobat,swoobat,5,psychic,flying,2,"unaware, klutz",simple,67,0.16,57,0.13,55,0.13,77,0.18,55,0.13,114,0.27,425,speed,134,177,fast,434.81,4,slightly_specialized,0.42,mid_tier,0.4,lower_mid_tier,5,3,1,-2.0,frail,fragile,frail-fragile,0.9,10.5,12.96,very_light,0,0.5,normal,149.0,89,45,70,15,"ground, flying",medium,wings,blue,Courting Pokémon,"It emits sound waves of various frequencies from its nose, including some powerful enough to destroy rocks.",woobat --> swoobat,2,2,1,1.0,1.0,1.0,2.0,0.5,2.0,0.25,1.0,0.0,1.0,0.5,1.0,2.0,2.0,1.0,2.0,1.0,1.0
529,drilbur,drilbur,5,ground,,1,"sand-rush, sand-force",mold-breaker,60,0.18,85,0.26,40,0.12,30,0.09,45,0.14,68,0.21,328,attack,115,145,average,340.56,3,slightly_specialized,0.22,lower_mid_tier,0.22,lower_mid_tier,3,2,1,-0.5,exposed,fragile,exposed-fragile,0.3,8.5,94.44,very_heavy,0,0.5,normal,66.0,63,120,70,20,ground,medium,upright,gray,Mole Pokémon,It can dig through the ground at a speed of 30 mph. It could give a car running aboveground a good race.,drilbur --> excadrill,2,1,0,1.0,1.0,2.0,0.0,2.0,2.0,1.0,0.5,1.0,1.0,1.0,1.0,0.5,1.0,1.0,1.0,1.0,1.0
530,excadrill,excadrill,5,ground,steel,2,"sand-rush, sand-force",mold-breaker,110,0.22,135,0.27,60,0.12,50,0.1,65,0.13,88,0.17,508,attack,185,235,average,897.22,5,specialized,0.72,upper_mid_tier,0.69,upper_mid_tier,4,8,2,3.0,iron,sweeper,iron-sweeper,0.7,40.4,82.45,very_heavy,0,0.5,normal,178.0,74,60,70,20,ground,medium,humanoid,gray,Subterrene Pokémon,It can help in tunnel construction. Its drill has evolved into steel strong enough to bore through iron plates.,drilbur --> excadrill,2,2,1,0.5,2.0,2.0,0.0,1.0,1.0,2.0,0.0,2.0,0.5,0.5,0.5,0.25,1.0,0.5,1.0,0.5,0.5
530,excadrill,excadrill-mega,5,ground,steel,2,,,110,0.18,165,0.27,100,0.16,65,0.11,65,0.11,103,0.17,608,attack,230,275,fast,1128.89,5,highly_specialized,0.96,top_tier,0.92,top_tier,4,8,2,3.0,iron,juggernaut,iron-juggernaut,0.9,60.0,74.07,very_heavy,0,0.5,normal,,0,60,70,20,ground,medium,humanoid,gray,Subterrene Pokémon,It can help in tunnel construction. Its drill has evolved into steel strong enough to bore through iron plates.,drilbur --> excadrill,2,2,1,0.5,2.0,2.0,0.0,1.0,1.0,2.0,0.0,2.0,0.5,0.5,0.5,0.25,1.0,0.5,1.0,0.5,0.5
531,audino,audino,5,normal,,1,"healer, regenerator",klutz,103,0.23,60,0.13,86,0.19,60,0.13,86,0.19,50,0.11,445,hp,120,275,slow,349.47,3,slightly_specialized,0.43,mid_tier,0.43,mid_tier,1,0,1,0.5,solid,tank,solid-tank,1.1,31.0,25.62,average,0,0.5,normal,390.0,107,255,70,20,fairy,fast,upright,pink,Hearing Pokémon,"It touches others with the feelers on its ears, using the sound of their heartbeats to tell how they are feeling.",audino,1,0,0,1.0,1.0,1.0,1.0,1.0,1.0,2.0,1.0,1.0,1.0,1.0,1.0,1.0,0.0,1.0,1.0,1.0,1.0
531,audino,audino-mega,5,normal,fairy,2,healer,,103,0.19,60,0.11,126,0.23,80,0.15,126,0.23,50,0.09,545,defense,140,355,slow,892.81,5,specialized,0.83,top_tier,0.79,upper_mid_tier,2,2,2,2.0,iron,tank,iron-tank,1.5,32.0,14.22,light,0,0.5,normal,425.0,101,255,70,20,fairy,fast,upright,pink,Hearing Pokémon,"It touches others with the feelers on its ears, using the sound of their heartbeats to tell how they are feeling.",audino,1,0,0,1.0,1.0,1.0,1.0,1.0,1.0,1.0,2.0,1.0,1.0,1.0,0.5,1.0,0.0,0.0,0.5,2.0,1.0
532,timburr,timburr,5,fighting,,1,"guts, sheer-force",iron-fist,75,0.25,80,0.26,55,0.18,25,0.08,35,0.11,35,0.11,305,attack,105,165,slow,436.81,4,slightly_specialized,0.13,bottom_tier,0.15,bottom_tier,3,3,0,-1.5,exposed,weak_slow,exposed-weak_slow,0.6,12.5,34.72,heavy,0,0.25,normal,61.0,80,180,70,20,humanshape,medium-slow,humanoid,gray,Muscular Pokémon,It fights by swinging a piece of lumber around. It is close to evolving when it can handle the lumber without difficulty.,timburr --> gurdurr --> conkeldurr,3,1,0,1.0,1.0,1.0,1.0,1.0,1.0,1.0,1.0,1.0,2.0,2.0,0.5,0.5,1.0,1.0,0.5,1.0,2.0
533,gurdurr,gurdurr,5,fighting,,1,"guts, sheer-force",iron-fist,85,0.21,105,0.26,85,0.21,40,0.1,50,0.12,40,0.1,405,attack,145,220,slow,639.58,4,specialized,0.38,lower_mid_tier,0.34,lower_mid_tier,3,3,0,-1.5,exposed,slow_attacker,exposed-slow_attacker,1.2,40.0,27.78,average,0,0.25,normal,142.0,77,90,70,20,humanshape,medium-slow,humanoid,gray,Muscular Pokémon,This Pokémon is so muscular and strongly built that even a group of wrestlers could not make it budge an inch.,timburr --> gurdurr --> conkeldurr,3,2,0,1.0,1.0,1.0,1.0,1.0,1.0,1.0,1.0,1.0,2.0,2.0,0.5,0.5,1.0,1.0,0.5,1.0,2.0
534,conkeldurr,conkeldurr,5,fighting,,1,"guts, sheer-force",iron-fist,105,0.21,140,0.28,95,0.19,55,0.11,65,0.13,45,0.09,505,attack,195,265,slow,1070.14,5,highly_specialized,0.71,upper_mid_tier,0.68,upper_mid_tier,3,3,0,-1.5,exposed,bulky_attacker,exposed-bulky_attacker,1.4,87.0,44.39,heavy,0,0.25,normal,227.0,86,45,70,20,humanshape,medium-slow,humanoid,brown,Muscular Pokémon,"It is thought that Conkeldurr taught humans how to make concrete more than 2,000 years ago.",timburr --> gurdurr --> conkeldurr,3,3,1,1.0,1.0,1.0,1.0,1.0,1.0,1.0,1.0,1.0,2.0,2.0,0.5,0.5,1.0,1.0,0.5,1.0,2.0
535,tympole,tympole,5,water,,1,"swift-swim, hydration",water-absorb,50,0.17,50,0.17,40,0.14,50,0.17,40,0.14,64,0.22,294,speed,100,130,average,65.0,1,balanced,0.08,bottom_tier,0.12,bottom_tier,2,4,0,0.0,neutral,fragile,neutral-fragile,0.5,4.5,18.0,light,0,0.5,normal,59.0,51,255,70,20,water1,medium-slow,fish,blue,Tadpole Pokémon,They warn others of danger by vibrating their cheeks to create a high-pitched sound.,tympole --> palpitoad --> seismitoad,3,1,0,1.0,0.5,0.5,2.0,2.0,0.5,1.0,1.0,1.0,1.0,1.0,1.0,1.0,1.0,1.0,1.0,0.5,1.0
536,palpitoad,palpitoad,5,water,ground,2,"swift-swim, hydration",water-absorb,75,0.2,65,0.17,55,0.14,65,0.17,55,0.14,69,0.18,384,hp,130,185,average,51.67,1,balanced,0.35,lower_mid_tier,0.31,lower_mid_tier,1,4,1,2.5,iron,fragile,iron-fragile,0.8,17.0,26.56,average,0,0.5,normal,134.0,52,120,70,20,water1,medium-slow,upright,blue,Vibration Pokémon,"When they vibrate the bumps on their heads, they can make waves in water or earthquake-like vibrations on land.",tympole --> palpitoad --> seismitoad,3,2,0,1.0,0.5,1.0,0.0,4.0,1.0,1.0,0.5,1.0,1.0,1.0,1.0,0.5,1.0,1.0,1.0,0.5,1.0
537,seismitoad,seismitoad,5,water,ground,2,"swift-swim, poison-touch",water-absorb,105,0.21,95,0.19,75,0.15,85,0.17,75,0.15,74,0.15,509,hp,180,255,average,136.81,2,balanced,0.72,upper_mid_tier,0.7,upper_mid_tier,1,4,1,2.5,iron,attacker,iron-attacker,1.5,62.0,27.56,average,0,0.5,normal,229.0,76,45,70,20,water1,medium-slow,humanoid,blue,Vibration Pokémon,They shoot paralyzing liquid from their head bumps. They use vibration to hurt their opponents.,tympole --> palpitoad --> seismitoad,3,3,1,1.0,0.5,1.0,0.0,4.0,1.0,1.0,0.5,1.0,1.0,1.0,1.0,0.5,1.0,1.0,1.0,0.5,1.0
538,throh,throh,5,fighting,,1,"guts, inner-focus",mold-breaker,120,0.26,100,0.22,85,0.18,30,0.06,85,0.18,45,0.1,465,hp,130,290,slow,956.25,5,highly_specialized,0.47,mid_tier,0.47,mid_tier,3,3,0,-1.5,exposed,tank,exposed-tank,1.3,55.5,32.84,heavy,0,0.0,normal,163.0,70,45,70,20,humanshape,medium,humanoid,red,Judo Pokémon,"When it tightens its belt, it becomes stronger. Wild Throh use vines to weave their own belts.",throh,1,0,0,1.0,1.0,1.0,1.0,1.0,1.0,1.0,1.0,1.0,2.0,2.0,0.5,0.5,1.0,1.0,0.5,1.0,2.0
539,sawk,sawk,5,fighting,,1,"sturdy, inner-focus",mold-breaker,75,0.16,125,0.27,75,0.16,30,0.06,75,0.16,85,0.18,465,attack,155,225,average,764.58,5,specialized,0.47,mid_tier,0.47,mid_tier,3,3,0,-1.5,exposed,midrange,exposed-midrange,1.4,51.0,26.02,average,0,0.0,normal,163.0,68,45,70,20,humanshape,medium,humanoid,blue,Karate Pokémon,The sound of Sawk punching boulders and trees can be heard all the way from the mountains where they train.,sawk,1,0,0,1.0,1.0,1.0,1.0,1.0,1.0,1.0,1.0,1.0,2.0,2.0,0.5,0.5,1.0,1.0,0.5,1.0,2.0
540,sewaddle,sewaddle,5,bug,grass,2,"swarm, chlorophyll",overcoat,45,0.15,53,0.17,70,0.23,40,0.13,60,0.19,42,0.14,310,defense,93,175,slow,113.56,1,balanced,0.17,bottom_tier,0.17,bottom_tier,6,5,0,-3.5,frail,weak_slow,frail-weak_slow,0.3,2.5,27.78,average,0,0.5,normal,62.0,66,255,70,15,bug,medium-slow,armor,yellow,Sewing Pokémon,Leavanny dress it in clothes they made for it when it hatched. It hides its head in its hood while it is sleeping.,sewaddle --> swadloon --> leavanny,3,1,0,1.0,4.0,0.5,0.5,0.25,2.0,0.5,2.0,0.25,4.0,1.0,2.0,2.0,1.0,1.0,1.0,1.0,1.0
541,swadloon,swadloon,5,bug,grass,2,"leaf-guard, chlorophyll",overcoat,55,0.14,63,0.17,90,0.24,50,0.13,80,0.21,42,0.11,380,defense,113,225,slow,281.89,3,slightly_specialized,0.35,lower_mid_tier,0.31,lower_mid_tier,6,5,0,-3.5,frail,slow_attacker,frail-slow_attacker,0.5,7.3,29.2,average,0,0.5,normal,133.0,60,120,70,15,bug,medium-slow,arms,green,Leaf-Wrapped Pokémon,Forests where Swadloon live have superb foliage because the nutrients they make from fallen leaves nourish the plant life.,sewaddle --> swadloon --> leavanny,3,2,0,1.0,4.0,0.5,0.5,0.25,2.0,0.5,2.0,0.25,4.0,1.0,2.0,2.0,1.0,1.0,1.0,1.0,1.0
542,leavanny,leavanny,5,bug,grass,2,"swarm, chlorophyll",overcoat,75,0.15,103,0.21,80,0.16,70,0.14,80,0.16,92,0.18,500,attack,173,235,average,121.89,1,balanced,0.7,upper_mid_tier,0.66,upper_mid_tier,6,5,0,-3.5,frail,midrange,frail-midrange,1.2,20.5,14.24,light,0,0.5,normal,225.0,85,45,70,15,bug,medium-slow,humanoid,yellow,Nurturing Pokémon,"Upon finding a small Pokémon, it weaves clothing for it from leaves, using the cutters on its arms and sticky silk.",sewaddle --> swadloon --> leavanny,3,3,1,1.0,4.0,0.5,0.5,0.25,2.0,0.5,2.0,0.25,4.0,1.0,2.0,2.0,1.0,1.0,1.0,1.0,1.0
543,venipede,venipede,5,bug,poison,2,"poison-point, swarm",speed-boost,30,0.12,45,0.17,59,0.23,30,0.12,39,0.15,57,0.22,260,defense,75,128,slow,134.89,2,balanced,0.01,bottom_tier,0.07,bottom_tier,4,5,0,-1.5,exposed,fragile,exposed-fragile,0.4,5.3,33.12,heavy,0,0.5,normal,52.0,52,255,70,15,bug,medium-slow,armor,red,Centipede Pokémon,"Its bite injects a potent poison, enough to paralyze large bird Pokémon that try to prey on it.",venipede --> whirlipede --> scolipede,3,1,0,1.0,2.0,1.0,1.0,0.25,1.0,0.25,0.5,1.0,2.0,2.0,0.5,2.0,1.0,1.0,1.0,1.0,0.5
544,whirlipede,whirlipede,5,bug,poison,2,"poison-point, swarm",speed-boost,40,0.11,55,0.15,99,0.28,40,0.11,79,0.22,47,0.13,360,defense,95,218,slow,479.33,4,slightly_specialized,0.32,lower_mid_tier,0.29,lower_mid_tier,4,5,0,-1.5,exposed,slow_attacker,exposed-slow_attacker,1.2,58.5,40.62,heavy,0,0.5,normal,126.0,49,120,70,15,bug,medium-slow,ball,gray,Curlipede Pokémon,"Protected by a hard shell, it spins its body like a wheel and crashes furiously into its enemies.",venipede --> whirlipede --> scolipede,3,2,0,1.0,2.0,1.0,1.0,0.25,1.0,0.25,0.5,1.0,2.0,2.0,0.5,2.0,1.0,1.0,1.0,1.0,0.5
545,scolipede,scolipede,5,bug,poison,2,"poison-point, swarm",speed-boost,60,0.12,100,0.21,89,0.18,55,0.11,69,0.14,112,0.23,485,speed,155,218,fast,441.14,4,slightly_specialized,0.6,mid_tier,0.55,mid_tier,4,5,0,-1.5,exposed,midrange,exposed-midrange,2.5,200.5,32.08,heavy,0,0.5,normal,218.0,71,45,70,20,bug,medium-slow,armor,red,Megapede Pokémon,"With quick movements, it chases down its foes, attacking relentlessly with its horns until it prevails.",venipede --> whirlipede --> scolipede,3,3,1,1.0,2.0,1.0,1.0,0.25,1.0,0.25,0.5,1.0,2.0,2.0,0.5,2.0,1.0,1.0,1.0,1.0,0.5
545,scolipede,scolipede-mega,5,bug,poison,2,,,60,0.1,140,0.24,149,0.25,75,0.13,99,0.17,62,0.11,585,defense,215,308,average,1272.25,5,highly_specialized,0.89,top_tier,0.87,top_tier,4,5,0,-1.5,exposed,bulky_attacker,exposed-bulky_attacker,3.2,230.5,22.51,average,0,0.5,normal,,0,45,70,20,bug,medium-slow,armor,red,Megapede Pokémon,"With quick movements, it chases down its foes, attacking relentlessly with its horns until it prevails.",venipede --> whirlipede --> scolipede,3,3,1,1.0,2.0,1.0,1.0,0.25,1.0,0.25,0.5,1.0,2.0,2.0,0.5,2.0,1.0,1.0,1.0,1.0,0.5
546,cottonee,cottonee,5,grass,fairy,2,"prankster, infiltrator",chlorophyll,40,0.14,27,0.1,60,0.21,37,0.13,50,0.18,66,0.24,280,speed,64,150,average,181.22,2,balanced,0.04,bottom_tier,0.1,bottom_tier,5,6,1,-0.5,exposed,fragile,exposed-fragile,0.3,0.6,6.67,very_light,0,0.5,normal,56.0,61,190,70,20,"plant, fairy",medium,ball,green,Cotton Puff Pokémon,"When attacked, it escapes by shooting cotton from its body. The cotton serves as a decoy to distract the attacker.",cottonee --> whimsicott,2,1,0,1.0,2.0,0.5,0.5,0.5,2.0,0.5,4.0,0.5,2.0,1.0,1.0,1.0,1.0,0.0,0.5,2.0,1.0
547,whimsicott,whimsicott,5,grass,fairy,2,"prankster, infiltrator",chlorophyll,60,0.12,67,0.14,85,0.18,77,0.16,75,0.16,116,0.24,480,speed,144,220,fast,320.67,3,slightly_specialized,0.55,mid_tier,0.53,mid_tier,5,6,1,-0.5,exposed,midrange,exposed-midrange,0.7,6.6,13.47,light,0,0.5,normal,168.0,71,75,70,20,"plant, fairy",medium,humanoid,green,Windveiled Pokémon,"Like the wind, it can slip through any gap, no matter how small. It leaves balls of white fluff behind.",cottonee --> whimsicott,2,2,1,1.0,2.0,0.5,0.5,0.5,2.0,0.5,4.0,0.5,2.0,1.0,1.0,1.0,1.0,0.0,0.5,2.0,1.0
548,petilil,petilil,5,grass,,1,"chlorophyll, own-tempo",leaf-guard,45,0.16,35,0.12,50,0.18,70,0.25,50,0.18,30,0.11,280,sp_attack,105,145,slow,163.89,2,balanced,0.04,bottom_tier,0.1,bottom_tier,5,4,0,-3.0,frail,weak_slow,frail-weak_slow,0.5,6.6,26.4,average,0,1.0,normal,56.0,61,190,70,20,plant,medium,blob,green,Bulb Pokémon,The leaves on its head are very bitter. Eating one of these leaves is known to refresh a tired body.,petilil --> lilligant,2,1,0,1.0,2.0,0.5,0.5,0.5,2.0,1.0,2.0,0.5,2.0,1.0,2.0,1.0,1.0,1.0,1.0,1.0,1.0
549,lilligant,lilligant,5,grass,,1,"chlorophyll, own-tempo",leaf-guard,70,0.15,60,0.12,75,0.16,110,0.23,75,0.16,90,0.19,480,sp_attack,170,220,average,258.33,2,slightly_specialized,0.55,mid_tier,0.53,mid_tier,5,4,0,-3.0,frail,midrange,frail-midrange,1.1,16.3,13.47,light,0,1.0,normal,168.0,67,75,70,20,plant,medium,blob,green,Flowering Pokémon,Even veteran Trainers face a challenge in getting its beautiful flower to bloom. This Pokémon is popular with celebrities.,petilil --> lilligant,2,2,1,1.0,2.0,0.5,0.5,0.5,2.0,1.0,2.0,0.5,2.0,1.0,2.0,1.0,1.0,1.0,1.0,1.0,1.0
549,lilligant,lilligant-hisui,5,grass,fighting,2,"chlorophyll, hustle",leaf-guard,70,0.15,105,0.22,75,0.16,50,0.1,75,0.16,105,0.22,480,attack,155,220,fast,383.33,3,slightly_specialized,0.55,mid_tier,0.53,mid_tier,6,6,0,-3.0,frail,midrange,frail-midrange,1.2,19.2,13.33,very_light,0,1.0,normal,168.0,70,75,70,20,plant,medium,blob,green,Flowering Pokémon,Even veteran Trainers face a challenge in getting its beautiful flower to bloom. This Pokémon is popular with celebrities.,petilil --> lilligant,2,2,1,1.0,2.0,0.5,0.5,0.5,2.0,1.0,2.0,0.5,4.0,2.0,1.0,0.5,1.0,1.0,0.5,1.0,2.0
550,basculin,basculin-red-striped,5,water,,1,"reckless, adaptability",mold-breaker,70,0.15,92,0.2,65,0.14,80,0.17,55,0.12,98,0.21,460,speed,172,190,average,225.22,2,slightly_specialized,0.45,mid_tier,0.46,mid_tier,2,4,0,0.0,neutral,midrange,neutral-midrange,1.0,18.0,18.0,light,0,0.5,normal,161.0,74,25,70,40,water2,medium,fish,green,Hostile Pokémon,"Red and blue Basculin get along so poorly, they’ll start fighting instantly. These Pokémon are very hostile.",basculin --> basculegion,2,1,0,1.0,0.5,0.5,2.0,2.0,0.5,1.0,1.0,1.0,1.0,1.0,1.0,1.0,1.0,1.0,1.0,0.5,1.0
550,basculin,basculin-blue-striped,5,water,,1,"rock-head, adaptability",mold-breaker,70,0.15,92,0.2,65,0.14,80,0.17,55,0.12,98,0.21,460,speed,172,190,average,225.22,2,slightly_specialized,0.45,mid_tier,0.46,mid_tier,2,4,0,0.0,neutral,midrange,neutral-midrange,1.0,18.0,18.0,light,0,0.5,normal,161.0,74,25,70,40,water2,medium,fish,green,Hostile Pokémon,"Red and blue Basculin get along so poorly, they’ll start fighting instantly. These Pokémon are very hostile.",basculin --> basculegion,2,1,0,1.0,0.5,0.5,2.0,2.0,0.5,1.0,1.0,1.0,1.0,1.0,1.0,1.0,1.0,1.0,1.0,0.5,1.0
550,basculin,basculin-white-striped,5,water,,1,"rattled, adaptability",mold-breaker,70,0.15,92,0.2,65,0.14,80,0.17,55,0.12,98,0.21,460,speed,172,190,average,225.22,2,slightly_specialized,0.45,mid_tier,0.46,mid_tier,2,4,0,0.0,neutral,midrange,neutral-midrange,1.0,18.0,18.0,light,0,0.5,normal,161.0,47,25,70,40,water2,medium,fish,green,Hostile Pokémon,"Red and blue Basculin get along so poorly, they’ll start fighting instantly. These Pokémon are very hostile.",basculin --> basculegion,2,1,0,1.0,0.5,0.5,2.0,2.0,0.5,1.0,1.0,1.0,1.0,1.0,1.0,1.0,1.0,1.0,1.0,0.5,1.0
551,sandile,sandile,5,ground,dark,2,"intimidate, moxie",anger-point,50,0.17,72,0.25,35,0.12,35,0.12,35,0.12,65,0.22,292,attack,107,120,average,228.89,2,slightly_specialized,0.07,bottom_tier,0.12,bottom_tier,6,4,2,-1.0,exposed,fragile,exposed-fragile,0.7,15.2,31.02,average,0,0.5,normal,58.0,80,180,70,20,ground,medium-slow,quadruped,brown,Desert Croc Pokémon,They live buried in the sands of the desert. The sun-warmed sands prevent their body temperature from dropping.,sandile --> krokorok --> krookodile,3,1,0,1.0,1.0,2.0,0.0,2.0,2.0,2.0,0.5,1.0,1.0,0.0,2.0,0.5,0.5,1.0,0.5,1.0,2.0
552,krokorok,krokorok,5,ground,dark,2,"intimidate, moxie",anger-point,60,0.17,82,0.23,45,0.13,45,0.13,45,0.13,74,0.21,351,attack,127,150,average,223.58,2,slightly_specialized,0.3,lower_mid_tier,0.28,lower_mid_tier,6,4,2,-1.0,exposed,fragile,exposed-fragile,1.0,33.4,33.4,heavy,0,0.5,normal,123.0,92,90,70,20,ground,medium-slow,quadruped,brown,Desert Croc Pokémon,They live in groups of a few individuals. Protective membranes shield their eyes from sandstorms.,sandile --> krokorok --> krookodile,3,2,0,1.0,1.0,2.0,0.0,2.0,2.0,2.0,0.5,1.0,1.0,0.0,2.0,0.5,0.5,1.0,0.5,1.0,2.0
553,krookodile,krookodile,5,ground,dark,2,"intimidate, moxie",anger-point,95,0.18,117,0.23,80,0.15,65,0.13,70,0.13,92,0.18,519,attack,182,245,average,301.58,3,slightly_specialized,0.77,upper_mid_tier,0.72,upper_mid_tier,6,4,2,-1.0,exposed,sweeper,exposed-sweeper,1.5,96.3,42.8,heavy,0,0.5,normal,234.0,106,45,70,20,ground,medium-slow,upright,red,Intimidation Pokémon,"They never allow prey to escape. Their jaws are so powerful, they can crush the body of an automobile.",sandile --> krokorok --> krookodile,3,3,1,1.0,1.0,2.0,0.0,2.0,2.0,2.0,0.5,1.0,1.0,0.0,2.0,0.5,0.5,1.0,0.5,1.0,2.0
554,darumaka,darumaka,5,fire,,1,hustle,inner-focus,70,0.22,90,0.29,45,0.14,15,0.05,45,0.14,50,0.16,315,attack,105,160,slow,539.58,4,specialized,0.18,bottom_tier,0.19,bottom_tier,3,6,0,0.0,neutral,weak_slow,neutral-weak_slow,0.6,37.5,104.17,very_heavy,0,0.5,normal,63.0,68,120,70,20,ground,medium-slow,humanoid,red,Zen Charm Pokémon,"When its internal fire is burning, it cannot calm down and it runs around. When the fire diminishes, it falls asleep.",darumaka --> darmanitan,2,1,0,1.0,0.5,2.0,1.0,0.5,0.5,1.0,1.0,2.0,1.0,1.0,0.5,2.0,1.0,1.0,1.0,0.5,0.5
554,darumaka,darumaka-galar,5,ice,,1,hustle,inner-focus,70,0.22,90,0.29,45,0.14,15,0.05,45,0.14,50,0.16,315,attack,105,160,slow,539.58,4,specialized,0.18,bottom_tier,0.19,bottom_tier,4,1,0,-3.5,frail,weak_slow,frail-weak_slow,0.7,40.0,81.63,very_heavy,0,0.5,normal,63.0,57,120,70,20,ground,medium-slow,humanoid,red,Zen Charm Pokémon,"When its internal fire is burning, it cannot calm down and it runs around. When the fire diminishes, it falls asleep.",darumaka --> darmanitan,2,1,0,1.0,2.0,1.0,1.0,1.0,0.5,2.0,1.0,1.0,1.0,1.0,1.0,2.0,1.0,1.0,1.0,2.0,1.0
555,darmanitan,darmanitan-standard,5,fire,,1,sheer-force,zen-mode,105,0.22,140,0.29,55,0.11,30,0.06,55,0.11,95,0.2,480,attack,170,215,average,1366.67,5,highly_specialized,0.55,mid_tier,0.53,mid_tier,3,6,0,0.0,neutral,midrange,neutral-midrange,1.3,92.9,54.97,very_heavy,0,0.5,normal,168.0,89,60,70,20,ground,medium-slow,quadruped,red,Blazing Pokémon,"Its internal fire burns at 2,500° F, making enough power that it can destroy a dump truck with one punch.",darumaka --> darmanitan,2,2,1,1.0,0.5,2.0,1.0,0.5,0.5,1.0,1.0,2.0,1.0,1.0,0.5,2.0,1.0,1.0,1.0,0.5,0.5
555,darmanitan,darmanitan-zen,5,fire,psychic,2,sheer-force,zen-mode,105,0.19,30,0.06,105,0.19,140,0.26,105,0.19,55,0.1,540,sp_attack,170,315,slow,1333.33,5,highly_specialized,0.82,top_tier,0.79,upper_mid_tier,5,7,0,-1.5,exposed,tank,exposed-tank,1.3,92.9,54.97,very_heavy,0,0.5,normal,189.0,89,60,70,20,ground,medium-slow,quadruped,red,Blazing Pokémon,"Its internal fire burns at 2,500° F, making enough power that it can destroy a dump truck with one punch.",darumaka --> darmanitan,2,2,1,1.0,0.5,2.0,1.0,0.5,0.5,0.5,1.0,2.0,1.0,0.5,1.0,2.0,2.0,1.0,2.0,0.5,0.5
555,darmanitan,darmanitan-galar-standard,5,ice,,1,gorilla-tactics,zen-mode,105,0.22,140,0.29,55,0.11,30,0.06,55,0.11,95,0.2,480,attack,170,215,average,1366.67,5,highly_specialized,0.55,mid_tier,0.53,mid_tier,4,1,0,-3.5,frail,midrange,frail-midrange,1.7,120.0,41.52,heavy,0,0.5,normal,168.0,66,60,70,20,ground,medium-slow,quadruped,red,Blazing Pokémon,"Its internal fire burns at 2,500° F, making enough power that it can destroy a dump truck with one punch.",darumaka --> darmanitan,2,2,1,1.0,2.0,1.0,1.0,1.0,0.5,2.0,1.0,1.0,1.0,1.0,1.0,2.0,1.0,1.0,1.0,2.0,1.0
555,darmanitan,darmanitan-galar-zen,5,ice,fire,2,gorilla-tactics,zen-mode,105,0.19,160,0.3,55,0.1,30,0.06,55,0.1,135,0.25,540,attack,190,215,fast,2200.0,5,extreme,0.82,top_tier,0.79,upper_mid_tier,4,4,0,-2.0,frail,sweeper,frail-sweeper,1.7,120.0,41.52,heavy,0,0.5,normal,189.0,66,60,70,20,ground,medium-slow,quadruped,red,Blazing Pokémon,"Its internal fire burns at 2,500° F, making enough power that it can destroy a dump truck with one punch.",darumaka --> darmanitan,2,2,1,1.0,1.0,2.0,1.0,0.5,0.25,2.0,1.0,2.0,1.0,1.0,0.5,4.0,1.0,1.0,1.0,1.0,0.5
556,maractus,maractus,5,grass,,1,"water-absorb, chlorophyll",storm-drain,75,0.16,86,0.19,67,0.15,106,0.23,67,0.15,60,0.13,461,sp_attack,192,209,average,235.81,2,slightly_specialized,0.46,mid_tier,0.46,mid_tier,5,4,0,-3.0,frail,attacker,frail-attacker,1.0,28.0,28.0,average,0,0.5,normal,161.0,65,255,70,20,plant,medium,blob,green,Cactus Pokémon,It uses an up-tempo song and dance to drive away the bird Pokémon that prey on its flower seeds.,maractus,1,0,0,1.0,2.0,0.5,0.5,0.5,2.0,1.0,2.0,0.5,2.0,1.0,2.0,1.0,1.0,1.0,1.0,1.0,1.0
557,dwebble,dwebble,5,bug,rock,2,"sturdy, shell-armor",weak-armor,50,0.15,65,0.2,85,0.26,35,0.11,35,0.11,55,0.17,325,defense,100,170,slow,303.47,3,slightly_specialized,0.22,lower_mid_tier,0.22,lower_mid_tier,3,2,0,-2.0,frail,weak_slow,frail-weak_slow,0.3,14.5,161.11,very_heavy,0,0.5,normal,65.0,60,190,70,20,"bug, mineral",medium,armor,red,Rock Inn Pokémon,This Pokémon can easily melt holes in hard rocks with a liquid secreted from its mouth.,dwebble --> crustle,2,1,0,0.5,1.0,2.0,1.0,1.0,1.0,1.0,0.5,1.0,1.0,1.0,1.0,2.0,1.0,1.0,1.0,2.0,1.0
558,crustle,crustle,5,bug,rock,2,"sturdy, shell-armor",weak-armor,70,0.14,105,0.22,125,0.26,65,0.13,75,0.15,45,0.09,485,defense,170,270,slow,703.47,5,specialized,0.6,mid_tier,0.55,mid_tier,3,2,0,-2.0,frail,tank,frail-tank,1.4,200.0,102.04,very_heavy,0,0.5,normal,170.0,62,75,70,20,"bug, mineral",medium,armor,red,Stone Home Pokémon,"Competing for territory, Crustle fight viciously. The one whose boulder is broken is the loser of the battle.",dwebble --> crustle,2,2,1,0.5,1.0,2.0,1.0,1.0,1.0,1.0,0.5,1.0,1.0,1.0,1.0,2.0,1.0,1.0,1.0,2.0,1.0
559,scraggy,scraggy,5,dark,fighting,2,"shed-skin, moxie",intimidate,50,0.14,75,0.22,70,0.2,35,0.1,70,0.2,48,0.14,348,attack,110,190,slow,211.67,2,slightly_specialized,0.28,lower_mid_tier,0.27,lower_mid_tier,3,3,1,0.0,neutral,slow_attacker,neutral-slow_attacker,0.6,11.8,32.78,heavy,0,0.5,normal,70.0,101,180,35,15,"ground, dragon",medium,upright,yellow,Shedding Pokémon,"Its skin has a rubbery elasticity, so it can reduce damage by defensively pulling its skin up to its neck.",scraggy --> scrafty,2,1,0,1.0,1.0,1.0,1.0,1.0,1.0,2.0,1.0,1.0,2.0,0.0,1.0,0.5,0.5,1.0,0.25,1.0,4.0
560,scrafty,scrafty,5,dark,fighting,2,"shed-skin, moxie",intimidate,65,0.13,90,0.18,115,0.24,45,0.09,115,0.24,58,0.12,488,defense,135,295,slow,745.56,5,specialized,0.62,upper_mid_tier,0.56,mid_tier,3,3,1,0.0,neutral,support,neutral-support,1.1,30.0,24.79,average,0,0.5,normal,171.0,108,90,70,15,"ground, dragon",medium,upright,red,Hoodlum Pokémon,Groups of them beat up anything that enters their territory. Each can spit acidic liquid from its mouth.,scraggy --> scrafty,2,2,1,1.0,1.0,1.0,1.0,1.0,1.0,2.0,1.0,1.0,2.0,0.0,1.0,0.5,0.5,1.0,0.25,1.0,4.0
560,scrafty,scrafty-mega,5,dark,fighting,2,,,65,0.11,130,0.22,135,0.23,55,0.09,135,0.23,68,0.12,588,defense,185,335,average,1266.67,5,highly_specialized,0.9,top_tier,0.88,top_tier,3,3,1,0.0,neutral,bulky_attacker,neutral-bulky_attacker,1.1,31.0,25.62,average,0,0.5,normal,,0,90,70,15,"ground, dragon",medium,upright,red,Hoodlum Pokémon,Groups of them beat up anything that enters their territory. Each can spit acidic liquid from its mouth.,scraggy --> scrafty,2,2,1,1.0,1.0,1.0,1.0,1.0,1.0,2.0,1.0,1.0,2.0,0.0,1.0,0.5,0.5,1.0,0.25,1.0,4.0
561,sigilyph,sigilyph,5,psychic,flying,2,"wonder-skin, magic-guard",tinted-lens,72,0.15,58,0.12,80,0.16,103,0.21,80,0.16,97,0.2,490,sp_attack,161,232,average,224.89,2,slightly_specialized,0.64,upper_mid_tier,0.58,mid_tier,5,3,1,-2.0,frail,midrange,frail-midrange,1.4,14.0,7.14,very_light,0,0.5,normal,172.0,83,45,70,20,flying,medium,wings,black,Avianoid Pokémon,"They never vary the route they fly, because their memories of guarding an ancient city remain steadfast.",sigilyph,1,0,0,1.0,1.0,1.0,2.0,0.5,2.0,0.25,1.0,0.0,1.0,0.5,1.0,2.0,2.0,1.0,2.0,1.0,1.0
562,yamask,yamask,5,ghost,,1,mummy,,38,0.13,30,0.1,85,0.28,55,0.18,65,0.21,30,0.1,303,defense,85,188,slow,402.92,3,slightly_specialized,0.11,bottom_tier,0.14,bottom_tier,2,2,2,2.0,iron,slow_attacker,iron-slow_attacker,0.5,1.5,6.0,very_light,0,0.5,normal,61.0,70,190,70,25,"mineral, indeterminate",medium,arms,black,Spirit Pokémon,Each of them carries a mask that used to be its face when it was human. Sometimes they look at it and cry.,yamask --> cofagrigus,2,1,0,0.0,1.0,1.0,1.0,1.0,1.0,0.0,0.5,1.0,1.0,1.0,0.5,1.0,2.0,1.0,2.0,1.0,1.0
562,yamask,yamask-galar,5,ground,ghost,2,wandering-spirit,,38,0.13,55,0.18,85,0.28,30,0.1,65,0.21,30,0.1,303,defense,85,188,slow,402.92,3,slightly_specialized,0.11,bottom_tier,0.14,bottom_tier,5,3,3,1.0,solid,slow_attacker,solid-slow_attacker,0.5,1.5,6.0,very_light,0,0.5,normal,61.0,50,190,70,25,"mineral, indeterminate",medium,arms,black,Spirit Pokémon,Each of them carries a mask that used to be its face when it was human. Sometimes they look at it and cry.,yamask --> cofagrigus,2,1,0,0.0,1.0,2.0,0.0,2.0,2.0,0.0,0.25,1.0,1.0,1.0,0.5,0.5,2.0,1.0,2.0,1.0,1.0
563,cofagrigus,cofagrigus,5,ghost,,1,mummy,,58,0.12,50,0.1,145,0.3,95,0.2,105,0.22,30,0.06,483,defense,145,308,slow,1492.92,5,extreme,0.58,mid_tier,0.54,mid_tier,2,2,2,2.0,iron,tank,iron-tank,1.7,76.5,26.47,average,0,0.5,normal,169.0,77,90,70,25,"mineral, indeterminate",medium,blob,yellow,Coffin Pokémon,It has been said that they swallow those who get too close and turn them into mummies. They like to eat gold nuggets.,yamask --> cofagrigus,2,2,1,0.0,1.0,1.0,1.0,1.0,1.0,0.0,0.5,1.0,1.0,1.0,0.5,1.0,2.0,1.0,2.0,1.0,1.0
564,tirtouga,tirtouga,5,water,rock,2,"solid-rock, sturdy",swift-swim,54,0.15,78,0.22,103,0.29,53,0.15,45,0.13,22,0.06,355,defense,131,202,slow,653.81,5,specialized,0.3,lower_mid_tier,0.28,lower_mid_tier,4,5,0,-1.5,exposed,slow_attacker,exposed-slow_attacker,0.7,16.5,33.67,heavy,0,0.125,normal,71.0,69,45,70,30,"water1, water3",medium,quadruped,blue,Prototurtle Pokémon,"Restored from a fossil, this Pokémon can dive to depths beyond half a mile.",tirtouga --> carracosta,2,1,0,0.5,0.25,1.0,2.0,4.0,0.5,2.0,0.5,2.0,0.5,1.0,1.0,1.0,1.0,1.0,1.0,1.0,1.0
565,carracosta,carracosta,5,water,rock,2,"solid-rock, sturdy",swift-swim,74,0.15,108,0.22,133,0.27,83,0.17,65,0.13,32,0.06,495,defense,191,272,slow,1021.58,5,highly_specialized,0.66,upper_mid_tier,0.62,upper_mid_tier,4,5,0,-1.5,exposed,bulky_attacker,exposed-bulky_attacker,1.2,81.0,56.25,very_heavy,0,0.125,normal,173.0,73,45,70,30,"water1, water3",medium,upright,blue,Prototurtle Pokémon,They can live both in the ocean and on land. A slap from one of them is enough to open a hole in the bottom of a tanker.,tirtouga --> carracosta,2,2,1,0.5,0.25,1.0,2.0,4.0,0.5,2.0,0.5,2.0,0.5,1.0,1.0,1.0,1.0,1.0,1.0,1.0,1.0
566,archen,archen,5,rock,flying,2,defeatist,,55,0.14,112,0.28,45,0.11,74,0.18,45,0.11,70,0.17,401,attack,186,145,average,532.47,4,specialized,0.37,lower_mid_tier,0.33,lower_mid_tier,5,5,1,-1.0,exposed,glass_cannon,exposed-glass_cannon,0.5,9.5,38.0,heavy,0,0.125,normal,71.0,75,45,70,30,"flying, water3",medium,wings,yellow,First Bird Pokémon,"Said to be an ancestor of bird Pokémon, they were unable to fly and moved about by hopping from one branch to another.",archen --> archeops,2,1,0,0.5,0.5,2.0,2.0,1.0,2.0,1.0,0.5,0.0,0.5,1.0,0.5,2.0,1.0,1.0,1.0,2.0,1.0
567,archeops,archeops,5,rock,flying,2,defeatist,,75,0.13,140,0.25,65,0.11,112,0.2,65,0.11,110,0.19,567,attack,252,205,fast,789.58,5,specialized,0.84,top_tier,0.81,top_tier,5,5,1,-1.0,exposed,sweeper,exposed-sweeper,1.4,32.0,16.33,light,0,0.125,normal,177.0,80,45,70,30,"flying, water3",medium,wings,yellow,First Bird Pokémon,"They are intelligent and will cooperate to catch prey. From the ground, they use a running start to take flight.",archen --> archeops,2,2,1,0.5,0.5,2.0,2.0,1.0,2.0,1.0,0.5,0.0,0.5,1.0,0.5,2.0,1.0,1.0,1.0,2.0,1.0
568,trubbish,trubbish,5,poison,,1,"stench, sticky-hold",aftermath,50,0.15,50,0.15,62,0.19,40,0.12,62,0.19,65,0.2,329,speed,90,174,average,78.81,1,balanced,0.23,lower_mid_tier,0.22,lower_mid_tier,2,5,0,0.5,solid,fragile,solid-fragile,0.6,31.0,86.11,very_heavy,0,0.5,normal,66.0,57,190,70,20,mineral,medium,humanoid,green,Trash Bag Pokémon,Inhaling the gas they belch will make you sleep for a week. They prefer unsanitary places.,trubbish --> garbodor,2,1,0,1.0,1.0,1.0,1.0,0.5,1.0,0.5,0.5,2.0,1.0,2.0,0.5,1.0,1.0,1.0,1.0,1.0,0.5
569,garbodor,garbodor,5,poison,,1,"stench, weak-armor",aftermath,80,0.17,95,0.2,82,0.17,60,0.13,82,0.17,75,0.16,474,attack,155,244,average,108.67,1,balanced,0.51,mid_tier,0.49,mid_tier,2,5,0,0.5,solid,balanced,solid-balanced,1.9,107.3,29.72,average,0,0.5,normal,166.0,66,60,70,20,mineral,medium,humanoid,green,Trash Heap Pokémon,It clenches opponents with its left arm and finishes them off with foul-smelling poison gas belched from its mouth.,trubbish --> garbodor,2,2,1,1.0,1.0,1.0,1.0,0.5,1.0,0.5,0.5,2.0,1.0,2.0,0.5,1.0,1.0,1.0,1.0,1.0,0.5
569,garbodor,garbodor-gmax,5,poison,,1,"stench, weak-armor",aftermath,80,0.17,95,0.2,82,0.17,60,0.13,82,0.17,75,0.16,474,attack,155,244,average,108.67,1,balanced,0.51,mid_tier,0.49,mid_tier,2,5,0,0.5,solid,balanced,solid-balanced,21.0,1000.0,2.27,very_light,0,0.5,normal,166.0,0,60,70,20,mineral,medium,humanoid,green,Trash Heap Pokémon,It clenches opponents with its left arm and finishes them off with foul-smelling poison gas belched from its mouth.,trubbish --> garbodor,2,2,1,1.0,1.0,1.0,1.0,0.5,1.0,0.5,0.5,2.0,1.0,2.0,0.5,1.0,1.0,1.0,1.0,1.0,0.5
570,zorua,zorua,5,dark,,1,illusion,,40,0.12,65,0.2,40,0.12,80,0.24,40,0.12,65,0.2,330,sp_attack,145,120,average,250.0,2,slightly_specialized,0.24,lower_mid_tier,0.23,lower_mid_tier,3,2,1,-0.5,exposed,midrange,exposed-midrange,0.7,12.5,25.51,average,0,0.125,normal,66.0,84,75,70,25,ground,medium-slow,quadruped,gray,Tricky Fox Pokémon,"It changes into the forms of others to surprise them. Apparently, it often transforms into a silent child.",zorua --> zoroark,2,1,0,1.0,1.0,1.0,1.0,1.0,1.0,2.0,1.0,1.0,1.0,0.0,2.0,1.0,0.5,1.0,0.5,1.0,2.0
570,zorua,zorua-hisui,5,normal,ghost,2,illusion,,35,0.11,60,0.18,40,0.12,85,0.26,40,0.12,70,0.21,330,sp_attack,145,115,average,333.33,3,slightly_specialized,0.24,lower_mid_tier,0.23,lower_mid_tier,1,2,3,4.5,iron,midrange,iron-midrange,0.7,12.5,25.51,average,0,0.125,normal,66.0,58,75,70,25,ground,medium-slow,quadruped,gray,Tricky Fox Pokémon,"It changes into the forms of others to surprise them. Apparently, it often transforms into a silent child.",zorua --> zoroark,2,1,0,0.0,1.0,1.0,1.0,1.0,1.0,0.0,0.5,1.0,1.0,1.0,0.5,1.0,0.0,1.0,2.0,1.0,1.0
571,zoroark,zoroark,5,dark,,1,illusion,,60,0.12,105,0.21,60,0.12,120,0.24,60,0.12,105,0.21,510,sp_attack,225,180,fast,650.0,4,specialized,0.74,upper_mid_tier,0.7,upper_mid_tier,3,2,1,-0.5,exposed,sweeper,exposed-sweeper,1.6,81.1,31.68,heavy,0,0.125,normal,179.0,93,45,70,20,ground,medium-slow,upright,gray,Illusion Fox Pokémon,Bonds between these Pokémon are very strong. It protects the safety of its pack by tricking its opponents.,zorua --> zoroark,2,2,1,1.0,1.0,1.0,1.0,1.0,1.0,2.0,1.0,1.0,1.0,0.0,2.0,1.0,0.5,1.0,0.5,1.0,2.0
571,zoroark,zoroark-hisui,5,normal,ghost,2,illusion,,55,0.11,100,0.2,60,0.12,125,0.25,60,0.12,110,0.22,510,sp_attack,225,175,fast,766.67,5,specialized,0.74,upper_mid_tier,0.7,upper_mid_tier,1,2,3,4.5,iron,sweeper,iron-sweeper,1.6,73.0,28.52,average,0,0.125,normal,179.0,72,45,70,20,ground,medium-slow,upright,gray,Illusion Fox Pokémon,Bonds between these Pokémon are very strong. It protects the safety of its pack by tricking its opponents.,zorua --> zoroark,2,2,1,0.0,1.0,1.0,1.0,1.0,1.0,0.0,0.5,1.0,1.0,1.0,0.5,1.0,0.0,1.0,2.0,1.0,1.0
572,minccino,minccino,5,normal,,1,"cute-charm, technician",skill-link,55,0.18,50,0.17,40,0.13,40,0.13,40,0.13,75,0.25,300,speed,90,135,average,158.33,2,balanced,0.1,bottom_tier,0.13,bottom_tier,1,0,1,0.5,solid,fragile,solid-fragile,0.4,5.8,36.25,heavy,0,0.75,normal,60.0,73,255,70,15,ground,fast,quadruped,gray,Chinchilla Pokémon,"They greet one another by rubbing each other with their tails, which are always kept well groomed and clean.",minccino --> cinccino,2,1,0,1.0,1.0,1.0,1.0,1.0,1.0,2.0,1.0,1.0,1.0,1.0,1.0,1.0,0.0,1.0,1.0,1.0,1.0
573,cinccino,cinccino,5,normal,,1,"cute-charm, technician",skill-link,75,0.16,95,0.2,60,0.13,65,0.14,60,0.13,115,0.24,470,speed,160,195,fast,413.89,3,slightly_specialized,0.48,mid_tier,0.48,mid_tier,1,0,1,0.5,solid,midrange,solid-midrange,0.5,7.5,30.0,average,0,0.75,normal,165.0,78,60,70,15,ground,fast,quadruped,gray,Scarf Pokémon,Their white fur is coated in a special oil that makes it easy for them to deflect attacks.,minccino --> cinccino,2,2,1,1.0,1.0,1.0,1.0,1.0,1.0,2.0,1.0,1.0,1.0,1.0,1.0,1.0,0.0,1.0,1.0,1.0,1.0
574,gothita,gothita,5,psychic,,1,"frisk, competitive",shadow-tag,45,0.16,30,0.1,50,0.17,55,0.19,65,0.22,45,0.16,290,sp_defense,85,160,slow,113.89,1,balanced,0.06,bottom_tier,0.11,bottom_tier,3,2,0,-2.0,frail,weak_slow,frail-weak_slow,0.4,5.8,36.25,heavy,0,0.75,normal,58.0,89,200,70,20,humanshape,medium-slow,humanoid,purple,Fixation Pokémon,Their ribbonlike feelers increase their psychic power. They are always staring at something.,gothita --> gothorita --> gothitelle,3,1,0,1.0,1.0,1.0,1.0,1.0,1.0,0.5,1.0,1.0,1.0,0.5,2.0,1.0,2.0,1.0,2.0,1.0,1.0
575,gothorita,gothorita,5,psychic,,1,"frisk, competitive",shadow-tag,60,0.15,45,0.12,70,0.18,75,0.19,85,0.22,55,0.14,390,sp_defense,120,215,slow,175.0,2,balanced,0.36,lower_mid_tier,0.32,lower_mid_tier,3,2,0,-2.0,frail,slow_attacker,frail-slow_attacker,0.7,18.0,36.73,heavy,0,0.75,normal,137.0,84,100,70,20,humanshape,medium-slow,humanoid,purple,Manipulate Pokémon,They use hypnosis to control people and Pokémon. Tales of Gothorita leading people astray are told in every corner.,gothita --> gothorita --> gothitelle,3,2,0,1.0,1.0,1.0,1.0,1.0,1.0,0.5,1.0,1.0,1.0,0.5,2.0,1.0,2.0,1.0,2.0,1.0,1.0
576,gothitelle,gothitelle,5,psychic,,1,"frisk, competitive",shadow-tag,70,0.14,55,0.11,95,0.19,95,0.19,110,0.22,65,0.13,490,sp_defense,150,275,average,380.56,3,slightly_specialized,0.64,upper_mid_tier,0.58,mid_tier,3,2,0,-2.0,frail,bulky,frail-bulky,1.5,44.0,19.56,light,0,0.75,normal,221.0,93,50,70,20,humanshape,medium-slow,humanoid,purple,Astral Body Pokémon,Starry skies thousands of light-years away are visible in the space distorted by their intense psychic power.,gothita --> gothorita --> gothitelle,3,3,1,1.0,1.0,1.0,1.0,1.0,1.0,0.5,1.0,1.0,1.0,0.5,2.0,1.0,2.0,1.0,2.0,1.0,1.0
577,solosis,solosis,5,psychic,,1,"overcoat, magic-guard",regenerator,45,0.16,30,0.1,40,0.14,105,0.36,50,0.17,20,0.07,290,sp_attack,135,135,slow,738.89,5,specialized,0.06,bottom_tier,0.11,bottom_tier,3,2,0,-2.0,frail,weak_slow,frail-weak_slow,0.3,1.0,11.11,very_light,0,0.5,normal,58.0,79,200,70,20,indeterminate,medium-slow,ball,green,Cell Pokémon,They drive away attackers by unleashing psychic power. They can use telepathy to talk with others.,solosis --> duosion --> reuniclus,3,1,0,1.0,1.0,1.0,1.0,1.0,1.0,0.5,1.0,1.0,1.0,0.5,2.0,1.0,2.0,1.0,2.0,1.0,1.0
578,duosion,duosion,5,psychic,,1,"overcoat, magic-guard",regenerator,65,0.18,40,0.11,50,0.14,125,0.34,60,0.16,30,0.08,370,sp_attack,165,175,slow,938.89,5,highly_specialized,0.33,lower_mid_tier,0.3,lower_mid_tier,3,2,0,-2.0,frail,slow_attacker,frail-slow_attacker,0.6,8.0,22.22,light,0,0.5,normal,130.0,79,100,70,20,indeterminate,medium-slow,ball,green,Mitosis Pokémon,"Since they have two divided brains, at times they suddenly try to take two different actions at once.",solosis --> duosion --> reuniclus,3,2,0,1.0,1.0,1.0,1.0,1.0,1.0,0.5,1.0,1.0,1.0,0.5,2.0,1.0,2.0,1.0,2.0,1.0,1.0
579,reuniclus,reuniclus,5,psychic,,1,"overcoat, magic-guard",regenerator,110,0.22,65,0.13,75,0.15,125,0.26,85,0.17,30,0.06,490,sp_attack,190,270,slow,947.22,5,highly_specialized,0.64,upper_mid_tier,0.58,mid_tier,3,2,0,-2.0,frail,bulky_attacker,frail-bulky_attacker,1.0,20.1,20.1,light,0,0.5,normal,221.0,100,50,70,20,indeterminate,medium-slow,arms,green,Multiplying Pokémon,"When Reuniclus shake hands, a network forms between their brains, increasing their psychic power.",solosis --> duosion --> reuniclus,3,3,1,1.0,1.0,1.0,1.0,1.0,1.0,0.5,1.0,1.0,1.0,0.5,2.0,1.0,2.0,1.0,2.0,1.0,1.0
580,ducklett,ducklett,5,water,flying,2,"keen-eye, big-pecks",hydration,62,0.2,44,0.14,50,0.16,44,0.14,50,0.16,55,0.18,305,hp,88,162,slow,39.47,1,balanced,0.13,bottom_tier,0.15,bottom_tier,2,5,1,2.0,iron,weak_slow,iron-weak_slow,0.5,5.5,22.0,light,0,0.5,normal,61.0,60,190,70,20,"water1, flying",medium,wings,blue,Water Bird Pokémon,These bird Pokémon are excellent divers. They swim around in the water eating their favorite food--peat moss.,ducklett --> swanna,2,1,0,1.0,0.5,0.5,4.0,1.0,1.0,0.5,1.0,0.0,1.0,1.0,0.5,2.0,1.0,1.0,1.0,0.5,1.0
581,swanna,swanna,5,water,flying,2,"keen-eye, big-pecks",hydration,75,0.16,87,0.18,63,0.13,87,0.18,63,0.13,98,0.21,473,speed,174,201,average,169.47,2,balanced,0.5,mid_tier,0.49,mid_tier,2,5,1,2.0,iron,midrange,iron-midrange,1.3,24.2,14.32,light,0,0.5,normal,166.0,65,45,70,20,"water1, flying",medium,wings,white,White Bird Pokémon,Swanna start to dance at dusk. The one dancing in the middle is the leader of the flock.,ducklett --> swanna,2,2,1,1.0,0.5,0.5,4.0,1.0,1.0,0.5,1.0,0.0,1.0,1.0,0.5,2.0,1.0,1.0,1.0,0.5,1.0
582,vanillite,vanillite,5,ice,,1,"ice-body, snow-cloak",weak-armor,36,0.12,50,0.16,50,0.16,65,0.21,60,0.2,44,0.14,305,sp_attack,115,146,slow,92.14,1,balanced,0.13,bottom_tier,0.15,bottom_tier,4,1,0,-3.5,frail,weak_slow,frail-weak_slow,0.4,5.7,35.62,heavy,0,0.5,normal,61.0,52,255,70,20,mineral,slow,blob,white,Fresh Snow Pokémon,The temperature of their breath is -58° F. They create snow crystals and make snow fall in the areas around them.,vanillite --> vanillish --> vanilluxe,3,1,0,1.0,2.0,1.0,1.0,1.0,0.5,2.0,1.0,1.0,1.0,1.0,1.0,2.0,1.0,1.0,1.0,2.0,1.0
583,vanillish,vanillish,5,ice,,1,"ice-body, snow-cloak",weak-armor,51,0.13,65,0.16,65,0.16,80,0.2,75,0.19,59,0.15,395,sp_attack,145,191,slow,92.14,1,balanced,0.37,lower_mid_tier,0.32,lower_mid_tier,4,1,0,-3.5,frail,balanced,frail-balanced,1.1,41.0,33.88,heavy,0,0.5,normal,138.0,46,120,70,20,mineral,slow,blob,white,Icy Snow Pokémon,"Snowy mountains are this Pokémon’s habitat. During an ancient ice age, they moved to southern areas.",vanillite --> vanillish --> vanilluxe,3,2,0,1.0,2.0,1.0,1.0,1.0,0.5,2.0,1.0,1.0,1.0,1.0,1.0,2.0,1.0,1.0,1.0,2.0,1.0
584,vanilluxe,vanilluxe,5,ice,,1,"ice-body, snow-warning",weak-armor,71,0.13,95,0.18,85,0.16,110,0.21,95,0.18,79,0.15,535,sp_attack,205,251,average,158.81,2,balanced,0.81,top_tier,0.78,upper_mid_tier,4,1,0,-3.5,frail,attacker,frail-attacker,1.3,57.5,34.02,heavy,0,0.5,normal,241.0,52,45,70,20,mineral,slow,heads,white,Snowstorm Pokémon,"Swallowing large amounts of water, they make snow clouds inside their bodies and attack their foes with violent blizzards.",vanillite --> vanillish --> vanilluxe,3,3,1,1.0,2.0,1.0,1.0,1.0,0.5,2.0,1.0,1.0,1.0,1.0,1.0,2.0,1.0,1.0,1.0,2.0,1.0
585,deerling,deerling-spring,5,normal,grass,2,"chlorophyll, sap-sipper",serene-grace,60,0.18,60,0.18,50,0.15,40,0.12,50,0.15,75,0.22,335,speed,100,160,average,120.14,1,balanced,0.26,lower_mid_tier,0.24,lower_mid_tier,6,4,1,-2.5,frail,fragile,frail-fragile,0.6,19.5,54.17,very_heavy,0,0.5,normal,67.0,71,190,70,20,ground,medium,quadruped,pink,Season Pokémon,"The color and scent of their fur changes to match the mountain grass. When they sense hostility, they hide in the grass.",deerling --> sawsbuck,2,1,0,1.0,2.0,0.5,0.5,0.5,2.0,2.0,2.0,0.5,2.0,1.0,2.0,1.0,0.0,1.0,1.0,1.0,1.0
585,deerling,deerling-summer,5,normal,grass,2,"chlorophyll, sap-sipper",serene-grace,60,0.18,60,0.18,50,0.15,40,0.12,50,0.15,75,0.22,335,speed,100,160,average,120.14,1,balanced,0.26,lower_mid_tier,0.24,lower_mid_tier,6,4,1,-2.5,frail,fragile,frail-fragile,0.6,19.5,54.17,very_heavy,0,0.5,normal,67.0,71,190,70,20,ground,medium,quadruped,pink,Season Pokémon,"The color and scent of their fur changes to match the mountain grass. When they sense hostility, they hide in the grass.",deerling --> sawsbuck,2,1,0,1.0,2.0,0.5,0.5,0.5,2.0,2.0,2.0,0.5,2.0,1.0,2.0,1.0,0.0,1.0,1.0,1.0,1.0
585,deerling,deerling-autumn,5,normal,grass,2,"chlorophyll, sap-sipper",serene-grace,60,0.18,60,0.18,50,0.15,40,0.12,50,0.15,75,0.22,335,speed,100,160,average,120.14,1,balanced,0.26,lower_mid_tier,0.24,lower_mid_tier,6,4,1,-2.5,frail,fragile,frail-fragile,0.6,19.5,54.17,very_heavy,0,0.5,normal,67.0,71,190,70,20,ground,medium,quadruped,pink,Season Pokémon,"The color and scent of their fur changes to match the mountain grass. When they sense hostility, they hide in the grass.",deerling --> sawsbuck,2,1,0,1.0,2.0,0.5,0.5,0.5,2.0,2.0,2.0,0.5,2.0,1.0,2.0,1.0,0.0,1.0,1.0,1.0,1.0
585,deerling,deerling-winter,5,normal,grass,2,"chlorophyll, sap-sipper",serene-grace,60,0.18,60,0.18,50,0.15,40,0.12,50,0.15,75,0.22,335,speed,100,160,average,120.14,1,balanced,0.26,lower_mid_tier,0.24,lower_mid_tier,6,4,1,-2.5,frail,fragile,frail-fragile,0.6,19.5,54.17,very_heavy,0,0.5,normal,67.0,71,190,70,20,ground,medium,quadruped,pink,Season Pokémon,"The color and scent of their fur changes to match the mountain grass. When they sense hostility, they hide in the grass.",deerling --> sawsbuck,2,1,0,1.0,2.0,0.5,0.5,0.5,2.0,2.0,2.0,0.5,2.0,1.0,2.0,1.0,0.0,1.0,1.0,1.0,1.0
586,sawsbuck,sawsbuck-spring,5,normal,grass,2,"chlorophyll, sap-sipper",serene-grace,80,0.17,100,0.21,70,0.15,60,0.13,70,0.15,95,0.2,475,attack,160,220,average,203.47,2,slightly_specialized,0.53,mid_tier,0.5,mid_tier,6,4,1,-2.5,frail,midrange,frail-midrange,1.9,92.5,25.62,average,0,0.5,normal,166.0,80,75,70,20,ground,medium,quadruped,brown,Season Pokémon,They migrate according to the seasons. People can tell the season by looking at Sawsbuck’s horns.,deerling --> sawsbuck,2,2,1,1.0,2.0,0.5,0.5,0.5,2.0,2.0,2.0,0.5,2.0,1.0,2.0,1.0,0.0,1.0,1.0,1.0,1.0
586,sawsbuck,sawsbuck-summer,5,normal,grass,2,"chlorophyll, sap-sipper",serene-grace,80,0.17,100,0.21,70,0.15,60,0.13,70,0.15,95,0.2,475,attack,160,220,average,203.47,2,slightly_specialized,0.53,mid_tier,0.5,mid_tier,6,4,1,-2.5,frail,midrange,frail-midrange,1.9,92.5,25.62,average,0,0.5,normal,166.0,80,75,70,20,ground,medium,quadruped,brown,Season Pokémon,They migrate according to the seasons. People can tell the season by looking at Sawsbuck’s horns.,deerling --> sawsbuck,2,2,1,1.0,2.0,0.5,0.5,0.5,2.0,2.0,2.0,0.5,2.0,1.0,2.0,1.0,0.0,1.0,1.0,1.0,1.0
586,sawsbuck,sawsbuck-autumn,5,normal,grass,2,"chlorophyll, sap-sipper",serene-grace,80,0.17,100,0.21,70,0.15,60,0.13,70,0.15,95,0.2,475,attack,160,220,average,203.47,2,slightly_specialized,0.53,mid_tier,0.5,mid_tier,6,4,1,-2.5,frail,midrange,frail-midrange,1.9,92.5,25.62,average,0,0.5,normal,166.0,80,75,70,20,ground,medium,quadruped,brown,Season Pokémon,They migrate according to the seasons. People can tell the season by looking at Sawsbuck’s horns.,deerling --> sawsbuck,2,2,1,1.0,2.0,0.5,0.5,0.5,2.0,2.0,2.0,0.5,2.0,1.0,2.0,1.0,0.0,1.0,1.0,1.0,1.0
586,sawsbuck,sawsbuck-winter,5,normal,grass,2,"chlorophyll, sap-sipper",serene-grace,80,0.17,100,0.21,70,0.15,60,0.13,70,0.15,95,0.2,475,attack,160,220,average,203.47,2,slightly_specialized,0.53,mid_tier,0.5,mid_tier,6,4,1,-2.5,frail,midrange,frail-midrange,1.9,92.5,25.62,average,0,0.5,normal,166.0,80,75,70,20,ground,medium,quadruped,brown,Season Pokémon,They migrate according to the seasons. People can tell the season by looking at Sawsbuck’s horns.,deerling --> sawsbuck,2,2,1,1.0,2.0,0.5,0.5,0.5,2.0,2.0,2.0,0.5,2.0,1.0,2.0,1.0,0.0,1.0,1.0,1.0,1.0
587,emolga,emolga,5,electric,flying,2,static,motor-drive,55,0.13,75,0.18,60,0.14,75,0.18,60,0.14,103,0.24,428,speed,150,175,fast,258.89,2,slightly_specialized,0.42,mid_tier,0.4,lower_mid_tier,2,5,1,2.0,iron,midrange,iron-midrange,0.4,5.0,31.25,average,0,0.5,normal,150.0,67,200,70,20,ground,medium,quadruped,white,Sky Squirrel Pokémon,The energy made in its cheeks’ electric pouches is stored inside its membrane and released while it is gliding.,emolga,1,0,0,1.0,1.0,1.0,1.0,0.5,2.0,0.5,1.0,0.0,0.5,1.0,0.5,2.0,1.0,1.0,1.0,0.5,1.0
588,karrablast,karrablast,5,bug,,1,"swarm, shed-skin",no-guard,50,0.16,75,0.24,45,0.14,40,0.13,45,0.14,60,0.19,315,attack,115,140,average,139.58,2,balanced,0.18,bottom_tier,0.19,bottom_tier,3,3,0,-1.5,exposed,fragile,exposed-fragile,0.5,5.9,23.6,average,0,0.5,normal,63.0,53,200,70,15,bug,medium,humanoid,blue,Clamping Pokémon,These mysterious Pokémon evolve when they receive electrical stimulation while they are in the same place as Shelmet.,karrablast --> escavalier,2,1,0,1.0,2.0,1.0,1.0,0.5,1.0,0.5,1.0,0.5,2.0,1.0,1.0,2.0,1.0,1.0,1.0,1.0,1.0
589,escavalier,escavalier,5,bug,steel,2,"swarm, shell-armor",overcoat,70,0.14,135,0.27,105,0.21,60,0.12,105,0.21,20,0.04,495,attack,195,280,slow,1389.58,5,highly_specialized,0.66,upper_mid_tier,0.62,upper_mid_tier,1,8,1,4.5,iron,bulky_attacker,iron-bulky_attacker,1.0,33.0,33.0,heavy,0,0.5,normal,173.0,67,75,70,15,bug,medium,arms,gray,Cavalry Pokémon,"They fly around at high speed, striking with their pointed spears. Even when in trouble, they face opponents bravely.",karrablast --> escavalier,2,2,1,0.5,4.0,1.0,1.0,0.25,0.5,1.0,0.0,1.0,1.0,0.5,0.5,1.0,1.0,0.5,1.0,0.5,0.5
590,foongus,foongus,5,grass,poison,2,effect-spore,regenerator,69,0.23,55,0.19,45,0.15,55,0.19,55,0.19,15,0.05,294,hp,110,169,slow,280.0,3,slightly_specialized,0.08,bottom_tier,0.12,bottom_tier,4,5,0,-1.5,exposed,weak_slow,exposed-weak_slow,0.2,1.0,25.0,average,0,0.5,normal,59.0,56,190,70,20,plant,medium,arms,white,Mushroom Pokémon,"It lures people in with its Poké Ball pattern, then releases poison spores. Why it resembles a Poké Ball is unknown.",foongus --> amoonguss,2,1,0,1.0,2.0,0.5,0.5,0.25,2.0,0.5,1.0,1.0,2.0,2.0,1.0,1.0,1.0,1.0,1.0,1.0,0.5
591,amoonguss,amoonguss,5,grass,poison,2,effect-spore,regenerator,114,0.25,85,0.18,70,0.15,85,0.18,80,0.17,30,0.06,464,hp,170,264,slow,627.22,4,specialized,0.46,mid_tier,0.47,mid_tier,4,5,0,-1.5,exposed,tank,exposed-tank,0.6,10.5,29.17,average,0,0.5,normal,162.0,58,75,70,20,plant,medium,arms,white,Mushroom Pokémon,"It lures prey close by dancing and waving its arm caps, which resemble Poké Balls, in a swaying motion.",foongus --> amoonguss,2,2,1,1.0,2.0,0.5,0.5,0.25,2.0,0.5,1.0,1.0,2.0,2.0,1.0,1.0,1.0,1.0,1.0,1.0,0.5
592,frillish,frillish-male,5,water,ghost,2,"water-absorb, cursed-body",damp,55,0.16,40,0.12,50,0.15,65,0.19,85,0.25,40,0.12,335,sp_defense,105,190,slow,245.14,2,slightly_specialized,0.26,lower_mid_tier,0.24,lower_mid_tier,4,6,2,2.0,iron,slow_attacker,iron-slow_attacker,1.2,33.0,22.92,average,0,0.5,normal,67.0,71,190,70,20,indeterminate,medium,tentacles,white,Floating Pokémon,"With its thin, veil-like arms wrapped around the body of its opponent, it sinks to the ocean floor.",frillish --> jellicent,2,1,0,0.0,0.5,0.5,2.0,2.0,0.5,0.0,0.5,1.0,1.0,1.0,0.5,1.0,2.0,1.0,2.0,0.5,1.0
592,frillish,frillish-female,5,water,ghost,2,"water-absorb, cursed-body",damp,55,0.16,40,0.12,50,0.15,65,0.19,85,0.25,40,0.12,335,sp_defense,105,190,slow,245.14,2,slightly_specialized,0.26,lower_mid_tier,0.24,lower_mid_tier,4,6,2,2.0,iron,slow_attacker,iron-slow_attacker,1.2,33.0,22.92,average,0,0.5,normal,67.0,71,190,70,20,indeterminate,medium,tentacles,white,Floating Pokémon,"With its thin, veil-like arms wrapped around the body of its opponent, it sinks to the ocean floor.",frillish --> jellicent,2,1,0,0.0,0.5,0.5,2.0,2.0,0.5,0.0,0.5,1.0,1.0,1.0,0.5,1.0,2.0,1.0,2.0,0.5,1.0
593,jellicent,jellicent-male,5,water,ghost,2,"water-absorb, cursed-body",damp,100,0.21,60,0.12,70,0.15,85,0.18,105,0.22,60,0.12,480,sp_defense,145,275,average,325.0,3,slightly_specialized,0.55,mid_tier,0.53,mid_tier,4,6,2,2.0,iron,bulky,iron-bulky,2.2,135.0,27.89,average,0,0.5,normal,168.0,70,60,70,20,indeterminate,medium,tentacles,white,Floating Pokémon,"The fate of the ships and crew that wander into Jellicent’s habitat: all sunken, all lost, all vanished.",frillish --> jellicent,2,2,1,0.0,0.5,0.5,2.0,2.0,0.5,0.0,0.5,1.0,1.0,1.0,0.5,1.0,2.0,1.0,2.0,0.5,1.0
593,jellicent,jellicent-female,5,water,ghost,2,"water-absorb, cursed-body",damp,100,0.21,60,0.12,70,0.15,85,0.18,105,0.22,60,0.12,480,sp_defense,145,275,average,325.0,3,slightly_specialized,0.55,mid_tier,0.53,mid_tier,4,6,2,2.0,iron,bulky,iron-bulky,2.2,135.0,27.89,average,0,0.5,normal,168.0,70,60,70,20,indeterminate,medium,tentacles,white,Floating Pokémon,"The fate of the ships and crew that wander into Jellicent’s habitat: all sunken, all lost, all vanished.",frillish --> jellicent,2,2,1,0.0,0.5,0.5,2.0,2.0,0.5,0.0,0.5,1.0,1.0,1.0,0.5,1.0,2.0,1.0,2.0,0.5,1.0
594,alomomola,alomomola,5,water,,1,"healer, hydration",regenerator,165,0.35,75,0.16,80,0.17,40,0.09,45,0.1,65,0.14,470,hp,115,290,average,1713.89,5,extreme,0.48,mid_tier,0.48,mid_tier,2,4,0,0.0,neutral,support,neutral-support,1.2,31.6,21.94,light,0,0.5,normal,165.0,74,75,70,40,"water1, water2",fast,fish,pink,Caring Pokémon,The special membrane enveloping Alomomola has the ability to heal wounds.,alomomola,1,0,0,1.0,0.5,0.5,2.0,2.0,0.5,1.0,1.0,1.0,1.0,1.0,1.0,1.0,1.0,1.0,1.0,0.5,1.0
595,joltik,joltik,5,bug,electric,2,"compound-eyes, unnerve",swarm,50,0.16,47,0.15,50,0.16,57,0.18,50,0.16,65,0.2,319,speed,104,150,average,37.14,1,balanced,0.2,bottom_tier,0.19,bottom_tier,2,4,0,0.0,neutral,fragile,neutral-fragile,0.1,0.6,60.0,very_heavy,0,0.5,normal,64.0,69,190,70,20,bug,medium,armor,yellow,Attaching Pokémon,Joltik that live in cities have learned a technique for sucking electricity from the outlets in houses.,joltik --> galvantula,2,1,0,1.0,2.0,1.0,0.5,0.5,1.0,0.5,1.0,1.0,1.0,1.0,1.0,2.0,1.0,1.0,1.0,0.5,1.0
596,galvantula,galvantula,5,bug,electric,2,"compound-eyes, unnerve",swarm,70,0.15,77,0.16,60,0.13,97,0.21,60,0.13,108,0.23,472,speed,174,190,fast,328.56,3,slightly_specialized,0.5,mid_tier,0.49,mid_tier,2,4,0,0.0,neutral,midrange,neutral-midrange,0.8,14.3,22.34,light,0,0.5,normal,165.0,69,75,70,20,bug,medium,armor,yellow,EleSpider Pokémon,"When attacked, they create an electric barrier by spitting out many electrically charged threads.",joltik --> galvantula,2,2,1,1.0,2.0,1.0,0.5,0.5,1.0,0.5,1.0,1.0,1.0,1.0,1.0,2.0,1.0,1.0,1.0,0.5,1.0
597,ferroseed,ferroseed,5,grass,steel,2,iron-barbs,,44,0.14,50,0.16,91,0.3,24,0.08,86,0.28,10,0.03,305,defense,74,221,slow,880.81,5,specialized,0.13,bottom_tier,0.15,bottom_tier,2,9,1,4.0,iron,slow_attacker,iron-slow_attacker,0.6,18.8,52.22,very_heavy,0,0.5,normal,61.0,60,255,70,20,"plant, mineral",medium,ball,gray,Thorn Seed Pokémon,"When threatened, it attacks by shooting a barrage of spikes, which gives it a chance to escape by rolling away.",ferroseed --> ferrothorn,2,1,0,0.5,4.0,0.5,0.5,0.25,1.0,2.0,0.0,1.0,1.0,0.5,1.0,0.5,1.0,0.5,1.0,0.5,0.5
598,ferrothorn,ferrothorn,5,grass,steel,2,iron-barbs,anticipation,74,0.15,94,0.19,131,0.27,54,0.11,116,0.24,20,0.04,489,defense,148,321,slow,1398.58,5,highly_specialized,0.63,upper_mid_tier,0.56,mid_tier,2,9,1,4.0,iron,tank,iron-tank,1.0,110.0,110.0,very_heavy,0,0.5,normal,171.0,74,90,70,20,"plant, mineral",medium,tentacles,gray,Thorn Pod Pokémon,It fights by swinging around its three spiky feelers. A hit from these steel spikes can reduce a boulder to rubble.,ferroseed --> ferrothorn,2,2,1,0.5,4.0,0.5,0.5,0.25,1.0,2.0,0.0,1.0,1.0,0.5,1.0,0.5,1.0,0.5,1.0,0.5,0.5
599,klink,klink,5,steel,,1,"plus, minus",clear-body,40,0.13,55,0.18,70,0.23,45,0.15,60,0.2,30,0.1,300,defense,100,170,slow,175.0,2,balanced,0.1,bottom_tier,0.13,bottom_tier,3,10,1,3.5,iron,weak_slow,iron-weak_slow,0.3,21.0,233.33,very_heavy,1,0.0,normal,60.0,53,130,70,20,mineral,medium-slow,heads,gray,Gear Pokémon,The two minigears that mesh together are predetermined. Each will rebound from other minigears without meshing.,klink --> klang --> klinklang,3,1,0,0.5,2.0,1.0,1.0,0.5,0.5,2.0,0.0,2.0,0.5,0.5,0.5,0.5,1.0,0.5,1.0,0.5,0.5
600,klang,klang,5,steel,,1,"plus, minus",clear-body,60,0.14,80,0.18,95,0.22,70,0.16,85,0.19,50,0.11,440,defense,150,240,slow,230.56,2,slightly_specialized,0.43,mid_tier,0.42,mid_tier,3,10,1,3.5,iron,slow_attacker,iron-slow_attacker,0.6,51.0,141.67,very_heavy,1,0.0,normal,154.0,54,60,70,20,mineral,medium-slow,heads,gray,Gear Pokémon,"By changing the direction in which it rotates, it communicates its feelings to others. When angry, it rotates faster.",klink --> klang --> klinklang,3,2,0,0.5,2.0,1.0,1.0,0.5,0.5,2.0,0.0,2.0,0.5,0.5,0.5,0.5,1.0,0.5,1.0,0.5,0.5
601,klinklang,klinklang,5,steel,,1,"plus, minus",clear-body,60,0.12,100,0.19,115,0.22,70,0.13,85,0.16,90,0.17,520,defense,170,260,average,330.56,3,slightly_specialized,0.78,upper_mid_tier,0.73,upper_mid_tier,3,10,1,3.5,iron,bulky_speedster,iron-bulky_speedster,0.6,81.0,225.0,very_heavy,1,0.0,normal,234.0,60,30,70,20,mineral,medium-slow,heads,gray,Gear Pokémon,The gear with the red core is rotated at high speed for a rapid energy charge.,klink --> klang --> klinklang,3,3,1,0.5,2.0,1.0,1.0,0.5,0.5,2.0,0.0,2.0,0.5,0.5,0.5,0.5,1.0,0.5,1.0,0.5,0.5
602,tynamo,tynamo,5,electric,,1,levitate,,35,0.13,55,0.2,40,0.15,45,0.16,40,0.15,60,0.22,275,speed,100,115,average,78.47,1,balanced,0.03,bottom_tier,0.09,bottom_tier,1,3,0,0.5,solid,fragile,solid-fragile,0.2,0.3,7.5,very_light,0,0.5,normal,55.0,8,190,70,20,indeterminate,slow,fish,white,EleFish Pokémon,"While one alone doesn’t have much power, a chain of many Tynamo can be as powerful as lightning.",tynamo --> eelektrik --> eelektross,3,1,0,1.0,1.0,1.0,0.5,1.0,1.0,1.0,1.0,2.0,0.5,1.0,1.0,1.0,1.0,1.0,1.0,0.5,1.0
603,eelektrik,eelektrik,5,electric,,1,levitate,,65,0.16,85,0.21,70,0.17,75,0.19,70,0.17,40,0.1,405,attack,160,205,slow,189.58,2,balanced,0.38,lower_mid_tier,0.34,lower_mid_tier,1,3,0,0.5,solid,slow_attacker,solid-slow_attacker,1.2,22.0,15.28,light,0,0.5,normal,142.0,61,60,70,20,indeterminate,slow,fish,blue,EleFish Pokémon,They coil around foes and shock them with electricity-generating organs that seem simply to be circular patterns.,tynamo --> eelektrik --> eelektross,3,2,0,1.0,1.0,1.0,0.5,1.0,1.0,1.0,1.0,2.0,0.5,1.0,1.0,1.0,1.0,1.0,1.0,0.5,1.0
604,eelektross,eelektross,5,electric,,1,levitate,,85,0.17,115,0.22,80,0.16,105,0.2,80,0.16,50,0.1,515,attack,220,245,slow,428.47,3,slightly_specialized,0.76,upper_mid_tier,0.72,upper_mid_tier,1,3,0,0.5,solid,attacker,solid-attacker,2.1,80.5,18.25,light,0,0.5,normal,232.0,97,30,70,20,indeterminate,slow,fish,blue,EleFish Pokémon,They crawl out of the ocean using their arms. They will attack prey on shore and immediately drag it into the ocean.,tynamo --> eelektrik --> eelektross,3,3,1,1.0,1.0,1.0,0.5,1.0,1.0,1.0,1.0,2.0,0.5,1.0,1.0,1.0,1.0,1.0,1.0,0.5,1.0
604,eelektross,eelektross-mega,5,electric,,1,,,85,0.14,145,0.24,80,0.13,135,0.22,90,0.15,80,0.13,615,attack,280,255,average,722.92,5,specialized,0.96,top_tier,0.93,top_tier,1,3,0,0.5,solid,attacker,solid-attacker,3.0,180.0,20.0,light,0,0.5,normal,,0,30,70,20,indeterminate,slow,fish,blue,EleFish Pokémon,They crawl out of the ocean using their arms. They will attack prey on shore and immediately drag it into the ocean.,tynamo --> eelektrik --> eelektross,3,3,1,1.0,1.0,1.0,0.5,1.0,1.0,1.0,1.0,2.0,0.5,1.0,1.0,1.0,1.0,1.0,1.0,0.5,1.0
605,elgyem,elgyem,5,psychic,,1,"telepathy, synchronize",analytic,55,0.16,55,0.16,55,0.16,85,0.25,55,0.16,30,0.09,335,sp_attack,140,165,slow,253.47,2,slightly_specialized,0.26,lower_mid_tier,0.24,lower_mid_tier,3,2,0,-2.0,frail,slow_attacker,frail-slow_attacker,0.5,9.0,36.0,heavy,0,0.5,normal,67.0,82,255,70,20,humanshape,medium,upright,blue,Cerebral Pokémon,"It uses its strong psychic power to squeeze its opponent’s brain, causing unendurable headaches.",elgyem --> beheeyem,2,1,0,1.0,1.0,1.0,1.0,1.0,1.0,0.5,1.0,1.0,1.0,0.5,2.0,1.0,2.0,1.0,2.0,1.0,1.0
606,beheeyem,beheeyem,5,psychic,,1,"telepathy, synchronize",analytic,75,0.15,75,0.15,75,0.15,125,0.26,95,0.2,40,0.08,485,sp_attack,200,245,slow,653.47,5,specialized,0.6,mid_tier,0.55,mid_tier,3,2,0,-2.0,frail,attacker,frail-attacker,1.0,34.5,34.5,heavy,0,0.5,normal,170.0,84,90,70,20,humanshape,medium,humanoid,brown,Cerebral Pokémon,"It can manipulate an opponent’s memory. Apparently, it communicates by flashing its three different-colored fingers.",elgyem --> beheeyem,2,2,1,1.0,1.0,1.0,1.0,1.0,1.0,0.5,1.0,1.0,1.0,0.5,2.0,1.0,2.0,1.0,2.0,1.0,1.0
607,litwick,litwick,5,ghost,fire,2,"flash-fire, flame-body",infiltrator,50,0.18,30,0.11,55,0.2,65,0.24,55,0.2,20,0.07,275,sp_attack,95,160,slow,245.14,2,slightly_specialized,0.03,bottom_tier,0.09,bottom_tier,5,7,2,1.5,iron,weak_slow,iron-weak_slow,0.3,3.1,34.44,heavy,0,0.5,normal,55.0,72,190,70,20,indeterminate,medium-slow,blob,white,Candle Pokémon,"Litwick shines a light that absorbs the life energy of people and Pokémon, which becomes the fuel that it burns.",litwick --> lampent --> chandelure,3,1,0,0.0,0.5,2.0,1.0,0.5,0.5,0.0,0.5,2.0,1.0,1.0,0.25,2.0,2.0,1.0,2.0,0.5,0.5
608,lampent,lampent,5,ghost,fire,2,"flash-fire, flame-body",infiltrator,60,0.16,40,0.11,60,0.16,95,0.26,60,0.16,55,0.15,370,sp_attack,135,180,slow,272.22,2,slightly_specialized,0.33,lower_mid_tier,0.3,lower_mid_tier,5,7,2,1.5,iron,weak_slow,iron-weak_slow,0.6,13.0,36.11,heavy,0,0.5,normal,130.0,71,90,70,20,indeterminate,medium-slow,arms,black,Lamp Pokémon,"This ominous Pokémon is feared. Through cities it wanders, searching for the spirits of the fallen.",litwick --> lampent --> chandelure,3,2,0,0.0,0.5,2.0,1.0,0.5,0.5,0.0,0.5,2.0,1.0,1.0,0.25,2.0,2.0,1.0,2.0,0.5,0.5
609,chandelure,chandelure,5,ghost,fire,2,"flash-fire, flame-body",infiltrator,60,0.12,55,0.11,90,0.17,145,0.28,90,0.17,80,0.15,520,sp_attack,200,240,average,863.89,5,specialized,0.78,upper_mid_tier,0.73,upper_mid_tier,5,7,2,1.5,iron,attacker,iron-attacker,1.0,34.3,34.3,heavy,0,0.5,normal,234.0,75,45,70,20,indeterminate,medium-slow,arms,black,Luring Pokémon,"It absorbs a spirit, which it then burns. By waving the flames on its arms, it puts its foes into a hypnotic trance.",litwick --> lampent --> chandelure,3,3,1,0.0,0.5,2.0,1.0,0.5,0.5,0.0,0.5,2.0,1.0,1.0,0.25,2.0,2.0,1.0,2.0,0.5,0.5
609,chandelure,chandelure-mega,5,ghost,fire,2,,,60,0.1,75,0.12,110,0.18,175,0.28,110,0.18,90,0.15,620,sp_attack,250,280,average,1347.22,5,highly_specialized,0.97,top_tier,0.93,top_tier,5,7,2,1.5,iron,juggernaut,iron-juggernaut,2.5,69.6,11.14,very_light,0,0.5,normal,,0,45,70,20,indeterminate,medium-slow,arms,black,Luring Pokémon,"It absorbs a spirit, which it then burns. By waving the flames on its arms, it puts its foes into a hypnotic trance.",litwick --> lampent --> chandelure,3,3,1,0.0,0.5,2.0,1.0,0.5,0.5,0.0,0.5,2.0,1.0,1.0,0.25,2.0,2.0,1.0,2.0,0.5,0.5
610,axew,axew,5,dragon,,1,"rivalry, mold-breaker",unnerve,46,0.14,87,0.27,60,0.19,30,0.09,40,0.12,57,0.18,320,attack,117,146,slow,327.89,3,slightly_specialized,0.21,lower_mid_tier,0.2,bottom_tier,3,4,0,-1.0,exposed,fragile,exposed-fragile,0.6,18.0,50.0,very_heavy,0,0.5,normal,64.0,80,75,35,40,"monster, dragon",slow,upright,green,Tusk Pokémon,They use their tusks to crush the berries they eat. Repeated regrowth makes their tusks strong and sharp.,axew --> fraxure --> haxorus,3,1,0,1.0,0.5,0.5,0.5,0.5,2.0,1.0,1.0,1.0,1.0,1.0,1.0,1.0,1.0,2.0,1.0,1.0,2.0
611,fraxure,fraxure,5,dragon,,1,"rivalry, mold-breaker",unnerve,66,0.16,117,0.29,70,0.17,40,0.1,50,0.12,67,0.16,410,attack,157,186,average,586.22,4,specialized,0.39,lower_mid_tier,0.35,lower_mid_tier,3,4,0,-1.0,exposed,balanced,exposed-balanced,1.0,36.0,36.0,heavy,0,0.5,normal,144.0,76,60,35,40,"monster, dragon",slow,upright,green,Axe Jaw Pokémon,"Since a broken tusk will not grow back, they diligently sharpen their tusks on river rocks after they’ve been fighting.",axew --> fraxure --> haxorus,3,2,0,1.0,0.5,0.5,0.5,0.5,2.0,1.0,1.0,1.0,1.0,1.0,1.0,1.0,1.0,2.0,1.0,1.0,2.0
612,haxorus,haxorus,5,dragon,,1,"rivalry, mold-breaker",unnerve,76,0.14,147,0.27,90,0.17,60,0.11,70,0.13,97,0.18,540,attack,207,236,average,799.0,5,specialized,0.82,top_tier,0.79,upper_mid_tier,3,4,0,-1.0,exposed,sweeper,exposed-sweeper,1.8,105.5,32.56,heavy,0,0.5,normal,243.0,86,45,35,40,"monster, dragon",slow,upright,yellow,Axe Jaw Pokémon,They are kind but can be relentless when defending territory. They challenge foes with tusks that can cut steel.,axew --> fraxure --> haxorus,3,3,1,1.0,0.5,0.5,0.5,0.5,2.0,1.0,1.0,1.0,1.0,1.0,1.0,1.0,1.0,2.0,1.0,1.0,2.0
613,cubchoo,cubchoo,5,ice,,1,"snow-cloak, slush-rush",rattled,55,0.18,70,0.23,40,0.13,60,0.2,40,0.13,40,0.13,305,attack,130,135,slow,136.81,2,balanced,0.13,bottom_tier,0.15,bottom_tier,4,1,0,-3.5,frail,weak_slow,frail-weak_slow,0.5,8.5,34.0,heavy,0,0.5,normal,61.0,83,120,70,20,ground,medium,upright,white,Chill Pokémon,"When it is not feeling well, its mucus gets watery and the power of its Ice-type moves decreases.",cubchoo --> beartic,2,1,0,1.0,2.0,1.0,1.0,1.0,0.5,2.0,1.0,1.0,1.0,1.0,1.0,2.0,1.0,1.0,1.0,2.0,1.0
614,beartic,beartic,5,ice,,1,"snow-cloak, slush-rush",swift-swim,95,0.19,130,0.26,80,0.16,70,0.14,80,0.16,50,0.1,505,attack,200,255,slow,603.47,4,specialized,0.71,upper_mid_tier,0.68,upper_mid_tier,4,1,0,-3.5,frail,attacker,frail-attacker,2.6,260.0,38.46,heavy,0,0.5,normal,177.0,100,60,70,20,ground,medium,quadruped,white,Freezing Pokémon,"It can make its breath freeze at will. Very able in the water, it swims around in northern seas and catches prey.",cubchoo --> beartic,2,2,1,1.0,2.0,1.0,1.0,1.0,0.5,2.0,1.0,1.0,1.0,1.0,1.0,2.0,1.0,1.0,1.0,2.0,1.0
615,cryogonal,cryogonal,5,ice,,1,levitate,,80,0.16,50,0.1,50,0.1,95,0.18,135,0.26,105,0.2,515,sp_defense,145,265,fast,911.81,5,highly_specialized,0.76,upper_mid_tier,0.72,upper_mid_tier,4,1,0,-3.5,frail,bulky_speedster,frail-bulky_speedster,1.1,148.0,122.31,very_heavy,1,0.0,normal,180.0,66,25,70,25,mineral,medium,ball,blue,Crystallizing Pokémon,"When its body temperature goes up, it turns into steam and vanishes. When its temperature lowers, it returns to ice.",cryogonal,1,0,0,1.0,2.0,1.0,1.0,1.0,0.5,2.0,1.0,1.0,1.0,1.0,1.0,2.0,1.0,1.0,1.0,2.0,1.0
616,shelmet,shelmet,5,bug,,1,"hydration, shell-armor",overcoat,50,0.16,40,0.13,85,0.28,40,0.13,65,0.21,25,0.08,305,defense,80,200,slow,378.47,3,slightly_specialized,0.13,bottom_tier,0.15,bottom_tier,3,3,0,-1.5,exposed,slow_attacker,exposed-slow_attacker,0.4,7.7,48.12,very_heavy,0,0.5,normal,61.0,52,200,70,15,bug,medium,ball,red,Snail Pokémon,"When attacked, it defends itself by closing the lid of its shell. It can spit a sticky, poisonous liquid.",shelmet --> accelgor,2,1,0,1.0,2.0,1.0,1.0,0.5,1.0,0.5,1.0,0.5,2.0,1.0,1.0,2.0,1.0,1.0,1.0,1.0,1.0
617,accelgor,accelgor,5,bug,,1,"hydration, sticky-hold",unburden,80,0.16,70,0.14,40,0.08,100,0.2,60,0.12,145,0.29,495,speed,170,180,fast,1114.58,5,highly_specialized,0.66,upper_mid_tier,0.62,upper_mid_tier,3,3,0,-1.5,exposed,midrange,exposed-midrange,0.8,25.3,39.53,heavy,0,0.5,normal,173.0,62,75,70,15,bug,medium,arms,red,Shell Out Pokémon,"When its body dries out, it weakens. So, to prevent dehydration, it wraps itself in many layers of thin membrane.",shelmet --> accelgor,2,2,1,1.0,2.0,1.0,1.0,0.5,1.0,0.5,1.0,0.5,2.0,1.0,1.0,2.0,1.0,1.0,1.0,1.0,1.0
618,stunfisk,stunfisk,5,ground,electric,2,"static, limber",sand-veil,109,0.23,66,0.14,84,0.18,81,0.17,99,0.21,32,0.07,471,hp,147,292,slow,617.58,4,specialized,0.49,mid_tier,0.48,mid_tier,4,4,1,-0.5,exposed,tank,exposed-tank,0.7,11.0,22.45,light,0,0.5,normal,165.0,74,75,70,20,"water1, indeterminate",medium,fish,brown,Trap Pokémon,"Its skin is very hard, so it is unhurt even if stepped on by sumo wrestlers. It smiles when transmitting electricity.",stunfisk,1,0,0,1.0,1.0,2.0,0.0,2.0,2.0,1.0,0.5,2.0,0.5,1.0,1.0,0.5,1.0,1.0,1.0,0.5,1.0
618,stunfisk,stunfisk-galar,5,ground,steel,2,mimicry,,109,0.23,81,0.17,99,0.21,66,0.14,84,0.18,32,0.07,471,hp,147,292,slow,617.58,4,specialized,0.49,mid_tier,0.48,mid_tier,4,8,2,3.0,iron,tank,iron-tank,0.7,20.5,41.84,heavy,0,0.5,normal,165.0,57,75,70,20,"water1, indeterminate",medium,fish,brown,Trap Pokémon,"Its skin is very hard, so it is unhurt even if stepped on by sumo wrestlers. It smiles when transmitting electricity.",stunfisk,1,0,0,0.5,2.0,2.0,0.0,1.0,1.0,2.0,0.0,2.0,0.5,0.5,0.5,0.25,1.0,0.5,1.0,0.5,0.5
619,mienfoo,mienfoo,5,fighting,,1,"inner-focus, regenerator",reckless,45,0.13,85,0.24,50,0.14,55,0.16,50,0.14,65,0.19,350,attack,140,145,average,180.56,2,balanced,0.29,lower_mid_tier,0.28,lower_mid_tier,3,3,0,-1.5,exposed,midrange,exposed-midrange,0.9,20.0,24.69,average,0,0.5,normal,70.0,83,180,70,25,"ground, humanshape",medium-slow,upright,yellow,Martial Arts Pokémon,"In fights, they dominate with onslaughts of flowing, continuous attacks. With their sharp claws, they cut enemies.",mienfoo --> mienshao,2,1,0,1.0,1.0,1.0,1.0,1.0,1.0,1.0,1.0,1.0,2.0,2.0,0.5,0.5,1.0,1.0,0.5,1.0,2.0
620,mienshao,mienshao,5,fighting,,1,"inner-focus, regenerator",reckless,65,0.13,125,0.25,60,0.12,95,0.19,60,0.12,105,0.21,510,attack,220,185,fast,625.0,4,specialized,0.74,upper_mid_tier,0.7,upper_mid_tier,3,3,0,-1.5,exposed,sweeper,exposed-sweeper,1.4,35.5,18.11,light,0,0.5,normal,179.0,91,45,70,25,"ground, humanshape",medium-slow,upright,purple,Martial Arts Pokémon,It wields the fur on its arms like a whip. Its arm attacks come with such rapidity that they cannot even be seen.,mienfoo --> mienshao,2,2,1,1.0,1.0,1.0,1.0,1.0,1.0,1.0,1.0,1.0,2.0,2.0,0.5,0.5,1.0,1.0,0.5,1.0,2.0
621,druddigon,druddigon,5,dragon,,1,"rough-skin, sheer-force",mold-breaker,77,0.16,120,0.25,90,0.19,60,0.12,90,0.19,48,0.1,485,attack,180,257,slow,538.14,4,specialized,0.6,mid_tier,0.55,mid_tier,3,4,0,-1.0,exposed,attacker,exposed-attacker,1.6,139.0,54.3,very_heavy,0,0.5,normal,170.0,91,45,70,30,"dragon, monster",medium,upright,red,Cave Pokémon,"It warms its body by absorbing sunlight with its wings. When its body temperature falls, it can no longer move.",druddigon,1,0,0,1.0,0.5,0.5,0.5,0.5,2.0,1.0,1.0,1.0,1.0,1.0,1.0,1.0,1.0,2.0,1.0,1.0,2.0
622,golett,golett,5,ground,ghost,2,"iron-fist, klutz",no-guard,59,0.19,74,0.24,50,0.17,35,0.12,50,0.17,35,0.12,303,attack,109,159,slow,184.25,2,balanced,0.11,bottom_tier,0.14,bottom_tier,5,3,3,1.0,solid,weak_slow,solid-weak_slow,1.0,92.0,92.0,very_heavy,1,0.0,normal,61.0,89,190,70,25,mineral,medium,humanoid,green,Automaton Pokémon,"The energy that burns inside it enables it to move, but no one has yet been able to identify this energy.",golett --> golurk,2,1,0,0.0,1.0,2.0,0.0,2.0,2.0,0.0,0.25,1.0,1.0,1.0,0.5,0.5,2.0,1.0,2.0,1.0,1.0
623,golurk,golurk,5,ground,ghost,2,"iron-fist, klutz",no-guard,89,0.18,124,0.26,80,0.17,55,0.11,80,0.17,55,0.11,483,attack,179,249,slow,544.25,4,specialized,0.58,mid_tier,0.54,mid_tier,5,3,3,1.0,solid,slow_attacker,solid-slow_attacker,2.8,330.0,42.09,heavy,1,0.0,normal,169.0,105,90,70,25,mineral,medium,humanoid,green,Automaton Pokémon,It flies across the sky at Mach speeds. Removing the seal on its chest makes its internal energy go out of control.,golett --> golurk,2,2,1,0.0,1.0,2.0,0.0,2.0,2.0,0.0,0.25,1.0,1.0,1.0,0.5,0.5,2.0,1.0,2.0,1.0,1.0
623,golurk,golurk-mega,5,ground,ghost,2,,,89,0.15,159,0.27,105,0.18,70,0.12,105,0.18,55,0.09,583,attack,229,299,slow,1088.14,5,highly_specialized,0.89,top_tier,0.87,top_tier,5,3,3,1.0,solid,bulky_attacker,solid-bulky_attacker,4.0,330.0,20.62,light,1,0.0,normal,,0,90,70,25,mineral,medium,humanoid,green,Automaton Pokémon,It flies across the sky at Mach speeds. Removing the seal on its chest makes its internal energy go out of control.,golett --> golurk,2,2,1,0.0,1.0,2.0,0.0,2.0,2.0,0.0,0.25,1.0,1.0,1.0,0.5,0.5,2.0,1.0,2.0,1.0,1.0
624,pawniard,pawniard,5,dark,steel,2,"defiant, inner-focus",pressure,45,0.13,85,0.25,70,0.21,40,0.12,40,0.12,60,0.18,340,attack,125,155,average,280.56,3,slightly_specialized,0.28,lower_mid_tier,0.27,lower_mid_tier,3,9,2,4.5,iron,fragile,iron-fragile,0.5,10.2,40.8,heavy,0,0.5,normal,68.0,84,120,35,20,humanshape,medium,humanoid,red,Sharp Blade Pokémon,"Blades comprise this Pokémon’s entire body. If battling dulls the blades, it sharpens them on stones by the river.",pawniard --> bisharp --> kingambit,3,1,0,0.5,2.0,1.0,1.0,0.5,0.5,4.0,0.0,2.0,0.5,0.0,1.0,0.5,0.5,0.5,0.5,0.5,1.0
625,bisharp,bisharp,5,dark,steel,2,"defiant, inner-focus",pressure,65,0.13,125,0.26,100,0.2,60,0.12,70,0.14,70,0.14,490,attack,185,235,average,538.89,4,specialized,0.64,upper_mid_tier,0.58,mid_tier,3,9,2,4.5,iron,attacker,iron-attacker,1.6,70.0,27.34,average,0,0.5,normal,172.0,85,45,35,20,humanshape,medium,humanoid,red,Sword Blade Pokémon,"It leads a group of Pawniard. It battles to become the boss, but will be driven from the group if it loses.",pawniard --> bisharp --> kingambit,3,2,0,0.5,2.0,1.0,1.0,0.5,0.5,4.0,0.0,2.0,0.5,0.0,1.0,0.5,0.5,0.5,0.5,0.5,1.0
626,bouffalant,bouffalant,5,normal,,1,"reckless, sap-sipper",soundproof,95,0.19,110,0.22,95,0.19,40,0.08,95,0.19,55,0.11,490,attack,150,285,slow,630.56,4,specialized,0.64,upper_mid_tier,0.58,mid_tier,1,0,1,0.5,solid,tank,solid-tank,1.6,94.6,36.95,heavy,0,0.5,normal,172.0,73,45,70,20,ground,medium,quadruped,brown,Bash Buffalo Pokémon,"Their fluffy fur absorbs damage, even if they strike foes with a fierce headbutt.",bouffalant,1,0,0,1.0,1.0,1.0,1.0,1.0,1.0,2.0,1.0,1.0,1.0,1.0,1.0,1.0,0.0,1.0,1.0,1.0,1.0
627,rufflet,rufflet,5,normal,flying,2,"keen-eye, sheer-force",hustle,70,0.2,83,0.24,50,0.14,37,0.11,50,0.14,60,0.17,350,attack,120,170,average,223.56,2,slightly_specialized,0.29,lower_mid_tier,0.28,lower_mid_tier,3,2,2,1.0,solid,fragile,solid-fragile,0.5,10.5,42.0,heavy,0,0.0,normal,70.0,68,190,70,20,flying,slow,wings,white,Eaglet Pokémon,"They crush berries with their talons. They bravely stand up to any opponent, no matter how strong it is.",rufflet --> braviary,2,1,0,1.0,1.0,1.0,2.0,0.5,2.0,1.0,1.0,0.0,1.0,1.0,0.5,2.0,0.0,1.0,1.0,1.0,1.0
628,braviary,braviary,5,normal,flying,2,"keen-eye, sheer-force",defiant,100,0.2,123,0.24,75,0.15,57,0.11,75,0.15,80,0.16,510,attack,180,250,average,446.33,4,slightly_specialized,0.74,upper_mid_tier,0.7,upper_mid_tier,3,2,2,1.0,solid,attacker,solid-attacker,1.5,41.0,18.22,light,0,0.0,normal,179.0,73,60,70,20,flying,slow,wings,red,Valiant Pokémon,They fight for their friends without any thought about danger to themselves. One can carry a car while flying.,rufflet --> braviary,2,2,1,1.0,1.0,1.0,2.0,0.5,2.0,1.0,1.0,0.0,1.0,1.0,0.5,2.0,0.0,1.0,1.0,1.0,1.0
628,braviary,braviary-hisui,5,psychic,flying,2,"keen-eye, sheer-force",tinted-lens,110,0.22,83,0.16,70,0.14,112,0.22,70,0.14,65,0.13,510,sp_attack,195,250,average,368.0,3,slightly_specialized,0.74,upper_mid_tier,0.7,upper_mid_tier,5,3,1,-2.0,frail,attacker,frail-attacker,1.7,43.4,15.02,light,0,0.0,normal,179.0,75,60,70,20,flying,slow,wings,red,Valiant Pokémon,They fight for their friends without any thought about danger to themselves. One can carry a car while flying.,rufflet --> braviary,2,2,1,1.0,1.0,1.0,2.0,0.5,2.0,0.25,1.0,0.0,1.0,0.5,1.0,2.0,2.0,1.0,2.0,1.0,1.0
629,vullaby,vullaby,5,dark,flying,2,"big-pecks, overcoat",weak-armor,70,0.19,55,0.15,75,0.2,45,0.12,65,0.18,60,0.16,370,defense,100,210,average,97.22,1,balanced,0.33,lower_mid_tier,0.3,lower_mid_tier,4,3,2,0.5,solid,midrange,solid-midrange,0.5,9.0,36.0,heavy,0,1.0,normal,74.0,73,190,35,20,flying,slow,wings,brown,Diapered Pokémon,Their wings are too tiny to allow them to fly. They guard their posteriors with bones that were gathered by Mandibuzz.,vullaby --> mandibuzz,2,1,0,1.0,1.0,1.0,2.0,0.5,2.0,1.0,1.0,0.0,1.0,0.0,1.0,2.0,0.5,1.0,0.5,1.0,2.0
630,mandibuzz,mandibuzz,5,dark,flying,2,"big-pecks, overcoat",weak-armor,110,0.22,65,0.13,105,0.21,55,0.11,95,0.19,80,0.16,510,hp,120,310,average,408.33,3,slightly_specialized,0.74,upper_mid_tier,0.7,upper_mid_tier,4,3,2,0.5,solid,support,solid-support,1.2,39.5,27.43,average,0,1.0,normal,179.0,80,60,35,20,flying,slow,wings,brown,Bone Vulture Pokémon,It makes a nest out of bones it finds. It grabs weakened prey in its talons and hauls it to its nest of bones.,vullaby --> mandibuzz,2,2,1,1.0,1.0,1.0,2.0,0.5,2.0,1.0,1.0,0.0,1.0,0.0,1.0,2.0,0.5,1.0,0.5,1.0,2.0
631,heatmor,heatmor,5,fire,,1,"gluttony, flash-fire",white-smoke,85,0.18,97,0.2,66,0.14,105,0.22,66,0.14,65,0.13,484,sp_attack,202,217,average,258.89,2,slightly_specialized,0.59,mid_tier,0.54,mid_tier,3,6,0,0.0,neutral,attacker,neutral-attacker,1.4,58.0,29.59,average,0,0.5,normal,169.0,80,90,70,20,ground,medium,upright,red,Anteater Pokémon,It breathes through a hole in its tail while it burns with an internal fire. Durant is its prey.,heatmor,1,0,0,1.0,0.5,2.0,1.0,0.5,0.5,1.0,1.0,2.0,1.0,1.0,0.5,2.0,1.0,1.0,1.0,0.5,0.5
632,durant,durant,5,bug,steel,2,"swarm, hustle",truant,58,0.12,109,0.23,112,0.23,48,0.1,48,0.1,109,0.23,484,defense,157,218,fast,872.56,5,specialized,0.59,mid_tier,0.54,mid_tier,1,8,1,4.5,iron,midrange,iron-midrange,0.3,33.0,366.67,very_heavy,0,0.5,normal,169.0,65,90,70,20,bug,medium,armor,gray,Iron Ant Pokémon,"They attack in groups, covering themselves in steel armor to protect themselves from Heatmor.",durant,1,0,0,0.5,4.0,1.0,1.0,0.25,0.5,1.0,0.0,1.0,1.0,0.5,0.5,1.0,1.0,0.5,1.0,0.5,0.5
633,deino,deino,5,dark,dragon,2,hustle,,52,0.17,65,0.22,50,0.17,45,0.15,50,0.17,38,0.13,300,attack,110,152,slow,66.33,1,balanced,0.1,bottom_tier,0.13,bottom_tier,5,6,1,-0.5,exposed,weak_slow,exposed-weak_slow,0.8,17.3,27.03,average,0,0.5,normal,60.0,67,45,35,40,dragon,slow,quadruped,blue,Irate Pokémon,"It tends to bite everything, and it is not a picky eater. Approaching it carelessly is dangerous.",deino --> zweilous --> hydreigon,3,1,0,1.0,0.5,0.5,0.5,0.5,2.0,2.0,1.0,1.0,1.0,0.0,2.0,1.0,0.5,2.0,0.5,1.0,4.0
634,zweilous,zweilous,5,dark,dragon,2,hustle,,72,0.17,85,0.2,70,0.17,65,0.15,70,0.17,58,0.14,420,attack,150,212,slow,66.33,1,balanced,0.41,mid_tier,0.39,lower_mid_tier,5,6,1,-0.5,exposed,balanced,exposed-balanced,1.4,50.0,25.51,average,0,0.5,normal,147.0,68,45,35,40,dragon,slow,quadruped,blue,Hostile Pokémon,"After it has eaten up all the food in its territory, it moves to another area. Its two heads do not get along.",deino --> zweilous --> hydreigon,3,2,0,1.0,0.5,0.5,0.5,0.5,2.0,2.0,1.0,1.0,1.0,0.0,2.0,1.0,0.5,2.0,0.5,1.0,4.0
635,hydreigon,hydreigon,5,dark,dragon,2,levitate,,92,0.15,105,0.18,90,0.15,125,0.21,90,0.15,98,0.16,600,sp_attack,230,272,average,153.0,2,balanced,0.93,top_tier,0.9,top_tier,5,6,1,-0.5,exposed,juggernaut,exposed-juggernaut,1.8,160.0,49.38,very_heavy,0,0.5,normal,270.0,104,45,35,40,dragon,slow,upright,blue,Brutal Pokémon,"This brutal Pokémon travels the skies on its six wings. Anything that moves seems like a foe to it, triggering its attack.",deino --> zweilous --> hydreigon,3,3,1,1.0,0.5,0.5,0.5,0.5,2.0,2.0,1.0,1.0,1.0,0.0,2.0,1.0,0.5,2.0,0.5,1.0,4.0
636,larvesta,larvesta,5,bug,fire,2,flame-body,swarm,55,0.15,85,0.24,55,0.15,50,0.14,55,0.15,60,0.17,360,attack,135,165,average,133.33,2,balanced,0.32,lower_mid_tier,0.29,lower_mid_tier,3,6,0,0.0,neutral,fragile,neutral-fragile,1.1,28.8,23.8,average,0,0.5,normal,72.0,61,45,70,40,bug,slow,armor,white,Torch Pokémon,"This Pokémon was believed to have been born from the sun. When it evolves, its entire body is engulfed in flames.",larvesta --> volcarona,2,1,0,1.0,1.0,2.0,1.0,0.25,0.5,0.5,1.0,1.0,2.0,1.0,0.5,4.0,1.0,1.0,1.0,0.5,0.5
637,volcarona,volcarona,5,bug,fire,2,flame-body,swarm,85,0.15,60,0.11,65,0.12,135,0.25,105,0.19,100,0.18,550,sp_attack,195,255,fast,647.22,4,specialized,0.83,top_tier,0.8,upper_mid_tier,3,6,0,0.0,neutral,sweeper,neutral-sweeper,1.6,46.0,17.97,light,0,0.5,normal,248.0,78,15,70,40,bug,slow,bug-wings,white,Sun Pokémon,"When volcanic ash darkened the atmosphere, it is said that Volcarona’s fire provided a replacement for the sun.",larvesta --> volcarona,2,2,1,1.0,1.0,2.0,1.0,0.25,0.5,0.5,1.0,1.0,2.0,1.0,0.5,4.0,1.0,1.0,1.0,0.5,0.5
638,cobalion,cobalion,5,steel,fighting,2,justified,,91,0.16,90,0.16,129,0.22,90,0.16,72,0.12,108,0.19,580,defense,180,292,fast,317.22,3,slightly_specialized,0.86,top_tier,0.86,top_tier,3,8,1,2.5,iron,juggernaut,iron-juggernaut,2.1,250.0,56.69,very_heavy,1,0.0,legendary,261.0,82,3,35,80,no-eggs,slow,quadruped,blue,Iron Will Pokémon,This legendary Pokémon battled against humans to protect Pokémon. Its personality is calm and composed.,cobalion,1,0,0,0.5,2.0,1.0,1.0,0.5,0.5,2.0,0.0,2.0,1.0,1.0,0.25,0.25,1.0,0.5,0.5,0.5,1.0
639,terrakion,terrakion,5,rock,fighting,2,justified,,91,0.16,129,0.22,90,0.16,72,0.12,90,0.16,108,0.19,580,attack,201,271,fast,317.22,3,slightly_specialized,0.86,top_tier,0.86,top_tier,7,6,0,-4.0,frail,juggernaut,frail-juggernaut,1.9,260.0,72.02,very_heavy,1,0.0,legendary,261.0,75,3,35,80,no-eggs,slow,quadruped,gray,Cavern Pokémon,This Pokémon came to the defense of Pokémon that had lost their homes in a war among humans.,terrakion,1,0,0,0.5,0.5,2.0,1.0,2.0,1.0,2.0,0.5,2.0,1.0,2.0,0.5,0.5,1.0,1.0,0.5,2.0,2.0
640,virizion,virizion,5,grass,fighting,2,justified,,91,0.16,90,0.16,72,0.12,90,0.16,129,0.22,108,0.19,580,sp_defense,180,292,fast,317.22,3,slightly_specialized,0.86,top_tier,0.86,top_tier,6,6,0,-3.0,frail,juggernaut,frail-juggernaut,2.0,200.0,50.0,very_heavy,1,0.0,legendary,261.0,81,3,35,80,no-eggs,slow,quadruped,green,Grassland Pokémon,This Pokémon fought humans in order to protect its friends. Legends about it continue to be passed down.,virizion,1,0,0,1.0,2.0,0.5,0.5,0.5,2.0,1.0,2.0,0.5,4.0,2.0,1.0,0.5,1.0,1.0,0.5,1.0,2.0
641,tornadus,tornadus-incarnate,5,flying,,1,prankster,defiant,79,0.14,115,0.2,70,0.12,125,0.22,80,0.14,111,0.19,580,sp_attack,240,229,fast,440.89,4,slightly_specialized,0.86,top_tier,0.86,top_tier,3,3,1,0.0,neutral,sweeper,neutral-sweeper,1.5,63.0,28.0,average,0,0.0,legendary,261.0,84,3,90,120,no-eggs,slow,arms,green,Cyclone Pokémon,The lower half of its body is wrapped in a cloud of energy. It zooms through the sky at 200 mph.,tornadus,1,0,0,1.0,1.0,1.0,2.0,0.5,2.0,0.5,1.0,0.0,1.0,1.0,0.5,2.0,1.0,1.0,1.0,1.0,1.0
641,tornadus,tornadus-therian,5,flying,,1,regenerator,,79,0.14,100,0.17,80,0.14,110,0.19,90,0.16,121,0.21,580,speed,210,249,fast,235.89,2,slightly_specialized,0.86,top_tier,0.86,top_tier,3,3,1,0.0,neutral,sweeper,neutral-sweeper,1.4,63.0,32.14,heavy,0,0.0,legendary,290.0,82,3,90,120,no-eggs,slow,arms,green,Cyclone Pokémon,The lower half of its body is wrapped in a cloud of energy. It zooms through the sky at 200 mph.,tornadus,1,0,0,1.0,1.0,1.0,2.0,0.5,2.0,0.5,1.0,0.0,1.0,1.0,0.5,2.0,1.0,1.0,1.0,1.0,1.0
642,thundurus,thundurus-incarnate,5,electric,flying,2,prankster,defiant,79,0.14,115,0.2,70,0.12,125,0.22,80,0.14,111,0.19,580,sp_attack,240,229,fast,440.89,4,slightly_specialized,0.86,top_tier,0.86,top_tier,2,5,1,2.0,iron,sweeper,iron-sweeper,1.5,61.0,27.11,average,0,0.0,legendary,261.0,94,3,90,120,no-eggs,slow,arms,blue,Bolt Strike Pokémon,Countless charred remains mar the landscape of places through which Thundurus has passed.,thundurus,1,0,0,1.0,1.0,1.0,1.0,0.5,2.0,0.5,1.0,0.0,0.5,1.0,0.5,2.0,1.0,1.0,1.0,0.5,1.0
642,thundurus,thundurus-therian,5,electric,flying,2,volt-absorb,,79,0.14,105,0.18,70,0.12,145,0.25,80,0.14,101,0.17,580,sp_attack,250,229,fast,620.89,4,specialized,0.86,top_tier,0.86,top_tier,2,5,1,2.0,iron,sweeper,iron-sweeper,3.0,61.0,6.78,very_light,0,0.0,legendary,290.0,90,3,90,120,no-eggs,slow,arms,blue,Bolt Strike Pokémon,Countless charred remains mar the landscape of places through which Thundurus has passed.,thundurus,1,0,0,1.0,1.0,1.0,1.0,0.5,2.0,0.5,1.0,0.0,0.5,1.0,0.5,2.0,1.0,1.0,1.0,0.5,1.0
643,reshiram,reshiram,5,dragon,fire,2,turboblaze,,100,0.15,120,0.18,100,0.15,150,0.22,120,0.18,90,0.13,680,sp_attack,270,320,average,388.89,3,slightly_specialized,0.99,top_tier,0.96,top_tier,3,5,0,-0.5,exposed,juggernaut,exposed-juggernaut,3.2,330.0,32.23,heavy,1,0.0,legendary,306.0,91,3,0,120,no-eggs,slow,wings,white,Vast White Pokémon,"This Pokémon appears in legends. It sends flames into the air from its tail, burning up everything around it.",reshiram,1,0,0,1.0,0.25,1.0,0.5,0.25,1.0,1.0,1.0,2.0,1.0,1.0,0.5,2.0,1.0,2.0,1.0,0.5,1.0
644,zekrom,zekrom,5,dragon,electric,2,teravolt,,100,0.15,150,0.22,120,0.18,120,0.18,100,0.15,90,0.13,680,attack,270,320,average,388.89,3,slightly_specialized,0.99,top_tier,0.96,top_tier,4,6,0,-1.0,exposed,juggernaut,exposed-juggernaut,2.9,345.0,41.02,heavy,1,0.0,legendary,306.0,98,3,0,120,no-eggs,slow,upright,black,Deep Black Pokémon,"Concealing itself in lightning clouds, it flies throughout the Unova region. It creates electricity in its tail.",zekrom,1,0,0,1.0,0.5,0.5,0.25,0.5,2.0,1.0,1.0,2.0,0.5,1.0,1.0,1.0,1.0,2.0,1.0,0.5,2.0
645,landorus,landorus-incarnate,5,ground,flying,2,sand-force,sheer-force,89,0.15,125,0.21,90,0.15,115,0.19,80,0.13,101,0.17,600,attack,240,259,fast,245.33,2,slightly_specialized,0.93,top_tier,0.9,top_tier,2,3,2,2.5,iron,sweeper,iron-sweeper,1.5,68.0,30.22,average,0,0.0,legendary,270.0,82,3,90,120,no-eggs,slow,arms,brown,Abundance Pokémon,Lands visited by Landorus grant such bountiful crops that it has been hailed as “The Guardian of the Fields.”,landorus,1,0,0,1.0,1.0,2.0,0.0,1.0,4.0,0.5,0.5,0.0,1.0,1.0,0.5,1.0,1.0,1.0,1.0,1.0,1.0
645,landorus,landorus-therian,5,ground,flying,2,intimidate,,89,0.15,145,0.24,90,0.15,105,0.18,80,0.13,91,0.15,600,attack,250,259,average,458.67,4,slightly_specialized,0.93,top_tier,0.9,top_tier,2,3,2,2.5,iron,sweeper,iron-sweeper,1.3,68.0,40.24,heavy,0,0.0,legendary,300.0,79,3,90,120,no-eggs,slow,arms,brown,Abundance Pokémon,Lands visited by Landorus grant such bountiful crops that it has been hailed as “The Guardian of the Fields.”,landorus,1,0,0,1.0,1.0,2.0,0.0,1.0,4.0,0.5,0.5,0.0,1.0,1.0,0.5,1.0,1.0,1.0,1.0,1.0,1.0
646,kyurem,kyurem,5,dragon,ice,2,pressure,,125,0.19,130,0.2,90,0.14,130,0.2,90,0.14,95,0.14,660,attack,260,305,average,341.67,3,slightly_specialized,0.98,top_tier,0.95,top_tier,5,3,0,-3.5,frail,juggernaut,frail-juggernaut,3.0,325.0,36.11,heavy,1,0.0,legendary,297.0,86,3,0,120,no-eggs,slow,upright,gray,Boundary Pokémon,"It generates a powerful, freezing energy inside itself, but its body became frozen when the energy leaked out.",kyurem,1,0,0,1.0,1.0,0.5,0.5,0.5,1.0,2.0,1.0,1.0,1.0,1.0,1.0,2.0,1.0,2.0,1.0,2.0,2.0
646,kyurem,kyurem-black,5,dragon,ice,2,teravolt,,125,0.18,170,0.24,100,0.14,120,0.17,90,0.13,95,0.14,700,attack,290,315,average,730.56,5,specialized,1.0,top_tier,0.98,top_tier,5,3,0,-3.5,frail,juggernaut,frail-juggernaut,3.3,325.0,29.84,average,1,0.0,legendary,350.0,87,3,0,120,no-eggs,slow,upright,gray,Boundary Pokémon,"It generates a powerful, freezing energy inside itself, but its body became frozen when the energy leaked out.",kyurem,1,0,0,1.0,1.0,0.5,0.5,0.5,1.0,2.0,1.0,1.0,1.0,1.0,1.0,2.0,1.0,2.0,1.0,2.0,2.0
646,kyurem,kyurem-white,5,dragon,ice,2,turboblaze,,125,0.18,120,0.17,90,0.13,170,0.24,100,0.14,95,0.14,700,sp_attack,290,315,average,730.56,5,specialized,1.0,top_tier,0.98,top_tier,5,3,0,-3.5,frail,juggernaut,frail-juggernaut,3.6,325.0,25.08,average,1,0.0,legendary,350.0,87,3,0,120,no-eggs,slow,upright,gray,Boundary Pokémon,"It generates a powerful, freezing energy inside itself, but its body became frozen when the energy leaked out.",kyurem,1,0,0,1.0,1.0,0.5,0.5,0.5,1.0,2.0,1.0,1.0,1.0,1.0,1.0,2.0,1.0,2.0,1.0,2.0,2.0
647,keldeo,keldeo-ordinary,5,water,fighting,2,justified,,91,0.16,72,0.12,90,0.16,129,0.22,90,0.16,108,0.19,580,sp_attack,201,271,fast,317.22,3,slightly_specialized,0.86,top_tier,0.86,top_tier,5,7,0,-1.5,exposed,juggernaut,exposed-juggernaut,1.4,48.5,24.74,average,1,0.0,mythical,261.0,81,3,35,80,no-eggs,slow,quadruped,yellow,Colt Pokémon,"By blasting water from its hooves, it can glide across water. It excels at using leg moves while battling.",keldeo,1,0,0,1.0,0.5,0.5,2.0,2.0,0.5,1.0,1.0,1.0,2.0,2.0,0.5,0.5,1.0,1.0,0.5,0.5,2.0
647,keldeo,keldeo-resolute,5,water,fighting,2,justified,,91,0.16,72,0.12,90,0.16,129,0.22,90,0.16,108,0.19,580,sp_attack,201,271,fast,317.22,3,slightly_specialized,0.86,top_tier,0.86,top_tier,5,7,0,-1.5,exposed,juggernaut,exposed-juggernaut,1.4,48.5,24.74,average,1,0.0,mythical,290.0,81,3,35,80,no-eggs,slow,quadruped,yellow,Colt Pokémon,"By blasting water from its hooves, it can glide across water. It excels at using leg moves while battling.",keldeo,1,0,0,1.0,0.5,0.5,2.0,2.0,0.5,1.0,1.0,1.0,2.0,2.0,0.5,0.5,1.0,1.0,0.5,0.5,2.0
648,meloetta,meloetta-aria,5,normal,psychic,2,serene-grace,,100,0.17,77,0.13,77,0.13,128,0.21,128,0.21,90,0.15,600,sp_attack,205,305,average,454.33,4,slightly_specialized,0.93,top_tier,0.9,top_tier,2,1,1,0.0,neutral,juggernaut,neutral-juggernaut,0.6,6.5,18.06,light,1,0.0,mythical,270.0,105,3,100,120,no-eggs,slow,humanoid,white,Melody Pokémon,Its melodies are sung with a special vocalization method that can control the feelings of those who hear it.,meloetta,1,0,0,1.0,1.0,1.0,1.0,1.0,1.0,1.0,1.0,1.0,1.0,0.5,2.0,1.0,0.0,1.0,2.0,1.0,1.0
648,meloetta,meloetta-pirouette,5,normal,fighting,2,serene-grace,,100,0.17,128,0.21,90,0.15,77,0.13,77,0.13,128,0.21,600,attack,205,267,fast,454.33,4,slightly_specialized,0.93,top_tier,0.9,top_tier,4,3,1,-1.0,exposed,juggernaut,exposed-juggernaut,0.6,6.5,18.06,light,1,0.0,mythical,270.0,105,3,100,120,no-eggs,slow,humanoid,white,Melody Pokémon,Its melodies are sung with a special vocalization method that can control the feelings of those who hear it.,meloetta,1,0,0,1.0,1.0,1.0,1.0,1.0,1.0,2.0,1.0,1.0,2.0,2.0,0.5,0.5,0.0,1.0,0.5,1.0,2.0
649,genesect,genesect,5,bug,steel,2,download,,71,0.12,120,0.2,95,0.16,120,0.2,95,0.16,99,0.16,600,attack,240,261,average,282.0,3,slightly_specialized,0.93,top_tier,0.9,top_tier,1,8,1,4.5,iron,juggernaut,iron-juggernaut,1.5,82.5,36.67,heavy,1,0.0,mythical,270.0,80,3,0,120,no-eggs,slow,humanoid,purple,Paleozoic Pokémon,"Over 300 million years ago, it was feared as the strongest of hunters. It has been modified by Team Plasma.",genesect,1,0,0,0.5,4.0,1.0,1.0,0.25,0.5,1.0,0.0,1.0,1.0,0.5,0.5,1.0,1.0,0.5,1.0,0.5,0.5
649,genesect,genesect-douse,5,bug,steel,2,download,,71,0.12,120,0.2,95,0.16,120,0.2,95,0.16,99,0.16,600,attack,240,261,average,282.0,3,slightly_specialized,0.93,top_tier,0.9,top_tier,1,8,1,4.5,iron,juggernaut,iron-juggernaut,1.5,82.5,36.67,heavy,1,0.0,mythical,270.0,80,3,0,120,no-eggs,slow,humanoid,purple,Paleozoic Pokémon,"Over 300 million years ago, it was feared as the strongest of hunters. It has been modified by Team Plasma.",genesect,1,0,0,0.5,4.0,1.0,1.0,0.25,0.5,1.0,0.0,1.0,1.0,0.5,0.5,1.0,1.0,0.5,1.0,0.5,0.5
649,genesect,genesect-shock,5,bug,steel,2,download,,71,0.12,120,0.2,95,0.16,120,0.2,95,0.16,99,0.16,600,attack,240,261,average,282.0,3,slightly_specialized,0.93,top_tier,0.9,top_tier,1,8,1,4.5,iron,juggernaut,iron-juggernaut,1.5,82.5,36.67,heavy,1,0.0,mythical,270.0,80,3,0,120,no-eggs,slow,humanoid,purple,Paleozoic Pokémon,"Over 300 million years ago, it was feared as the strongest of hunters. It has been modified by Team Plasma.",genesect,1,0,0,0.5,4.0,1.0,1.0,0.25,0.5,1.0,0.0,1.0,1.0,0.5,0.5,1.0,1.0,0.5,1.0,0.5,0.5
649,genesect,genesect-burn,5,bug,steel,2,download,,71,0.12,120,0.2,95,0.16,120,0.2,95,0.16,99,0.16,600,attack,240,261,average,282.0,3,slightly_specialized,0.93,top_tier,0.9,top_tier,1,8,1,4.5,iron,juggernaut,iron-juggernaut,1.5,82.5,36.67,heavy,1,0.0,mythical,270.0,80,3,0,120,no-eggs,slow,humanoid,purple,Paleozoic Pokémon,"Over 300 million years ago, it was feared as the strongest of hunters. It has been modified by Team Plasma.",genesect,1,0,0,0.5,4.0,1.0,1.0,0.25,0.5,1.0,0.0,1.0,1.0,0.5,0.5,1.0,1.0,0.5,1.0,0.5,0.5
649,genesect,genesect-chill,5,bug,steel,2,download,,71,0.12,120,0.2,95,0.16,120,0.2,95,0.16,99,0.16,600,attack,240,261,average,282.0,3,slightly_specialized,0.93,top_tier,0.9,top_tier,1,8,1,4.5,iron,juggernaut,iron-juggernaut,1.5,82.5,36.67,heavy,1,0.0,mythical,270.0,80,3,0,120,no-eggs,slow,humanoid,purple,Paleozoic Pokémon,"Over 300 million years ago, it was feared as the strongest of hunters. It has been modified by Team Plasma.",genesect,1,0,0,0.5,4.0,1.0,1.0,0.25,0.5,1.0,0.0,1.0,1.0,0.5,0.5,1.0,1.0,0.5,1.0,0.5,0.5
650,chespin,chespin,6,grass,,1,overgrow,bulletproof,56,0.18,61,0.19,65,0.21,48,0.15,45,0.14,38,0.12,313,defense,109,166,slow,87.81,1,balanced,0.31,lower_mid_tier,0.18,bottom_tier,5,4,0,-3.0,frail,weak_slow,frail-weak_slow,0.4,9.0,56.25,very_heavy,0,0.125,normal,63.0,96,45,70,20,ground,medium-slow,upright,green,Spiny Nut Pokémon,"The quills on its head are usually soft. When it flexes them, the points become so hard and sharp that they can pierce rock.",chespin --> quilladin --> chesnaught,3,1,0,1.0,2.0,0.5,0.5,0.5,2.0,1.0,2.0,0.5,2.0,1.0,2.0,1.0,1.0,1.0,1.0,1.0,1.0
651,quilladin,quilladin,6,grass,,1,overgrow,bulletproof,61,0.15,78,0.19,95,0.23,56,0.14,58,0.14,57,0.14,405,defense,134,214,slow,206.92,2,slightly_specialized,0.43,mid_tier,0.34,lower_mid_tier,5,4,0,-3.0,frail,midrange,frail-midrange,0.7,29.0,59.18,very_heavy,0,0.125,normal,142.0,97,45,70,20,ground,medium-slow,upright,green,Spiny Armor Pokémon,It relies on its sturdy shell to deflect predators’ attacks. It counterattacks with its sharp quills.,chespin --> quilladin --> chesnaught,3,2,0,1.0,2.0,0.5,0.5,0.5,2.0,1.0,2.0,0.5,2.0,1.0,2.0,1.0,1.0,1.0,1.0,1.0,1.0
652,chesnaught,chesnaught,6,grass,fighting,2,overgrow,bulletproof,88,0.17,107,0.2,122,0.23,74,0.14,75,0.14,64,0.12,530,defense,181,285,average,409.56,3,slightly_specialized,0.81,top_tier,0.76,upper_mid_tier,6,6,0,-3.0,frail,bulky_attacker,frail-bulky_attacker,1.6,90.0,35.16,heavy,0,0.125,normal,239.0,117,45,70,20,ground,medium-slow,upright,green,Spiny Armor Pokémon,Its Tackle is forceful enough to flip a 50-ton tank. It shields its allies from danger with its own body.,chespin --> quilladin --> chesnaught,3,3,1,1.0,2.0,0.5,0.5,0.5,2.0,1.0,2.0,0.5,4.0,2.0,1.0,0.5,1.0,1.0,0.5,1.0,2.0
652,chesnaught,chesnaught-mega,6,grass,fighting,2,,,88,0.14,137,0.22,172,0.27,74,0.12,115,0.18,44,0.07,630,defense,211,375,slow,1764.0,5,extreme,0.94,top_tier,0.94,top_tier,6,6,0,-3.0,frail,bulky_attacker,frail-bulky_attacker,1.6,90.0,35.16,heavy,0,0.125,normal,,0,45,70,20,ground,medium-slow,upright,green,Spiny Armor Pokémon,Its Tackle is forceful enough to flip a 50-ton tank. It shields its allies from danger with its own body.,chespin --> quilladin --> chesnaught,3,3,1,1.0,2.0,0.5,0.5,0.5,2.0,1.0,2.0,0.5,4.0,2.0,1.0,0.5,1.0,1.0,0.5,1.0,2.0
653,fennekin,fennekin,6,fire,,1,blaze,magician,40,0.13,45,0.15,40,0.13,62,0.2,60,0.2,60,0.2,307,sp_attack,107,140,average,93.47,1,balanced,0.3,lower_mid_tier,0.16,bottom_tier,3,6,0,0.0,neutral,fragile,neutral-fragile,0.4,9.4,58.75,very_heavy,0,0.125,normal,61.0,74,45,70,20,ground,medium-slow,quadruped,red,Fox Pokémon,"Eating a twig fills it with energy, and its roomy ears give vent to air hotter than 390 degrees Fahrenheit.",fennekin --> braixen --> delphox,3,1,0,1.0,0.5,2.0,1.0,0.5,0.5,1.0,1.0,2.0,1.0,1.0,0.5,2.0,1.0,1.0,1.0,0.5,0.5
654,braixen,braixen,6,fire,,1,blaze,magician,59,0.14,59,0.14,58,0.14,90,0.22,70,0.17,73,0.18,409,sp_attack,149,187,average,129.14,2,balanced,0.44,mid_tier,0.35,lower_mid_tier,3,6,0,0.0,neutral,balanced,neutral-balanced,1.0,14.5,14.5,light,0,0.125,normal,143.0,85,45,70,20,ground,medium-slow,upright,red,Fox Pokémon,"It has a twig stuck in its tail. With friction from its tail fur, it sets the twig on fire and launches into battle.",fennekin --> braixen --> delphox,3,2,0,1.0,0.5,2.0,1.0,0.5,0.5,1.0,1.0,2.0,1.0,1.0,0.5,2.0,1.0,1.0,1.0,0.5,0.5
655,delphox,delphox,6,fire,psychic,2,blaze,magician,75,0.14,69,0.13,72,0.13,114,0.21,100,0.19,104,0.19,534,sp_attack,183,247,fast,309.33,3,slightly_specialized,0.83,top_tier,0.77,upper_mid_tier,5,7,0,-1.5,exposed,sweeper,exposed-sweeper,1.5,39.0,17.33,light,0,0.125,normal,240.0,106,45,70,20,ground,medium-slow,upright,red,Fox Pokémon,"It gazes into the flame at the tip of its branch to achieve a focused state, which allows it to see into the future.",fennekin --> braixen --> delphox,3,3,1,1.0,0.5,2.0,1.0,0.5,0.5,0.5,1.0,2.0,1.0,0.5,1.0,2.0,2.0,1.0,2.0,0.5,0.5
655,delphox,delphox-mega,6,fire,psychic,2,,,75,0.12,69,0.11,72,0.11,159,0.25,125,0.2,134,0.21,634,sp_attack,228,272,fast,1239.89,5,highly_specialized,0.95,top_tier,0.94,top_tier,5,7,0,-1.5,exposed,juggernaut,exposed-juggernaut,1.5,39.0,17.33,light,0,0.125,normal,,0,45,70,20,ground,medium-slow,upright,red,Fox Pokémon,"It gazes into the flame at the tip of its branch to achieve a focused state, which allows it to see into the future.",fennekin --> braixen --> delphox,3,3,1,1.0,0.5,2.0,1.0,0.5,0.5,0.5,1.0,2.0,1.0,0.5,1.0,2.0,2.0,1.0,2.0,0.5,0.5
656,froakie,froakie,6,water,,1,torrent,protean,41,0.13,56,0.18,40,0.13,62,0.2,44,0.14,71,0.23,314,speed,118,125,average,134.22,2,balanced,0.31,lower_mid_tier,0.18,bottom_tier,2,4,0,0.0,neutral,fragile,neutral-fragile,0.3,7.0,77.78,very_heavy,0,0.125,normal,63.0,77,45,70,20,water1,medium-slow,quadruped,blue,Bubble Frog Pokémon,It secretes flexible bubbles from its chest and back. The bubbles reduce the damage it would otherwise take when attacked.,froakie --> frogadier --> greninja,3,1,0,1.0,0.5,0.5,2.0,2.0,0.5,1.0,1.0,1.0,1.0,1.0,1.0,1.0,1.0,1.0,1.0,0.5,1.0
657,frogadier,frogadier,6,water,,1,torrent,protean,54,0.13,63,0.16,52,0.13,83,0.2,56,0.14,97,0.24,405,speed,146,162,average,280.92,3,slightly_specialized,0.43,mid_tier,0.34,lower_mid_tier,2,4,0,0.0,neutral,midrange,neutral-midrange,0.6,10.9,30.28,average,0,0.125,normal,142.0,77,45,70,20,water1,medium-slow,humanoid,blue,Bubble Frog Pokémon,"It can throw bubble-covered pebbles with precise control, hitting empty cans up to a hundred feet away.",froakie --> frogadier --> greninja,3,2,0,1.0,0.5,0.5,2.0,2.0,0.5,1.0,1.0,1.0,1.0,1.0,1.0,1.0,1.0,1.0,1.0,0.5,1.0
658,greninja,greninja,6,water,dark,2,torrent,protean,72,0.14,95,0.18,67,0.13,103,0.19,71,0.13,122,0.23,530,speed,198,210,fast,402.56,3,slightly_specialized,0.81,top_tier,0.76,upper_mid_tier,5,6,1,-0.5,exposed,sweeper,exposed-sweeper,1.5,40.0,17.78,light,0,0.125,normal,239.0,93,45,70,20,water1,medium-slow,humanoid,blue,Ninja Pokémon,"It creates throwing stars out of compressed water. When it spins them and throws them at high speed, these stars can split metal in two.",froakie --> frogadier --> greninja,3,3,1,1.0,0.5,0.5,2.0,2.0,0.5,2.0,1.0,1.0,1.0,0.0,2.0,1.0,0.5,1.0,0.5,0.5,2.0
658,greninja,greninja-battle-bond,6,water,dark,2,battle-bond,,72,0.14,95,0.18,67,0.13,103,0.19,71,0.13,122,0.23,530,speed,198,210,fast,402.56,3,slightly_specialized,0.81,top_tier,0.76,upper_mid_tier,5,6,1,-0.5,exposed,sweeper,exposed-sweeper,1.5,40.0,17.78,light,0,0.125,normal,239.0,63,45,70,20,water1,medium-slow,humanoid,blue,Ninja Pokémon,"It creates throwing stars out of compressed water. When it spins them and throws them at high speed, these stars can split metal in two.",froakie --> frogadier --> greninja,3,3,1,1.0,0.5,0.5,2.0,2.0,0.5,2.0,1.0,1.0,1.0,0.0,2.0,1.0,0.5,1.0,0.5,0.5,2.0
658,greninja,greninja-ash,6,water,dark,2,battle-bond,,72,0.11,145,0.23,67,0.1,153,0.24,71,0.11,132,0.21,640,sp_attack,298,210,fast,1384.22,5,highly_specialized,0.96,top_tier,0.94,top_tier,5,6,1,-0.5,exposed,sweeper,exposed-sweeper,1.5,40.0,17.78,light,0,0.125,normal,288.0,81,45,70,20,water1,medium-slow,humanoid,blue,Ninja Pokémon,"It creates throwing stars out of compressed water. When it spins them and throws them at high speed, these stars can split metal in two.",froakie --> frogadier --> greninja,3,3,1,1.0,0.5,0.5,2.0,2.0,0.5,2.0,1.0,1.0,1.0,0.0,2.0,1.0,0.5,1.0,0.5,0.5,2.0
658,greninja,greninja-mega,6,water,dark,2,,,72,0.11,125,0.2,77,0.12,133,0.21,81,0.13,142,0.23,630,speed,258,230,fast,833.67,5,specialized,0.94,top_tier,0.94,top_tier,5,6,1,-0.5,exposed,sweeper,exposed-sweeper,1.5,40.0,17.78,light,0,0.125,normal,,0,45,70,20,water1,medium-slow,humanoid,blue,Ninja Pokémon,"It creates throwing stars out of compressed water. When it spins them and throws them at high speed, these stars can split metal in two.",froakie --> frogadier --> greninja,3,3,1,1.0,0.5,0.5,2.0,2.0,0.5,2.0,1.0,1.0,1.0,0.0,2.0,1.0,0.5,1.0,0.5,0.5,2.0
659,bunnelby,bunnelby,6,normal,,1,"pickup, cheek-pouch",huge-power,38,0.16,36,0.15,38,0.16,32,0.14,36,0.15,57,0.24,237,speed,68,112,slow,65.25,1,balanced,0.22,lower_mid_tier,0.05,bottom_tier,1,0,1,0.5,solid,fragile,solid-fragile,0.4,5.0,31.25,average,0,0.5,normal,47.0,65,255,70,15,ground,medium,upright,brown,Digging Pokémon,They use their large ears to dig burrows. They will dig the whole night through.,bunnelby --> diggersby,2,1,0,1.0,1.0,1.0,1.0,1.0,1.0,2.0,1.0,1.0,1.0,1.0,1.0,1.0,0.0,1.0,1.0,1.0,1.0
660,diggersby,diggersby,6,normal,ground,2,"pickup, cheek-pouch",huge-power,85,0.2,56,0.13,77,0.18,50,0.12,77,0.18,78,0.18,423,hp,106,239,average,163.58,2,balanced,0.56,mid_tier,0.39,lower_mid_tier,4,2,2,0.0,neutral,midrange,neutral-midrange,1.0,42.4,42.4,heavy,0,0.5,normal,148.0,88,127,70,15,ground,medium,upright,brown,Digging Pokémon,"With their powerful ears, they can heft boulders of a ton or more with ease. They can be a big help at construction sites.",bunnelby --> diggersby,2,2,1,1.0,1.0,2.0,0.0,2.0,2.0,2.0,0.5,1.0,1.0,1.0,1.0,0.5,0.0,1.0,1.0,1.0,1.0
661,fletchling,fletchling,6,normal,flying,2,big-pecks,gale-wings,45,0.16,50,0.18,43,0.15,40,0.14,38,0.14,62,0.22,278,speed,90,126,average,63.56,1,balanced,0.23,lower_mid_tier,0.09,bottom_tier,3,2,2,1.0,solid,fragile,solid-fragile,0.3,1.7,18.89,light,0,0.5,normal,56.0,58,255,70,15,flying,medium-slow,wings,red,Tiny Robin Pokémon,These friendly Pokémon send signals to one another with beautiful chirps and tail-feather movements.,fletchling --> fletchinder --> talonflame,3,1,0,1.0,1.0,1.0,2.0,0.5,2.0,1.0,1.0,0.0,1.0,1.0,0.5,2.0,0.0,1.0,1.0,1.0,1.0
662,fletchinder,fletchinder,6,fire,flying,2,flame-body,gale-wings,62,0.16,73,0.19,55,0.14,56,0.15,52,0.14,84,0.22,382,speed,129,169,average,128.89,2,balanced,0.43,mid_tier,0.31,lower_mid_tier,3,6,1,1.5,iron,fragile,iron-fragile,0.7,16.0,32.65,heavy,0,0.5,normal,134.0,63,120,70,15,flying,medium-slow,wings,red,Ember Pokémon,"From its beak, it expels embers that set the tall grass on fire. Then it pounces on the bewildered prey that pop out of the grass.",fletchling --> fletchinder --> talonflame,3,2,0,1.0,0.5,2.0,2.0,0.25,1.0,0.5,1.0,0.0,1.0,1.0,0.25,4.0,1.0,1.0,1.0,0.5,0.5
663,talonflame,talonflame,6,fire,flying,2,flame-body,gale-wings,78,0.16,81,0.16,71,0.14,74,0.15,69,0.14,126,0.25,499,speed,155,218,fast,383.14,3,slightly_specialized,0.73,upper_mid_tier,0.65,upper_mid_tier,3,6,1,1.5,iron,midrange,iron-midrange,1.2,24.5,17.01,light,0,0.5,normal,175.0,69,45,70,15,flying,medium-slow,wings,red,Scorching Pokémon,"In the fever of an exciting battle, it showers embers from the gaps between its feathers and takes to the air.",fletchling --> fletchinder --> talonflame,3,3,1,1.0,0.5,2.0,2.0,0.25,1.0,0.5,1.0,0.0,1.0,1.0,0.25,4.0,1.0,1.0,1.0,0.5,0.5
664,scatterbug,scatterbug-icy-snow,6,bug,,1,"shield-dust, compound-eyes",friend-guard,38,0.19,35,0.18,40,0.2,27,0.14,25,0.12,35,0.18,200,defense,62,103,slow,30.22,1,balanced,0.06,bottom_tier,0.01,bottom_tier,3,3,0,-1.5,exposed,weak_slow,exposed-weak_slow,0.3,2.5,27.78,average,0,0.5,normal,40.0,9,255,70,15,bug,medium,armor,black,Scatterdust Pokémon,"When under attack from bird Pokémon, it spews a poisonous black powder that causes paralysis on contact.",scatterbug --> spewpa --> vivillon,3,1,0,1.0,2.0,1.0,1.0,0.5,1.0,0.5,1.0,0.5,2.0,1.0,1.0,2.0,1.0,1.0,1.0,1.0,1.0
664,scatterbug,scatterbug-polar,6,bug,,1,"shield-dust, compound-eyes",friend-guard,38,0.19,35,0.18,40,0.2,27,0.14,25,0.12,35,0.18,200,defense,62,103,slow,30.22,1,balanced,0.06,bottom_tier,0.01,bottom_tier,3,3,0,-1.5,exposed,weak_slow,exposed-weak_slow,0.3,2.5,27.78,average,0,0.5,normal,40.0,9,255,70,15,bug,medium,armor,black,Scatterdust Pokémon,"When under attack from bird Pokémon, it spews a poisonous black powder that causes paralysis on contact.",scatterbug --> spewpa --> vivillon,3,1,0,1.0,2.0,1.0,1.0,0.5,1.0,0.5,1.0,0.5,2.0,1.0,1.0,2.0,1.0,1.0,1.0,1.0,1.0
664,scatterbug,scatterbug-tundra,6,bug,,1,"shield-dust, compound-eyes",friend-guard,38,0.19,35,0.18,40,0.2,27,0.14,25,0.12,35,0.18,200,defense,62,103,slow,30.22,1,balanced,0.06,bottom_tier,0.01,bottom_tier,3,3,0,-1.5,exposed,weak_slow,exposed-weak_slow,0.3,2.5,27.78,average,0,0.5,normal,40.0,9,255,70,15,bug,medium,armor,black,Scatterdust Pokémon,"When under attack from bird Pokémon, it spews a poisonous black powder that causes paralysis on contact.",scatterbug --> spewpa --> vivillon,3,1,0,1.0,2.0,1.0,1.0,0.5,1.0,0.5,1.0,0.5,2.0,1.0,1.0,2.0,1.0,1.0,1.0,1.0,1.0
664,scatterbug,scatterbug-continental,6,bug,,1,"shield-dust, compound-eyes",friend-guard,38,0.19,35,0.18,40,0.2,27,0.14,25,0.12,35,0.18,200,defense,62,103,slow,30.22,1,balanced,0.06,bottom_tier,0.01,bottom_tier,3,3,0,-1.5,exposed,weak_slow,exposed-weak_slow,0.3,2.5,27.78,average,0,0.5,normal,40.0,9,255,70,15,bug,medium,armor,black,Scatterdust Pokémon,"When under attack from bird Pokémon, it spews a poisonous black powder that causes paralysis on contact.",scatterbug --> spewpa --> vivillon,3,1,0,1.0,2.0,1.0,1.0,0.5,1.0,0.5,1.0,0.5,2.0,1.0,1.0,2.0,1.0,1.0,1.0,1.0,1.0
664,scatterbug,scatterbug-garden,6,bug,,1,"shield-dust, compound-eyes",friend-guard,38,0.19,35,0.18,40,0.2,27,0.14,25,0.12,35,0.18,200,defense,62,103,slow,30.22,1,balanced,0.06,bottom_tier,0.01,bottom_tier,3,3,0,-1.5,exposed,weak_slow,exposed-weak_slow,0.3,2.5,27.78,average,0,0.5,normal,40.0,9,255,70,15,bug,medium,armor,black,Scatterdust Pokémon,"When under attack from bird Pokémon, it spews a poisonous black powder that causes paralysis on contact.",scatterbug --> spewpa --> vivillon,3,1,0,1.0,2.0,1.0,1.0,0.5,1.0,0.5,1.0,0.5,2.0,1.0,1.0,2.0,1.0,1.0,1.0,1.0,1.0
664,scatterbug,scatterbug-elegant,6,bug,,1,"shield-dust, compound-eyes",friend-guard,38,0.19,35,0.18,40,0.2,27,0.14,25,0.12,35,0.18,200,defense,62,103,slow,30.22,1,balanced,0.06,bottom_tier,0.01,bottom_tier,3,3,0,-1.5,exposed,weak_slow,exposed-weak_slow,0.3,2.5,27.78,average,0,0.5,normal,40.0,9,255,70,15,bug,medium,armor,black,Scatterdust Pokémon,"When under attack from bird Pokémon, it spews a poisonous black powder that causes paralysis on contact.",scatterbug --> spewpa --> vivillon,3,1,0,1.0,2.0,1.0,1.0,0.5,1.0,0.5,1.0,0.5,2.0,1.0,1.0,2.0,1.0,1.0,1.0,1.0,1.0
664,scatterbug,scatterbug-meadow,6,bug,,1,"shield-dust, compound-eyes",friend-guard,38,0.19,35,0.18,40,0.2,27,0.14,25,0.12,35,0.18,200,defense,62,103,slow,30.22,1,balanced,0.06,bottom_tier,0.01,bottom_tier,3,3,0,-1.5,exposed,weak_slow,exposed-weak_slow,0.3,2.5,27.78,average,0,0.5,normal,40.0,9,255,70,15,bug,medium,armor,black,Scatterdust Pokémon,"When under attack from bird Pokémon, it spews a poisonous black powder that causes paralysis on contact.",scatterbug --> spewpa --> vivillon,3,1,0,1.0,2.0,1.0,1.0,0.5,1.0,0.5,1.0,0.5,2.0,1.0,1.0,2.0,1.0,1.0,1.0,1.0,1.0
664,scatterbug,scatterbug-modern,6,bug,,1,"shield-dust, compound-eyes",friend-guard,38,0.19,35,0.18,40,0.2,27,0.14,25,0.12,35,0.18,200,defense,62,103,slow,30.22,1,balanced,0.06,bottom_tier,0.01,bottom_tier,3,3,0,-1.5,exposed,weak_slow,exposed-weak_slow,0.3,2.5,27.78,average,0,0.5,normal,40.0,9,255,70,15,bug,medium,armor,black,Scatterdust Pokémon,"When under attack from bird Pokémon, it spews a poisonous black powder that causes paralysis on contact.",scatterbug --> spewpa --> vivillon,3,1,0,1.0,2.0,1.0,1.0,0.5,1.0,0.5,1.0,0.5,2.0,1.0,1.0,2.0,1.0,1.0,1.0,1.0,1.0
664,scatterbug,scatterbug-marine,6,bug,,1,"shield-dust, compound-eyes",friend-guard,38,0.19,35,0.18,40,0.2,27,0.14,25,0.12,35,0.18,200,defense,62,103,slow,30.22,1,balanced,0.06,bottom_tier,0.01,bottom_tier,3,3,0,-1.5,exposed,weak_slow,exposed-weak_slow,0.3,2.5,27.78,average,0,0.5,normal,40.0,9,255,70,15,bug,medium,armor,black,Scatterdust Pokémon,"When under attack from bird Pokémon, it spews a poisonous black powder that causes paralysis on contact.",scatterbug --> spewpa --> vivillon,3,1,0,1.0,2.0,1.0,1.0,0.5,1.0,0.5,1.0,0.5,2.0,1.0,1.0,2.0,1.0,1.0,1.0,1.0,1.0
664,scatterbug,scatterbug-archipelago,6,bug,,1,"shield-dust, compound-eyes",friend-guard,38,0.19,35,0.18,40,0.2,27,0.14,25,0.12,35,0.18,200,defense,62,103,slow,30.22,1,balanced,0.06,bottom_tier,0.01,bottom_tier,3,3,0,-1.5,exposed,weak_slow,exposed-weak_slow,0.3,2.5,27.78,average,0,0.5,normal,40.0,9,255,70,15,bug,medium,armor,black,Scatterdust Pokémon,"When under attack from bird Pokémon, it spews a poisonous black powder that causes paralysis on contact.",scatterbug --> spewpa --> vivillon,3,1,0,1.0,2.0,1.0,1.0,0.5,1.0,0.5,1.0,0.5,2.0,1.0,1.0,2.0,1.0,1.0,1.0,1.0,1.0
664,scatterbug,scatterbug-high-plains,6,bug,,1,"shield-dust, compound-eyes",friend-guard,38,0.19,35,0.18,40,0.2,27,0.14,25,0.12,35,0.18,200,defense,62,103,slow,30.22,1,balanced,0.06,bottom_tier,0.01,bottom_tier,3,3,0,-1.5,exposed,weak_slow,exposed-weak_slow,0.3,2.5,27.78,average,0,0.5,normal,40.0,9,255,70,15,bug,medium,armor,black,Scatterdust Pokémon,"When under attack from bird Pokémon, it spews a poisonous black powder that causes paralysis on contact.",scatterbug --> spewpa --> vivillon,3,1,0,1.0,2.0,1.0,1.0,0.5,1.0,0.5,1.0,0.5,2.0,1.0,1.0,2.0,1.0,1.0,1.0,1.0,1.0
664,scatterbug,scatterbug-sandstorm,6,bug,,1,"shield-dust, compound-eyes",friend-guard,38,0.19,35,0.18,40,0.2,27,0.14,25,0.12,35,0.18,200,defense,62,103,slow,30.22,1,balanced,0.06,bottom_tier,0.01,bottom_tier,3,3,0,-1.5,exposed,weak_slow,exposed-weak_slow,0.3,2.5,27.78,average,0,0.5,normal,40.0,9,255,70,15,bug,medium,armor,black,Scatterdust Pokémon,"When under attack from bird Pokémon, it spews a poisonous black powder that causes paralysis on contact.",scatterbug --> spewpa --> vivillon,3,1,0,1.0,2.0,1.0,1.0,0.5,1.0,0.5,1.0,0.5,2.0,1.0,1.0,2.0,1.0,1.0,1.0,1.0,1.0
664,scatterbug,scatterbug-river,6,bug,,1,"shield-dust, compound-eyes",friend-guard,38,0.19,35,0.18,40,0.2,27,0.14,25,0.12,35,0.18,200,defense,62,103,slow,30.22,1,balanced,0.06,bottom_tier,0.01,bottom_tier,3,3,0,-1.5,exposed,weak_slow,exposed-weak_slow,0.3,2.5,27.78,average,0,0.5,normal,40.0,9,255,70,15,bug,medium,armor,black,Scatterdust Pokémon,"When under attack from bird Pokémon, it spews a poisonous black powder that causes paralysis on contact.",scatterbug --> spewpa --> vivillon,3,1,0,1.0,2.0,1.0,1.0,0.5,1.0,0.5,1.0,0.5,2.0,1.0,1.0,2.0,1.0,1.0,1.0,1.0,1.0
664,scatterbug,scatterbug-monsoon,6,bug,,1,"shield-dust, compound-eyes",friend-guard,38,0.19,35,0.18,40,0.2,27,0.14,25,0.12,35,0.18,200,defense,62,103,slow,30.22,1,balanced,0.06,bottom_tier,0.01,bottom_tier,3,3,0,-1.5,exposed,weak_slow,exposed-weak_slow,0.3,2.5,27.78,average,0,0.5,normal,40.0,9,255,70,15,bug,medium,armor,black,Scatterdust Pokémon,"When under attack from bird Pokémon, it spews a poisonous black powder that causes paralysis on contact.",scatterbug --> spewpa --> vivillon,3,1,0,1.0,2.0,1.0,1.0,0.5,1.0,0.5,1.0,0.5,2.0,1.0,1.0,2.0,1.0,1.0,1.0,1.0,1.0
664,scatterbug,scatterbug-savanna,6,bug,,1,"shield-dust, compound-eyes",friend-guard,38,0.19,35,0.18,40,0.2,27,0.14,25,0.12,35,0.18,200,defense,62,103,slow,30.22,1,balanced,0.06,bottom_tier,0.01,bottom_tier,3,3,0,-1.5,exposed,weak_slow,exposed-weak_slow,0.3,2.5,27.78,average,0,0.5,normal,40.0,9,255,70,15,bug,medium,armor,black,Scatterdust Pokémon,"When under attack from bird Pokémon, it spews a poisonous black powder that causes paralysis on contact.",scatterbug --> spewpa --> vivillon,3,1,0,1.0,2.0,1.0,1.0,0.5,1.0,0.5,1.0,0.5,2.0,1.0,1.0,2.0,1.0,1.0,1.0,1.0,1.0
664,scatterbug,scatterbug-sun,6,bug,,1,"shield-dust, compound-eyes",friend-guard,38,0.19,35,0.18,40,0.2,27,0.14,25,0.12,35,0.18,200,defense,62,103,slow,30.22,1,balanced,0.06,bottom_tier,0.01,bottom_tier,3,3,0,-1.5,exposed,weak_slow,exposed-weak_slow,0.3,2.5,27.78,average,0,0.5,normal,40.0,9,255,70,15,bug,medium,armor,black,Scatterdust Pokémon,"When under attack from bird Pokémon, it spews a poisonous black powder that causes paralysis on contact.",scatterbug --> spewpa --> vivillon,3,1,0,1.0,2.0,1.0,1.0,0.5,1.0,0.5,1.0,0.5,2.0,1.0,1.0,2.0,1.0,1.0,1.0,1.0,1.0
664,scatterbug,scatterbug-ocean,6,bug,,1,"shield-dust, compound-eyes",friend-guard,38,0.19,35,0.18,40,0.2,27,0.14,25,0.12,35,0.18,200,defense,62,103,slow,30.22,1,balanced,0.06,bottom_tier,0.01,bottom_tier,3,3,0,-1.5,exposed,weak_slow,exposed-weak_slow,0.3,2.5,27.78,average,0,0.5,normal,40.0,9,255,70,15,bug,medium,armor,black,Scatterdust Pokémon,"When under attack from bird Pokémon, it spews a poisonous black powder that causes paralysis on contact.",scatterbug --> spewpa --> vivillon,3,1,0,1.0,2.0,1.0,1.0,0.5,1.0,0.5,1.0,0.5,2.0,1.0,1.0,2.0,1.0,1.0,1.0,1.0,1.0
664,scatterbug,scatterbug-jungle,6,bug,,1,"shield-dust, compound-eyes",friend-guard,38,0.19,35,0.18,40,0.2,27,0.14,25,0.12,35,0.18,200,defense,62,103,slow,30.22,1,balanced,0.06,bottom_tier,0.01,bottom_tier,3,3,0,-1.5,exposed,weak_slow,exposed-weak_slow,0.3,2.5,27.78,average,0,0.5,normal,40.0,9,255,70,15,bug,medium,armor,black,Scatterdust Pokémon,"When under attack from bird Pokémon, it spews a poisonous black powder that causes paralysis on contact.",scatterbug --> spewpa --> vivillon,3,1,0,1.0,2.0,1.0,1.0,0.5,1.0,0.5,1.0,0.5,2.0,1.0,1.0,2.0,1.0,1.0,1.0,1.0,1.0
664,scatterbug,scatterbug-fancy,6,bug,,1,"shield-dust, compound-eyes",friend-guard,38,0.19,35,0.18,40,0.2,27,0.14,25,0.12,35,0.18,200,defense,62,103,slow,30.22,1,balanced,0.06,bottom_tier,0.01,bottom_tier,3,3,0,-1.5,exposed,weak_slow,exposed-weak_slow,0.3,2.5,27.78,average,0,0.5,normal,40.0,9,255,70,15,bug,medium,armor,black,Scatterdust Pokémon,"When under attack from bird Pokémon, it spews a poisonous black powder that causes paralysis on contact.",scatterbug --> spewpa --> vivillon,3,1,0,1.0,2.0,1.0,1.0,0.5,1.0,0.5,1.0,0.5,2.0,1.0,1.0,2.0,1.0,1.0,1.0,1.0,1.0
664,scatterbug,scatterbug-poke-ball,6,bug,,1,"shield-dust, compound-eyes",friend-guard,38,0.19,35,0.18,40,0.2,27,0.14,25,0.12,35,0.18,200,defense,62,103,slow,30.22,1,balanced,0.06,bottom_tier,0.01,bottom_tier,3,3,0,-1.5,exposed,weak_slow,exposed-weak_slow,0.3,2.5,27.78,average,0,0.5,normal,40.0,9,255,70,15,bug,medium,armor,black,Scatterdust Pokémon,"When under attack from bird Pokémon, it spews a poisonous black powder that causes paralysis on contact.",scatterbug --> spewpa --> vivillon,3,1,0,1.0,2.0,1.0,1.0,0.5,1.0,0.5,1.0,0.5,2.0,1.0,1.0,2.0,1.0,1.0,1.0,1.0,1.0
665,spewpa,spewpa-icy-snow,6,bug,,1,shed-skin,friend-guard,45,0.21,22,0.1,60,0.28,27,0.13,30,0.14,29,0.14,213,defense,49,135,slow,169.58,2,balanced,0.17,bottom_tier,0.04,bottom_tier,3,3,0,-1.5,exposed,weak_slow,exposed-weak_slow,0.3,8.4,93.33,very_heavy,0,0.5,normal,75.0,8,120,70,15,bug,medium,blob,black,Scatterdust Pokémon,"It lives hidden within thicket shadows. When predators attack, it quickly bristles the fur covering its body in an effort to threaten them.",scatterbug --> spewpa --> vivillon,3,2,0,1.0,2.0,1.0,1.0,0.5,1.0,0.5,1.0,0.5,2.0,1.0,1.0,2.0,1.0,1.0,1.0,1.0,1.0
665,spewpa,spewpa-polar,6,bug,,1,shed-skin,friend-guard,45,0.21,22,0.1,60,0.28,27,0.13,30,0.14,29,0.14,213,defense,49,135,slow,169.58,2,balanced,0.17,bottom_tier,0.04,bottom_tier,3,3,0,-1.5,exposed,weak_slow,exposed-weak_slow,0.3,8.4,93.33,very_heavy,0,0.5,normal,75.0,8,120,70,15,bug,medium,blob,black,Scatterdust Pokémon,"It lives hidden within thicket shadows. When predators attack, it quickly bristles the fur covering its body in an effort to threaten them.",scatterbug --> spewpa --> vivillon,3,2,0,1.0,2.0,1.0,1.0,0.5,1.0,0.5,1.0,0.5,2.0,1.0,1.0,2.0,1.0,1.0,1.0,1.0,1.0
665,spewpa,spewpa-tundra,6,bug,,1,shed-skin,friend-guard,45,0.21,22,0.1,60,0.28,27,0.13,30,0.14,29,0.14,213,defense,49,135,slow,169.58,2,balanced,0.17,bottom_tier,0.04,bottom_tier,3,3,0,-1.5,exposed,weak_slow,exposed-weak_slow,0.3,8.4,93.33,very_heavy,0,0.5,normal,75.0,8,120,70,15,bug,medium,blob,black,Scatterdust Pokémon,"It lives hidden within thicket shadows. When predators attack, it quickly bristles the fur covering its body in an effort to threaten them.",scatterbug --> spewpa --> vivillon,3,2,0,1.0,2.0,1.0,1.0,0.5,1.0,0.5,1.0,0.5,2.0,1.0,1.0,2.0,1.0,1.0,1.0,1.0,1.0
665,spewpa,spewpa-continental,6,bug,,1,shed-skin,friend-guard,45,0.21,22,0.1,60,0.28,27,0.13,30,0.14,29,0.14,213,defense,49,135,slow,169.58,2,balanced,0.17,bottom_tier,0.04,bottom_tier,3,3,0,-1.5,exposed,weak_slow,exposed-weak_slow,0.3,8.4,93.33,very_heavy,0,0.5,normal,75.0,8,120,70,15,bug,medium,blob,black,Scatterdust Pokémon,"It lives hidden within thicket shadows. When predators attack, it quickly bristles the fur covering its body in an effort to threaten them.",scatterbug --> spewpa --> vivillon,3,2,0,1.0,2.0,1.0,1.0,0.5,1.0,0.5,1.0,0.5,2.0,1.0,1.0,2.0,1.0,1.0,1.0,1.0,1.0
665,spewpa,spewpa-garden,6,bug,,1,shed-skin,friend-guard,45,0.21,22,0.1,60,0.28,27,0.13,30,0.14,29,0.14,213,defense,49,135,slow,169.58,2,balanced,0.17,bottom_tier,0.04,bottom_tier,3,3,0,-1.5,exposed,weak_slow,exposed-weak_slow,0.3,8.4,93.33,very_heavy,0,0.5,normal,75.0,8,120,70,15,bug,medium,blob,black,Scatterdust Pokémon,"It lives hidden within thicket shadows. When predators attack, it quickly bristles the fur covering its body in an effort to threaten them.",scatterbug --> spewpa --> vivillon,3,2,0,1.0,2.0,1.0,1.0,0.5,1.0,0.5,1.0,0.5,2.0,1.0,1.0,2.0,1.0,1.0,1.0,1.0,1.0
665,spewpa,spewpa-elegant,6,bug,,1,shed-skin,friend-guard,45,0.21,22,0.1,60,0.28,27,0.13,30,0.14,29,0.14,213,defense,49,135,slow,169.58,2,balanced,0.17,bottom_tier,0.04,bottom_tier,3,3,0,-1.5,exposed,weak_slow,exposed-weak_slow,0.3,8.4,93.33,very_heavy,0,0.5,normal,75.0,8,120,70,15,bug,medium,blob,black,Scatterdust Pokémon,"It lives hidden within thicket shadows. When predators attack, it quickly bristles the fur covering its body in an effort to threaten them.",scatterbug --> spewpa --> vivillon,3,2,0,1.0,2.0,1.0,1.0,0.5,1.0,0.5,1.0,0.5,2.0,1.0,1.0,2.0,1.0,1.0,1.0,1.0,1.0
665,spewpa,spewpa-meadow,6,bug,,1,shed-skin,friend-guard,45,0.21,22,0.1,60,0.28,27,0.13,30,0.14,29,0.14,213,defense,49,135,slow,169.58,2,balanced,0.17,bottom_tier,0.04,bottom_tier,3,3,0,-1.5,exposed,weak_slow,exposed-weak_slow,0.3,8.4,93.33,very_heavy,0,0.5,normal,75.0,8,120,70,15,bug,medium,blob,black,Scatterdust Pokémon,"It lives hidden within thicket shadows. When predators attack, it quickly bristles the fur covering its body in an effort to threaten them.",scatterbug --> spewpa --> vivillon,3,2,0,1.0,2.0,1.0,1.0,0.5,1.0,0.5,1.0,0.5,2.0,1.0,1.0,2.0,1.0,1.0,1.0,1.0,1.0
665,spewpa,spewpa-modern,6,bug,,1,shed-skin,friend-guard,45,0.21,22,0.1,60,0.28,27,0.13,30,0.14,29,0.14,213,defense,49,135,slow,169.58,2,balanced,0.17,bottom_tier,0.04,bottom_tier,3,3,0,-1.5,exposed,weak_slow,exposed-weak_slow,0.3,8.4,93.33,very_heavy,0,0.5,normal,75.0,8,120,70,15,bug,medium,blob,black,Scatterdust Pokémon,"It lives hidden within thicket shadows. When predators attack, it quickly bristles the fur covering its body in an effort to threaten them.",scatterbug --> spewpa --> vivillon,3,2,0,1.0,2.0,1.0,1.0,0.5,1.0,0.5,1.0,0.5,2.0,1.0,1.0,2.0,1.0,1.0,1.0,1.0,1.0
665,spewpa,spewpa-marine,6,bug,,1,shed-skin,friend-guard,45,0.21,22,0.1,60,0.28,27,0.13,30,0.14,29,0.14,213,defense,49,135,slow,169.58,2,balanced,0.17,bottom_tier,0.04,bottom_tier,3,3,0,-1.5,exposed,weak_slow,exposed-weak_slow,0.3,8.4,93.33,very_heavy,0,0.5,normal,75.0,8,120,70,15,bug,medium,blob,black,Scatterdust Pokémon,"It lives hidden within thicket shadows. When predators attack, it quickly bristles the fur covering its body in an effort to threaten them.",scatterbug --> spewpa --> vivillon,3,2,0,1.0,2.0,1.0,1.0,0.5,1.0,0.5,1.0,0.5,2.0,1.0,1.0,2.0,1.0,1.0,1.0,1.0,1.0
665,spewpa,spewpa-archipelago,6,bug,,1,shed-skin,friend-guard,45,0.21,22,0.1,60,0.28,27,0.13,30,0.14,29,0.14,213,defense,49,135,slow,169.58,2,balanced,0.17,bottom_tier,0.04,bottom_tier,3,3,0,-1.5,exposed,weak_slow,exposed-weak_slow,0.3,8.4,93.33,very_heavy,0,0.5,normal,75.0,8,120,70,15,bug,medium,blob,black,Scatterdust Pokémon,"It lives hidden within thicket shadows. When predators attack, it quickly bristles the fur covering its body in an effort to threaten them.",scatterbug --> spewpa --> vivillon,3,2,0,1.0,2.0,1.0,1.0,0.5,1.0,0.5,1.0,0.5,2.0,1.0,1.0,2.0,1.0,1.0,1.0,1.0,1.0
665,spewpa,spewpa-high-plains,6,bug,,1,shed-skin,friend-guard,45,0.21,22,0.1,60,0.28,27,0.13,30,0.14,29,0.14,213,defense,49,135,slow,169.58,2,balanced,0.17,bottom_tier,0.04,bottom_tier,3,3,0,-1.5,exposed,weak_slow,exposed-weak_slow,0.3,8.4,93.33,very_heavy,0,0.5,normal,75.0,8,120,70,15,bug,medium,blob,black,Scatterdust Pokémon,"It lives hidden within thicket shadows. When predators attack, it quickly bristles the fur covering its body in an effort to threaten them.",scatterbug --> spewpa --> vivillon,3,2,0,1.0,2.0,1.0,1.0,0.5,1.0,0.5,1.0,0.5,2.0,1.0,1.0,2.0,1.0,1.0,1.0,1.0,1.0
665,spewpa,spewpa-sandstorm,6,bug,,1,shed-skin,friend-guard,45,0.21,22,0.1,60,0.28,27,0.13,30,0.14,29,0.14,213,defense,49,135,slow,169.58,2,balanced,0.17,bottom_tier,0.04,bottom_tier,3,3,0,-1.5,exposed,weak_slow,exposed-weak_slow,0.3,8.4,93.33,very_heavy,0,0.5,normal,75.0,8,120,70,15,bug,medium,blob,black,Scatterdust Pokémon,"It lives hidden within thicket shadows. When predators attack, it quickly bristles the fur covering its body in an effort to threaten them.",scatterbug --> spewpa --> vivillon,3,2,0,1.0,2.0,1.0,1.0,0.5,1.0,0.5,1.0,0.5,2.0,1.0,1.0,2.0,1.0,1.0,1.0,1.0,1.0
665,spewpa,spewpa-river,6,bug,,1,shed-skin,friend-guard,45,0.21,22,0.1,60,0.28,27,0.13,30,0.14,29,0.14,213,defense,49,135,slow,169.58,2,balanced,0.17,bottom_tier,0.04,bottom_tier,3,3,0,-1.5,exposed,weak_slow,exposed-weak_slow,0.3,8.4,93.33,very_heavy,0,0.5,normal,75.0,8,120,70,15,bug,medium,blob,black,Scatterdust Pokémon,"It lives hidden within thicket shadows. When predators attack, it quickly bristles the fur covering its body in an effort to threaten them.",scatterbug --> spewpa --> vivillon,3,2,0,1.0,2.0,1.0,1.0,0.5,1.0,0.5,1.0,0.5,2.0,1.0,1.0,2.0,1.0,1.0,1.0,1.0,1.0
665,spewpa,spewpa-monsoon,6,bug,,1,shed-skin,friend-guard,45,0.21,22,0.1,60,0.28,27,0.13,30,0.14,29,0.14,213,defense,49,135,slow,169.58,2,balanced,0.17,bottom_tier,0.04,bottom_tier,3,3,0,-1.5,exposed,weak_slow,exposed-weak_slow,0.3,8.4,93.33,very_heavy,0,0.5,normal,75.0,8,120,70,15,bug,medium,blob,black,Scatterdust Pokémon,"It lives hidden within thicket shadows. When predators attack, it quickly bristles the fur covering its body in an effort to threaten them.",scatterbug --> spewpa --> vivillon,3,2,0,1.0,2.0,1.0,1.0,0.5,1.0,0.5,1.0,0.5,2.0,1.0,1.0,2.0,1.0,1.0,1.0,1.0,1.0
665,spewpa,spewpa-savanna,6,bug,,1,shed-skin,friend-guard,45,0.21,22,0.1,60,0.28,27,0.13,30,0.14,29,0.14,213,defense,49,135,slow,169.58,2,balanced,0.17,bottom_tier,0.04,bottom_tier,3,3,0,-1.5,exposed,weak_slow,exposed-weak_slow,0.3,8.4,93.33,very_heavy,0,0.5,normal,75.0,8,120,70,15,bug,medium,blob,black,Scatterdust Pokémon,"It lives hidden within thicket shadows. When predators attack, it quickly bristles the fur covering its body in an effort to threaten them.",scatterbug --> spewpa --> vivillon,3,2,0,1.0,2.0,1.0,1.0,0.5,1.0,0.5,1.0,0.5,2.0,1.0,1.0,2.0,1.0,1.0,1.0,1.0,1.0
665,spewpa,spewpa-sun,6,bug,,1,shed-skin,friend-guard,45,0.21,22,0.1,60,0.28,27,0.13,30,0.14,29,0.14,213,defense,49,135,slow,169.58,2,balanced,0.17,bottom_tier,0.04,bottom_tier,3,3,0,-1.5,exposed,weak_slow,exposed-weak_slow,0.3,8.4,93.33,very_heavy,0,0.5,normal,75.0,8,120,70,15,bug,medium,blob,black,Scatterdust Pokémon,"It lives hidden within thicket shadows. When predators attack, it quickly bristles the fur covering its body in an effort to threaten them.",scatterbug --> spewpa --> vivillon,3,2,0,1.0,2.0,1.0,1.0,0.5,1.0,0.5,1.0,0.5,2.0,1.0,1.0,2.0,1.0,1.0,1.0,1.0,1.0
665,spewpa,spewpa-ocean,6,bug,,1,shed-skin,friend-guard,45,0.21,22,0.1,60,0.28,27,0.13,30,0.14,29,0.14,213,defense,49,135,slow,169.58,2,balanced,0.17,bottom_tier,0.04,bottom_tier,3,3,0,-1.5,exposed,weak_slow,exposed-weak_slow,0.3,8.4,93.33,very_heavy,0,0.5,normal,75.0,8,120,70,15,bug,medium,blob,black,Scatterdust Pokémon,"It lives hidden within thicket shadows. When predators attack, it quickly bristles the fur covering its body in an effort to threaten them.",scatterbug --> spewpa --> vivillon,3,2,0,1.0,2.0,1.0,1.0,0.5,1.0,0.5,1.0,0.5,2.0,1.0,1.0,2.0,1.0,1.0,1.0,1.0,1.0
665,spewpa,spewpa-jungle,6,bug,,1,shed-skin,friend-guard,45,0.21,22,0.1,60,0.28,27,0.13,30,0.14,29,0.14,213,defense,49,135,slow,169.58,2,balanced,0.17,bottom_tier,0.04,bottom_tier,3,3,0,-1.5,exposed,weak_slow,exposed-weak_slow,0.3,8.4,93.33,very_heavy,0,0.5,normal,75.0,8,120,70,15,bug,medium,blob,black,Scatterdust Pokémon,"It lives hidden within thicket shadows. When predators attack, it quickly bristles the fur covering its body in an effort to threaten them.",scatterbug --> spewpa --> vivillon,3,2,0,1.0,2.0,1.0,1.0,0.5,1.0,0.5,1.0,0.5,2.0,1.0,1.0,2.0,1.0,1.0,1.0,1.0,1.0
665,spewpa,spewpa-fancy,6,bug,,1,shed-skin,friend-guard,45,0.21,22,0.1,60,0.28,27,0.13,30,0.14,29,0.14,213,defense,49,135,slow,169.58,2,balanced,0.17,bottom_tier,0.04,bottom_tier,3,3,0,-1.5,exposed,weak_slow,exposed-weak_slow,0.3,8.4,93.33,very_heavy,0,0.5,normal,75.0,8,120,70,15,bug,medium,blob,black,Scatterdust Pokémon,"It lives hidden within thicket shadows. When predators attack, it quickly bristles the fur covering its body in an effort to threaten them.",scatterbug --> spewpa --> vivillon,3,2,0,1.0,2.0,1.0,1.0,0.5,1.0,0.5,1.0,0.5,2.0,1.0,1.0,2.0,1.0,1.0,1.0,1.0,1.0
665,spewpa,spewpa-poke-ball,6,bug,,1,shed-skin,friend-guard,45,0.21,22,0.1,60,0.28,27,0.13,30,0.14,29,0.14,213,defense,49,135,slow,169.58,2,balanced,0.17,bottom_tier,0.04,bottom_tier,3,3,0,-1.5,exposed,weak_slow,exposed-weak_slow,0.3,8.4,93.33,very_heavy,0,0.5,normal,75.0,8,120,70,15,bug,medium,blob,black,Scatterdust Pokémon,"It lives hidden within thicket shadows. When predators attack, it quickly bristles the fur covering its body in an effort to threaten them.",scatterbug --> spewpa --> vivillon,3,2,0,1.0,2.0,1.0,1.0,0.5,1.0,0.5,1.0,0.5,2.0,1.0,1.0,2.0,1.0,1.0,1.0,1.0,1.0
666,vivillon,vivillon-meadow,6,bug,flying,2,"shield-dust, compound-eyes",friend-guard,80,0.19,52,0.13,50,0.12,90,0.22,50,0.12,89,0.22,411,sp_attack,142,180,average,328.58,3,slightly_specialized,0.5,mid_tier,0.36,lower_mid_tier,5,3,1,-2.0,frail,midrange,frail-midrange,1.2,17.0,11.81,very_light,0,0.5,normal,185.0,67,45,70,15,bug,medium,bug-wings,white,Scale Pokémon,Vivillon with many different patterns are found all over the world. These patterns are affected by the climate of their habitat.,scatterbug --> spewpa --> vivillon,3,3,1,1.0,2.0,1.0,2.0,0.25,2.0,0.25,1.0,0.0,2.0,1.0,0.5,4.0,1.0,1.0,1.0,1.0,1.0
666,vivillon,vivillon-icy-snow,6,bug,flying,2,"shield-dust, compound-eyes",friend-guard,80,0.19,52,0.13,50,0.12,90,0.22,50,0.12,89,0.22,411,sp_attack,142,180,average,328.58,3,slightly_specialized,0.5,mid_tier,0.36,lower_mid_tier,5,3,1,-2.0,frail,midrange,frail-midrange,1.2,17.0,11.81,very_light,0,0.5,normal,185.0,67,45,70,15,bug,medium,bug-wings,white,Scale Pokémon,Vivillon with many different patterns are found all over the world. These patterns are affected by the climate of their habitat.,scatterbug --> spewpa --> vivillon,3,3,1,1.0,2.0,1.0,2.0,0.25,2.0,0.25,1.0,0.0,2.0,1.0,0.5,4.0,1.0,1.0,1.0,1.0,1.0
666,vivillon,vivillon-polar,6,bug,flying,2,"shield-dust, compound-eyes",friend-guard,80,0.19,52,0.13,50,0.12,90,0.22,50,0.12,89,0.22,411,sp_attack,142,180,average,328.58,3,slightly_specialized,0.5,mid_tier,0.36,lower_mid_tier,5,3,1,-2.0,frail,midrange,frail-midrange,1.2,17.0,11.81,very_light,0,0.5,normal,185.0,67,45,70,15,bug,medium,bug-wings,white,Scale Pokémon,Vivillon with many different patterns are found all over the world. These patterns are affected by the climate of their habitat.,scatterbug --> spewpa --> vivillon,3,3,1,1.0,2.0,1.0,2.0,0.25,2.0,0.25,1.0,0.0,2.0,1.0,0.5,4.0,1.0,1.0,1.0,1.0,1.0
666,vivillon,vivillon-tundra,6,bug,flying,2,"shield-dust, compound-eyes",friend-guard,80,0.19,52,0.13,50,0.12,90,0.22,50,0.12,89,0.22,411,sp_attack,142,180,average,328.58,3,slightly_specialized,0.5,mid_tier,0.36,lower_mid_tier,5,3,1,-2.0,frail,midrange,frail-midrange,1.2,17.0,11.81,very_light,0,0.5,normal,185.0,67,45,70,15,bug,medium,bug-wings,white,Scale Pokémon,Vivillon with many different patterns are found all over the world. These patterns are affected by the climate of their habitat.,scatterbug --> spewpa --> vivillon,3,3,1,1.0,2.0,1.0,2.0,0.25,2.0,0.25,1.0,0.0,2.0,1.0,0.5,4.0,1.0,1.0,1.0,1.0,1.0
666,vivillon,vivillon-continental,6,bug,flying,2,"shield-dust, compound-eyes",friend-guard,80,0.19,52,0.13,50,0.12,90,0.22,50,0.12,89,0.22,411,sp_attack,142,180,average,328.58,3,slightly_specialized,0.5,mid_tier,0.36,lower_mid_tier,5,3,1,-2.0,frail,midrange,frail-midrange,1.2,17.0,11.81,very_light,0,0.5,normal,185.0,67,45,70,15,bug,medium,bug-wings,white,Scale Pokémon,Vivillon with many different patterns are found all over the world. These patterns are affected by the climate of their habitat.,scatterbug --> spewpa --> vivillon,3,3,1,1.0,2.0,1.0,2.0,0.25,2.0,0.25,1.0,0.0,2.0,1.0,0.5,4.0,1.0,1.0,1.0,1.0,1.0
666,vivillon,vivillon-garden,6,bug,flying,2,"shield-dust, compound-eyes",friend-guard,80,0.19,52,0.13,50,0.12,90,0.22,50,0.12,89,0.22,411,sp_attack,142,180,average,328.58,3,slightly_specialized,0.5,mid_tier,0.36,lower_mid_tier,5,3,1,-2.0,frail,midrange,frail-midrange,1.2,17.0,11.81,very_light,0,0.5,normal,185.0,67,45,70,15,bug,medium,bug-wings,white,Scale Pokémon,Vivillon with many different patterns are found all over the world. These patterns are affected by the climate of their habitat.,scatterbug --> spewpa --> vivillon,3,3,1,1.0,2.0,1.0,2.0,0.25,2.0,0.25,1.0,0.0,2.0,1.0,0.5,4.0,1.0,1.0,1.0,1.0,1.0
666,vivillon,vivillon-elegant,6,bug,flying,2,"shield-dust, compound-eyes",friend-guard,80,0.19,52,0.13,50,0.12,90,0.22,50,0.12,89,0.22,411,sp_attack,142,180,average,328.58,3,slightly_specialized,0.5,mid_tier,0.36,lower_mid_tier,5,3,1,-2.0,frail,midrange,frail-midrange,1.2,17.0,11.81,very_light,0,0.5,normal,185.0,67,45,70,15,bug,medium,bug-wings,white,Scale Pokémon,Vivillon with many different patterns are found all over the world. These patterns are affected by the climate of their habitat.,scatterbug --> spewpa --> vivillon,3,3,1,1.0,2.0,1.0,2.0,0.25,2.0,0.25,1.0,0.0,2.0,1.0,0.5,4.0,1.0,1.0,1.0,1.0,1.0
666,vivillon,vivillon-modern,6,bug,flying,2,"shield-dust, compound-eyes",friend-guard,80,0.19,52,0.13,50,0.12,90,0.22,50,0.12,89,0.22,411,sp_attack,142,180,average,328.58,3,slightly_specialized,0.5,mid_tier,0.36,lower_mid_tier,5,3,1,-2.0,frail,midrange,frail-midrange,1.2,17.0,11.81,very_light,0,0.5,normal,185.0,67,45,70,15,bug,medium,bug-wings,white,Scale Pokémon,Vivillon with many different patterns are found all over the world. These patterns are affected by the climate of their habitat.,scatterbug --> spewpa --> vivillon,3,3,1,1.0,2.0,1.0,2.0,0.25,2.0,0.25,1.0,0.0,2.0,1.0,0.5,4.0,1.0,1.0,1.0,1.0,1.0
666,vivillon,vivillon-marine,6,bug,flying,2,"shield-dust, compound-eyes",friend-guard,80,0.19,52,0.13,50,0.12,90,0.22,50,0.12,89,0.22,411,sp_attack,142,180,average,328.58,3,slightly_specialized,0.5,mid_tier,0.36,lower_mid_tier,5,3,1,-2.0,frail,midrange,frail-midrange,1.2,17.0,11.81,very_light,0,0.5,normal,185.0,67,45,70,15,bug,medium,bug-wings,white,Scale Pokémon,Vivillon with many different patterns are found all over the world. These patterns are affected by the climate of their habitat.,scatterbug --> spewpa --> vivillon,3,3,1,1.0,2.0,1.0,2.0,0.25,2.0,0.25,1.0,0.0,2.0,1.0,0.5,4.0,1.0,1.0,1.0,1.0,1.0
666,vivillon,vivillon-archipelago,6,bug,flying,2,"shield-dust, compound-eyes",friend-guard,80,0.19,52,0.13,50,0.12,90,0.22,50,0.12,89,0.22,411,sp_attack,142,180,average,328.58,3,slightly_specialized,0.5,mid_tier,0.36,lower_mid_tier,5,3,1,-2.0,frail,midrange,frail-midrange,1.2,17.0,11.81,very_light,0,0.5,normal,185.0,67,45,70,15,bug,medium,bug-wings,white,Scale Pokémon,Vivillon with many different patterns are found all over the world. These patterns are affected by the climate of their habitat.,scatterbug --> spewpa --> vivillon,3,3,1,1.0,2.0,1.0,2.0,0.25,2.0,0.25,1.0,0.0,2.0,1.0,0.5,4.0,1.0,1.0,1.0,1.0,1.0
666,vivillon,vivillon-high-plains,6,bug,flying,2,"shield-dust, compound-eyes",friend-guard,80,0.19,52,0.13,50,0.12,90,0.22,50,0.12,89,0.22,411,sp_attack,142,180,average,328.58,3,slightly_specialized,0.5,mid_tier,0.36,lower_mid_tier,5,3,1,-2.0,frail,midrange,frail-midrange,1.2,17.0,11.81,very_light,0,0.5,normal,185.0,67,45,70,15,bug,medium,bug-wings,white,Scale Pokémon,Vivillon with many different patterns are found all over the world. These patterns are affected by the climate of their habitat.,scatterbug --> spewpa --> vivillon,3,3,1,1.0,2.0,1.0,2.0,0.25,2.0,0.25,1.0,0.0,2.0,1.0,0.5,4.0,1.0,1.0,1.0,1.0,1.0
666,vivillon,vivillon-sandstorm,6,bug,flying,2,"shield-dust, compound-eyes",friend-guard,80,0.19,52,0.13,50,0.12,90,0.22,50,0.12,89,0.22,411,sp_attack,142,180,average,328.58,3,slightly_specialized,0.5,mid_tier,0.36,lower_mid_tier,5,3,1,-2.0,frail,midrange,frail-midrange,1.2,17.0,11.81,very_light,0,0.5,normal,185.0,67,45,70,15,bug,medium,bug-wings,white,Scale Pokémon,Vivillon with many different patterns are found all over the world. These patterns are affected by the climate of their habitat.,scatterbug --> spewpa --> vivillon,3,3,1,1.0,2.0,1.0,2.0,0.25,2.0,0.25,1.0,0.0,2.0,1.0,0.5,4.0,1.0,1.0,1.0,1.0,1.0
666,vivillon,vivillon-river,6,bug,flying,2,"shield-dust, compound-eyes",friend-guard,80,0.19,52,0.13,50,0.12,90,0.22,50,0.12,89,0.22,411,sp_attack,142,180,average,328.58,3,slightly_specialized,0.5,mid_tier,0.36,lower_mid_tier,5,3,1,-2.0,frail,midrange,frail-midrange,1.2,17.0,11.81,very_light,0,0.5,normal,185.0,67,45,70,15,bug,medium,bug-wings,white,Scale Pokémon,Vivillon with many different patterns are found all over the world. These patterns are affected by the climate of their habitat.,scatterbug --> spewpa --> vivillon,3,3,1,1.0,2.0,1.0,2.0,0.25,2.0,0.25,1.0,0.0,2.0,1.0,0.5,4.0,1.0,1.0,1.0,1.0,1.0
666,vivillon,vivillon-monsoon,6,bug,flying,2,"shield-dust, compound-eyes",friend-guard,80,0.19,52,0.13,50,0.12,90,0.22,50,0.12,89,0.22,411,sp_attack,142,180,average,328.58,3,slightly_specialized,0.5,mid_tier,0.36,lower_mid_tier,5,3,1,-2.0,frail,midrange,frail-midrange,1.2,17.0,11.81,very_light,0,0.5,normal,185.0,67,45,70,15,bug,medium,bug-wings,white,Scale Pokémon,Vivillon with many different patterns are found all over the world. These patterns are affected by the climate of their habitat.,scatterbug --> spewpa --> vivillon,3,3,1,1.0,2.0,1.0,2.0,0.25,2.0,0.25,1.0,0.0,2.0,1.0,0.5,4.0,1.0,1.0,1.0,1.0,1.0
666,vivillon,vivillon-savanna,6,bug,flying,2,"shield-dust, compound-eyes",friend-guard,80,0.19,52,0.13,50,0.12,90,0.22,50,0.12,89,0.22,411,sp_attack,142,180,average,328.58,3,slightly_specialized,0.5,mid_tier,0.36,lower_mid_tier,5,3,1,-2.0,frail,midrange,frail-midrange,1.2,17.0,11.81,very_light,0,0.5,normal,185.0,67,45,70,15,bug,medium,bug-wings,white,Scale Pokémon,Vivillon with many different patterns are found all over the world. These patterns are affected by the climate of their habitat.,scatterbug --> spewpa --> vivillon,3,3,1,1.0,2.0,1.0,2.0,0.25,2.0,0.25,1.0,0.0,2.0,1.0,0.5,4.0,1.0,1.0,1.0,1.0,1.0
666,vivillon,vivillon-sun,6,bug,flying,2,"shield-dust, compound-eyes",friend-guard,80,0.19,52,0.13,50,0.12,90,0.22,50,0.12,89,0.22,411,sp_attack,142,180,average,328.58,3,slightly_specialized,0.5,mid_tier,0.36,lower_mid_tier,5,3,1,-2.0,frail,midrange,frail-midrange,1.2,17.0,11.81,very_light,0,0.5,normal,185.0,67,45,70,15,bug,medium,bug-wings,white,Scale Pokémon,Vivillon with many different patterns are found all over the world. These patterns are affected by the climate of their habitat.,scatterbug --> spewpa --> vivillon,3,3,1,1.0,2.0,1.0,2.0,0.25,2.0,0.25,1.0,0.0,2.0,1.0,0.5,4.0,1.0,1.0,1.0,1.0,1.0
666,vivillon,vivillon-ocean,6,bug,flying,2,"shield-dust, compound-eyes",friend-guard,80,0.19,52,0.13,50,0.12,90,0.22,50,0.12,89,0.22,411,sp_attack,142,180,average,328.58,3,slightly_specialized,0.5,mid_tier,0.36,lower_mid_tier,5,3,1,-2.0,frail,midrange,frail-midrange,1.2,17.0,11.81,very_light,0,0.5,normal,185.0,67,45,70,15,bug,medium,bug-wings,white,Scale Pokémon,Vivillon with many different patterns are found all over the world. These patterns are affected by the climate of their habitat.,scatterbug --> spewpa --> vivillon,3,3,1,1.0,2.0,1.0,2.0,0.25,2.0,0.25,1.0,0.0,2.0,1.0,0.5,4.0,1.0,1.0,1.0,1.0,1.0
666,vivillon,vivillon-jungle,6,bug,flying,2,"shield-dust, compound-eyes",friend-guard,80,0.19,52,0.13,50,0.12,90,0.22,50,0.12,89,0.22,411,sp_attack,142,180,average,328.58,3,slightly_specialized,0.5,mid_tier,0.36,lower_mid_tier,5,3,1,-2.0,frail,midrange,frail-midrange,1.2,17.0,11.81,very_light,0,0.5,normal,185.0,67,45,70,15,bug,medium,bug-wings,white,Scale Pokémon,Vivillon with many different patterns are found all over the world. These patterns are affected by the climate of their habitat.,scatterbug --> spewpa --> vivillon,3,3,1,1.0,2.0,1.0,2.0,0.25,2.0,0.25,1.0,0.0,2.0,1.0,0.5,4.0,1.0,1.0,1.0,1.0,1.0
666,vivillon,vivillon-fancy,6,bug,flying,2,"shield-dust, compound-eyes",friend-guard,80,0.19,52,0.13,50,0.12,90,0.22,50,0.12,89,0.22,411,sp_attack,142,180,average,328.58,3,slightly_specialized,0.5,mid_tier,0.36,lower_mid_tier,5,3,1,-2.0,frail,midrange,frail-midrange,1.2,17.0,11.81,very_light,0,0.5,normal,185.0,67,45,70,15,bug,medium,bug-wings,white,Scale Pokémon,Vivillon with many different patterns are found all over the world. These patterns are affected by the climate of their habitat.,scatterbug --> spewpa --> vivillon,3,3,1,1.0,2.0,1.0,2.0,0.25,2.0,0.25,1.0,0.0,2.0,1.0,0.5,4.0,1.0,1.0,1.0,1.0,1.0
666,vivillon,vivillon-poke-ball,6,bug,flying,2,"shield-dust, compound-eyes",friend-guard,80,0.19,52,0.13,50,0.12,90,0.22,50,0.12,89,0.22,411,sp_attack,142,180,average,328.58,3,slightly_specialized,0.5,mid_tier,0.36,lower_mid_tier,5,3,1,-2.0,frail,midrange,frail-midrange,1.2,17.0,11.81,very_light,0,0.5,normal,185.0,67,45,70,15,bug,medium,bug-wings,white,Scale Pokémon,Vivillon with many different patterns are found all over the world. These patterns are affected by the climate of their habitat.,scatterbug --> spewpa --> vivillon,3,3,1,1.0,2.0,1.0,2.0,0.25,2.0,0.25,1.0,0.0,2.0,1.0,0.5,4.0,1.0,1.0,1.0,1.0,1.0
667,litleo,litleo,6,fire,normal,2,"rivalry, unnerve",moxie,62,0.17,50,0.14,58,0.16,73,0.2,54,0.15,72,0.2,369,sp_attack,123,174,average,73.92,1,balanced,0.39,lower_mid_tier,0.3,lower_mid_tier,4,6,1,0.5,solid,fragile,solid-fragile,0.6,13.5,37.5,heavy,0,0.875,normal,74.0,67,220,70,20,ground,medium-slow,quadruped,brown,Lion Cub Pokémon,"The stronger the opponent it faces, the more heat surges from its mane and the more power flows through its body.",litleo --> pyroar,2,1,0,1.0,0.5,2.0,1.0,0.5,0.5,2.0,1.0,2.0,1.0,1.0,0.5,2.0,0.0,1.0,1.0,0.5,0.5
668,pyroar,pyroar-male,6,fire,normal,2,"rivalry, unnerve",moxie,86,0.17,68,0.13,72,0.14,109,0.21,66,0.13,106,0.21,507,sp_attack,177,224,fast,305.92,3,slightly_specialized,0.77,upper_mid_tier,0.69,upper_mid_tier,4,6,1,0.5,solid,midrange,solid-midrange,1.5,81.5,36.22,heavy,0,0.875,normal,177.0,70,65,70,20,ground,medium-slow,quadruped,brown,Royal Pokémon,The male with the largest mane of fire is the leader of the pride.,litleo --> pyroar,2,2,1,1.0,0.5,2.0,1.0,0.5,0.5,2.0,1.0,2.0,1.0,1.0,0.5,2.0,0.0,1.0,1.0,0.5,0.5
668,pyroar,pyroar-female,6,fire,normal,2,"rivalry, unnerve",moxie,86,0.17,68,0.13,72,0.14,109,0.21,66,0.13,106,0.21,507,sp_attack,177,224,fast,305.92,3,slightly_specialized,0.77,upper_mid_tier,0.69,upper_mid_tier,4,6,1,0.5,solid,midrange,solid-midrange,1.5,81.5,36.22,heavy,0,0.875,normal,177.0,70,65,70,20,ground,medium-slow,quadruped,brown,Royal Pokémon,The male with the largest mane of fire is the leader of the pride.,litleo --> pyroar,2,2,1,1.0,0.5,2.0,1.0,0.5,0.5,2.0,1.0,2.0,1.0,1.0,0.5,2.0,0.0,1.0,1.0,0.5,0.5
668,pyroar,pyroar-mega,6,fire,normal,2,,,86,0.14,88,0.14,92,0.15,129,0.21,86,0.14,126,0.21,607,sp_attack,217,264,fast,351.47,3,slightly_specialized,0.93,top_tier,0.92,top_tier,4,6,1,0.5,solid,juggernaut,solid-juggernaut,1.5,93.3,41.47,heavy,0,0.875,normal,,0,65,70,20,ground,medium-slow,quadruped,brown,Royal Pokémon,The male with the largest mane of fire is the leader of the pride.,litleo --> pyroar,2,2,1,1.0,0.5,2.0,1.0,0.5,0.5,2.0,1.0,2.0,1.0,1.0,0.5,2.0,0.0,1.0,1.0,0.5,0.5
669,flabebe,flabebe-red,6,fairy,,1,flower-veil,symbiosis,44,0.15,38,0.13,39,0.13,61,0.2,79,0.26,42,0.14,303,sp_defense,99,162,slow,220.92,2,slightly_specialized,0.27,lower_mid_tier,0.14,bottom_tier,2,3,1,1.0,solid,weak_slow,solid-weak_slow,0.1,0.1,10.0,very_light,0,1.0,normal,61.0,69,225,70,20,fairy,medium,arms,white,Single Bloom Pokémon,It draws out and controls the hidden power of flowers. The flower Flabébé holds is most likely part of its body.,flabebe --> floette --> florges,3,1,0,1.0,1.0,1.0,1.0,1.0,1.0,0.5,2.0,1.0,1.0,1.0,0.5,1.0,1.0,0.0,0.5,2.0,1.0
669,flabebe,flabebe-yellow,6,fairy,,1,flower-veil,symbiosis,44,0.15,38,0.13,39,0.13,61,0.2,79,0.26,42,0.14,303,sp_defense,99,162,slow,220.92,2,slightly_specialized,0.27,lower_mid_tier,0.14,bottom_tier,2,3,1,1.0,solid,weak_slow,solid-weak_slow,0.1,0.1,10.0,very_light,0,1.0,normal,61.0,69,225,70,20,fairy,medium,arms,white,Single Bloom Pokémon,It draws out and controls the hidden power of flowers. The flower Flabébé holds is most likely part of its body.,flabebe --> floette --> florges,3,1,0,1.0,1.0,1.0,1.0,1.0,1.0,0.5,2.0,1.0,1.0,1.0,0.5,1.0,1.0,0.0,0.5,2.0,1.0
669,flabebe,flabebe-orange,6,fairy,,1,flower-veil,symbiosis,44,0.15,38,0.13,39,0.13,61,0.2,79,0.26,42,0.14,303,sp_defense,99,162,slow,220.92,2,slightly_specialized,0.27,lower_mid_tier,0.14,bottom_tier,2,3,1,1.0,solid,weak_slow,solid-weak_slow,0.1,0.1,10.0,very_light,0,1.0,normal,61.0,69,225,70,20,fairy,medium,arms,white,Single Bloom Pokémon,It draws out and controls the hidden power of flowers. The flower Flabébé holds is most likely part of its body.,flabebe --> floette --> florges,3,1,0,1.0,1.0,1.0,1.0,1.0,1.0,0.5,2.0,1.0,1.0,1.0,0.5,1.0,1.0,0.0,0.5,2.0,1.0
669,flabebe,flabebe-blue,6,fairy,,1,flower-veil,symbiosis,44,0.15,38,0.13,39,0.13,61,0.2,79,0.26,42,0.14,303,sp_defense,99,162,slow,220.92,2,slightly_specialized,0.27,lower_mid_tier,0.14,bottom_tier,2,3,1,1.0,solid,weak_slow,solid-weak_slow,0.1,0.1,10.0,very_light,0,1.0,normal,61.0,69,225,70,20,fairy,medium,arms,white,Single Bloom Pokémon,It draws out and controls the hidden power of flowers. The flower Flabébé holds is most likely part of its body.,flabebe --> floette --> florges,3,1,0,1.0,1.0,1.0,1.0,1.0,1.0,0.5,2.0,1.0,1.0,1.0,0.5,1.0,1.0,0.0,0.5,2.0,1.0
669,flabebe,flabebe-white,6,fairy,,1,flower-veil,symbiosis,44,0.15,38,0.13,39,0.13,61,0.2,79,0.26,42,0.14,303,sp_defense,99,162,slow,220.92,2,slightly_specialized,0.27,lower_mid_tier,0.14,bottom_tier,2,3,1,1.0,solid,weak_slow,solid-weak_slow,0.1,0.1,10.0,very_light,0,1.0,normal,61.0,69,225,70,20,fairy,medium,arms,white,Single Bloom Pokémon,It draws out and controls the hidden power of flowers. The flower Flabébé holds is most likely part of its body.,flabebe --> floette --> florges,3,1,0,1.0,1.0,1.0,1.0,1.0,1.0,0.5,2.0,1.0,1.0,1.0,0.5,1.0,1.0,0.0,0.5,2.0,1.0
670,floette,floette-red,6,fairy,,1,flower-veil,symbiosis,54,0.15,45,0.12,47,0.13,75,0.2,98,0.26,52,0.14,371,sp_defense,120,199,slow,357.14,3,slightly_specialized,0.41,mid_tier,0.3,lower_mid_tier,2,3,1,1.0,solid,slow_attacker,solid-slow_attacker,0.2,0.9,22.5,light,0,1.0,normal,130.0,68,120,70,20,fairy,medium,arms,white,Single Bloom Pokémon,It flutters around fields of flowers and cares for flowers that are starting to wilt. It draws out the hidden power of flowers to battle.,flabebe --> floette --> florges,3,2,0,1.0,1.0,1.0,1.0,1.0,1.0,0.5,2.0,1.0,1.0,1.0,0.5,1.0,1.0,0.0,0.5,2.0,1.0
670,floette,floette-yellow,6,fairy,,1,flower-veil,symbiosis,54,0.15,45,0.12,47,0.13,75,0.2,98,0.26,52,0.14,371,sp_defense,120,199,slow,357.14,3,slightly_specialized,0.41,mid_tier,0.3,lower_mid_tier,2,3,1,1.0,solid,slow_attacker,solid-slow_attacker,0.2,0.9,22.5,light,0,1.0,normal,130.0,68,120,70,20,fairy,medium,arms,white,Single Bloom Pokémon,It flutters around fields of flowers and cares for flowers that are starting to wilt. It draws out the hidden power of flowers to battle.,flabebe --> floette --> florges,3,2,0,1.0,1.0,1.0,1.0,1.0,1.0,0.5,2.0,1.0,1.0,1.0,0.5,1.0,1.0,0.0,0.5,2.0,1.0
670,floette,floette-orange,6,fairy,,1,flower-veil,symbiosis,54,0.15,45,0.12,47,0.13,75,0.2,98,0.26,52,0.14,371,sp_defense,120,199,slow,357.14,3,slightly_specialized,0.41,mid_tier,0.3,lower_mid_tier,2,3,1,1.0,solid,slow_attacker,solid-slow_attacker,0.2,0.9,22.5,light,0,1.0,normal,130.0,68,120,70,20,fairy,medium,arms,white,Single Bloom Pokémon,It flutters around fields of flowers and cares for flowers that are starting to wilt. It draws out the hidden power of flowers to battle.,flabebe --> floette --> florges,3,2,0,1.0,1.0,1.0,1.0,1.0,1.0,0.5,2.0,1.0,1.0,1.0,0.5,1.0,1.0,0.0,0.5,2.0,1.0
670,floette,floette-blue,6,fairy,,1,flower-veil,symbiosis,54,0.15,45,0.12,47,0.13,75,0.2,98,0.26,52,0.14,371,sp_defense,120,199,slow,357.14,3,slightly_specialized,0.41,mid_tier,0.3,lower_mid_tier,2,3,1,1.0,solid,slow_attacker,solid-slow_attacker,0.2,0.9,22.5,light,0,1.0,normal,130.0,68,120,70,20,fairy,medium,arms,white,Single Bloom Pokémon,It flutters around fields of flowers and cares for flowers that are starting to wilt. It draws out the hidden power of flowers to battle.,flabebe --> floette --> florges,3,2,0,1.0,1.0,1.0,1.0,1.0,1.0,0.5,2.0,1.0,1.0,1.0,0.5,1.0,1.0,0.0,0.5,2.0,1.0
670,floette,floette-white,6,fairy,,1,flower-veil,symbiosis,54,0.15,45,0.12,47,0.13,75,0.2,98,0.26,52,0.14,371,sp_defense,120,199,slow,357.14,3,slightly_specialized,0.41,mid_tier,0.3,lower_mid_tier,2,3,1,1.0,solid,slow_attacker,solid-slow_attacker,0.2,0.9,22.5,light,0,1.0,normal,130.0,68,120,70,20,fairy,medium,arms,white,Single Bloom Pokémon,It flutters around fields of flowers and cares for flowers that are starting to wilt. It draws out the hidden power of flowers to battle.,flabebe --> floette --> florges,3,2,0,1.0,1.0,1.0,1.0,1.0,1.0,0.5,2.0,1.0,1.0,1.0,0.5,1.0,1.0,0.0,0.5,2.0,1.0
670,floette,floette-eternal,6,fairy,,1,flower-veil,symbiosis,74,0.13,65,0.12,67,0.12,125,0.23,128,0.23,92,0.17,551,sp_defense,190,269,average,677.14,5,specialized,0.84,top_tier,0.8,upper_mid_tier,2,3,1,1.0,solid,juggernaut,solid-juggernaut,0.2,0.9,22.5,light,0,1.0,normal,243.0,53,120,70,20,fairy,medium,arms,white,Single Bloom Pokémon,It flutters around fields of flowers and cares for flowers that are starting to wilt. It draws out the hidden power of flowers to battle.,flabebe --> floette --> florges,3,2,0,1.0,1.0,1.0,1.0,1.0,1.0,0.5,2.0,1.0,1.0,1.0,0.5,1.0,1.0,0.0,0.5,2.0,1.0
670,floette,floette-mega,6,fairy,,1,,,74,0.11,85,0.13,87,0.13,155,0.24,148,0.23,102,0.16,651,sp_attack,240,309,fast,994.92,5,highly_specialized,0.96,top_tier,0.94,top_tier,2,3,1,1.0,solid,juggernaut,solid-juggernaut,0.2,100.8,2520.0,very_heavy,0,1.0,normal,,0,120,70,20,fairy,medium,arms,white,Single Bloom Pokémon,It flutters around fields of flowers and cares for flowers that are starting to wilt. It draws out the hidden power of flowers to battle.,flabebe --> floette --> florges,3,2,0,1.0,1.0,1.0,1.0,1.0,1.0,0.5,2.0,1.0,1.0,1.0,0.5,1.0,1.0,0.0,0.5,2.0,1.0
671,florges,florges-red,6,fairy,,1,flower-veil,symbiosis,78,0.14,65,0.12,68,0.12,112,0.2,154,0.28,75,0.14,552,sp_defense,177,300,average,1005.67,5,highly_specialized,0.85,top_tier,0.8,upper_mid_tier,2,3,1,1.0,solid,bulky,solid-bulky,1.1,10.0,8.26,very_light,0,1.0,normal,248.0,70,45,70,20,fairy,medium,arms,white,Garden Pokémon,"It claims exquisite flower gardens as its territory, and it obtains power from basking in the energy emitted by flowering plants.",flabebe --> floette --> florges,3,3,1,1.0,1.0,1.0,1.0,1.0,1.0,0.5,2.0,1.0,1.0,1.0,0.5,1.0,1.0,0.0,0.5,2.0,1.0
671,florges,florges-yellow,6,fairy,,1,flower-veil,symbiosis,78,0.14,65,0.12,68,0.12,112,0.2,154,0.28,75,0.14,552,sp_defense,177,300,average,1005.67,5,highly_specialized,0.85,top_tier,0.8,upper_mid_tier,2,3,1,1.0,solid,bulky,solid-bulky,1.1,10.0,8.26,very_light,0,1.0,normal,248.0,70,45,70,20,fairy,medium,arms,white,Garden Pokémon,"It claims exquisite flower gardens as its territory, and it obtains power from basking in the energy emitted by flowering plants.",flabebe --> floette --> florges,3,3,1,1.0,1.0,1.0,1.0,1.0,1.0,0.5,2.0,1.0,1.0,1.0,0.5,1.0,1.0,0.0,0.5,2.0,1.0
671,florges,florges-orange,6,fairy,,1,flower-veil,symbiosis,78,0.14,65,0.12,68,0.12,112,0.2,154,0.28,75,0.14,552,sp_defense,177,300,average,1005.67,5,highly_specialized,0.85,top_tier,0.8,upper_mid_tier,2,3,1,1.0,solid,bulky,solid-bulky,1.1,10.0,8.26,very_light,0,1.0,normal,248.0,70,45,70,20,fairy,medium,arms,white,Garden Pokémon,"It claims exquisite flower gardens as its territory, and it obtains power from basking in the energy emitted by flowering plants.",flabebe --> floette --> florges,3,3,1,1.0,1.0,1.0,1.0,1.0,1.0,0.5,2.0,1.0,1.0,1.0,0.5,1.0,1.0,0.0,0.5,2.0,1.0
671,florges,florges-blue,6,fairy,,1,flower-veil,symbiosis,78,0.14,65,0.12,68,0.12,112,0.2,154,0.28,75,0.14,552,sp_defense,177,300,average,1005.67,5,highly_specialized,0.85,top_tier,0.8,upper_mid_tier,2,3,1,1.0,solid,bulky,solid-bulky,1.1,10.0,8.26,very_light,0,1.0,normal,248.0,70,45,70,20,fairy,medium,arms,white,Garden Pokémon,"It claims exquisite flower gardens as its territory, and it obtains power from basking in the energy emitted by flowering plants.",flabebe --> floette --> florges,3,3,1,1.0,1.0,1.0,1.0,1.0,1.0,0.5,2.0,1.0,1.0,1.0,0.5,1.0,1.0,0.0,0.5,2.0,1.0
671,florges,florges-white,6,fairy,,1,flower-veil,symbiosis,78,0.14,65,0.12,68,0.12,112,0.2,154,0.28,75,0.14,552,sp_defense,177,300,average,1005.67,5,highly_specialized,0.85,top_tier,0.8,upper_mid_tier,2,3,1,1.0,solid,bulky,solid-bulky,1.1,10.0,8.26,very_light,0,1.0,normal,248.0,70,45,70,20,fairy,medium,arms,white,Garden Pokémon,"It claims exquisite flower gardens as its territory, and it obtains power from basking in the energy emitted by flowering plants.",flabebe --> floette --> florges,3,3,1,1.0,1.0,1.0,1.0,1.0,1.0,0.5,2.0,1.0,1.0,1.0,0.5,1.0,1.0,0.0,0.5,2.0,1.0
672,skiddo,skiddo,6,grass,,1,sap-sipper,grass-pelt,66,0.19,65,0.19,48,0.14,62,0.18,57,0.16,52,0.15,350,hp,127,171,slow,44.22,1,balanced,0.37,lower_mid_tier,0.28,lower_mid_tier,5,4,0,-3.0,frail,weak_slow,frail-weak_slow,0.9,31.0,38.27,heavy,0,0.5,normal,70.0,69,200,70,20,ground,medium,quadruped,brown,Mount Pokémon,"Thought to be one of the first Pokémon to live in harmony with humans, it has a placid disposition.",skiddo --> gogoat,2,1,0,1.0,2.0,0.5,0.5,0.5,2.0,1.0,2.0,0.5,2.0,1.0,2.0,1.0,1.0,1.0,1.0,1.0,1.0
673,gogoat,gogoat,6,grass,,1,sap-sipper,grass-pelt,123,0.23,100,0.19,62,0.12,97,0.18,81,0.15,68,0.13,531,hp,197,266,average,428.92,3,slightly_specialized,0.82,top_tier,0.77,upper_mid_tier,5,4,0,-3.0,frail,bulky_attacker,frail-bulky_attacker,1.7,91.0,31.49,heavy,0,0.5,normal,186.0,75,45,70,20,ground,medium,quadruped,brown,Mount Pokémon,It can tell how its Trainer is feeling by subtle shifts in the grip on its horns. This empathic sense lets them run as if one being.,skiddo --> gogoat,2,2,1,1.0,2.0,0.5,0.5,0.5,2.0,1.0,2.0,0.5,2.0,1.0,2.0,1.0,1.0,1.0,1.0,1.0,1.0
674,pancham,pancham,6,fighting,,1,"iron-fist, mold-breaker",scrappy,67,0.19,82,0.24,62,0.18,46,0.13,48,0.14,43,0.12,348,attack,128,177,slow,190.33,2,balanced,0.37,lower_mid_tier,0.27,lower_mid_tier,3,3,0,-1.5,exposed,weak_slow,exposed-weak_slow,0.6,8.0,22.22,light,0,0.5,normal,70.0,91,220,70,25,"ground, humanshape",medium,upright,white,Playful Pokémon,"It does its best to be taken seriously by its enemies, but its glare is not sufficiently intimidating. Chewing on a leaf is its trademark.",pancham --> pangoro,2,1,0,1.0,1.0,1.0,1.0,1.0,1.0,1.0,1.0,1.0,2.0,2.0,0.5,0.5,1.0,1.0,0.5,1.0,2.0
675,pangoro,pangoro,6,fighting,dark,2,"iron-fist, mold-breaker",scrappy,95,0.19,124,0.25,78,0.16,69,0.14,71,0.14,58,0.12,495,attack,193,244,slow,468.92,4,slightly_specialized,0.72,upper_mid_tier,0.62,upper_mid_tier,3,3,1,0.0,neutral,attacker,neutral-attacker,2.1,136.0,30.84,average,0,0.5,normal,173.0,112,65,70,25,"ground, humanshape",medium,humanoid,white,Daunting Pokémon,"Although it possesses a violent temperament, it won’t put up with bullying. It uses the leaf in its mouth to sense the movements of its enemies.",pancham --> pangoro,2,2,1,1.0,1.0,1.0,1.0,1.0,1.0,2.0,1.0,1.0,2.0,0.0,1.0,0.5,0.5,1.0,0.25,1.0,4.0
676,furfrou,furfrou-natural,6,normal,,1,fur-coat,,75,0.16,80,0.17,60,0.13,65,0.14,90,0.19,102,0.22,472,speed,145,225,fast,203.89,2,slightly_specialized,0.63,upper_mid_tier,0.49,mid_tier,1,0,1,0.5,solid,midrange,solid-midrange,1.2,28.0,19.44,light,0,0.5,normal,165.0,57,160,70,20,ground,medium,quadruped,white,Poodle Pokémon,Trimming its fluffy fur not only makes it more elegant but also increases the swiftness of its movements.,furfrou,1,0,0,1.0,1.0,1.0,1.0,1.0,1.0,2.0,1.0,1.0,1.0,1.0,1.0,1.0,0.0,1.0,1.0,1.0,1.0
676,furfrou,furfrou-heart,6,normal,,1,fur-coat,,75,0.16,80,0.17,60,0.13,65,0.14,90,0.19,102,0.22,472,speed,145,225,fast,203.89,2,slightly_specialized,0.63,upper_mid_tier,0.49,mid_tier,1,0,1,0.5,solid,midrange,solid-midrange,1.2,28.0,19.44,light,0,0.5,normal,165.0,57,160,70,20,ground,medium,quadruped,white,Poodle Pokémon,Trimming its fluffy fur not only makes it more elegant but also increases the swiftness of its movements.,furfrou,1,0,0,1.0,1.0,1.0,1.0,1.0,1.0,2.0,1.0,1.0,1.0,1.0,1.0,1.0,0.0,1.0,1.0,1.0,1.0
676,furfrou,furfrou-star,6,normal,,1,fur-coat,,75,0.16,80,0.17,60,0.13,65,0.14,90,0.19,102,0.22,472,speed,145,225,fast,203.89,2,slightly_specialized,0.63,upper_mid_tier,0.49,mid_tier,1,0,1,0.5,solid,midrange,solid-midrange,1.2,28.0,19.44,light,0,0.5,normal,165.0,57,160,70,20,ground,medium,quadruped,white,Poodle Pokémon,Trimming its fluffy fur not only makes it more elegant but also increases the swiftness of its movements.,furfrou,1,0,0,1.0,1.0,1.0,1.0,1.0,1.0,2.0,1.0,1.0,1.0,1.0,1.0,1.0,0.0,1.0,1.0,1.0,1.0
676,furfrou,furfrou-diamond,6,normal,,1,fur-coat,,75,0.16,80,0.17,60,0.13,65,0.14,90,0.19,102,0.22,472,speed,145,225,fast,203.89,2,slightly_specialized,0.63,upper_mid_tier,0.49,mid_tier,1,0,1,0.5,solid,midrange,solid-midrange,1.2,28.0,19.44,light,0,0.5,normal,165.0,57,160,70,20,ground,medium,quadruped,white,Poodle Pokémon,Trimming its fluffy fur not only makes it more elegant but also increases the swiftness of its movements.,furfrou,1,0,0,1.0,1.0,1.0,1.0,1.0,1.0,2.0,1.0,1.0,1.0,1.0,1.0,1.0,0.0,1.0,1.0,1.0,1.0
676,furfrou,furfrou-debutante,6,normal,,1,fur-coat,,75,0.16,80,0.17,60,0.13,65,0.14,90,0.19,102,0.22,472,speed,145,225,fast,203.89,2,slightly_specialized,0.63,upper_mid_tier,0.49,mid_tier,1,0,1,0.5,solid,midrange,solid-midrange,1.2,28.0,19.44,light,0,0.5,normal,165.0,57,160,70,20,ground,medium,quadruped,white,Poodle Pokémon,Trimming its fluffy fur not only makes it more elegant but also increases the swiftness of its movements.,furfrou,1,0,0,1.0,1.0,1.0,1.0,1.0,1.0,2.0,1.0,1.0,1.0,1.0,1.0,1.0,0.0,1.0,1.0,1.0,1.0
676,furfrou,furfrou-matron,6,normal,,1,fur-coat,,75,0.16,80,0.17,60,0.13,65,0.14,90,0.19,102,0.22,472,speed,145,225,fast,203.89,2,slightly_specialized,0.63,upper_mid_tier,0.49,mid_tier,1,0,1,0.5,solid,midrange,solid-midrange,1.2,28.0,19.44,light,0,0.5,normal,165.0,57,160,70,20,ground,medium,quadruped,white,Poodle Pokémon,Trimming its fluffy fur not only makes it more elegant but also increases the swiftness of its movements.,furfrou,1,0,0,1.0,1.0,1.0,1.0,1.0,1.0,2.0,1.0,1.0,1.0,1.0,1.0,1.0,0.0,1.0,1.0,1.0,1.0
676,furfrou,furfrou-dandy,6,normal,,1,fur-coat,,75,0.16,80,0.17,60,0.13,65,0.14,90,0.19,102,0.22,472,speed,145,225,fast,203.89,2,slightly_specialized,0.63,upper_mid_tier,0.49,mid_tier,1,0,1,0.5,solid,midrange,solid-midrange,1.2,28.0,19.44,light,0,0.5,normal,165.0,57,160,70,20,ground,medium,quadruped,white,Poodle Pokémon,Trimming its fluffy fur not only makes it more elegant but also increases the swiftness of its movements.,furfrou,1,0,0,1.0,1.0,1.0,1.0,1.0,1.0,2.0,1.0,1.0,1.0,1.0,1.0,1.0,0.0,1.0,1.0,1.0,1.0
676,furfrou,furfrou-la-reine,6,normal,,1,fur-coat,,75,0.16,80,0.17,60,0.13,65,0.14,90,0.19,102,0.22,472,speed,145,225,fast,203.89,2,slightly_specialized,0.63,upper_mid_tier,0.49,mid_tier,1,0,1,0.5,solid,midrange,solid-midrange,1.2,28.0,19.44,light,0,0.5,normal,165.0,57,160,70,20,ground,medium,quadruped,white,Poodle Pokémon,Trimming its fluffy fur not only makes it more elegant but also increases the swiftness of its movements.,furfrou,1,0,0,1.0,1.0,1.0,1.0,1.0,1.0,2.0,1.0,1.0,1.0,1.0,1.0,1.0,0.0,1.0,1.0,1.0,1.0
676,furfrou,furfrou-kabuki,6,normal,,1,fur-coat,,75,0.16,80,0.17,60,0.13,65,0.14,90,0.19,102,0.22,472,speed,145,225,fast,203.89,2,slightly_specialized,0.63,upper_mid_tier,0.49,mid_tier,1,0,1,0.5,solid,midrange,solid-midrange,1.2,28.0,19.44,light,0,0.5,normal,165.0,57,160,70,20,ground,medium,quadruped,white,Poodle Pokémon,Trimming its fluffy fur not only makes it more elegant but also increases the swiftness of its movements.,furfrou,1,0,0,1.0,1.0,1.0,1.0,1.0,1.0,2.0,1.0,1.0,1.0,1.0,1.0,1.0,0.0,1.0,1.0,1.0,1.0
676,furfrou,furfrou-pharaoh,6,normal,,1,fur-coat,,75,0.16,80,0.17,60,0.13,65,0.14,90,0.19,102,0.22,472,speed,145,225,fast,203.89,2,slightly_specialized,0.63,upper_mid_tier,0.49,mid_tier,1,0,1,0.5,solid,midrange,solid-midrange,1.2,28.0,19.44,light,0,0.5,normal,165.0,57,160,70,20,ground,medium,quadruped,white,Poodle Pokémon,Trimming its fluffy fur not only makes it more elegant but also increases the swiftness of its movements.,furfrou,1,0,0,1.0,1.0,1.0,1.0,1.0,1.0,2.0,1.0,1.0,1.0,1.0,1.0,1.0,0.0,1.0,1.0,1.0,1.0
677,espurr,espurr,6,psychic,,1,"keen-eye, infiltrator",own-tempo,62,0.17,48,0.14,54,0.15,63,0.18,60,0.17,68,0.19,355,speed,111,176,average,42.14,1,balanced,0.38,lower_mid_tier,0.28,lower_mid_tier,3,2,0,-2.0,frail,fragile,frail-fragile,0.3,3.5,38.89,heavy,0,0.5,normal,71.0,77,190,70,20,ground,medium,upright,gray,Restraint Pokémon,The organ that emits its intense psychic power is sheltered by its ears to keep power from leaking out.,espurr --> meowstic,2,1,0,1.0,1.0,1.0,1.0,1.0,1.0,0.5,1.0,1.0,1.0,0.5,2.0,1.0,2.0,1.0,2.0,1.0,1.0
678,meowstic,meowstic-male,6,psychic,,1,"keen-eye, infiltrator",prankster,74,0.16,48,0.1,76,0.16,83,0.18,81,0.17,104,0.22,466,speed,131,231,fast,271.56,2,slightly_specialized,0.59,mid_tier,0.47,mid_tier,3,2,0,-2.0,frail,midrange,frail-midrange,0.6,8.5,23.61,average,0,0.5,normal,163.0,91,75,70,20,ground,medium,upright,blue,Constraint Pokémon,"When in danger, it raises its ears and releases enough psychic power to grind a 10-ton truck into dust.",espurr --> meowstic,2,2,1,1.0,1.0,1.0,1.0,1.0,1.0,0.5,1.0,1.0,1.0,0.5,2.0,1.0,2.0,1.0,2.0,1.0,1.0
678,meowstic,meowstic-female,6,psychic,,1,"keen-eye, infiltrator",competitive,74,0.16,48,0.1,76,0.16,83,0.18,81,0.17,104,0.22,466,speed,131,231,fast,271.56,2,slightly_specialized,0.59,mid_tier,0.47,mid_tier,3,2,0,-2.0,frail,midrange,frail-midrange,0.6,8.5,23.61,average,0,0.5,normal,163.0,90,75,70,20,ground,medium,upright,blue,Constraint Pokémon,"When in danger, it raises its ears and releases enough psychic power to grind a 10-ton truck into dust.",espurr --> meowstic,2,2,1,1.0,1.0,1.0,1.0,1.0,1.0,0.5,1.0,1.0,1.0,0.5,2.0,1.0,2.0,1.0,2.0,1.0,1.0
678,meowstic,meowstic-mega,6,psychic,,1,,,74,0.13,48,0.08,76,0.13,143,0.25,101,0.18,124,0.22,566,sp_attack,191,251,fast,1031.56,5,highly_specialized,0.87,top_tier,0.81,top_tier,3,2,0,-2.0,frail,sweeper,frail-sweeper,0.8,10.1,15.78,light,0,0.5,normal,,0,75,70,20,ground,medium,upright,blue,Constraint Pokémon,"When in danger, it raises its ears and releases enough psychic power to grind a 10-ton truck into dust.",espurr --> meowstic,2,2,1,1.0,1.0,1.0,1.0,1.0,1.0,0.5,1.0,1.0,1.0,0.5,2.0,1.0,2.0,1.0,2.0,1.0,1.0
679,honedge,honedge,6,steel,ghost,2,no-guard,,45,0.14,80,0.25,100,0.31,35,0.11,37,0.11,28,0.09,325,defense,115,182,slow,699.81,5,specialized,0.32,lower_mid_tier,0.22,lower_mid_tier,4,9,3,5.0,iron,weak_slow,iron-weak_slow,0.8,2.0,3.12,very_light,0,0.5,normal,65.0,57,180,70,20,mineral,medium,blob,brown,Sword Pokémon,Apparently this Pokémon is born when a departed spirit inhabits a sword. It attaches itself to people and drinks their life force.,honedge --> doublade --> aegislash,3,1,0,0.0,2.0,1.0,1.0,0.5,0.5,0.0,0.0,2.0,0.5,0.5,0.25,0.5,2.0,0.5,2.0,0.5,0.5
680,doublade,doublade,6,steel,ghost,2,no-guard,,59,0.13,110,0.25,150,0.33,45,0.1,49,0.11,35,0.08,448,defense,155,258,slow,1713.56,5,extreme,0.57,mid_tier,0.43,mid_tier,4,9,3,5.0,iron,slow_attacker,iron-slow_attacker,0.8,4.5,7.03,very_light,0,0.5,normal,157.0,54,90,70,20,mineral,medium,heads,brown,Sword Pokémon,"When Honedge evolves, it divides into two swords, which cooperate via telepathy to coordinate attacks and slash their enemies to ribbons.",honedge --> doublade --> aegislash,3,2,0,0.0,2.0,1.0,1.0,0.5,0.5,0.0,0.0,2.0,0.5,0.5,0.25,0.5,2.0,0.5,2.0,0.5,0.5
681,aegislash,aegislash-shield,6,steel,ghost,2,stance-change,,60,0.12,50,0.1,140,0.28,50,0.1,140,0.28,60,0.12,500,defense,100,340,average,1622.22,5,extreme,0.75,upper_mid_tier,0.66,upper_mid_tier,4,9,3,5.0,iron,support,iron-support,1.7,53.0,18.34,light,0,0.5,normal,234.0,62,45,70,20,mineral,medium,blob,brown,Royal Sword Pokémon,"Generations of kings were attended by these Pokémon, which used their spectral power to manipulate and control people and Pokémon.",honedge --> doublade --> aegislash,3,3,1,0.0,2.0,1.0,1.0,0.5,0.5,0.0,0.0,2.0,0.5,0.5,0.25,0.5,2.0,0.5,2.0,0.5,0.5
681,aegislash,aegislash-blade,6,steel,ghost,2,stance-change,,60,0.12,140,0.28,50,0.1,140,0.28,50,0.1,60,0.12,500,attack,280,160,average,1622.22,5,extreme,0.75,upper_mid_tier,0.66,upper_mid_tier,4,9,3,5.0,iron,glass_cannon,iron-glass_cannon,1.7,53.0,18.34,light,0,0.5,normal,250.0,62,45,70,20,mineral,medium,blob,brown,Royal Sword Pokémon,"Generations of kings were attended by these Pokémon, which used their spectral power to manipulate and control people and Pokémon.",honedge --> doublade --> aegislash,3,3,1,0.0,2.0,1.0,1.0,0.5,0.5,0.0,0.0,2.0,0.5,0.5,0.25,0.5,2.0,0.5,2.0,0.5,0.5
682,spritzee,spritzee,6,fairy,,1,healer,aroma-veil,78,0.23,52,0.15,60,0.18,63,0.18,65,0.19,23,0.07,341,hp,115,203,slow,288.47,3,slightly_specialized,0.36,lower_mid_tier,0.27,lower_mid_tier,2,3,1,1.0,solid,slow_attacker,solid-slow_attacker,0.2,0.5,12.5,very_light,0,0.5,normal,68.0,63,200,70,20,fairy,medium,arms,pink,Perfume Pokémon,It emits a scent that enraptures those who smell it. This fragrance changes depending on what it has eaten.,spritzee --> aromatisse,2,1,0,1.0,1.0,1.0,1.0,1.0,1.0,0.5,2.0,1.0,1.0,1.0,0.5,1.0,1.0,0.0,0.5,2.0,1.0
683,aromatisse,aromatisse,6,fairy,,1,healer,aroma-veil,101,0.22,72,0.16,72,0.16,99,0.21,89,0.19,29,0.06,462,hp,171,262,slow,593.0,4,specialized,0.58,mid_tier,0.46,mid_tier,2,3,1,1.0,solid,tank,solid-tank,0.8,15.5,24.22,average,0,0.5,normal,162.0,67,140,70,20,fairy,medium,humanoid,pink,Fragrance Pokémon,"It devises various scents, pleasant and unpleasant, and emits scents that its enemies dislike in order to gain an edge in battle.",spritzee --> aromatisse,2,2,1,1.0,1.0,1.0,1.0,1.0,1.0,0.5,2.0,1.0,1.0,1.0,0.5,1.0,1.0,0.0,0.5,2.0,1.0
684,swirlix,swirlix,6,fairy,,1,sweet-veil,unburden,62,0.18,48,0.14,66,0.19,59,0.17,57,0.17,49,0.14,341,defense,107,185,slow,42.47,1,balanced,0.36,lower_mid_tier,0.27,lower_mid_tier,2,3,1,1.0,solid,weak_slow,solid-weak_slow,0.4,3.5,21.87,light,0,0.5,normal,68.0,58,200,70,20,fairy,medium,legs,white,Cotton Candy Pokémon,"To entangle its opponents in battle, it extrudes white threads as sweet and sticky as cotton candy.",swirlix --> slurpuff,2,1,0,1.0,1.0,1.0,1.0,1.0,1.0,0.5,2.0,1.0,1.0,1.0,0.5,1.0,1.0,0.0,0.5,2.0,1.0
685,slurpuff,slurpuff,6,fairy,,1,sweet-veil,unburden,82,0.17,80,0.17,86,0.18,85,0.18,75,0.16,72,0.15,480,defense,165,243,average,25.67,1,balanced,0.67,upper_mid_tier,0.53,mid_tier,2,3,1,1.0,solid,balanced,solid-balanced,0.8,5.0,7.81,very_light,0,0.5,normal,168.0,60,140,70,20,fairy,medium,humanoid,white,Meringue Pokémon,It can distinguish the faintest of scents. It puts its sensitive sense of smell to use by helping pastry chefs in their work.,swirlix --> slurpuff,2,2,1,1.0,1.0,1.0,1.0,1.0,1.0,0.5,2.0,1.0,1.0,1.0,0.5,1.0,1.0,0.0,0.5,2.0,1.0
686,inkay,inkay,6,dark,psychic,2,"contrary, suction-cups",infiltrator,53,0.18,54,0.19,53,0.18,37,0.13,46,0.16,45,0.16,288,attack,91,152,slow,36.67,1,balanced,0.24,lower_mid_tier,0.11,bottom_tier,2,0,1,-0.5,exposed,weak_slow,exposed-weak_slow,0.4,3.5,21.87,light,0,0.5,normal,58.0,85,190,70,20,"water1, water2",medium,tentacles,blue,Revolving Pokémon,Opponents who stare at the flashing of the light-emitting spots on its body become dazed and lose their will to fight.,inkay --> malamar,2,1,0,1.0,1.0,1.0,1.0,1.0,1.0,1.0,1.0,1.0,1.0,0.0,4.0,1.0,1.0,1.0,1.0,1.0,2.0
687,malamar,malamar,6,dark,psychic,2,"contrary, suction-cups",infiltrator,86,0.18,92,0.19,88,0.18,68,0.14,75,0.16,73,0.15,482,attack,160,249,average,76.89,1,balanced,0.68,upper_mid_tier,0.54,mid_tier,2,0,1,-0.5,exposed,balanced,exposed-balanced,1.5,47.0,20.89,light,0,0.5,normal,169.0,91,80,70,20,"water1, water2",medium,blob,blue,Overturning Pokémon,"It wields the most compelling hypnotic powers of any Pokémon, and it forces others to do whatever it wants.",inkay --> malamar,2,2,1,1.0,1.0,1.0,1.0,1.0,1.0,1.0,1.0,1.0,1.0,0.0,4.0,1.0,1.0,1.0,1.0,1.0,2.0
687,malamar,malamar-mega,6,dark,psychic,2,,,86,0.15,102,0.18,88,0.15,98,0.17,120,0.21,88,0.15,582,sp_defense,200,294,average,139.67,2,balanced,0.87,top_tier,0.87,top_tier,2,0,1,-0.5,exposed,juggernaut,exposed-juggernaut,2.9,69.8,8.3,very_light,0,0.5,normal,,0,80,70,20,"water1, water2",medium,blob,blue,Overturning Pokémon,"It wields the most compelling hypnotic powers of any Pokémon, and it forces others to do whatever it wants.",inkay --> malamar,2,2,1,1.0,1.0,1.0,1.0,1.0,1.0,1.0,1.0,1.0,1.0,0.0,4.0,1.0,1.0,1.0,1.0,1.0,2.0
688,binacle,binacle,6,rock,water,2,"tough-claws, sniper",pickpocket,42,0.14,52,0.17,67,0.22,39,0.13,56,0.18,50,0.16,306,defense,91,165,slow,84.67,1,balanced,0.29,lower_mid_tier,0.16,bottom_tier,4,5,0,-1.5,exposed,weak_slow,exposed-weak_slow,0.5,31.0,124.0,very_heavy,0,0.5,normal,61.0,86,120,70,20,water3,medium,heads,brown,Two-Handed Pokémon,"Two Binacle live together on one rock. When they fight, one of them will move to a different rock.",binacle --> barbaracle,2,1,0,0.5,0.25,1.0,2.0,4.0,0.5,2.0,0.5,2.0,0.5,1.0,1.0,1.0,1.0,1.0,1.0,1.0,1.0
689,barbaracle,barbaracle,6,rock,water,2,"tough-claws, sniper",pickpocket,72,0.14,105,0.21,115,0.23,54,0.11,86,0.17,68,0.14,500,defense,159,273,average,450.56,4,slightly_specialized,0.75,upper_mid_tier,0.66,upper_mid_tier,4,5,0,-1.5,exposed,bulky,exposed-bulky,1.3,96.0,56.8,very_heavy,0,0.5,normal,175.0,98,45,70,20,water3,medium,heads,brown,Collective Pokémon,"When they evolve, two Binacle multiply into seven. They fight with the power of seven Binacle.",binacle --> barbaracle,2,2,1,0.5,0.25,1.0,2.0,4.0,0.5,2.0,0.5,2.0,0.5,1.0,1.0,1.0,1.0,1.0,1.0,1.0,1.0
689,barbaracle,barbaracle-mega,6,rock,fighting,2,,,72,0.12,140,0.23,130,0.22,64,0.11,106,0.18,88,0.15,600,attack,204,308,average,793.33,5,specialized,0.91,top_tier,0.9,top_tier,7,6,0,-4.0,frail,juggernaut,frail-juggernaut,2.2,100.0,20.66,light,0,0.5,normal,,0,45,70,20,water3,medium,heads,brown,Collective Pokémon,"When they evolve, two Binacle multiply into seven. They fight with the power of seven Binacle.",binacle --> barbaracle,2,2,1,0.5,0.5,2.0,1.0,2.0,1.0,2.0,0.5,2.0,1.0,2.0,0.5,0.5,1.0,1.0,0.5,2.0,2.0
690,skrelp,skrelp,6,poison,water,2,"poison-point, poison-touch",adaptability,50,0.16,60,0.19,60,0.19,60,0.19,60,0.19,30,0.09,320,attack,120,170,slow,122.22,1,balanced,0.32,lower_mid_tier,0.2,bottom_tier,3,8,0,1.0,solid,weak_slow,solid-weak_slow,0.5,7.3,29.2,average,0,0.5,normal,64.0,69,225,70,20,"water1, dragon",medium,blob,brown,Mock Kelp Pokémon,"Camouflaged as rotten kelp, they spray liquid poison on prey that approaches unawares and then finish it off.",skrelp --> dragalge,2,1,0,1.0,0.5,0.5,2.0,1.0,0.5,0.5,0.5,2.0,1.0,2.0,0.5,1.0,1.0,1.0,1.0,0.5,0.5
691,dragalge,dragalge,6,poison,dragon,2,"poison-point, poison-touch",adaptability,65,0.13,75,0.15,90,0.18,97,0.2,123,0.25,44,0.09,494,sp_defense,172,278,slow,625.22,4,specialized,0.7,upper_mid_tier,0.59,mid_tier,4,7,0,-0.5,exposed,tank,exposed-tank,1.8,81.5,25.15,average,0,0.5,normal,173.0,73,55,70,20,"water1, dragon",medium,blob,brown,Mock Kelp Pokémon,"Their poison is strong enough to eat through the hull of a tanker, and they spit it indiscriminately at anything that enters their territory.",skrelp --> dragalge,2,2,1,1.0,0.5,0.5,0.5,0.25,2.0,0.5,0.5,2.0,1.0,2.0,0.5,1.0,1.0,2.0,1.0,1.0,1.0
691,dragalge,dragalge-mega,6,poison,dragon,2,,,65,0.11,85,0.14,105,0.18,132,0.22,163,0.27,44,0.07,594,sp_defense,217,333,slow,1599.67,5,extreme,0.88,top_tier,0.88,top_tier,4,7,0,-0.5,exposed,bulky_attacker,exposed-bulky_attacker,2.1,100.3,22.74,average,0,0.5,normal,,0,55,70,20,"water1, dragon",medium,blob,brown,Mock Kelp Pokémon,"Their poison is strong enough to eat through the hull of a tanker, and they spit it indiscriminately at anything that enters their territory.",skrelp --> dragalge,2,2,1,1.0,0.5,0.5,0.5,0.25,2.0,0.5,0.5,2.0,1.0,2.0,0.5,1.0,1.0,2.0,1.0,1.0,1.0
692,clauncher,clauncher,6,water,,1,mega-launcher,,50,0.15,53,0.16,62,0.19,58,0.18,63,0.19,44,0.13,330,sp_defense,111,175,slow,45.33,1,balanced,0.33,lower_mid_tier,0.23,lower_mid_tier,2,4,0,0.0,neutral,weak_slow,neutral-weak_slow,0.5,8.3,33.2,heavy,0,0.5,normal,66.0,66,225,70,15,"water1, water3",slow,armor,blue,Water Gun Pokémon,They knock down flying prey by firing compressed water from their massive claws like shooting a pistol.,clauncher --> clawitzer,2,1,0,1.0,0.5,0.5,2.0,2.0,0.5,1.0,1.0,1.0,1.0,1.0,1.0,1.0,1.0,1.0,1.0,0.5,1.0
693,clawitzer,clawitzer,6,water,,1,mega-launcher,,71,0.14,73,0.15,88,0.18,120,0.24,89,0.18,59,0.12,500,sp_attack,193,248,slow,374.89,3,slightly_specialized,0.75,upper_mid_tier,0.66,upper_mid_tier,2,4,0,0.0,neutral,attacker,neutral-attacker,1.3,35.3,20.89,light,0,0.5,normal,100.0,73,55,70,15,"water1, water3",slow,squiggle,blue,Howitzer Pokémon,Their enormous claws launch cannonballs of water powerful enough to pierce tanker hulls.,clauncher --> clawitzer,2,2,1,1.0,0.5,0.5,2.0,2.0,0.5,1.0,1.0,1.0,1.0,1.0,1.0,1.0,1.0,1.0,1.0,0.5,1.0
694,helioptile,helioptile,6,electric,normal,2,"dry-skin, sand-veil",solar-power,44,0.15,38,0.13,33,0.11,61,0.21,43,0.15,70,0.24,289,speed,99,120,average,169.81,2,balanced,0.25,lower_mid_tier,0.11,bottom_tier,2,3,1,1.0,solid,fragile,solid-fragile,0.5,6.0,24.0,average,0,0.5,normal,58.0,63,190,70,20,"monster, dragon",medium,upright,yellow,Generator Pokémon,"They make their home in deserts. They can generate their energy from basking in the sun, so eating food is not a requirement.",helioptile --> heliolisk,2,1,0,1.0,1.0,1.0,0.5,1.0,1.0,2.0,1.0,2.0,0.5,1.0,1.0,1.0,0.0,1.0,1.0,0.5,1.0
695,heliolisk,heliolisk,6,electric,normal,2,"dry-skin, sand-veil",solar-power,62,0.13,55,0.11,52,0.11,109,0.23,94,0.2,109,0.23,481,sp_attack,164,208,fast,601.81,4,specialized,0.67,upper_mid_tier,0.53,mid_tier,2,3,1,1.0,solid,midrange,solid-midrange,1.0,21.0,21.0,light,0,0.5,normal,168.0,77,75,70,20,"monster, dragon",medium,upright,yellow,Generator Pokémon,They flare their frills and generate energy. A single Heliolisk can generate sufficient electricity to power a skyscraper.,helioptile --> heliolisk,2,2,1,1.0,1.0,1.0,0.5,1.0,1.0,2.0,1.0,2.0,0.5,1.0,1.0,1.0,0.0,1.0,1.0,0.5,1.0
696,tyrunt,tyrunt,6,rock,dragon,2,strong-jaw,sturdy,58,0.16,89,0.25,77,0.21,45,0.12,45,0.12,48,0.13,362,attack,134,180,slow,287.89,3,slightly_specialized,0.39,lower_mid_tier,0.29,lower_mid_tier,6,5,0,-3.5,frail,weak_slow,frail-weak_slow,0.8,26.0,40.62,heavy,0,0.125,normal,72.0,75,45,70,30,"monster, dragon",medium,upright,brown,Royal Heir Pokémon,"This Pokémon was restored from a fossil. If something happens that it doesn’t like, it throws a tantrum and runs wild.",tyrunt --> tyrantrum,2,1,0,0.5,0.25,1.0,0.5,1.0,2.0,2.0,0.5,2.0,0.5,1.0,1.0,1.0,1.0,2.0,1.0,2.0,2.0
697,tyrantrum,tyrantrum,6,rock,dragon,2,strong-jaw,rock-head,82,0.16,121,0.23,119,0.23,69,0.13,59,0.11,71,0.14,521,attack,190,260,average,594.81,4,specialized,0.79,upper_mid_tier,0.73,upper_mid_tier,6,5,0,-3.5,frail,bulky_attacker,frail-bulky_attacker,2.5,270.0,43.2,heavy,0,0.125,normal,182.0,78,45,70,30,"monster, dragon",medium,upright,red,Despot Pokémon,"Thanks to its gargantuan jaws, which could shred thick metal plates as if they were paper, it was invincible in the ancient world it once inhabited.",tyrunt --> tyrantrum,2,2,1,0.5,0.25,1.0,0.5,1.0,2.0,2.0,0.5,2.0,0.5,1.0,1.0,1.0,1.0,2.0,1.0,2.0,2.0
698,amaura,amaura,6,rock,ice,2,refrigerate,snow-warning,77,0.21,59,0.16,50,0.14,67,0.19,63,0.17,46,0.13,362,hp,126,190,slow,107.22,1,balanced,0.39,lower_mid_tier,0.29,lower_mid_tier,6,4,0,-4.0,frail,slow_attacker,frail-slow_attacker,1.3,25.2,14.91,light,0,0.125,normal,72.0,78,45,70,30,monster,medium,quadruped,blue,Tundra Pokémon,This ancient Pokémon was restored from part of its body that had been frozen in ice for over 100 million years.,amaura --> aurorus,2,1,0,0.5,1.0,2.0,1.0,2.0,0.5,4.0,0.5,2.0,0.5,1.0,1.0,2.0,1.0,1.0,1.0,4.0,1.0
699,aurorus,aurorus,6,rock,ice,2,refrigerate,snow-warning,123,0.24,77,0.15,72,0.14,99,0.19,92,0.18,58,0.11,521,hp,176,287,slow,438.47,4,slightly_specialized,0.79,upper_mid_tier,0.73,upper_mid_tier,6,4,0,-4.0,frail,bulky,frail-bulky,2.7,225.0,30.86,average,0,0.125,normal,104.0,78,45,70,30,monster,medium,quadruped,blue,Tundra Pokémon,"The diamond-shaped crystals on its body expel air as cold as -240 degrees Fahrenheit, surrounding its enemies and encasing them in ice.",amaura --> aurorus,2,2,1,0.5,1.0,2.0,1.0,2.0,0.5,4.0,0.5,2.0,0.5,1.0,1.0,2.0,1.0,1.0,1.0,4.0,1.0
700,sylveon,sylveon,6,fairy,,1,cute-charm,pixilate,95,0.18,65,0.12,65,0.12,110,0.21,130,0.25,60,0.11,525,sp_defense,175,290,average,689.58,5,specialized,0.8,upper_mid_tier,0.74,upper_mid_tier,2,3,1,1.0,solid,bulky,solid-bulky,1.0,23.5,23.5,average,0,0.125,normal,184.0,80,45,70,35,ground,medium,quadruped,pink,Intertwining Pokémon,It sends a soothing aura from its ribbonlike feelers to calm fights.,eevee --> vaporeon,2,2,1,1.0,1.0,1.0,1.0,1.0,1.0,0.5,2.0,1.0,1.0,1.0,0.5,1.0,1.0,0.0,0.5,2.0,1.0
701,hawlucha,hawlucha,6,fighting,flying,2,"limber, unburden",mold-breaker,78,0.16,92,0.18,75,0.15,74,0.15,63,0.13,118,0.24,500,speed,166,216,fast,312.56,3,slightly_specialized,0.75,upper_mid_tier,0.66,upper_mid_tier,5,4,1,-1.5,exposed,midrange,exposed-midrange,0.8,21.5,33.59,heavy,0,0.5,normal,175.0,108,100,70,20,"flying, humanshape",medium,humanoid,green,Wrestling Pokémon,"Although its body is small, its proficient fighting skills enable it to keep up with big bruisers like Machamp and Hariyama.",hawlucha,1,0,0,1.0,1.0,1.0,2.0,0.5,2.0,0.5,1.0,0.0,2.0,2.0,0.25,1.0,1.0,1.0,0.5,1.0,2.0
701,hawlucha,hawlucha-mega,6,fighting,flying,2,,,78,0.13,137,0.23,100,0.17,74,0.12,93,0.16,118,0.2,600,attack,211,271,fast,483.67,4,slightly_specialized,0.91,top_tier,0.9,top_tier,5,4,1,-1.5,exposed,juggernaut,exposed-juggernaut,1.0,25.0,25.0,average,0,0.5,normal,,0,100,70,20,"flying, humanshape",medium,humanoid,green,Wrestling Pokémon,"Although its body is small, its proficient fighting skills enable it to keep up with big bruisers like Machamp and Hariyama.",hawlucha,1,0,0,1.0,1.0,1.0,2.0,0.5,2.0,0.5,1.0,0.0,2.0,2.0,0.25,1.0,1.0,1.0,0.5,1.0,2.0
702,dedenne,dedenne,6,electric,fairy,2,"cheek-pouch, pickup",plus,67,0.16,58,0.13,57,0.13,81,0.19,67,0.16,101,0.23,431,speed,139,191,fast,232.14,2,slightly_specialized,0.56,mid_tier,0.41,mid_tier,2,5,1,2.0,iron,midrange,iron-midrange,0.2,2.2,55.0,very_heavy,0,0.5,normal,151.0,75,180,70,20,"ground, fairy",medium,upright,yellow,Antenna Pokémon,"Its whiskers serve as antennas. By sending and receiving electrical waves, it can communicate with others over vast distances.",dedenne,1,0,0,1.0,1.0,1.0,0.5,1.0,1.0,0.5,2.0,2.0,0.5,1.0,0.5,1.0,1.0,0.0,0.5,1.0,1.0
703,carbink,carbink,6,rock,fairy,2,clear-body,sturdy,50,0.1,50,0.1,150,0.3,50,0.1,150,0.3,50,0.1,500,defense,100,350,slow,2222.22,5,extreme,0.75,upper_mid_tier,0.66,upper_mid_tier,4,5,1,0.0,neutral,tank,neutral-tank,0.3,5.7,63.33,very_heavy,1,0.0,normal,100.0,79,60,70,25,"fairy, mineral",slow,ball,gray,Jewel Pokémon,"Born from the temperatures and pressures deep underground, it fires beams from the stone in its head.",carbink,1,0,0,0.5,0.5,2.0,1.0,2.0,1.0,1.0,1.0,2.0,0.5,1.0,0.5,1.0,1.0,0.0,0.5,4.0,1.0
704,goomy,goomy,6,dragon,,1,"sap-sipper, hydration",gooey,45,0.15,50,0.17,35,0.12,55,0.18,75,0.25,40,0.13,300,sp_defense,105,155,slow,166.67,2,balanced,0.25,lower_mid_tier,0.13,bottom_tier,3,4,0,-1.0,exposed,weak_slow,exposed-weak_slow,0.3,2.8,31.11,average,0,0.5,normal,60.0,53,45,35,40,dragon,slow,squiggle,purple,Soft Tissue Pokémon,"The weakest Dragon-type Pokémon, it lives in damp, shady places, so its body doesn’t dry out.",goomy --> sliggoo --> goodra,3,1,0,1.0,0.5,0.5,0.5,0.5,2.0,1.0,1.0,1.0,1.0,1.0,1.0,1.0,1.0,2.0,1.0,1.0,2.0
705,sliggoo,sliggoo,6,dragon,,1,"sap-sipper, hydration",gooey,68,0.15,75,0.17,53,0.12,83,0.18,113,0.25,60,0.13,452,sp_defense,158,234,average,377.56,3,slightly_specialized,0.58,mid_tier,0.44,mid_tier,3,4,0,-1.0,exposed,balanced,exposed-balanced,0.8,17.5,27.34,average,0,0.5,normal,158.0,51,45,35,40,dragon,slow,squiggle,purple,Soft Tissue Pokémon,"It drives away opponents by excreting a sticky liquid that can dissolve anything. Its eyes devolved, so it can’t see anything.",goomy --> sliggoo --> goodra,3,2,0,1.0,0.5,0.5,0.5,0.5,2.0,1.0,1.0,1.0,1.0,1.0,1.0,1.0,1.0,2.0,1.0,1.0,2.0
705,sliggoo,sliggoo-hisui,6,steel,dragon,2,"sap-sipper, shell-armor",gooey,58,0.13,75,0.17,83,0.18,83,0.18,113,0.25,40,0.09,452,sp_defense,158,254,slow,514.22,4,specialized,0.58,mid_tier,0.44,mid_tier,2,9,1,4.0,iron,slow_attacker,iron-slow_attacker,0.7,68.5,139.8,very_heavy,0,0.5,normal,158.0,47,45,35,40,dragon,slow,squiggle,purple,Soft Tissue Pokémon,"It drives away opponents by excreting a sticky liquid that can dissolve anything. Its eyes devolved, so it can’t see anything.",goomy --> sliggoo --> goodra,3,2,0,0.5,1.0,0.5,0.5,0.25,1.0,2.0,0.0,2.0,0.5,0.5,0.5,0.5,1.0,1.0,1.0,0.5,1.0
706,goodra,goodra,6,dragon,,1,"sap-sipper, hydration",gooey,90,0.15,100,0.17,70,0.12,110,0.18,150,0.25,80,0.13,600,sp_defense,210,310,average,666.67,5,specialized,0.91,top_tier,0.9,top_tier,3,4,0,-1.0,exposed,bulky_attacker,exposed-bulky_attacker,2.0,150.5,37.62,heavy,0,0.5,normal,270.0,86,45,35,40,dragon,slow,upright,purple,Dragon Pokémon,"This very friendly Dragon-type Pokémon will hug its beloved Trainer, leaving that Trainer covered in sticky slime.",goomy --> sliggoo --> goodra,3,3,1,1.0,0.5,0.5,0.5,0.5,2.0,1.0,1.0,1.0,1.0,1.0,1.0,1.0,1.0,2.0,1.0,1.0,2.0
706,goodra,goodra-hisui,6,steel,dragon,2,"sap-sipper, shell-armor",gooey,80,0.13,100,0.17,100,0.17,110,0.18,150,0.25,60,0.1,600,sp_defense,210,330,average,766.67,5,specialized,0.91,top_tier,0.9,top_tier,2,9,1,4.0,iron,bulky_attacker,iron-bulky_attacker,1.7,334.1,115.61,very_heavy,0,0.5,normal,270.0,69,45,35,40,dragon,slow,upright,purple,Dragon Pokémon,"This very friendly Dragon-type Pokémon will hug its beloved Trainer, leaving that Trainer covered in sticky slime.",goomy --> sliggoo --> goodra,3,3,1,0.5,1.0,0.5,0.5,0.25,1.0,2.0,0.0,2.0,0.5,0.5,0.5,0.5,1.0,1.0,1.0,0.5,1.0
707,klefki,klefki,6,steel,fairy,2,prankster,magician,57,0.12,80,0.17,91,0.19,80,0.17,87,0.19,75,0.16,470,defense,160,235,average,117.89,1,balanced,0.6,mid_tier,0.48,mid_tier,2,9,2,5.5,iron,balanced,iron-balanced,0.2,3.0,75.0,very_heavy,0,0.5,normal,165.0,65,75,70,20,mineral,fast,ball,gray,Key Ring Pokémon,These key collectors threaten any attackers by fiercely jingling their keys at them.,klefki,1,0,0,0.5,2.0,1.0,1.0,0.5,0.5,1.0,0.0,2.0,0.5,0.5,0.25,0.5,1.0,0.0,0.5,1.0,0.5
708,phantump,phantump,6,ghost,grass,2,"natural-cure, frisk",harvest,43,0.14,70,0.23,48,0.16,50,0.16,60,0.19,38,0.12,309,attack,120,151,slow,113.92,1,balanced,0.3,lower_mid_tier,0.17,bottom_tier,5,4,2,0.0,neutral,weak_slow,neutral-weak_slow,0.4,7.0,43.75,heavy,0,0.5,normal,62.0,84,120,70,20,"plant, indeterminate",medium,arms,brown,Stump Pokémon,These Pokémon are created when spirits possess rotten tree stumps. They prefer to live in abandoned forests.,phantump --> trevenant,2,1,0,0.0,2.0,0.5,0.5,0.5,2.0,0.0,1.0,0.5,2.0,1.0,1.0,1.0,2.0,1.0,2.0,1.0,1.0
709,trevenant,trevenant,6,ghost,grass,2,"natural-cure, frisk",harvest,85,0.18,110,0.23,76,0.16,65,0.14,82,0.17,56,0.12,474,attack,175,243,slow,290.0,3,slightly_specialized,0.66,upper_mid_tier,0.49,mid_tier,5,4,2,0.0,neutral,balanced,neutral-balanced,1.5,71.0,31.56,heavy,0,0.5,normal,166.0,99,60,70,20,"plant, indeterminate",medium,tentacles,brown,Elder Tree Pokémon,"It can control trees at will. It will trap people who harm the forest, so they can never leave.",phantump --> trevenant,2,2,1,0.0,2.0,0.5,0.5,0.5,2.0,0.0,1.0,0.5,2.0,1.0,1.0,1.0,2.0,1.0,2.0,1.0,1.0
710,pumpkaboo,pumpkaboo-average,6,ghost,grass,2,"pickup, frisk",insomnia,49,0.15,66,0.2,70,0.21,44,0.13,55,0.16,51,0.15,335,defense,110,174,slow,85.81,1,balanced,0.34,lower_mid_tier,0.24,lower_mid_tier,5,4,2,0.0,neutral,weak_slow,neutral-weak_slow,0.4,5.0,31.25,average,0,0.5,normal,67.0,73,120,70,20,indeterminate,medium,ball,brown,Pumpkin Pokémon,"The pumpkin body is inhabited by a spirit trapped in this world. As the sun sets, it becomes restless and active.",pumpkaboo --> gourgeist,2,1,0,0.0,2.0,0.5,0.5,0.5,2.0,0.0,1.0,0.5,2.0,1.0,1.0,1.0,2.0,1.0,2.0,1.0,1.0
710,pumpkaboo,pumpkaboo-small,6,ghost,grass,2,"pickup, frisk",insomnia,44,0.13,66,0.2,70,0.21,44,0.13,55,0.16,56,0.17,335,defense,110,169,slow,97.47,1,balanced,0.34,lower_mid_tier,0.24,lower_mid_tier,5,4,2,0.0,neutral,fragile,neutral-fragile,0.3,3.5,38.89,heavy,0,0.5,normal,67.0,73,120,70,20,indeterminate,medium,ball,brown,Pumpkin Pokémon,"The pumpkin body is inhabited by a spirit trapped in this world. As the sun sets, it becomes restless and active.",pumpkaboo --> gourgeist,2,1,0,0.0,2.0,0.5,0.5,0.5,2.0,0.0,1.0,0.5,2.0,1.0,1.0,1.0,2.0,1.0,2.0,1.0,1.0
710,pumpkaboo,pumpkaboo-large,6,ghost,grass,2,"pickup, frisk",insomnia,54,0.16,66,0.2,70,0.21,44,0.13,55,0.16,46,0.14,335,defense,110,179,slow,90.81,1,balanced,0.34,lower_mid_tier,0.24,lower_mid_tier,5,4,2,0.0,neutral,weak_slow,neutral-weak_slow,0.5,7.5,30.0,average,0,0.5,normal,67.0,73,120,70,20,indeterminate,medium,ball,brown,Pumpkin Pokémon,"The pumpkin body is inhabited by a spirit trapped in this world. As the sun sets, it becomes restless and active.",pumpkaboo --> gourgeist,2,1,0,0.0,2.0,0.5,0.5,0.5,2.0,0.0,1.0,0.5,2.0,1.0,1.0,1.0,2.0,1.0,2.0,1.0,1.0
710,pumpkaboo,pumpkaboo-super,6,ghost,grass,2,"pickup, frisk",insomnia,59,0.18,66,0.2,70,0.21,44,0.13,55,0.16,41,0.12,335,defense,110,184,slow,112.47,1,balanced,0.34,lower_mid_tier,0.24,lower_mid_tier,5,4,2,0.0,neutral,weak_slow,neutral-weak_slow,0.8,15.0,23.44,average,0,0.5,normal,67.0,73,120,70,20,indeterminate,medium,ball,brown,Pumpkin Pokémon,"The pumpkin body is inhabited by a spirit trapped in this world. As the sun sets, it becomes restless and active.",pumpkaboo --> gourgeist,2,1,0,0.0,2.0,0.5,0.5,0.5,2.0,0.0,1.0,0.5,2.0,1.0,1.0,1.0,2.0,1.0,2.0,1.0,1.0
711,gourgeist,gourgeist-average,6,ghost,grass,2,"pickup, frisk",insomnia,65,0.13,90,0.18,122,0.25,58,0.12,75,0.15,84,0.17,494,defense,148,262,average,430.22,4,slightly_specialized,0.7,upper_mid_tier,0.59,mid_tier,5,4,2,0.0,neutral,bulky,neutral-bulky,0.9,12.5,15.43,light,0,0.5,normal,173.0,77,60,70,20,indeterminate,medium,blob,brown,Pumpkin Pokémon,"Singing in eerie voices, they wander town streets on the night of the new moon. Anyone who hears their song is cursed.",pumpkaboo --> gourgeist,2,2,1,0.0,2.0,0.5,0.5,0.5,2.0,0.0,1.0,0.5,2.0,1.0,1.0,1.0,2.0,1.0,2.0,1.0,1.0
711,gourgeist,gourgeist-small,6,ghost,grass,2,"pickup, frisk",insomnia,55,0.11,85,0.17,122,0.25,58,0.12,75,0.15,99,0.2,494,defense,143,252,average,541.89,4,specialized,0.7,upper_mid_tier,0.59,mid_tier,5,4,2,0.0,neutral,midrange,neutral-midrange,0.7,9.5,19.39,light,0,0.5,normal,173.0,77,60,70,20,indeterminate,medium,blob,brown,Pumpkin Pokémon,"Singing in eerie voices, they wander town streets on the night of the new moon. Anyone who hears their song is cursed.",pumpkaboo --> gourgeist,2,2,1,0.0,2.0,0.5,0.5,0.5,2.0,0.0,1.0,0.5,2.0,1.0,1.0,1.0,2.0,1.0,2.0,1.0,1.0
711,gourgeist,gourgeist-large,6,ghost,grass,2,"pickup, frisk",insomnia,75,0.15,95,0.19,122,0.25,58,0.12,75,0.15,69,0.14,494,defense,153,272,average,435.22,4,slightly_specialized,0.7,upper_mid_tier,0.59,mid_tier,5,4,2,0.0,neutral,bulky,neutral-bulky,1.1,14.0,11.57,very_light,0,0.5,normal,173.0,77,60,70,20,indeterminate,medium,blob,brown,Pumpkin Pokémon,"Singing in eerie voices, they wander town streets on the night of the new moon. Anyone who hears their song is cursed.",pumpkaboo --> gourgeist,2,2,1,0.0,2.0,0.5,0.5,0.5,2.0,0.0,1.0,0.5,2.0,1.0,1.0,1.0,2.0,1.0,2.0,1.0,1.0
711,gourgeist,gourgeist-super,6,ghost,grass,2,"pickup, frisk",insomnia,85,0.17,100,0.2,122,0.25,58,0.12,75,0.15,54,0.11,494,defense,158,282,slow,556.89,4,specialized,0.7,upper_mid_tier,0.59,mid_tier,5,4,2,0.0,neutral,tank,neutral-tank,1.7,39.0,13.49,light,0,0.5,normal,173.0,77,60,70,20,indeterminate,medium,blob,brown,Pumpkin Pokémon,"Singing in eerie voices, they wander town streets on the night of the new moon. Anyone who hears their song is cursed.",pumpkaboo --> gourgeist,2,2,1,0.0,2.0,0.5,0.5,0.5,2.0,0.0,1.0,0.5,2.0,1.0,1.0,1.0,2.0,1.0,2.0,1.0,1.0
712,bergmite,bergmite,6,ice,,1,"own-tempo, ice-body",sturdy,55,0.18,69,0.23,85,0.28,32,0.11,35,0.12,28,0.09,304,defense,101,175,slow,440.22,4,slightly_specialized,0.28,lower_mid_tier,0.15,bottom_tier,4,1,0,-3.5,frail,weak_slow,frail-weak_slow,1.0,99.5,99.5,very_heavy,0,0.5,normal,61.0,63,190,70,20,"monster, mineral",medium,quadruped,blue,Ice Chunk Pokémon,It blocks opponents’ attacks with the ice that shields its body. It uses cold air to repair any cracks with new ice.,bergmite --> avalugg,2,1,0,1.0,2.0,1.0,1.0,1.0,0.5,2.0,1.0,1.0,1.0,1.0,1.0,2.0,1.0,1.0,1.0,2.0,1.0
713,avalugg,avalugg,6,ice,,1,"own-tempo, ice-body",sturdy,95,0.18,117,0.23,184,0.36,44,0.09,46,0.09,28,0.05,514,defense,161,325,slow,2895.56,5,extreme,0.78,upper_mid_tier,0.71,upper_mid_tier,4,1,0,-3.5,frail,tank,frail-tank,2.0,505.0,126.25,very_heavy,0,0.5,normal,180.0,74,55,70,20,"monster, mineral",medium,quadruped,blue,Iceberg Pokémon,Its ice-covered body is as hard as steel. Its cumbersome frame crushes anything that stands in its way.,bergmite --> avalugg,2,2,1,1.0,2.0,1.0,1.0,1.0,0.5,2.0,1.0,1.0,1.0,1.0,1.0,2.0,1.0,1.0,1.0,2.0,1.0
713,avalugg,avalugg-hisui,6,ice,rock,2,"strong-jaw, ice-body",sturdy,95,0.18,127,0.25,184,0.36,34,0.07,36,0.07,38,0.07,514,defense,161,315,slow,3145.56,5,extreme,0.78,upper_mid_tier,0.71,upper_mid_tier,6,4,0,-4.0,frail,tank,frail-tank,1.4,262.4,133.88,very_heavy,0,0.5,normal,180.0,58,55,70,20,"monster, mineral",medium,quadruped,blue,Iceberg Pokémon,Its ice-covered body is as hard as steel. Its cumbersome frame crushes anything that stands in its way.,bergmite --> avalugg,2,2,1,0.5,1.0,2.0,1.0,2.0,0.5,4.0,0.5,2.0,0.5,1.0,1.0,2.0,1.0,1.0,1.0,4.0,1.0
714,noibat,noibat,6,flying,dragon,2,"frisk, infiltrator",telepathy,40,0.16,30,0.12,35,0.14,45,0.18,40,0.16,55,0.22,245,speed,75,115,slow,61.81,1,balanced,0.23,lower_mid_tier,0.06,bottom_tier,4,5,1,0.0,neutral,weak_slow,neutral-weak_slow,0.5,8.0,32.0,heavy,0,0.5,normal,49.0,72,190,70,20,"flying, dragon",medium,wings,purple,Sound Wave Pokémon,"They live in pitch-black caves. Their enormous ears can emit ultrasonic waves of 200,000 hertz.",noibat --> noivern,2,1,0,1.0,0.5,0.5,1.0,0.25,4.0,0.5,1.0,0.0,1.0,1.0,0.5,2.0,1.0,2.0,1.0,1.0,2.0
715,noivern,noivern,6,flying,dragon,2,"frisk, infiltrator",telepathy,85,0.16,70,0.13,80,0.15,97,0.18,80,0.15,123,0.23,535,speed,167,245,fast,293.14,3,slightly_specialized,0.83,top_tier,0.78,upper_mid_tier,4,5,1,0.0,neutral,midrange,neutral-midrange,1.5,85.0,37.78,heavy,0,0.5,normal,187.0,86,45,70,20,"flying, dragon",medium,wings,purple,Sound Wave Pokémon,They fly around on moonless nights and attack careless prey. Nothing can beat them in a battle in the dark.,noibat --> noivern,2,2,1,1.0,0.5,0.5,1.0,0.25,4.0,0.5,1.0,0.0,1.0,1.0,0.5,2.0,1.0,2.0,1.0,1.0,2.0
716,xerneas,xerneas-active,6,fairy,,1,fairy-aura,,126,0.19,131,0.19,95,0.14,131,0.19,98,0.14,99,0.15,680,attack,262,319,average,260.22,2,slightly_specialized,0.98,top_tier,0.96,top_tier,2,3,1,1.0,solid,juggernaut,solid-juggernaut,3.0,215.0,23.89,average,1,0.0,legendary,306.0,69,45,0,120,no-eggs,slow,quadruped,blue,Life Pokémon,Legends say it can share eternal life. It slept for a thousand years in the form of a tree before its revival.,xerneas,1,0,0,1.0,1.0,1.0,1.0,1.0,1.0,0.5,2.0,1.0,1.0,1.0,0.5,1.0,1.0,0.0,0.5,2.0,1.0
716,xerneas,xerneas-neutral,6,fairy,,1,fairy-aura,,126,0.19,131,0.19,95,0.14,131,0.19,98,0.14,99,0.15,680,attack,262,319,average,260.22,2,slightly_specialized,0.98,top_tier,0.96,top_tier,2,3,1,1.0,solid,juggernaut,solid-juggernaut,3.0,215.0,23.89,average,1,0.0,legendary,306.0,69,45,0,120,no-eggs,slow,quadruped,blue,Life Pokémon,Legends say it can share eternal life. It slept for a thousand years in the form of a tree before its revival.,xerneas,1,0,0,1.0,1.0,1.0,1.0,1.0,1.0,0.5,2.0,1.0,1.0,1.0,0.5,1.0,1.0,0.0,0.5,2.0,1.0
717,yveltal,yveltal,6,dark,flying,2,dark-aura,,126,0.19,131,0.19,95,0.14,131,0.19,98,0.14,99,0.15,680,attack,262,319,average,260.22,2,slightly_specialized,0.98,top_tier,0.96,top_tier,4,3,2,0.5,solid,juggernaut,solid-juggernaut,5.8,203.0,6.03,very_light,1,0.0,legendary,306.0,66,45,0,120,no-eggs,slow,wings,red,Destruction Pokémon,"When this legendary Pokémon’s wings and tail feathers spread wide and glow red, it absorbs the life force of living creatures.",yveltal,1,0,0,1.0,1.0,1.0,2.0,0.5,2.0,1.0,1.0,0.0,1.0,0.0,1.0,2.0,0.5,1.0,0.5,1.0,2.0
718,zygarde,zygarde-50,6,dragon,ground,2,aura-break,,108,0.18,100,0.17,121,0.2,81,0.14,95,0.16,95,0.16,600,defense,181,324,average,152.67,2,balanced,0.91,top_tier,0.9,top_tier,3,3,1,0.0,neutral,juggernaut,neutral-juggernaut,5.0,305.0,12.2,very_light,1,0.0,legendary,270.0,70,3,0,120,no-eggs,slow,squiggle,green,Order Pokémon,"When the Kalos region’s ecosystem falls into disarray, it appears and reveals its secret power.",zygarde,1,0,0,1.0,0.5,1.0,0.0,1.0,4.0,1.0,0.5,1.0,1.0,1.0,1.0,0.5,1.0,2.0,1.0,1.0,2.0
718,zygarde,zygarde-10-power-construct,6,dragon,ground,2,power-construct,,54,0.11,100,0.21,71,0.15,61,0.13,85,0.17,115,0.24,486,speed,161,210,fast,460.33,4,slightly_specialized,0.69,upper_mid_tier,0.56,mid_tier,3,3,1,0.0,neutral,midrange,neutral-midrange,1.2,33.5,23.26,average,1,0.0,legendary,243.0,67,3,0,120,no-eggs,slow,squiggle,green,Order Pokémon,"When the Kalos region’s ecosystem falls into disarray, it appears and reveals its secret power.",zygarde,1,0,0,1.0,0.5,1.0,0.0,1.0,4.0,1.0,0.5,1.0,1.0,1.0,1.0,0.5,1.0,2.0,1.0,1.0,2.0
718,zygarde,zygarde-50-power-construct,6,dragon,ground,2,power-construct,,108,0.18,100,0.17,121,0.2,81,0.14,95,0.16,95,0.16,600,defense,181,324,average,152.67,2,balanced,0.91,top_tier,0.9,top_tier,3,3,1,0.0,neutral,juggernaut,neutral-juggernaut,5.0,305.0,12.2,very_light,1,0.0,legendary,300.0,67,3,0,120,no-eggs,slow,squiggle,green,Order Pokémon,"When the Kalos region’s ecosystem falls into disarray, it appears and reveals its secret power.",zygarde,1,0,0,1.0,0.5,1.0,0.0,1.0,4.0,1.0,0.5,1.0,1.0,1.0,1.0,0.5,1.0,2.0,1.0,1.0,2.0
718,zygarde,zygarde-complete,6,dragon,ground,2,power-construct,,216,0.31,100,0.14,121,0.17,91,0.13,95,0.13,85,0.12,708,hp,191,432,average,2047.33,5,extreme,0.99,top_tier,0.98,top_tier,3,3,1,0.0,neutral,juggernaut,neutral-juggernaut,4.5,610.0,30.12,average,1,0.0,legendary,354.0,67,3,0,120,no-eggs,slow,squiggle,green,Order Pokémon,"When the Kalos region’s ecosystem falls into disarray, it appears and reveals its secret power.",zygarde,1,0,0,1.0,0.5,1.0,0.0,1.0,4.0,1.0,0.5,1.0,1.0,1.0,1.0,0.5,1.0,2.0,1.0,1.0,2.0
718,zygarde,zygarde-10,6,dragon,ground,2,aura-break,,54,0.11,100,0.21,71,0.15,61,0.13,85,0.17,115,0.24,486,speed,161,210,fast,460.33,4,slightly_specialized,0.69,upper_mid_tier,0.56,mid_tier,3,3,1,0.0,neutral,midrange,neutral-midrange,1.2,33.5,23.26,average,1,0.0,legendary,243.0,67,3,0,120,no-eggs,slow,squiggle,green,Order Pokémon,"When the Kalos region’s ecosystem falls into disarray, it appears and reveals its secret power.",zygarde,1,0,0,1.0,0.5,1.0,0.0,1.0,4.0,1.0,0.5,1.0,1.0,1.0,1.0,0.5,1.0,2.0,1.0,1.0,2.0
718,zygarde,zygarde-mega,6,dragon,ground,2,,,216,0.28,70,0.09,91,0.12,216,0.28,85,0.11,100,0.13,778,hp,286,392,fast,3806.22,5,extreme,1.0,top_tier,1.0,top_tier,3,3,1,0.0,neutral,juggernaut,neutral-juggernaut,7.7,610.0,10.29,very_light,1,0.0,legendary,,0,3,0,120,no-eggs,slow,squiggle,green,Order Pokémon,"When the Kalos region’s ecosystem falls into disarray, it appears and reveals its secret power.",zygarde,1,0,0,1.0,0.5,1.0,0.0,1.0,4.0,1.0,0.5,1.0,1.0,1.0,1.0,0.5,1.0,2.0,1.0,1.0,2.0
719,diancie,diancie,6,rock,fairy,2,clear-body,,50,0.08,100,0.17,150,0.25,100,0.17,150,0.25,50,0.08,600,defense,200,350,slow,1666.67,5,extreme,0.91,top_tier,0.9,top_tier,4,5,1,0.0,neutral,bulky_attacker,neutral-bulky_attacker,0.7,8.8,17.96,light,1,0.0,mythical,270.0,90,3,70,25,no-eggs,slow,arms,pink,Jewel Pokémon,"A sudden transformation of Carbink, its pink, glimmering body is said to be the loveliest sight in the whole world.",diancie,1,0,0,0.5,0.5,2.0,1.0,2.0,1.0,1.0,1.0,2.0,0.5,1.0,0.5,1.0,1.0,0.0,0.5,4.0,1.0
719,diancie,diancie-mega,6,rock,fairy,2,magic-bounce,,50,0.07,160,0.23,110,0.16,160,0.23,110,0.16,110,0.16,700,attack,320,270,fast,1388.89,5,highly_specialized,0.99,top_tier,0.98,top_tier,4,5,1,0.0,neutral,juggernaut,neutral-juggernaut,1.1,27.8,22.98,average,1,0.0,mythical,315.0,62,3,70,25,no-eggs,slow,arms,pink,Jewel Pokémon,"A sudden transformation of Carbink, its pink, glimmering body is said to be the loveliest sight in the whole world.",diancie,1,0,0,0.5,0.5,2.0,1.0,2.0,1.0,1.0,1.0,2.0,0.5,1.0,0.5,1.0,1.0,0.0,0.5,4.0,1.0
720,hoopa,hoopa,6,psychic,ghost,2,magician,,80,0.13,110,0.18,60,0.1,150,0.25,130,0.22,70,0.12,600,sp_attack,260,270,average,1066.67,5,highly_specialized,0.91,top_tier,0.9,top_tier,2,2,2,2.0,iron,bulky_attacker,iron-bulky_attacker,0.5,9.0,36.0,heavy,1,0.0,mythical,270.0,96,3,100,120,no-eggs,slow,arms,purple,Mischief Pokémon,"This troublemaker sends anything and everything to faraway places using its loop, which can warp space.",hoopa,1,0,0,0.0,1.0,1.0,1.0,1.0,1.0,0.0,0.5,1.0,1.0,0.5,1.0,1.0,4.0,1.0,4.0,1.0,1.0
720,hoopa,hoopa-unbound,6,psychic,dark,2,magician,,80,0.12,160,0.24,60,0.09,170,0.25,130,0.19,80,0.12,680,sp_attack,330,270,average,1788.89,5,extreme,0.98,top_tier,0.96,top_tier,2,0,1,-0.5,exposed,bulky_attacker,exposed-bulky_attacker,6.5,490.0,11.6,very_light,1,0.0,mythical,306.0,96,3,100,120,no-eggs,slow,arms,purple,Mischief Pokémon,"This troublemaker sends anything and everything to faraway places using its loop, which can warp space.",hoopa,1,0,0,1.0,1.0,1.0,1.0,1.0,1.0,1.0,1.0,1.0,1.0,0.0,4.0,1.0,1.0,1.0,1.0,1.0,2.0
721,volcanion,volcanion,6,fire,water,2,water-absorb,,80,0.13,110,0.18,120,0.2,130,0.22,90,0.15,70,0.12,600,sp_attack,240,290,average,466.67,4,slightly_specialized,0.91,top_tier,0.9,top_tier,3,5,0,-0.5,exposed,bulky_attacker,exposed-bulky_attacker,1.7,195.0,67.47,very_heavy,1,0.0,mythical,270.0,82,3,100,120,no-eggs,slow,quadruped,brown,Steam Pokémon,It lets out billows of steam and disappears into the dense fog. It’s said to live in mountains where humans do not tread.,volcanion,1,0,0,1.0,0.25,1.0,2.0,1.0,0.25,1.0,1.0,2.0,1.0,1.0,0.5,2.0,1.0,1.0,1.0,0.25,0.5
722,rowlet,rowlet,7,grass,flying,2,overgrow,long-reach,68,0.21,55,0.17,55,0.17,50,0.16,50,0.16,42,0.13,320,hp,105,173,slow,61.89,1,balanced,0.14,bottom_tier,0.2,bottom_tier,5,3,1,-2.0,frail,weak_slow,frail-weak_slow,0.3,1.5,16.67,light,0,0.125,normal,64.0,76,45,70,15,flying,medium-slow,wings,brown,Grass Quill Pokémon,"This wary Pokémon uses photosynthesis to store up energy during the day, while becoming active at night.",rowlet --> dartrix --> decidueye,3,1,0,1.0,2.0,0.5,1.0,0.25,4.0,0.5,2.0,0.0,2.0,1.0,1.0,2.0,1.0,1.0,1.0,1.0,1.0
723,dartrix,dartrix,7,grass,flying,2,overgrow,long-reach,78,0.19,75,0.18,75,0.18,70,0.17,70,0.17,52,0.12,420,hp,145,223,slow,73.0,1,balanced,0.24,lower_mid_tier,0.39,lower_mid_tier,5,3,1,-2.0,frail,slow_attacker,frail-slow_attacker,0.7,16.0,32.65,heavy,0,0.125,normal,147.0,76,45,70,15,flying,medium-slow,wings,brown,Blade Quill Pokémon,"A bit of a dandy, it spends its free time preening its wings. Its preoccupation with any dirt on its plumage can leave it unable to battle.",rowlet --> dartrix --> decidueye,3,2,0,1.0,2.0,0.5,1.0,0.25,4.0,0.5,2.0,0.0,2.0,1.0,1.0,2.0,1.0,1.0,1.0,1.0,1.0
724,decidueye,decidueye,7,grass,ghost,2,overgrow,long-reach,78,0.15,107,0.2,75,0.14,100,0.19,100,0.19,70,0.13,530,attack,207,253,average,206.89,2,slightly_specialized,0.62,upper_mid_tier,0.76,upper_mid_tier,5,4,2,0.0,neutral,attacker,neutral-attacker,1.6,36.6,14.3,light,0,0.125,normal,239.0,108,45,70,15,flying,medium-slow,wings,brown,Arrow Quill Pokémon,"It fires arrow quills from its wings with such precision, they can pierce a pebble at distances over a hundred yards.",rowlet --> dartrix --> decidueye,3,3,1,0.0,2.0,0.5,0.5,0.5,2.0,0.0,1.0,0.5,2.0,1.0,1.0,1.0,2.0,1.0,2.0,1.0,1.0
724,decidueye,decidueye-hisui,7,grass,fighting,2,overgrow,scrappy,88,0.17,112,0.21,80,0.15,95,0.18,95,0.18,60,0.11,530,attack,207,263,average,253.56,2,slightly_specialized,0.62,upper_mid_tier,0.76,upper_mid_tier,6,6,0,-3.0,frail,bulky_attacker,frail-bulky_attacker,1.6,37.0,14.45,light,0,0.125,normal,239.0,79,45,70,15,flying,medium-slow,wings,brown,Arrow Quill Pokémon,"It fires arrow quills from its wings with such precision, they can pierce a pebble at distances over a hundred yards.",rowlet --> dartrix --> decidueye,3,3,1,1.0,2.0,0.5,0.5,0.5,2.0,1.0,2.0,0.5,4.0,2.0,1.0,0.5,1.0,1.0,0.5,1.0,2.0
725,litten,litten,7,fire,,1,blaze,intimidate,45,0.14,65,0.2,40,0.12,60,0.19,40,0.12,70,0.22,320,speed,125,125,average,147.22,2,balanced,0.14,bottom_tier,0.2,bottom_tier,3,6,0,0.0,neutral,fragile,neutral-fragile,0.4,4.3,26.87,average,0,0.125,normal,64.0,64,45,70,15,ground,medium-slow,quadruped,red,Fire Cat Pokémon,"While grooming itself, it builds up fur inside its stomach. It sets the fur alight and spews fiery attacks, which change based on how it coughs.",litten --> torracat --> incineroar,3,1,0,1.0,0.5,2.0,1.0,0.5,0.5,1.0,1.0,2.0,1.0,1.0,0.5,2.0,1.0,1.0,1.0,0.5,0.5
726,torracat,torracat,7,fire,,1,blaze,intimidate,65,0.15,85,0.2,50,0.12,80,0.19,50,0.12,90,0.21,420,speed,165,165,average,258.33,2,slightly_specialized,0.24,lower_mid_tier,0.39,lower_mid_tier,3,6,0,0.0,neutral,midrange,neutral-midrange,0.7,25.0,51.02,very_heavy,0,0.125,normal,147.0,65,45,70,15,ground,medium-slow,quadruped,red,Fire Cat Pokémon,"At its throat, it bears a bell of fire. The bell rings brightly whenever this Pokémon spits fire.",litten --> torracat --> incineroar,3,2,0,1.0,0.5,2.0,1.0,0.5,0.5,1.0,1.0,2.0,1.0,1.0,0.5,2.0,1.0,1.0,1.0,0.5,0.5
727,incineroar,incineroar,7,fire,dark,2,blaze,intimidate,95,0.18,115,0.22,90,0.17,80,0.15,90,0.17,60,0.11,530,attack,195,275,average,272.22,2,slightly_specialized,0.62,upper_mid_tier,0.76,upper_mid_tier,4,6,1,0.5,solid,bulky_attacker,solid-bulky_attacker,1.8,83.0,25.62,average,0,0.125,normal,239.0,106,45,70,15,ground,medium-slow,upright,red,Heel Pokémon,"This Pokémon has a violent, selfish disposition. If it’s not in the mood to listen, it will ignore its Trainer’s orders with complete nonchalance.",litten --> torracat --> incineroar,3,3,1,1.0,0.5,2.0,1.0,0.5,0.5,2.0,1.0,2.0,1.0,0.0,1.0,2.0,0.5,1.0,0.5,0.5,1.0
728,popplio,popplio,7,water,,1,torrent,liquid-voice,50,0.16,54,0.17,54,0.17,66,0.21,56,0.18,40,0.12,320,sp_attack,120,160,slow,59.56,1,balanced,0.14,bottom_tier,0.2,bottom_tier,2,4,0,0.0,neutral,weak_slow,neutral-weak_slow,0.4,7.5,46.87,very_heavy,0,0.125,normal,64.0,67,45,70,15,"water1, ground",medium-slow,fish,blue,Sea Lion Pokémon,"This Pokémon snorts body fluids from its nose, blowing balloons to smash into its foes. It’s famous for being a hard worker.",popplio --> brionne --> primarina,3,1,0,1.0,0.5,0.5,2.0,2.0,0.5,1.0,1.0,1.0,1.0,1.0,1.0,1.0,1.0,1.0,1.0,0.5,1.0
729,brionne,brionne,7,water,,1,torrent,liquid-voice,60,0.14,69,0.16,69,0.16,91,0.22,81,0.19,50,0.12,420,sp_attack,160,210,slow,177.33,2,balanced,0.24,lower_mid_tier,0.39,lower_mid_tier,2,4,0,0.0,neutral,slow_attacker,neutral-slow_attacker,0.6,17.5,48.61,very_heavy,0,0.125,normal,147.0,67,45,70,15,"water1, ground",medium-slow,fish,blue,Pop Star Pokémon,"A skillful dancer, it creates a sequence of water balloons as it dances, and briskly bombards its enemies.",popplio --> brionne --> primarina,3,2,0,1.0,0.5,0.5,2.0,2.0,0.5,1.0,1.0,1.0,1.0,1.0,1.0,1.0,1.0,1.0,1.0,0.5,1.0
730,primarina,primarina,7,water,fairy,2,torrent,liquid-voice,80,0.15,74,0.14,74,0.14,126,0.24,116,0.22,60,0.11,530,sp_attack,200,270,average,577.89,4,specialized,0.62,upper_mid_tier,0.76,upper_mid_tier,3,6,1,1.5,iron,bulky_attacker,iron-bulky_attacker,1.8,44.0,13.58,light,0,0.125,normal,239.0,88,45,70,15,"water1, ground",medium-slow,fish,blue,Soloist Pokémon,It controls its water balloons with song. The melody is learned from others of its kind and is passed down from one generation to the next.,popplio --> brionne --> primarina,3,3,1,1.0,0.5,0.5,2.0,2.0,0.5,0.5,2.0,1.0,1.0,1.0,0.5,1.0,1.0,0.0,0.5,1.0,1.0
731,pikipek,pikipek,7,normal,flying,2,"keen-eye, skill-link",pickup,35,0.13,75,0.28,30,0.11,30,0.11,30,0.11,65,0.25,265,attack,105,95,average,345.14,3,slightly_specialized,0.05,bottom_tier,0.08,bottom_tier,3,2,2,1.0,solid,fragile,solid-fragile,0.3,1.2,13.33,very_light,0,0.5,normal,53.0,58,255,70,15,flying,medium,wings,black,Woodpecker Pokémon,It can peck at a rate of 16 times a second to drill holes in trees. It uses the holes for food storage and for nesting.,pikipek --> trumbeak --> toucannon,3,1,0,1.0,1.0,1.0,2.0,0.5,2.0,1.0,1.0,0.0,1.0,1.0,0.5,2.0,0.0,1.0,1.0,1.0,1.0
732,trumbeak,trumbeak,7,normal,flying,2,"keen-eye, skill-link",pickup,55,0.15,85,0.24,50,0.14,40,0.11,50,0.14,75,0.21,355,attack,125,155,average,245.14,2,slightly_specialized,0.17,bottom_tier,0.28,lower_mid_tier,3,2,2,1.0,solid,fragile,solid-fragile,0.6,14.8,41.11,heavy,0,0.5,normal,124.0,59,120,70,15,flying,medium,wings,black,Bugle Beak Pokémon,"It eats berries and stores their seeds in its beak. When it encounters enemies or prey, it fires off all the seeds in a burst.",pikipek --> trumbeak --> toucannon,3,2,0,1.0,1.0,1.0,2.0,0.5,2.0,1.0,1.0,0.0,1.0,1.0,0.5,2.0,0.0,1.0,1.0,1.0,1.0
733,toucannon,toucannon,7,normal,flying,2,"keen-eye, skill-link",sheer-force,80,0.16,120,0.25,75,0.15,75,0.15,75,0.15,60,0.12,485,attack,195,230,average,345.14,3,slightly_specialized,0.46,mid_tier,0.55,mid_tier,3,2,2,1.0,solid,attacker,solid-attacker,1.1,26.0,21.49,light,0,0.5,normal,218.0,71,45,70,15,flying,medium,wings,black,Cannon Pokémon,"When it battles, its beak heats up. The temperature can easily exceed 212 degrees Fahrenheit, causing severe burns when it hits.",pikipek --> trumbeak --> toucannon,3,3,1,1.0,1.0,1.0,2.0,0.5,2.0,1.0,1.0,0.0,1.0,1.0,0.5,2.0,0.0,1.0,1.0,1.0,1.0
734,yungoos,yungoos,7,normal,,1,"stakeout, strong-jaw",adaptability,48,0.19,70,0.28,30,0.12,30,0.12,30,0.12,45,0.18,253,attack,100,108,slow,210.14,2,slightly_specialized,0.04,bottom_tier,0.07,bottom_tier,1,0,1,0.5,solid,weak_slow,solid-weak_slow,0.4,6.0,37.5,heavy,0,0.5,normal,51.0,66,255,70,15,ground,medium,quadruped,brown,Loitering Pokémon,"With its sharp fangs, it will bite anything. It did not originally live in Alola but was imported from another region.",yungoos --> gumshoos,2,1,0,1.0,1.0,1.0,1.0,1.0,1.0,2.0,1.0,1.0,1.0,1.0,1.0,1.0,0.0,1.0,1.0,1.0,1.0
735,gumshoos,gumshoos,7,normal,,1,"stakeout, strong-jaw",adaptability,88,0.21,110,0.26,60,0.14,55,0.13,60,0.14,45,0.11,418,attack,165,208,slow,495.56,4,slightly_specialized,0.21,lower_mid_tier,0.38,lower_mid_tier,1,0,1,0.5,solid,slow_attacker,solid-slow_attacker,0.7,14.2,28.98,average,0,0.5,normal,146.0,80,127,70,15,ground,medium,quadruped,brown,Stakeout Pokémon,"When it finds a trace of its prey, it patiently stakes out the location...but it’s always snoozing by nightfall.",yungoos --> gumshoos,2,2,1,1.0,1.0,1.0,1.0,1.0,1.0,2.0,1.0,1.0,1.0,1.0,1.0,1.0,0.0,1.0,1.0,1.0,1.0
735,gumshoos,gumshoos-totem,7,normal,,1,"stakeout, strong-jaw",adaptability,88,0.21,110,0.26,60,0.14,55,0.13,60,0.14,45,0.11,418,attack,165,208,slow,495.56,4,slightly_specialized,0.21,lower_mid_tier,0.38,lower_mid_tier,1,0,1,0.5,solid,slow_attacker,solid-slow_attacker,1.4,60.0,30.61,average,0,0.5,normal,146.0,56,127,70,15,ground,medium,quadruped,brown,Stakeout Pokémon,"When it finds a trace of its prey, it patiently stakes out the location...but it’s always snoozing by nightfall.",yungoos --> gumshoos,2,2,1,1.0,1.0,1.0,1.0,1.0,1.0,2.0,1.0,1.0,1.0,1.0,1.0,1.0,0.0,1.0,1.0,1.0,1.0
736,grubbin,grubbin,7,bug,,1,swarm,,47,0.16,62,0.21,45,0.15,55,0.18,45,0.15,46,0.15,300,attack,117,137,slow,40.67,1,balanced,0.09,bottom_tier,0.13,bottom_tier,3,3,0,-1.5,exposed,weak_slow,exposed-weak_slow,0.4,4.4,27.5,average,0,0.5,normal,60.0,52,255,70,15,bug,medium,armor,gray,Larva Pokémon,Its strong jaw enables it to scrape trees and slurp out the sap. It normally lives underground.,grubbin --> charjabug --> vikavolt,3,1,0,1.0,2.0,1.0,1.0,0.5,1.0,0.5,1.0,0.5,2.0,1.0,1.0,2.0,1.0,1.0,1.0,1.0,1.0
737,charjabug,charjabug,7,bug,electric,2,battery,,57,0.14,82,0.2,95,0.24,55,0.14,75,0.19,36,0.09,400,defense,137,227,slow,379.56,3,slightly_specialized,0.19,bottom_tier,0.33,lower_mid_tier,2,4,0,0.0,neutral,slow_attacker,neutral-slow_attacker,0.5,10.5,42.0,heavy,0,0.5,normal,140.0,56,120,70,15,bug,medium,squiggle,green,Battery Pokémon,"Its body is capable of storing electricity. On camping trips, people are grateful to have one around.",grubbin --> charjabug --> vikavolt,3,2,0,1.0,2.0,1.0,0.5,0.5,1.0,0.5,1.0,1.0,1.0,1.0,1.0,2.0,1.0,1.0,1.0,0.5,1.0
738,vikavolt,vikavolt,7,bug,electric,2,levitate,,77,0.15,70,0.14,90,0.18,145,0.29,75,0.15,43,0.09,500,sp_attack,215,242,slow,960.22,5,highly_specialized,0.55,mid_tier,0.66,upper_mid_tier,2,4,0,0.0,neutral,attacker,neutral-attacker,1.5,45.0,20.0,light,0,0.5,normal,225.0,75,45,70,15,bug,medium,armor,blue,Stag Beetle Pokémon,"It zips around, on sharp lookout for an opening. It concentrates electrical energy within its large jaws and uses it to zap its enemies.",grubbin --> charjabug --> vikavolt,3,3,1,1.0,2.0,1.0,0.5,0.5,1.0,0.5,1.0,1.0,1.0,1.0,1.0,2.0,1.0,1.0,1.0,0.5,1.0
738,vikavolt,vikavolt-totem,7,bug,electric,2,levitate,,77,0.15,70,0.14,90,0.18,145,0.29,75,0.15,43,0.09,500,sp_attack,215,242,slow,960.22,5,highly_specialized,0.55,mid_tier,0.66,upper_mid_tier,2,4,0,0.0,neutral,attacker,neutral-attacker,2.6,147.5,21.82,light,0,0.5,normal,225.0,52,45,70,15,bug,medium,armor,blue,Stag Beetle Pokémon,"It zips around, on sharp lookout for an opening. It concentrates electrical energy within its large jaws and uses it to zap its enemies.",grubbin --> charjabug --> vikavolt,3,3,1,1.0,2.0,1.0,0.5,0.5,1.0,0.5,1.0,1.0,1.0,1.0,1.0,2.0,1.0,1.0,1.0,0.5,1.0
739,crabrawler,crabrawler,7,fighting,,1,"hyper-cutter, iron-fist",anger-point,47,0.14,82,0.24,57,0.17,42,0.12,47,0.14,63,0.19,338,attack,124,151,average,180.56,2,balanced,0.16,bottom_tier,0.26,lower_mid_tier,3,3,0,-1.5,exposed,fragile,exposed-fragile,0.6,7.0,19.44,light,0,0.5,normal,68.0,72,225,70,20,water3,medium,armor,purple,Boxing Pokémon,"While guarding its weak points with its pincers, it looks for an opening and unleashes punches. When it loses, it foams at the mouth and faints.",crabrawler --> crabominable,2,1,0,1.0,1.0,1.0,1.0,1.0,1.0,1.0,1.0,1.0,2.0,2.0,0.5,0.5,1.0,1.0,0.5,1.0,2.0
740,crabominable,crabominable,7,fighting,ice,2,"hyper-cutter, iron-fist",anger-point,97,0.2,132,0.28,77,0.16,62,0.13,67,0.14,43,0.09,478,attack,194,241,slow,810.56,5,specialized,0.41,mid_tier,0.51,mid_tier,6,3,0,-4.5,frail,attacker,frail-attacker,1.7,180.0,62.28,very_heavy,0,0.5,normal,167.0,84,60,70,20,water3,medium,armor,white,Woolly Crab Pokémon,"It aimed for the top but got lost and ended up on a snowy mountain. Being forced to endure the cold, this Pokémon evolved and grew fur.",crabrawler --> crabominable,2,2,1,1.0,2.0,1.0,1.0,1.0,0.5,2.0,1.0,1.0,2.0,2.0,0.5,1.0,1.0,1.0,0.5,2.0,2.0
740,crabominable,crabominable-mega,7,fighting,ice,2,,,97,0.17,157,0.27,122,0.21,62,0.11,107,0.19,33,0.06,578,attack,219,326,slow,1607.22,5,extreme,0.86,top_tier,0.85,top_tier,6,3,0,-4.5,frail,bulky_attacker,frail-bulky_attacker,2.6,252.8,37.4,heavy,0,0.5,normal,,0,60,70,20,water3,medium,armor,white,Woolly Crab Pokémon,"It aimed for the top but got lost and ended up on a snowy mountain. Being forced to endure the cold, this Pokémon evolved and grew fur.",crabrawler --> crabominable,2,2,1,1.0,2.0,1.0,1.0,1.0,0.5,2.0,1.0,1.0,2.0,2.0,0.5,1.0,1.0,1.0,0.5,2.0,2.0
741,oricorio,oricorio-baile,7,fire,flying,2,dancer,,75,0.16,70,0.15,70,0.15,98,0.21,70,0.15,93,0.2,476,sp_attack,168,215,average,135.89,2,balanced,0.38,lower_mid_tier,0.51,mid_tier,3,6,1,1.5,iron,midrange,iron-midrange,0.6,3.4,9.44,very_light,0,0.75,normal,167.0,65,45,70,20,flying,medium,wings,red,Dancing Pokémon,"It beats its wings together to create fire. As it moves in the steps of its beautiful dance, it bathes opponents in intense flames.",oricorio,1,0,0,1.0,0.5,2.0,2.0,0.25,1.0,0.5,1.0,0.0,1.0,1.0,0.25,4.0,1.0,1.0,1.0,0.5,0.5
741,oricorio,oricorio-pom-pom,7,electric,flying,2,dancer,,75,0.16,70,0.15,70,0.15,98,0.21,70,0.15,93,0.2,476,sp_attack,168,215,average,135.89,2,balanced,0.38,lower_mid_tier,0.51,mid_tier,2,5,1,2.0,iron,midrange,iron-midrange,0.6,3.4,9.44,very_light,0,0.75,normal,167.0,65,45,70,20,flying,medium,wings,red,Dancing Pokémon,"It beats its wings together to create fire. As it moves in the steps of its beautiful dance, it bathes opponents in intense flames.",oricorio,1,0,0,1.0,1.0,1.0,1.0,0.5,2.0,0.5,1.0,0.0,0.5,1.0,0.5,2.0,1.0,1.0,1.0,0.5,1.0
741,oricorio,oricorio-pau,7,psychic,flying,2,dancer,,75,0.16,70,0.15,70,0.15,98,0.21,70,0.15,93,0.2,476,sp_attack,168,215,average,135.89,2,balanced,0.38,lower_mid_tier,0.51,mid_tier,5,3,1,-2.0,frail,midrange,frail-midrange,0.6,3.4,9.44,very_light,0,0.75,normal,167.0,65,45,70,20,flying,medium,wings,red,Dancing Pokémon,"It beats its wings together to create fire. As it moves in the steps of its beautiful dance, it bathes opponents in intense flames.",oricorio,1,0,0,1.0,1.0,1.0,2.0,0.5,2.0,0.25,1.0,0.0,1.0,0.5,1.0,2.0,2.0,1.0,2.0,1.0,1.0
741,oricorio,oricorio-sensu,7,ghost,flying,2,dancer,,75,0.16,70,0.15,70,0.15,98,0.21,70,0.15,93,0.2,476,sp_attack,168,215,average,135.89,2,balanced,0.38,lower_mid_tier,0.51,mid_tier,5,3,3,1.0,solid,midrange,solid-midrange,0.6,3.4,9.44,very_light,0,0.75,normal,167.0,65,45,70,20,flying,medium,wings,red,Dancing Pokémon,"It beats its wings together to create fire. As it moves in the steps of its beautiful dance, it bathes opponents in intense flames.",oricorio,1,0,0,0.0,1.0,1.0,2.0,0.5,2.0,0.0,0.5,0.0,1.0,1.0,0.25,2.0,2.0,1.0,2.0,1.0,1.0
742,cutiefly,cutiefly,7,bug,fairy,2,"honey-gather, shield-dust",sweet-veil,40,0.13,45,0.15,40,0.13,55,0.18,40,0.13,84,0.28,304,speed,100,120,average,250.56,2,slightly_specialized,0.11,bottom_tier,0.15,bottom_tier,5,5,1,-1.0,exposed,fragile,exposed-fragile,0.1,0.2,20.0,light,0,0.5,normal,61.0,78,190,70,20,"bug, fairy",medium,armor,yellow,Bee Fly Pokémon,"It feeds on the nectar and pollen of flowers. Because it’s able to sense auras, it can identify which flowers are about to bloom.",cutiefly --> ribombee,2,1,0,1.0,2.0,1.0,1.0,0.5,1.0,0.25,2.0,0.5,2.0,1.0,0.5,2.0,1.0,0.0,0.5,2.0,1.0
743,ribombee,ribombee,7,bug,fairy,2,"honey-gather, shield-dust",sweet-veil,60,0.13,55,0.12,60,0.13,95,0.2,70,0.15,124,0.27,464,speed,150,190,fast,607.22,4,specialized,0.33,lower_mid_tier,0.47,mid_tier,5,5,1,-1.0,exposed,midrange,exposed-midrange,0.2,0.5,12.5,very_light,0,0.5,normal,162.0,86,75,70,20,"bug, fairy",medium,bug-wings,yellow,Bee Fly Pokémon,"It rolls up pollen into puffs. It makes many different varieties, some used as food and others used in battle.",cutiefly --> ribombee,2,2,1,1.0,2.0,1.0,1.0,0.5,1.0,0.25,2.0,0.5,2.0,1.0,0.5,2.0,1.0,0.0,0.5,2.0,1.0
743,ribombee,ribombee-totem,7,bug,fairy,2,"honey-gather, shield-dust",sweet-veil,60,0.13,55,0.12,60,0.13,95,0.2,70,0.15,124,0.27,464,speed,150,190,fast,607.22,4,specialized,0.33,lower_mid_tier,0.47,mid_tier,5,5,1,-1.0,exposed,midrange,exposed-midrange,0.4,2.0,12.5,very_light,0,0.5,normal,162.0,59,75,70,20,"bug, fairy",medium,bug-wings,yellow,Bee Fly Pokémon,"It rolls up pollen into puffs. It makes many different varieties, some used as food and others used in battle.",cutiefly --> ribombee,2,2,1,1.0,2.0,1.0,1.0,0.5,1.0,0.25,2.0,0.5,2.0,1.0,0.5,2.0,1.0,0.0,0.5,2.0,1.0
744,rockruff,rockruff,7,rock,,1,"keen-eye, vital-spirit",steadfast,45,0.16,65,0.23,40,0.14,30,0.11,40,0.14,60,0.21,280,attack,95,125,average,147.22,2,balanced,0.06,bottom_tier,0.1,bottom_tier,5,4,0,-3.0,frail,fragile,frail-fragile,0.5,9.2,36.8,heavy,0,0.5,normal,56.0,64,190,70,15,ground,medium,quadruped,brown,Puppy Pokémon,"It’s considered to be a good Pokémon for beginners because of its friendliness, but its disposition grows rougher as it grows up.",rockruff --> lycanroc,2,1,0,0.5,0.5,2.0,1.0,2.0,1.0,2.0,0.5,2.0,0.5,1.0,1.0,1.0,1.0,1.0,1.0,2.0,1.0
744,rockruff,rockruff-own-tempo,7,rock,,1,own-tempo,,45,0.16,65,0.23,40,0.14,30,0.11,40,0.14,60,0.21,280,attack,95,125,average,147.22,2,balanced,0.06,bottom_tier,0.1,bottom_tier,5,4,0,-3.0,frail,fragile,frail-fragile,0.5,9.2,36.8,heavy,0,0.5,normal,56.0,63,190,70,15,ground,medium,quadruped,brown,Puppy Pokémon,"It’s considered to be a good Pokémon for beginners because of its friendliness, but its disposition grows rougher as it grows up.",rockruff --> lycanroc,2,1,0,0.5,0.5,2.0,1.0,2.0,1.0,2.0,0.5,2.0,0.5,1.0,1.0,1.0,1.0,1.0,1.0,2.0,1.0
745,lycanroc,lycanroc-midday,7,rock,,1,"keen-eye, sand-rush",steadfast,75,0.15,115,0.24,65,0.13,55,0.11,65,0.13,112,0.23,487,attack,170,205,fast,556.81,4,specialized,0.49,mid_tier,0.56,mid_tier,5,4,0,-3.0,frail,midrange,frail-midrange,0.8,25.0,39.06,heavy,0,0.5,normal,170.0,76,90,70,15,ground,medium,quadruped,brown,Wolf Pokémon,"Its quick movements confuse its enemies. Well equipped with claws and fangs, it also uses the sharp rocks in its mane as weapons.",rockruff --> lycanroc,2,2,1,0.5,0.5,2.0,1.0,2.0,1.0,2.0,0.5,2.0,0.5,1.0,1.0,1.0,1.0,1.0,1.0,2.0,1.0
745,lycanroc,lycanroc-midnight,7,rock,,1,"keen-eye, vital-spirit",no-guard,85,0.17,115,0.24,75,0.15,55,0.11,75,0.15,82,0.17,487,attack,170,235,average,320.14,3,slightly_specialized,0.49,mid_tier,0.56,mid_tier,5,4,0,-3.0,frail,balanced,frail-balanced,1.1,25.0,20.66,light,0,0.5,normal,170.0,88,90,70,15,ground,medium,quadruped,brown,Wolf Pokémon,"Its quick movements confuse its enemies. Well equipped with claws and fangs, it also uses the sharp rocks in its mane as weapons.",rockruff --> lycanroc,2,2,1,0.5,0.5,2.0,1.0,2.0,1.0,2.0,0.5,2.0,0.5,1.0,1.0,1.0,1.0,1.0,1.0,2.0,1.0
745,lycanroc,lycanroc-dusk,7,rock,,1,tough-claws,,75,0.15,117,0.24,65,0.13,55,0.11,65,0.13,110,0.23,487,attack,172,205,fast,560.14,4,specialized,0.49,mid_tier,0.56,mid_tier,5,4,0,-3.0,frail,midrange,frail-midrange,0.8,25.0,39.06,heavy,0,0.5,normal,170.0,78,90,70,15,ground,medium,quadruped,brown,Wolf Pokémon,"Its quick movements confuse its enemies. Well equipped with claws and fangs, it also uses the sharp rocks in its mane as weapons.",rockruff --> lycanroc,2,2,1,0.5,0.5,2.0,1.0,2.0,1.0,2.0,0.5,2.0,0.5,1.0,1.0,1.0,1.0,1.0,1.0,2.0,1.0
746,wishiwashi,wishiwashi-solo,7,water,,1,schooling,,45,0.26,20,0.11,20,0.11,25,0.14,25,0.14,40,0.23,175,hp,45,90,slow,95.14,1,balanced,0.01,bottom_tier,0.0,bottom_tier,2,4,0,0.0,neutral,weak_slow,neutral-weak_slow,0.2,0.3,7.5,very_light,0,0.5,normal,61.0,52,60,70,15,water2,fast,fish,blue,Small Fry Pokémon,"When it’s in trouble, its eyes moisten and begin to shine. The shining light attracts its comrades, and they stand together against their enemies.",wishiwashi,1,0,0,1.0,0.5,0.5,2.0,2.0,0.5,1.0,1.0,1.0,1.0,1.0,1.0,1.0,1.0,1.0,1.0,0.5,1.0
746,wishiwashi,wishiwashi-school,7,water,,1,schooling,,45,0.07,140,0.23,130,0.21,140,0.23,135,0.22,30,0.05,620,attack,280,310,slow,2197.22,5,extreme,0.94,top_tier,0.93,top_tier,2,4,0,0.0,neutral,bulky_attacker,neutral-bulky_attacker,8.2,78.6,1.17,very_light,0,0.5,normal,217.0,52,60,70,15,water2,fast,fish,blue,Small Fry Pokémon,"When it’s in trouble, its eyes moisten and begin to shine. The shining light attracts its comrades, and they stand together against their enemies.",wishiwashi,1,0,0,1.0,0.5,0.5,2.0,2.0,0.5,1.0,1.0,1.0,1.0,1.0,1.0,1.0,1.0,1.0,1.0,0.5,1.0
747,mareanie,mareanie,7,poison,water,2,"merciless, limber",regenerator,50,0.16,53,0.17,62,0.2,43,0.14,52,0.17,45,0.15,305,defense,96,164,slow,37.81,1,balanced,0.11,bottom_tier,0.15,bottom_tier,3,8,0,1.0,solid,weak_slow,solid-weak_slow,0.4,8.0,50.0,very_heavy,0,0.5,normal,61.0,66,190,70,20,water1,medium,blob,blue,Brutal Star Pokémon,"It plunges the poison spike on its head into its prey. When the prey has weakened, Mareanie deals the finishing blow with its 10 tentacles.",mareanie --> toxapex,2,1,0,1.0,0.5,0.5,2.0,1.0,0.5,0.5,0.5,2.0,1.0,2.0,0.5,1.0,1.0,1.0,1.0,0.5,0.5
748,toxapex,toxapex,7,poison,water,2,"merciless, limber",regenerator,50,0.1,63,0.13,152,0.31,53,0.11,142,0.29,35,0.07,495,defense,116,344,slow,2155.58,5,extreme,0.51,mid_tier,0.62,upper_mid_tier,3,8,0,1.0,solid,tank,solid-tank,0.7,14.5,29.59,average,0,0.5,normal,173.0,73,75,70,20,water1,medium,tentacles,blue,Brutal Star Pokémon,Toxapex crawls along the ocean floor on its 12 legs. It leaves a trail of Corsola bits scattered in its wake.,mareanie --> toxapex,2,2,1,1.0,0.5,0.5,2.0,1.0,0.5,0.5,0.5,2.0,1.0,2.0,0.5,1.0,1.0,1.0,1.0,0.5,0.5
749,mudbray,mudbray,7,ground,,1,"own-tempo, stamina",inner-focus,70,0.18,100,0.26,70,0.18,45,0.12,55,0.14,45,0.12,385,attack,145,195,slow,361.81,3,slightly_specialized,0.18,bottom_tier,0.31,lower_mid_tier,3,2,1,-0.5,exposed,slow_attacker,exposed-slow_attacker,1.0,110.0,110.0,very_heavy,0,0.5,normal,77.0,57,190,70,20,ground,medium,quadruped,brown,Donkey Pokémon,The mud stuck to Mudbray’s hooves enhances its grip and its powerful running gait.,mudbray --> mudsdale,2,1,0,1.0,1.0,2.0,0.0,2.0,2.0,1.0,0.5,1.0,1.0,1.0,1.0,0.5,1.0,1.0,1.0,1.0,1.0
750,mudsdale,mudsdale,7,ground,,1,"own-tempo, stamina",inner-focus,100,0.2,125,0.25,100,0.2,55,0.11,85,0.17,35,0.07,500,attack,180,285,slow,905.56,5,highly_specialized,0.55,mid_tier,0.66,upper_mid_tier,3,2,1,-0.5,exposed,bulky_attacker,exposed-bulky_attacker,2.5,920.0,147.2,very_heavy,0,0.5,normal,175.0,62,60,70,20,ground,medium,quadruped,brown,Draft Horse Pokémon,"It spits a mud that provides resistance to both wind and rain, so the walls of old houses were often coated with it.",mudbray --> mudsdale,2,2,1,1.0,1.0,2.0,0.0,2.0,2.0,1.0,0.5,1.0,1.0,1.0,1.0,0.5,1.0,1.0,1.0,1.0,1.0
751,dewpider,dewpider,7,water,bug,2,water-bubble,water-absorb,38,0.14,40,0.15,52,0.19,40,0.15,72,0.27,27,0.1,269,sp_defense,80,162,slow,200.14,2,slightly_specialized,0.05,bottom_tier,0.08,bottom_tier,3,5,0,-0.5,exposed,weak_slow,exposed-weak_slow,0.3,4.0,44.44,heavy,0,0.5,normal,54.0,63,200,70,15,"water1, bug",medium,legs,green,Water Bubble Pokémon,It crawls onto the land in search of food. Its water bubble allows it to breathe and protects its soft head.,dewpider --> araquanid,2,1,0,1.0,1.0,0.5,2.0,1.0,0.5,0.5,1.0,0.5,2.0,1.0,1.0,2.0,1.0,1.0,1.0,0.5,1.0
752,araquanid,araquanid,7,water,bug,2,water-bubble,water-absorb,68,0.15,70,0.15,92,0.2,50,0.11,132,0.29,42,0.09,454,sp_defense,120,292,slow,887.22,5,specialized,0.32,lower_mid_tier,0.44,mid_tier,3,5,0,-0.5,exposed,tank,exposed-tank,1.8,82.0,25.31,average,0,0.5,normal,159.0,70,100,70,15,"water1, bug",medium,armor,green,Water Bubble Pokémon,"It delivers headbutts with the water bubble on its head. Small Pokémon get sucked into the bubble, where they drown.",dewpider --> araquanid,2,2,1,1.0,1.0,0.5,2.0,1.0,0.5,0.5,1.0,0.5,2.0,1.0,1.0,2.0,1.0,1.0,1.0,0.5,1.0
752,araquanid,araquanid-totem,7,water,bug,2,water-bubble,water-absorb,68,0.15,70,0.15,92,0.2,50,0.11,132,0.29,42,0.09,454,sp_defense,120,292,slow,887.22,5,specialized,0.32,lower_mid_tier,0.44,mid_tier,3,5,0,-0.5,exposed,tank,exposed-tank,3.1,217.5,22.63,average,0,0.5,normal,159.0,50,100,70,15,"water1, bug",medium,armor,green,Water Bubble Pokémon,"It delivers headbutts with the water bubble on its head. Small Pokémon get sucked into the bubble, where they drown.",dewpider --> araquanid,2,2,1,1.0,1.0,0.5,2.0,1.0,0.5,0.5,1.0,0.5,2.0,1.0,1.0,2.0,1.0,1.0,1.0,0.5,1.0
753,fomantis,fomantis,7,grass,,1,leaf-guard,contrary,40,0.16,55,0.22,35,0.14,50,0.2,35,0.14,35,0.14,250,attack,105,110,slow,63.89,1,balanced,0.03,bottom_tier,0.06,bottom_tier,5,4,0,-3.0,frail,weak_slow,frail-weak_slow,0.3,1.5,16.67,light,0,0.5,normal,50.0,57,190,70,20,plant,medium,upright,pink,Sickle Grass Pokémon,"During the day, it sleeps and soaks up light. When night falls, it walks around looking for a safer place to sleep.",fomantis --> lurantis,2,1,0,1.0,2.0,0.5,0.5,0.5,2.0,1.0,2.0,0.5,2.0,1.0,2.0,1.0,1.0,1.0,1.0,1.0,1.0
754,lurantis,lurantis,7,grass,,1,leaf-guard,contrary,70,0.15,105,0.22,90,0.19,80,0.17,90,0.19,45,0.09,480,attack,185,250,slow,358.33,3,slightly_specialized,0.43,mid_tier,0.53,mid_tier,5,4,0,-3.0,frail,attacker,frail-attacker,0.9,18.5,22.84,average,0,0.5,normal,168.0,71,75,70,20,plant,medium,humanoid,pink,Bloom Sickle Pokémon,"It requires a lot of effort to maintain Lurantis’s vivid coloring, but some collectors enjoy this work and treat it as their hobby.",fomantis --> lurantis,2,2,1,1.0,2.0,0.5,0.5,0.5,2.0,1.0,2.0,0.5,2.0,1.0,2.0,1.0,1.0,1.0,1.0,1.0,1.0
754,lurantis,lurantis-totem,7,grass,,1,leaf-guard,contrary,70,0.15,105,0.22,90,0.19,80,0.17,90,0.19,45,0.09,480,attack,185,250,slow,358.33,3,slightly_specialized,0.43,mid_tier,0.53,mid_tier,5,4,0,-3.0,frail,attacker,frail-attacker,1.5,58.0,25.78,average,0,0.5,normal,168.0,55,75,70,20,plant,medium,humanoid,pink,Bloom Sickle Pokémon,"It requires a lot of effort to maintain Lurantis’s vivid coloring, but some collectors enjoy this work and treat it as their hobby.",fomantis --> lurantis,2,2,1,1.0,2.0,0.5,0.5,0.5,2.0,1.0,2.0,0.5,2.0,1.0,2.0,1.0,1.0,1.0,1.0,1.0,1.0
755,morelull,morelull,7,grass,fairy,2,"illuminate, effect-spore",rain-dish,40,0.14,35,0.12,55,0.19,65,0.23,75,0.26,15,0.05,285,sp_defense,100,170,slow,397.92,3,slightly_specialized,0.07,bottom_tier,0.1,bottom_tier,5,6,1,-0.5,exposed,weak_slow,exposed-weak_slow,0.2,1.5,37.5,heavy,0,0.5,normal,57.0,56,190,70,20,plant,medium,blob,purple,Illuminating Pokémon,It scatters spores that flicker and glow. Anyone seeing these lights falls into a deep slumber.,morelull --> shiinotic,2,1,0,1.0,2.0,0.5,0.5,0.5,2.0,0.5,4.0,0.5,2.0,1.0,1.0,1.0,1.0,0.0,0.5,2.0,1.0
756,shiinotic,shiinotic,7,grass,fairy,2,"illuminate, effect-spore",rain-dish,60,0.15,45,0.11,80,0.2,90,0.22,100,0.25,30,0.07,405,sp_defense,135,240,slow,614.58,4,specialized,0.2,bottom_tier,0.34,lower_mid_tier,5,6,1,-0.5,exposed,slow_attacker,exposed-slow_attacker,1.0,11.5,11.5,very_light,0,0.5,normal,142.0,58,75,70,20,plant,medium,humanoid,purple,Illuminating Pokémon,Forests where Shiinotic live are treacherous to enter at night. People confused by its strange lights can never find their way home again.,morelull --> shiinotic,2,2,1,1.0,2.0,0.5,0.5,0.5,2.0,0.5,4.0,0.5,2.0,1.0,1.0,1.0,1.0,0.0,0.5,2.0,1.0
757,salandit,salandit,7,poison,fire,2,corrosion,oblivious,48,0.15,44,0.14,40,0.12,71,0.22,40,0.12,77,0.24,320,speed,115,128,average,223.89,2,slightly_specialized,0.14,bottom_tier,0.2,bottom_tier,4,8,0,0.0,neutral,fragile,neutral-fragile,0.6,4.8,13.33,very_light,0,0.125,normal,64.0,77,120,70,20,"monster, dragon",medium,quadruped,black,Toxic Lizard Pokémon,"It burns its bodily fluids to create a poisonous gas. When its enemies become disoriented from inhaling the gas, it attacks them.",salandit --> salazzle,2,1,0,1.0,0.5,2.0,1.0,0.25,0.5,0.5,0.5,4.0,1.0,2.0,0.25,2.0,1.0,1.0,1.0,0.5,0.25
758,salazzle,salazzle,7,poison,fire,2,corrosion,oblivious,68,0.14,64,0.13,60,0.12,111,0.23,60,0.12,117,0.24,480,speed,175,188,fast,588.33,4,specialized,0.43,mid_tier,0.53,mid_tier,4,8,0,0.0,neutral,midrange,neutral-midrange,1.2,22.2,15.42,light,0,1.0,normal,168.0,92,45,70,20,"monster, dragon",medium,quadruped,black,Toxic Lizard Pokémon,"For some reason, only females have been found. It creates a reverse harem of male Salandit that it lives with.",salandit --> salazzle,2,2,1,1.0,0.5,2.0,1.0,0.25,0.5,0.5,0.5,4.0,1.0,2.0,0.25,2.0,1.0,1.0,1.0,0.5,0.25
758,salazzle,salazzle-totem,7,poison,fire,2,corrosion,oblivious,68,0.14,64,0.13,60,0.12,111,0.23,60,0.12,117,0.24,480,speed,175,188,fast,588.33,4,specialized,0.43,mid_tier,0.53,mid_tier,4,8,0,0.0,neutral,midrange,neutral-midrange,2.1,81.0,18.37,light,0,1.0,normal,168.0,57,45,70,20,"monster, dragon",medium,quadruped,black,Toxic Lizard Pokémon,"For some reason, only females have been found. It creates a reverse harem of male Salandit that it lives with.",salandit --> salazzle,2,2,1,1.0,0.5,2.0,1.0,0.25,0.5,0.5,0.5,4.0,1.0,2.0,0.25,2.0,1.0,1.0,1.0,0.5,0.25
759,stufful,stufful,7,normal,fighting,2,"fluffy, klutz",cute-charm,70,0.21,75,0.22,50,0.15,45,0.13,50,0.15,50,0.15,340,attack,120,170,slow,130.56,2,balanced,0.16,bottom_tier,0.27,lower_mid_tier,4,3,1,-1.0,exposed,weak_slow,exposed-weak_slow,0.5,6.8,27.2,average,0,0.5,normal,68.0,62,140,70,15,ground,medium,quadruped,pink,Flailing Pokémon,"Despite its adorable appearance, when it gets angry and flails about, its arms and legs could knock a pro wrestler sprawling.",stufful --> bewear,2,1,0,1.0,1.0,1.0,1.0,1.0,1.0,2.0,1.0,1.0,2.0,2.0,0.5,0.5,0.0,1.0,0.5,1.0,2.0
760,bewear,bewear,7,normal,fighting,2,"fluffy, klutz",unnerve,120,0.24,125,0.25,80,0.16,55,0.11,60,0.12,60,0.12,500,attack,180,260,average,830.56,5,specialized,0.55,mid_tier,0.66,upper_mid_tier,4,3,1,-1.0,exposed,bulky_attacker,exposed-bulky_attacker,2.1,135.0,30.61,average,0,0.5,normal,175.0,70,70,70,15,ground,medium,upright,pink,Strong Arm Pokémon,This immensely dangerous Pokémon possesses overwhelming physical strength. Its habitat is generally off-limits.,stufful --> bewear,2,2,1,1.0,1.0,1.0,1.0,1.0,1.0,2.0,1.0,1.0,2.0,2.0,0.5,0.5,0.0,1.0,0.5,1.0,2.0
761,bounsweet,bounsweet,7,grass,,1,"leaf-guard, oblivious",sweet-veil,42,0.2,30,0.14,38,0.18,30,0.14,38,0.18,32,0.15,210,hp,60,118,slow,21.0,1,balanced,0.02,bottom_tier,0.03,bottom_tier,5,4,0,-3.0,frail,weak_slow,frail-weak_slow,0.3,3.2,35.56,heavy,0,1.0,normal,42.0,58,235,70,20,plant,medium-slow,legs,purple,Fruit Pokémon,A delectable aroma pours from its body. They are often swallowed whole by Toucannon lured by that wafting deliciousness.,bounsweet --> steenee --> tsareena,3,1,0,1.0,2.0,0.5,0.5,0.5,2.0,1.0,2.0,0.5,2.0,1.0,2.0,1.0,1.0,1.0,1.0,1.0,1.0
762,steenee,steenee,7,grass,,1,"leaf-guard, oblivious",sweet-veil,52,0.18,40,0.14,48,0.17,40,0.14,48,0.17,62,0.21,290,speed,80,148,average,56.56,1,balanced,0.08,bottom_tier,0.11,bottom_tier,5,4,0,-3.0,frail,fragile,frail-fragile,0.7,8.2,16.73,light,0,1.0,normal,102.0,64,120,70,20,plant,medium-slow,humanoid,purple,Fruit Pokémon,"The sepals on its head developed to protect its body. These are quite hard, so even if pecked by bird Pokémon, this Pokémon is totally fine.",bounsweet --> steenee --> tsareena,3,2,0,1.0,2.0,0.5,0.5,0.5,2.0,1.0,2.0,0.5,2.0,1.0,2.0,1.0,1.0,1.0,1.0,1.0,1.0
763,tsareena,tsareena,7,grass,,1,"leaf-guard, queenly-majesty",sweet-veil,72,0.14,120,0.24,98,0.19,50,0.1,98,0.19,72,0.14,510,attack,170,268,average,521.0,4,specialized,0.59,mid_tier,0.7,upper_mid_tier,5,4,0,-3.0,frail,bulky,frail-bulky,1.2,21.4,14.86,light,0,1.0,normal,230.0,77,45,70,20,plant,medium-slow,humanoid,purple,Fruit Pokémon,"Its long, striking legs aren’t just for show but to be used to kick with skill. In victory, it shows off by kicking the defeated, laughing boisterously.",bounsweet --> steenee --> tsareena,3,3,1,1.0,2.0,0.5,0.5,0.5,2.0,1.0,2.0,0.5,2.0,1.0,2.0,1.0,1.0,1.0,1.0,1.0,1.0
764,comfey,comfey,7,fairy,,1,"flower-veil, triage",natural-cure,51,0.11,52,0.11,90,0.19,82,0.17,110,0.23,100,0.21,485,sp_defense,134,251,fast,504.14,4,specialized,0.46,mid_tier,0.55,mid_tier,2,3,1,1.0,solid,midrange,solid-midrange,0.1,0.3,30.0,average,0,0.75,normal,170.0,82,60,70,20,plant,fast,ball,green,Posy Picker Pokémon,"It attaches flowers to its highly nutritious vine. This revitalizes the flowers, and they give off an aromatic scent.",comfey,1,0,0,1.0,1.0,1.0,1.0,1.0,1.0,0.5,2.0,1.0,1.0,1.0,0.5,1.0,1.0,0.0,0.5,2.0,1.0
765,oranguru,oranguru,7,normal,psychic,2,"inner-focus, telepathy",symbiosis,90,0.18,60,0.12,80,0.16,90,0.18,110,0.22,60,0.12,490,sp_defense,150,280,average,313.89,3,slightly_specialized,0.5,mid_tier,0.58,mid_tier,2,1,1,0.0,neutral,bulky,neutral-bulky,1.5,76.0,33.78,heavy,0,0.5,normal,172.0,91,45,70,20,ground,slow,humanoid,white,Sage Pokémon,"Known for its extreme intelligence, this Pokémon will look down on inexperienced Trainers, so it’s best suited to veteran Trainers.",oranguru,1,0,0,1.0,1.0,1.0,1.0,1.0,1.0,1.0,1.0,1.0,1.0,0.5,2.0,1.0,0.0,1.0,2.0,1.0,1.0
766,passimian,passimian,7,fighting,,1,receiver,defiant,100,0.2,120,0.24,90,0.18,40,0.08,60,0.12,80,0.16,490,attack,160,250,average,680.56,5,specialized,0.5,mid_tier,0.58,mid_tier,3,3,0,-1.5,exposed,balanced,exposed-balanced,2.0,82.8,20.7,light,0,0.5,normal,172.0,91,45,70,20,ground,slow,upright,white,Teamwork Pokémon,They form groups of roughly 20 individuals. Their mutual bond is remarkable—they will never let down a comrade.,passimian,1,0,0,1.0,1.0,1.0,1.0,1.0,1.0,1.0,1.0,1.0,2.0,2.0,0.5,0.5,1.0,1.0,0.5,1.0,2.0
767,wimpod,wimpod,7,bug,water,2,wimp-out,,25,0.11,35,0.15,40,0.17,20,0.09,30,0.13,80,0.35,230,speed,55,95,average,388.89,3,slightly_specialized,0.03,bottom_tier,0.05,bottom_tier,3,5,0,-0.5,exposed,fragile,exposed-fragile,0.5,12.0,48.0,very_heavy,0,0.5,normal,46.0,38,90,70,20,"bug, water3",medium,tentacles,gray,Turn Tail Pokémon,"This Pokémon is a coward. As it desperately dashes off, the flailing of its many legs leaves a sparkling clean path in its wake.",wimpod --> golisopod,2,1,0,1.0,1.0,0.5,2.0,1.0,0.5,0.5,1.0,0.5,2.0,1.0,1.0,2.0,1.0,1.0,1.0,0.5,1.0
768,golisopod,golisopod,7,bug,water,2,emergency-exit,,75,0.14,125,0.24,140,0.26,60,0.11,90,0.17,40,0.08,530,defense,185,305,slow,1222.22,5,highly_specialized,0.62,upper_mid_tier,0.76,upper_mid_tier,3,5,0,-0.5,exposed,bulky_attacker,exposed-bulky_attacker,2.0,108.0,27.0,average,0,0.5,normal,186.0,81,45,70,20,"bug, water3",medium,humanoid,gray,Hard Scale Pokémon,"With a flashing slash of its giant sharp claws, it cleaves seawater—or even air—right in two.",wimpod --> golisopod,2,2,1,1.0,1.0,0.5,2.0,1.0,0.5,0.5,1.0,0.5,2.0,1.0,1.0,2.0,1.0,1.0,1.0,0.5,1.0
768,golisopod,golisopod-mega,7,bug,steel,2,,,75,0.12,150,0.24,175,0.28,70,0.11,120,0.19,40,0.06,630,defense,220,370,slow,2250.0,5,extreme,0.95,top_tier,0.94,top_tier,1,8,1,4.5,iron,bulky_attacker,iron-bulky_attacker,2.3,148.0,27.98,average,0,0.5,normal,,0,45,70,20,"bug, water3",medium,humanoid,gray,Hard Scale Pokémon,"With a flashing slash of its giant sharp claws, it cleaves seawater—or even air—right in two.",wimpod --> golisopod,2,2,1,0.5,4.0,1.0,1.0,0.25,0.5,1.0,0.0,1.0,1.0,0.5,0.5,1.0,1.0,0.5,1.0,0.5,0.5
769,sandygast,sandygast,7,ghost,ground,2,water-compaction,sand-veil,55,0.17,55,0.17,80,0.25,70,0.22,45,0.14,15,0.05,320,defense,125,180,slow,422.22,3,slightly_specialized,0.14,bottom_tier,0.2,bottom_tier,5,3,3,1.0,solid,weak_slow,solid-weak_slow,0.5,70.0,280.0,very_heavy,0,0.5,normal,64.0,72,140,70,15,indeterminate,medium,squiggle,brown,Sand Heap Pokémon,"Born from a sand mound playfully built by a child, this Pokémon embodies the grudges of the departed.",sandygast --> palossand,2,1,0,0.0,1.0,2.0,0.0,2.0,2.0,0.0,0.25,1.0,1.0,1.0,0.5,0.5,2.0,1.0,2.0,1.0,1.0
770,palossand,palossand,7,ghost,ground,2,water-compaction,sand-veil,85,0.18,75,0.16,110,0.23,100,0.21,75,0.16,35,0.07,480,defense,175,270,slow,566.67,4,specialized,0.43,mid_tier,0.53,mid_tier,5,3,3,1.0,solid,tank,solid-tank,1.3,250.0,147.93,very_heavy,0,0.5,normal,168.0,73,60,70,15,indeterminate,medium,squiggle,brown,Sand Castle Pokémon,"Possessed people controlled by this Pokémon transformed its sand mound into a castle. As it evolved, its power to curse grew ever stronger.",sandygast --> palossand,2,2,1,0.0,1.0,2.0,0.0,2.0,2.0,0.0,0.25,1.0,1.0,1.0,0.5,0.5,2.0,1.0,2.0,1.0,1.0
771,pyukumuku,pyukumuku,7,water,,1,innards-out,unaware,55,0.13,60,0.15,130,0.32,30,0.07,130,0.32,5,0.01,410,defense,90,315,slow,2222.22,5,extreme,0.2,bottom_tier,0.35,lower_mid_tier,2,4,0,0.0,neutral,tank,neutral-tank,0.3,1.2,13.33,very_light,0,0.5,normal,144.0,40,60,70,15,water1,fast,squiggle,black,Sea Cucumber Pokémon,"It’s covered in a slime that keeps its skin moist, allowing it to stay on land for days without drying up.",pyukumuku,1,0,0,1.0,0.5,0.5,2.0,2.0,0.5,1.0,1.0,1.0,1.0,1.0,1.0,1.0,1.0,1.0,1.0,0.5,1.0
772,type-null,type-null,7,normal,,1,battle-armor,,95,0.18,95,0.18,95,0.18,95,0.18,95,0.18,59,0.11,534,hp,190,285,slow,180.0,2,balanced,0.64,upper_mid_tier,0.77,upper_mid_tier,1,0,1,0.5,solid,bulky_attacker,solid-bulky_attacker,1.9,120.5,33.38,heavy,1,0.0,legendary,107.0,56,3,0,120,no-eggs,slow,quadruped,gray,Synthetic Pokémon,The heavy control mask it wears suppresses its intrinsic capabilities. This Pokémon has some hidden special power.,type-null --> silvally,2,1,0,1.0,1.0,1.0,1.0,1.0,1.0,2.0,1.0,1.0,1.0,1.0,1.0,1.0,0.0,1.0,1.0,1.0,1.0
773,silvally,silvally-normal,7,normal,,1,rks-system,,95,0.17,95,0.17,95,0.17,95,0.17,95,0.17,95,0.17,570,hp,190,285,average,0.0,1,balanced,0.76,upper_mid_tier,0.83,top_tier,1,0,1,0.5,solid,juggernaut,solid-juggernaut,2.3,100.5,19.0,light,1,0.0,legendary,257.0,88,3,0,120,no-eggs,slow,quadruped,gray,Synthetic Pokémon,"Its trust in its partner is what awakens it. This Pokémon is capable of changing its type, a flexibility that is well displayed in battle.",type-null --> silvally,2,2,1,1.0,1.0,1.0,1.0,1.0,1.0,2.0,1.0,1.0,1.0,1.0,1.0,1.0,0.0,1.0,1.0,1.0,1.0
773,silvally,silvally-fighting,7,normal,,1,rks-system,,95,0.17,95,0.17,95,0.17,95,0.17,95,0.17,95,0.17,570,hp,190,285,average,0.0,1,balanced,0.76,upper_mid_tier,0.83,top_tier,1,0,1,0.5,solid,juggernaut,solid-juggernaut,2.3,100.5,19.0,light,1,0.0,legendary,257.0,88,3,0,120,no-eggs,slow,quadruped,gray,Synthetic Pokémon,"Its trust in its partner is what awakens it. This Pokémon is capable of changing its type, a flexibility that is well displayed in battle.",type-null --> silvally,2,2,1,1.0,1.0,1.0,1.0,1.0,1.0,2.0,1.0,1.0,1.0,1.0,1.0,1.0,0.0,1.0,1.0,1.0,1.0
773,silvally,silvally-flying,7,normal,,1,rks-system,,95,0.17,95,0.17,95,0.17,95,0.17,95,0.17,95,0.17,570,hp,190,285,average,0.0,1,balanced,0.76,upper_mid_tier,0.83,top_tier,1,0,1,0.5,solid,juggernaut,solid-juggernaut,2.3,100.5,19.0,light,1,0.0,legendary,257.0,88,3,0,120,no-eggs,slow,quadruped,gray,Synthetic Pokémon,"Its trust in its partner is what awakens it. This Pokémon is capable of changing its type, a flexibility that is well displayed in battle.",type-null --> silvally,2,2,1,1.0,1.0,1.0,1.0,1.0,1.0,2.0,1.0,1.0,1.0,1.0,1.0,1.0,0.0,1.0,1.0,1.0,1.0
773,silvally,silvally-poison,7,normal,,1,rks-system,,95,0.17,95,0.17,95,0.17,95,0.17,95,0.17,95,0.17,570,hp,190,285,average,0.0,1,balanced,0.76,upper_mid_tier,0.83,top_tier,1,0,1,0.5,solid,juggernaut,solid-juggernaut,2.3,100.5,19.0,light,1,0.0,legendary,257.0,88,3,0,120,no-eggs,slow,quadruped,gray,Synthetic Pokémon,"Its trust in its partner is what awakens it. This Pokémon is capable of changing its type, a flexibility that is well displayed in battle.",type-null --> silvally,2,2,1,1.0,1.0,1.0,1.0,1.0,1.0,2.0,1.0,1.0,1.0,1.0,1.0,1.0,0.0,1.0,1.0,1.0,1.0
773,silvally,silvally-ground,7,normal,,1,rks-system,,95,0.17,95,0.17,95,0.17,95,0.17,95,0.17,95,0.17,570,hp,190,285,average,0.0,1,balanced,0.76,upper_mid_tier,0.83,top_tier,1,0,1,0.5,solid,juggernaut,solid-juggernaut,2.3,100.5,19.0,light,1,0.0,legendary,257.0,88,3,0,120,no-eggs,slow,quadruped,gray,Synthetic Pokémon,"Its trust in its partner is what awakens it. This Pokémon is capable of changing its type, a flexibility that is well displayed in battle.",type-null --> silvally,2,2,1,1.0,1.0,1.0,1.0,1.0,1.0,2.0,1.0,1.0,1.0,1.0,1.0,1.0,0.0,1.0,1.0,1.0,1.0
773,silvally,silvally-rock,7,normal,,1,rks-system,,95,0.17,95,0.17,95,0.17,95,0.17,95,0.17,95,0.17,570,hp,190,285,average,0.0,1,balanced,0.76,upper_mid_tier,0.83,top_tier,1,0,1,0.5,solid,juggernaut,solid-juggernaut,2.3,100.5,19.0,light,1,0.0,legendary,257.0,88,3,0,120,no-eggs,slow,quadruped,gray,Synthetic Pokémon,"Its trust in its partner is what awakens it. This Pokémon is capable of changing its type, a flexibility that is well displayed in battle.",type-null --> silvally,2,2,1,1.0,1.0,1.0,1.0,1.0,1.0,2.0,1.0,1.0,1.0,1.0,1.0,1.0,0.0,1.0,1.0,1.0,1.0
773,silvally,silvally-bug,7,normal,,1,rks-system,,95,0.17,95,0.17,95,0.17,95,0.17,95,0.17,95,0.17,570,hp,190,285,average,0.0,1,balanced,0.76,upper_mid_tier,0.83,top_tier,1,0,1,0.5,solid,juggernaut,solid-juggernaut,2.3,100.5,19.0,light,1,0.0,legendary,257.0,88,3,0,120,no-eggs,slow,quadruped,gray,Synthetic Pokémon,"Its trust in its partner is what awakens it. This Pokémon is capable of changing its type, a flexibility that is well displayed in battle.",type-null --> silvally,2,2,1,1.0,1.0,1.0,1.0,1.0,1.0,2.0,1.0,1.0,1.0,1.0,1.0,1.0,0.0,1.0,1.0,1.0,1.0
773,silvally,silvally-ghost,7,normal,,1,rks-system,,95,0.17,95,0.17,95,0.17,95,0.17,95,0.17,95,0.17,570,hp,190,285,average,0.0,1,balanced,0.76,upper_mid_tier,0.83,top_tier,1,0,1,0.5,solid,juggernaut,solid-juggernaut,2.3,100.5,19.0,light,1,0.0,legendary,257.0,88,3,0,120,no-eggs,slow,quadruped,gray,Synthetic Pokémon,"Its trust in its partner is what awakens it. This Pokémon is capable of changing its type, a flexibility that is well displayed in battle.",type-null --> silvally,2,2,1,1.0,1.0,1.0,1.0,1.0,1.0,2.0,1.0,1.0,1.0,1.0,1.0,1.0,0.0,1.0,1.0,1.0,1.0
773,silvally,silvally-steel,7,normal,,1,rks-system,,95,0.17,95,0.17,95,0.17,95,0.17,95,0.17,95,0.17,570,hp,190,285,average,0.0,1,balanced,0.76,upper_mid_tier,0.83,top_tier,1,0,1,0.5,solid,juggernaut,solid-juggernaut,2.3,100.5,19.0,light,1,0.0,legendary,257.0,88,3,0,120,no-eggs,slow,quadruped,gray,Synthetic Pokémon,"Its trust in its partner is what awakens it. This Pokémon is capable of changing its type, a flexibility that is well displayed in battle.",type-null --> silvally,2,2,1,1.0,1.0,1.0,1.0,1.0,1.0,2.0,1.0,1.0,1.0,1.0,1.0,1.0,0.0,1.0,1.0,1.0,1.0
773,silvally,silvally-fire,7,normal,,1,rks-system,,95,0.17,95,0.17,95,0.17,95,0.17,95,0.17,95,0.17,570,hp,190,285,average,0.0,1,balanced,0.76,upper_mid_tier,0.83,top_tier,1,0,1,0.5,solid,juggernaut,solid-juggernaut,2.3,100.5,19.0,light,1,0.0,legendary,257.0,88,3,0,120,no-eggs,slow,quadruped,gray,Synthetic Pokémon,"Its trust in its partner is what awakens it. This Pokémon is capable of changing its type, a flexibility that is well displayed in battle.",type-null --> silvally,2,2,1,1.0,1.0,1.0,1.0,1.0,1.0,2.0,1.0,1.0,1.0,1.0,1.0,1.0,0.0,1.0,1.0,1.0,1.0
773,silvally,silvally-water,7,normal,,1,rks-system,,95,0.17,95,0.17,95,0.17,95,0.17,95,0.17,95,0.17,570,hp,190,285,average,0.0,1,balanced,0.76,upper_mid_tier,0.83,top_tier,1,0,1,0.5,solid,juggernaut,solid-juggernaut,2.3,100.5,19.0,light,1,0.0,legendary,257.0,88,3,0,120,no-eggs,slow,quadruped,gray,Synthetic Pokémon,"Its trust in its partner is what awakens it. This Pokémon is capable of changing its type, a flexibility that is well displayed in battle.",type-null --> silvally,2,2,1,1.0,1.0,1.0,1.0,1.0,1.0,2.0,1.0,1.0,1.0,1.0,1.0,1.0,0.0,1.0,1.0,1.0,1.0
773,silvally,silvally-grass,7,normal,,1,rks-system,,95,0.17,95,0.17,95,0.17,95,0.17,95,0.17,95,0.17,570,hp,190,285,average,0.0,1,balanced,0.76,upper_mid_tier,0.83,top_tier,1,0,1,0.5,solid,juggernaut,solid-juggernaut,2.3,100.5,19.0,light,1,0.0,legendary,257.0,88,3,0,120,no-eggs,slow,quadruped,gray,Synthetic Pokémon,"Its trust in its partner is what awakens it. This Pokémon is capable of changing its type, a flexibility that is well displayed in battle.",type-null --> silvally,2,2,1,1.0,1.0,1.0,1.0,1.0,1.0,2.0,1.0,1.0,1.0,1.0,1.0,1.0,0.0,1.0,1.0,1.0,1.0
773,silvally,silvally-electric,7,normal,,1,rks-system,,95,0.17,95,0.17,95,0.17,95,0.17,95,0.17,95,0.17,570,hp,190,285,average,0.0,1,balanced,0.76,upper_mid_tier,0.83,top_tier,1,0,1,0.5,solid,juggernaut,solid-juggernaut,2.3,100.5,19.0,light,1,0.0,legendary,257.0,88,3,0,120,no-eggs,slow,quadruped,gray,Synthetic Pokémon,"Its trust in its partner is what awakens it. This Pokémon is capable of changing its type, a flexibility that is well displayed in battle.",type-null --> silvally,2,2,1,1.0,1.0,1.0,1.0,1.0,1.0,2.0,1.0,1.0,1.0,1.0,1.0,1.0,0.0,1.0,1.0,1.0,1.0
773,silvally,silvally-psychic,7,normal,,1,rks-system,,95,0.17,95,0.17,95,0.17,95,0.17,95,0.17,95,0.17,570,hp,190,285,average,0.0,1,balanced,0.76,upper_mid_tier,0.83,top_tier,1,0,1,0.5,solid,juggernaut,solid-juggernaut,2.3,100.5,19.0,light,1,0.0,legendary,257.0,88,3,0,120,no-eggs,slow,quadruped,gray,Synthetic Pokémon,"Its trust in its partner is what awakens it. This Pokémon is capable of changing its type, a flexibility that is well displayed in battle.",type-null --> silvally,2,2,1,1.0,1.0,1.0,1.0,1.0,1.0,2.0,1.0,1.0,1.0,1.0,1.0,1.0,0.0,1.0,1.0,1.0,1.0
773,silvally,silvally-ice,7,normal,,1,rks-system,,95,0.17,95,0.17,95,0.17,95,0.17,95,0.17,95,0.17,570,hp,190,285,average,0.0,1,balanced,0.76,upper_mid_tier,0.83,top_tier,1,0,1,0.5,solid,juggernaut,solid-juggernaut,2.3,100.5,19.0,light,1,0.0,legendary,257.0,88,3,0,120,no-eggs,slow,quadruped,gray,Synthetic Pokémon,"Its trust in its partner is what awakens it. This Pokémon is capable of changing its type, a flexibility that is well displayed in battle.",type-null --> silvally,2,2,1,1.0,1.0,1.0,1.0,1.0,1.0,2.0,1.0,1.0,1.0,1.0,1.0,1.0,0.0,1.0,1.0,1.0,1.0
773,silvally,silvally-dragon,7,normal,,1,rks-system,,95,0.17,95,0.17,95,0.17,95,0.17,95,0.17,95,0.17,570,hp,190,285,average,0.0,1,balanced,0.76,upper_mid_tier,0.83,top_tier,1,0,1,0.5,solid,juggernaut,solid-juggernaut,2.3,100.5,19.0,light,1,0.0,legendary,257.0,88,3,0,120,no-eggs,slow,quadruped,gray,Synthetic Pokémon,"Its trust in its partner is what awakens it. This Pokémon is capable of changing its type, a flexibility that is well displayed in battle.",type-null --> silvally,2,2,1,1.0,1.0,1.0,1.0,1.0,1.0,2.0,1.0,1.0,1.0,1.0,1.0,1.0,0.0,1.0,1.0,1.0,1.0
773,silvally,silvally-dark,7,normal,,1,rks-system,,95,0.17,95,0.17,95,0.17,95,0.17,95,0.17,95,0.17,570,hp,190,285,average,0.0,1,balanced,0.76,upper_mid_tier,0.83,top_tier,1,0,1,0.5,solid,juggernaut,solid-juggernaut,2.3,100.5,19.0,light,1,0.0,legendary,257.0,88,3,0,120,no-eggs,slow,quadruped,gray,Synthetic Pokémon,"Its trust in its partner is what awakens it. This Pokémon is capable of changing its type, a flexibility that is well displayed in battle.",type-null --> silvally,2,2,1,1.0,1.0,1.0,1.0,1.0,1.0,2.0,1.0,1.0,1.0,1.0,1.0,1.0,0.0,1.0,1.0,1.0,1.0
773,silvally,silvally-fairy,7,normal,,1,rks-system,,95,0.17,95,0.17,95,0.17,95,0.17,95,0.17,95,0.17,570,hp,190,285,average,0.0,1,balanced,0.76,upper_mid_tier,0.83,top_tier,1,0,1,0.5,solid,juggernaut,solid-juggernaut,2.3,100.5,19.0,light,1,0.0,legendary,257.0,88,3,0,120,no-eggs,slow,quadruped,gray,Synthetic Pokémon,"Its trust in its partner is what awakens it. This Pokémon is capable of changing its type, a flexibility that is well displayed in battle.",type-null --> silvally,2,2,1,1.0,1.0,1.0,1.0,1.0,1.0,2.0,1.0,1.0,1.0,1.0,1.0,1.0,0.0,1.0,1.0,1.0,1.0
774,minior,minior-red-meteor,7,rock,flying,2,shields-down,,60,0.14,60,0.14,100,0.23,60,0.14,100,0.23,60,0.14,440,defense,120,260,average,355.56,3,slightly_specialized,0.29,lower_mid_tier,0.42,mid_tier,5,5,1,-1.0,exposed,support,exposed-support,0.3,40.0,444.44,very_heavy,1,0.0,normal,154.0,64,30,70,25,mineral,medium-slow,ball,brown,Meteor Pokémon,"Originally making its home in the ozone layer, it hurtles to the ground when the shell enclosing its body grows too heavy.",minior,1,0,0,0.5,0.5,2.0,2.0,1.0,2.0,1.0,0.5,0.0,0.5,1.0,0.5,2.0,1.0,1.0,1.0,2.0,1.0
774,minior,minior-orange-meteor,7,rock,flying,2,shields-down,,60,0.14,60,0.14,100,0.23,60,0.14,100,0.23,60,0.14,440,defense,120,260,average,355.56,3,slightly_specialized,0.29,lower_mid_tier,0.42,mid_tier,5,5,1,-1.0,exposed,support,exposed-support,0.3,40.0,444.44,very_heavy,1,0.0,normal,154.0,64,30,70,25,mineral,medium-slow,ball,brown,Meteor Pokémon,"Originally making its home in the ozone layer, it hurtles to the ground when the shell enclosing its body grows too heavy.",minior,1,0,0,0.5,0.5,2.0,2.0,1.0,2.0,1.0,0.5,0.0,0.5,1.0,0.5,2.0,1.0,1.0,1.0,2.0,1.0
774,minior,minior-yellow-meteor,7,rock,flying,2,shields-down,,60,0.14,60,0.14,100,0.23,60,0.14,100,0.23,60,0.14,440,defense,120,260,average,355.56,3,slightly_specialized,0.29,lower_mid_tier,0.42,mid_tier,5,5,1,-1.0,exposed,support,exposed-support,0.3,40.0,444.44,very_heavy,1,0.0,normal,154.0,64,30,70,25,mineral,medium-slow,ball,brown,Meteor Pokémon,"Originally making its home in the ozone layer, it hurtles to the ground when the shell enclosing its body grows too heavy.",minior,1,0,0,0.5,0.5,2.0,2.0,1.0,2.0,1.0,0.5,0.0,0.5,1.0,0.5,2.0,1.0,1.0,1.0,2.0,1.0
774,minior,minior-green-meteor,7,rock,flying,2,shields-down,,60,0.14,60,0.14,100,0.23,60,0.14,100,0.23,60,0.14,440,defense,120,260,average,355.56,3,slightly_specialized,0.29,lower_mid_tier,0.42,mid_tier,5,5,1,-1.0,exposed,support,exposed-support,0.3,40.0,444.44,very_heavy,1,0.0,normal,154.0,64,30,70,25,mineral,medium-slow,ball,brown,Meteor Pokémon,"Originally making its home in the ozone layer, it hurtles to the ground when the shell enclosing its body grows too heavy.",minior,1,0,0,0.5,0.5,2.0,2.0,1.0,2.0,1.0,0.5,0.0,0.5,1.0,0.5,2.0,1.0,1.0,1.0,2.0,1.0
774,minior,minior-blue-meteor,7,rock,flying,2,shields-down,,60,0.14,60,0.14,100,0.23,60,0.14,100,0.23,60,0.14,440,defense,120,260,average,355.56,3,slightly_specialized,0.29,lower_mid_tier,0.42,mid_tier,5,5,1,-1.0,exposed,support,exposed-support,0.3,40.0,444.44,very_heavy,1,0.0,normal,154.0,64,30,70,25,mineral,medium-slow,ball,brown,Meteor Pokémon,"Originally making its home in the ozone layer, it hurtles to the ground when the shell enclosing its body grows too heavy.",minior,1,0,0,0.5,0.5,2.0,2.0,1.0,2.0,1.0,0.5,0.0,0.5,1.0,0.5,2.0,1.0,1.0,1.0,2.0,1.0
774,minior,minior-indigo-meteor,7,rock,flying,2,shields-down,,60,0.14,60,0.14,100,0.23,60,0.14,100,0.23,60,0.14,440,defense,120,260,average,355.56,3,slightly_specialized,0.29,lower_mid_tier,0.42,mid_tier,5,5,1,-1.0,exposed,support,exposed-support,0.3,40.0,444.44,very_heavy,1,0.0,normal,154.0,64,30,70,25,mineral,medium-slow,ball,brown,Meteor Pokémon,"Originally making its home in the ozone layer, it hurtles to the ground when the shell enclosing its body grows too heavy.",minior,1,0,0,0.5,0.5,2.0,2.0,1.0,2.0,1.0,0.5,0.0,0.5,1.0,0.5,2.0,1.0,1.0,1.0,2.0,1.0
774,minior,minior-violet-meteor,7,rock,flying,2,shields-down,,60,0.14,60,0.14,100,0.23,60,0.14,100,0.23,60,0.14,440,defense,120,260,average,355.56,3,slightly_specialized,0.29,lower_mid_tier,0.42,mid_tier,5,5,1,-1.0,exposed,support,exposed-support,0.3,40.0,444.44,very_heavy,1,0.0,normal,154.0,64,30,70,25,mineral,medium-slow,ball,brown,Meteor Pokémon,"Originally making its home in the ozone layer, it hurtles to the ground when the shell enclosing its body grows too heavy.",minior,1,0,0,0.5,0.5,2.0,2.0,1.0,2.0,1.0,0.5,0.0,0.5,1.0,0.5,2.0,1.0,1.0,1.0,2.0,1.0
774,minior,minior-red,7,rock,flying,2,shields-down,,60,0.12,100,0.2,60,0.12,100,0.2,60,0.12,120,0.24,500,speed,200,180,fast,588.89,4,specialized,0.55,mid_tier,0.66,upper_mid_tier,5,5,1,-1.0,exposed,sweeper,exposed-sweeper,0.3,0.3,3.33,very_light,1,0.0,normal,175.0,64,30,70,25,mineral,medium-slow,ball,brown,Meteor Pokémon,"Originally making its home in the ozone layer, it hurtles to the ground when the shell enclosing its body grows too heavy.",minior,1,0,0,0.5,0.5,2.0,2.0,1.0,2.0,1.0,0.5,0.0,0.5,1.0,0.5,2.0,1.0,1.0,1.0,2.0,1.0
774,minior,minior-orange,7,rock,flying,2,shields-down,,60,0.12,100,0.2,60,0.12,100,0.2,60,0.12,120,0.24,500,speed,200,180,fast,588.89,4,specialized,0.55,mid_tier,0.66,upper_mid_tier,5,5,1,-1.0,exposed,sweeper,exposed-sweeper,0.3,0.3,3.33,very_light,1,0.0,normal,175.0,64,30,70,25,mineral,medium-slow,ball,brown,Meteor Pokémon,"Originally making its home in the ozone layer, it hurtles to the ground when the shell enclosing its body grows too heavy.",minior,1,0,0,0.5,0.5,2.0,2.0,1.0,2.0,1.0,0.5,0.0,0.5,1.0,0.5,2.0,1.0,1.0,1.0,2.0,1.0
774,minior,minior-yellow,7,rock,flying,2,shields-down,,60,0.12,100,0.2,60,0.12,100,0.2,60,0.12,120,0.24,500,speed,200,180,fast,588.89,4,specialized,0.55,mid_tier,0.66,upper_mid_tier,5,5,1,-1.0,exposed,sweeper,exposed-sweeper,0.3,0.3,3.33,very_light,1,0.0,normal,175.0,64,30,70,25,mineral,medium-slow,ball,brown,Meteor Pokémon,"Originally making its home in the ozone layer, it hurtles to the ground when the shell enclosing its body grows too heavy.",minior,1,0,0,0.5,0.5,2.0,2.0,1.0,2.0,1.0,0.5,0.0,0.5,1.0,0.5,2.0,1.0,1.0,1.0,2.0,1.0
774,minior,minior-green,7,rock,flying,2,shields-down,,60,0.12,100,0.2,60,0.12,100,0.2,60,0.12,120,0.24,500,speed,200,180,fast,588.89,4,specialized,0.55,mid_tier,0.66,upper_mid_tier,5,5,1,-1.0,exposed,sweeper,exposed-sweeper,0.3,0.3,3.33,very_light,1,0.0,normal,175.0,64,30,70,25,mineral,medium-slow,ball,brown,Meteor Pokémon,"Originally making its home in the ozone layer, it hurtles to the ground when the shell enclosing its body grows too heavy.",minior,1,0,0,0.5,0.5,2.0,2.0,1.0,2.0,1.0,0.5,0.0,0.5,1.0,0.5,2.0,1.0,1.0,1.0,2.0,1.0
774,minior,minior-blue,7,rock,flying,2,shields-down,,60,0.12,100,0.2,60,0.12,100,0.2,60,0.12,120,0.24,500,speed,200,180,fast,588.89,4,specialized,0.55,mid_tier,0.66,upper_mid_tier,5,5,1,-1.0,exposed,sweeper,exposed-sweeper,0.3,0.3,3.33,very_light,1,0.0,normal,175.0,64,30,70,25,mineral,medium-slow,ball,brown,Meteor Pokémon,"Originally making its home in the ozone layer, it hurtles to the ground when the shell enclosing its body grows too heavy.",minior,1,0,0,0.5,0.5,2.0,2.0,1.0,2.0,1.0,0.5,0.0,0.5,1.0,0.5,2.0,1.0,1.0,1.0,2.0,1.0
774,minior,minior-indigo,7,rock,flying,2,shields-down,,60,0.12,100,0.2,60,0.12,100,0.2,60,0.12,120,0.24,500,speed,200,180,fast,588.89,4,specialized,0.55,mid_tier,0.66,upper_mid_tier,5,5,1,-1.0,exposed,sweeper,exposed-sweeper,0.3,0.3,3.33,very_light,1,0.0,normal,175.0,64,30,70,25,mineral,medium-slow,ball,brown,Meteor Pokémon,"Originally making its home in the ozone layer, it hurtles to the ground when the shell enclosing its body grows too heavy.",minior,1,0,0,0.5,0.5,2.0,2.0,1.0,2.0,1.0,0.5,0.0,0.5,1.0,0.5,2.0,1.0,1.0,1.0,2.0,1.0
774,minior,minior-violet,7,rock,flying,2,shields-down,,60,0.12,100,0.2,60,0.12,100,0.2,60,0.12,120,0.24,500,speed,200,180,fast,588.89,4,specialized,0.55,mid_tier,0.66,upper_mid_tier,5,5,1,-1.0,exposed,sweeper,exposed-sweeper,0.3,0.3,3.33,very_light,1,0.0,normal,175.0,64,30,70,25,mineral,medium-slow,ball,brown,Meteor Pokémon,"Originally making its home in the ozone layer, it hurtles to the ground when the shell enclosing its body grows too heavy.",minior,1,0,0,0.5,0.5,2.0,2.0,1.0,2.0,1.0,0.5,0.0,0.5,1.0,0.5,2.0,1.0,1.0,1.0,2.0,1.0
775,komala,komala,7,normal,,1,comatose,,65,0.14,115,0.24,65,0.14,75,0.16,95,0.2,65,0.14,480,attack,190,225,average,358.33,3,slightly_specialized,0.43,mid_tier,0.53,mid_tier,1,0,1,0.5,solid,attacker,solid-attacker,0.4,19.9,124.37,very_heavy,0,0.5,normal,168.0,73,45,70,20,ground,slow,humanoid,blue,Drowsing Pokémon,"It is born asleep, and it dies asleep. All its movements are apparently no more than the results of it tossing and turning in its dreams.",komala,1,0,0,1.0,1.0,1.0,1.0,1.0,1.0,2.0,1.0,1.0,1.0,1.0,1.0,1.0,0.0,1.0,1.0,1.0,1.0
776,turtonator,turtonator,7,fire,dragon,2,shell-armor,,60,0.12,78,0.16,135,0.28,91,0.19,85,0.18,36,0.07,485,defense,169,280,slow,917.81,5,highly_specialized,0.46,mid_tier,0.55,mid_tier,3,5,0,-0.5,exposed,tank,exposed-tank,2.0,212.0,53.0,very_heavy,0,0.5,normal,170.0,80,70,70,20,"monster, dragon",medium,upright,red,Blast Turtle Pokémon,The shell on its back is chemically unstable and explodes violently if struck. The hole in its stomach is its weak point.,turtonator,1,0,0,1.0,0.25,1.0,0.5,0.25,1.0,1.0,1.0,2.0,1.0,1.0,0.5,2.0,1.0,2.0,1.0,0.5,1.0
777,togedemaru,togedemaru,7,electric,steel,2,"iron-barbs, lightning-rod",sturdy,65,0.15,98,0.23,63,0.14,40,0.09,73,0.17,96,0.22,435,attack,138,201,average,400.92,3,slightly_specialized,0.26,lower_mid_tier,0.41,mid_tier,3,11,1,4.0,iron,midrange,iron-midrange,0.3,3.3,36.67,heavy,0,0.5,normal,152.0,78,180,70,10,"ground, fairy",medium,upright,gray,Roly-Poly Pokémon,"The spiny fur on its back is normally at rest. When this Pokémon becomes agitated, its fur stands on end and stabs into its attackers.",togedemaru,1,0,0,0.5,2.0,1.0,0.5,0.5,0.5,2.0,0.0,4.0,0.25,0.5,0.5,0.5,1.0,0.5,1.0,0.25,0.5
777,togedemaru,togedemaru-totem,7,electric,steel,2,"iron-barbs, lightning-rod",sturdy,65,0.15,98,0.23,63,0.14,40,0.09,73,0.17,96,0.22,435,attack,138,201,average,400.92,3,slightly_specialized,0.26,lower_mid_tier,0.41,mid_tier,3,11,1,4.0,iron,midrange,iron-midrange,0.6,13.0,36.11,heavy,0,0.5,normal,152.0,68,180,70,10,"ground, fairy",medium,upright,gray,Roly-Poly Pokémon,"The spiny fur on its back is normally at rest. When this Pokémon becomes agitated, its fur stands on end and stabs into its attackers.",togedemaru,1,0,0,0.5,2.0,1.0,0.5,0.5,0.5,2.0,0.0,4.0,0.25,0.5,0.5,0.5,1.0,0.5,1.0,0.25,0.5
778,mimikyu,mimikyu-disguised,7,ghost,fairy,2,disguise,,55,0.12,90,0.19,80,0.17,50,0.11,105,0.22,96,0.2,476,sp_defense,140,240,average,417.22,3,slightly_specialized,0.38,lower_mid_tier,0.51,mid_tier,2,1,3,3.0,iron,midrange,iron-midrange,0.2,0.7,17.5,light,0,0.5,normal,167.0,87,45,70,20,indeterminate,medium,squiggle,yellow,Disguise Pokémon,Its actual appearance is unknown. A scholar who saw what was under its rag was overwhelmed by terror and died from the shock.,mimikyu,1,0,0,0.0,1.0,1.0,1.0,1.0,1.0,0.0,1.0,1.0,1.0,1.0,0.25,1.0,2.0,0.0,1.0,2.0,1.0
778,mimikyu,mimikyu-busted,7,ghost,fairy,2,disguise,,55,0.12,90,0.19,80,0.17,50,0.11,105,0.22,96,0.2,476,sp_defense,140,240,average,417.22,3,slightly_specialized,0.38,lower_mid_tier,0.51,mid_tier,2,1,3,3.0,iron,midrange,iron-midrange,0.2,0.7,17.5,light,0,0.5,normal,167.0,88,45,70,20,indeterminate,medium,squiggle,yellow,Disguise Pokémon,Its actual appearance is unknown. A scholar who saw what was under its rag was overwhelmed by terror and died from the shock.,mimikyu,1,0,0,0.0,1.0,1.0,1.0,1.0,1.0,0.0,1.0,1.0,1.0,1.0,0.25,1.0,2.0,0.0,1.0,2.0,1.0
778,mimikyu,mimikyu-totem-disguised,7,ghost,fairy,2,disguise,,55,0.12,90,0.19,80,0.17,50,0.11,105,0.22,96,0.2,476,sp_defense,140,240,average,417.22,3,slightly_specialized,0.38,lower_mid_tier,0.51,mid_tier,2,1,3,3.0,iron,midrange,iron-midrange,0.4,2.8,17.5,light,0,0.5,normal,167.0,66,45,70,20,indeterminate,medium,squiggle,yellow,Disguise Pokémon,Its actual appearance is unknown. A scholar who saw what was under its rag was overwhelmed by terror and died from the shock.,mimikyu,1,0,0,0.0,1.0,1.0,1.0,1.0,1.0,0.0,1.0,1.0,1.0,1.0,0.25,1.0,2.0,0.0,1.0,2.0,1.0
778,mimikyu,mimikyu-totem-busted,7,ghost,fairy,2,disguise,,55,0.12,90,0.19,80,0.17,50,0.11,105,0.22,96,0.2,476,sp_defense,140,240,average,417.22,3,slightly_specialized,0.38,lower_mid_tier,0.51,mid_tier,2,1,3,3.0,iron,midrange,iron-midrange,0.4,2.8,17.5,light,0,0.5,normal,167.0,67,45,70,20,indeterminate,medium,squiggle,yellow,Disguise Pokémon,Its actual appearance is unknown. A scholar who saw what was under its rag was overwhelmed by terror and died from the shock.,mimikyu,1,0,0,0.0,1.0,1.0,1.0,1.0,1.0,0.0,1.0,1.0,1.0,1.0,0.25,1.0,2.0,0.0,1.0,2.0,1.0
779,bruxish,bruxish,7,water,psychic,2,"dazzling, strong-jaw",wonder-skin,68,0.14,105,0.22,70,0.15,70,0.15,70,0.15,92,0.19,475,attack,175,208,average,201.47,2,slightly_specialized,0.34,lower_mid_tier,0.5,mid_tier,5,6,0,-2.0,frail,midrange,frail-midrange,0.9,19.0,23.46,average,0,0.5,normal,166.0,84,80,70,15,water2,medium,fish,pink,Gnash Teeth Pokémon,"When it unleashes its psychic power from the protuberance on its head, the grating sound of grinding teeth echoes through the area.",bruxish,1,0,0,1.0,0.5,0.5,2.0,2.0,0.5,0.5,1.0,1.0,1.0,0.5,2.0,1.0,2.0,1.0,2.0,0.5,1.0
780,drampa,drampa,7,normal,dragon,2,"berserk, sap-sipper",cloud-nine,78,0.16,60,0.12,85,0.18,135,0.28,91,0.19,36,0.07,485,sp_attack,195,254,slow,917.81,5,highly_specialized,0.46,mid_tier,0.55,mid_tier,4,4,1,-0.5,exposed,attacker,exposed-attacker,3.0,185.0,20.56,light,0,0.5,normal,170.0,88,70,70,20,"monster, dragon",medium,squiggle,white,Placid Pokémon,"It has a compassionate personality, but if it is angered, it completely destroys its surroundings with its intense breath.",drampa,1,0,0,1.0,0.5,0.5,0.5,0.5,2.0,2.0,1.0,1.0,1.0,1.0,1.0,1.0,0.0,2.0,1.0,1.0,2.0
780,drampa,drampa-mega,7,normal,dragon,2,,,78,0.13,85,0.15,110,0.19,160,0.27,116,0.2,36,0.06,585,sp_attack,245,304,slow,1453.92,5,extreme,0.87,top_tier,0.87,top_tier,4,4,1,-0.5,exposed,bulky_attacker,exposed-bulky_attacker,3.0,240.5,26.72,average,0,0.5,normal,,0,70,70,20,"monster, dragon",medium,squiggle,white,Placid Pokémon,"It has a compassionate personality, but if it is angered, it completely destroys its surroundings with its intense breath.",drampa,1,0,0,1.0,0.5,0.5,0.5,0.5,2.0,2.0,1.0,1.0,1.0,1.0,1.0,1.0,0.0,2.0,1.0,1.0,2.0
781,dhelmise,dhelmise,7,ghost,grass,2,steelworker,,70,0.14,131,0.25,100,0.19,86,0.17,90,0.17,40,0.08,517,attack,217,260,slow,768.14,5,specialized,0.6,mid_tier,0.72,upper_mid_tier,5,4,2,0.0,neutral,bulky_attacker,neutral-bulky_attacker,3.9,210.0,13.81,light,1,0.0,normal,181.0,76,25,70,25,mineral,medium,blob,green,Sea Creeper Pokémon,"Swinging its massive anchor, it can KO Wailord in a single blow. What appears to be green seaweed is actually its body.",dhelmise,1,0,0,0.0,2.0,0.5,0.5,0.5,2.0,0.0,1.0,0.5,2.0,1.0,1.0,1.0,2.0,1.0,2.0,1.0,1.0
782,jangmo-o,jangmo-o,7,dragon,,1,"bulletproof, soundproof",overcoat,45,0.15,55,0.18,65,0.22,45,0.15,45,0.15,45,0.15,300,defense,100,155,slow,58.33,1,balanced,0.09,bottom_tier,0.13,bottom_tier,3,4,0,-1.0,exposed,weak_slow,exposed-weak_slow,0.6,29.7,82.5,very_heavy,0,0.5,normal,60.0,66,45,70,40,dragon,slow,quadruped,gray,Scaly Pokémon,It expresses its feelings by smacking its scales. Metallic sounds echo through the tall mountains where Jangmo-o lives.,jangmo-o --> hakamo-o --> kommo-o,3,1,0,1.0,0.5,0.5,0.5,0.5,2.0,1.0,1.0,1.0,1.0,1.0,1.0,1.0,1.0,2.0,1.0,1.0,2.0
783,hakamo-o,hakamo-o,7,dragon,fighting,2,"bulletproof, soundproof",overcoat,55,0.13,75,0.18,90,0.21,65,0.15,70,0.17,65,0.15,420,defense,140,215,average,116.67,1,balanced,0.24,lower_mid_tier,0.39,lower_mid_tier,5,7,0,-1.5,exposed,balanced,exposed-balanced,1.2,47.0,32.64,heavy,0,0.5,normal,147.0,80,45,70,40,dragon,slow,upright,gray,Scaly Pokémon,It leaps at its prey with a courageous shout. Its scaly punches tear its opponents to shreds.,jangmo-o --> hakamo-o --> kommo-o,3,2,0,1.0,0.5,0.5,0.5,0.5,2.0,1.0,1.0,1.0,2.0,2.0,0.5,0.5,1.0,2.0,0.5,1.0,4.0
784,kommo-o,kommo-o,7,dragon,fighting,2,"bulletproof, soundproof",overcoat,75,0.12,110,0.18,125,0.21,100,0.17,105,0.18,85,0.14,600,defense,210,305,average,266.67,2,slightly_specialized,0.91,top_tier,0.9,top_tier,5,7,0,-1.5,exposed,juggernaut,exposed-juggernaut,1.6,78.2,30.55,average,0,0.5,normal,270.0,107,45,70,40,dragon,slow,upright,gray,Scaly Pokémon,"When it spots enemies, it threatens them by jingling the scales on its tail. Weak opponents will crack and flee in panic.",jangmo-o --> hakamo-o --> kommo-o,3,3,1,1.0,0.5,0.5,0.5,0.5,2.0,1.0,1.0,1.0,2.0,2.0,0.5,0.5,1.0,2.0,0.5,1.0,4.0
784,kommo-o,kommo-o-totem,7,dragon,fighting,2,"bulletproof, soundproof",overcoat,75,0.12,110,0.18,125,0.21,100,0.17,105,0.18,85,0.14,600,defense,210,305,average,266.67,2,slightly_specialized,0.91,top_tier,0.9,top_tier,5,7,0,-1.5,exposed,juggernaut,exposed-juggernaut,2.4,207.5,36.02,heavy,0,0.5,normal,270.0,80,45,70,40,dragon,slow,upright,gray,Scaly Pokémon,"When it spots enemies, it threatens them by jingling the scales on its tail. Weak opponents will crack and flee in panic.",jangmo-o --> hakamo-o --> kommo-o,3,3,1,1.0,0.5,0.5,0.5,0.5,2.0,1.0,1.0,1.0,2.0,2.0,0.5,0.5,1.0,2.0,0.5,1.0,4.0
785,tapu-koko,tapu-koko,7,electric,fairy,2,electric-surge,telepathy,70,0.12,115,0.2,85,0.15,95,0.17,75,0.13,130,0.23,570,speed,210,230,fast,458.33,4,slightly_specialized,0.76,upper_mid_tier,0.83,top_tier,2,5,1,2.0,iron,sweeper,iron-sweeper,1.8,20.5,6.33,very_light,1,0.0,legendary,257.0,74,3,70,15,no-eggs,slow,arms,yellow,Land Spirit Pokémon,This guardian deity of Melemele is brimming with curiosity. It summons thunderclouds and stores their lightning inside its body.,tapu-koko,1,0,0,1.0,1.0,1.0,0.5,1.0,1.0,0.5,2.0,2.0,0.5,1.0,0.5,1.0,1.0,0.0,0.5,1.0,1.0
786,tapu-lele,tapu-lele,7,psychic,fairy,2,psychic-surge,telepathy,70,0.12,85,0.15,75,0.13,130,0.23,115,0.2,95,0.17,570,sp_attack,215,260,average,458.33,4,slightly_specialized,0.76,upper_mid_tier,0.83,top_tier,3,2,1,-0.5,exposed,juggernaut,exposed-juggernaut,1.2,18.6,12.92,very_light,1,0.0,legendary,257.0,71,3,70,15,no-eggs,slow,arms,pink,Land Spirit Pokémon,This guardian deity of Akala is guilelessly cruel. The fragrant aroma of flowers is the source of its energy.,tapu-lele,1,0,0,1.0,1.0,1.0,1.0,1.0,1.0,0.25,2.0,1.0,1.0,0.5,1.0,1.0,2.0,0.0,1.0,2.0,1.0
787,tapu-bulu,tapu-bulu,7,grass,fairy,2,grassy-surge,telepathy,70,0.12,130,0.23,115,0.2,85,0.15,95,0.17,75,0.13,570,attack,215,280,average,458.33,4,slightly_specialized,0.76,upper_mid_tier,0.83,top_tier,5,6,1,-0.5,exposed,bulky_attacker,exposed-bulky_attacker,1.9,45.5,12.6,very_light,1,0.0,legendary,257.0,81,3,70,15,no-eggs,slow,arms,red,Land Spirit Pokémon,"It pulls large trees up by the roots and swings them around. It causes vegetation to grow, and then it absorbs energy from the growth.",tapu-bulu,1,0,0,1.0,2.0,0.5,0.5,0.5,2.0,0.5,4.0,0.5,2.0,1.0,1.0,1.0,1.0,0.0,0.5,2.0,1.0
788,tapu-fini,tapu-fini,7,water,fairy,2,misty-surge,telepathy,70,0.12,75,0.13,115,0.2,95,0.17,130,0.23,85,0.15,570,sp_defense,170,315,average,458.33,4,slightly_specialized,0.76,upper_mid_tier,0.83,top_tier,3,6,1,1.5,iron,bulky_speedster,iron-bulky_speedster,1.3,21.2,12.54,very_light,1,0.0,legendary,257.0,71,3,70,15,no-eggs,slow,arms,purple,Land Spirit Pokémon,The dense fog it creates brings the downfall and destruction of its confused enemies. Ocean currents are the source of its energy.,tapu-fini,1,0,0,1.0,0.5,0.5,2.0,2.0,0.5,0.5,2.0,1.0,1.0,1.0,0.5,1.0,1.0,0.0,0.5,1.0,1.0
789,cosmog,cosmog,7,psychic,,1,unaware,,43,0.22,29,0.14,31,0.16,29,0.14,31,0.16,37,0.18,200,hp,58,105,slow,25.89,1,balanced,0.01,bottom_tier,0.01,bottom_tier,3,2,0,-2.0,frail,weak_slow,frail-weak_slow,0.2,0.1,2.5,very_light,1,0.0,legendary,40.0,2,45,0,120,no-eggs,slow,ball,blue,Nebula Pokémon,Its body is gaseous and frail. It slowly grows as it collects dust from the atmosphere.,cosmog --> cosmoem --> solgaleo,3,1,0,1.0,1.0,1.0,1.0,1.0,1.0,0.5,1.0,1.0,1.0,0.5,2.0,1.0,2.0,1.0,2.0,1.0,1.0
790,cosmoem,cosmoem,7,psychic,,1,sturdy,,43,0.11,29,0.07,131,0.33,29,0.07,131,0.33,37,0.09,400,defense,58,305,slow,2092.56,5,extreme,0.19,bottom_tier,0.33,lower_mid_tier,3,2,0,-2.0,frail,tank,frail-tank,0.1,999.9,99990.0,very_heavy,1,0.0,legendary,140.0,2,45,0,120,no-eggs,slow,ball,blue,Protostar Pokémon,"Motionless as if dead, its body is faintly warm to the touch. In the distant past, it was called the cocoon of the stars.",cosmog --> cosmoem --> solgaleo,3,2,0,1.0,1.0,1.0,1.0,1.0,1.0,0.5,1.0,1.0,1.0,0.5,2.0,1.0,2.0,1.0,2.0,1.0,1.0
791,solgaleo,solgaleo,7,psychic,steel,2,full-metal-body,,137,0.2,137,0.2,107,0.16,113,0.17,89,0.13,97,0.14,680,hp,250,333,average,336.56,3,slightly_specialized,0.96,top_tier,0.96,top_tier,4,9,1,2.0,iron,juggernaut,iron-juggernaut,3.4,230.0,19.9,light,1,0.0,legendary,306.0,87,45,0,120,no-eggs,slow,quadruped,white,Sunne Pokémon,It is said to live in another world. The intense light it radiates from the surface of its body can make the darkest of nights light up like midday.,cosmog --> cosmoem --> solgaleo,3,3,1,0.5,2.0,1.0,1.0,0.5,0.5,1.0,0.0,2.0,0.5,0.25,1.0,0.5,2.0,0.5,2.0,0.5,0.5
792,lunala,lunala,7,psychic,ghost,2,shadow-shield,,137,0.2,113,0.17,89,0.13,137,0.2,107,0.16,97,0.14,680,hp,250,333,average,336.56,3,slightly_specialized,0.96,top_tier,0.96,top_tier,2,2,2,2.0,iron,juggernaut,iron-juggernaut,4.0,120.0,7.5,very_light,1,0.0,legendary,306.0,85,45,0,120,no-eggs,slow,wings,purple,Moone Pokémon,"It is said to be a female evolution of Cosmog. When its third eye activates, away it flies to another world.",cosmog --> cosmoem --> solgaleo,3,3,1,0.0,1.0,1.0,1.0,1.0,1.0,0.0,0.5,1.0,1.0,0.5,1.0,1.0,4.0,1.0,4.0,1.0,1.0
793,nihilego,nihilego,7,rock,poison,2,beast-boost,,109,0.19,53,0.09,47,0.08,127,0.22,131,0.23,103,0.18,570,sp_defense,180,287,fast,1108.0,5,highly_specialized,0.76,upper_mid_tier,0.83,top_tier,4,6,0,-1.0,exposed,juggernaut,exposed-juggernaut,1.2,55.5,38.54,heavy,1,0.0,normal,257.0,72,45,0,120,no-eggs,slow,tentacles,white,Parasite Pokémon,One of several mysterious Ultra Beasts. People on the street report observing those infested by it suddenly becoming violent.,nihilego,1,0,0,0.5,0.5,2.0,1.0,1.0,1.0,1.0,0.25,4.0,0.5,2.0,0.5,1.0,1.0,1.0,1.0,2.0,0.5
794,buzzwole,buzzwole,7,bug,fighting,2,beast-boost,,107,0.19,139,0.24,139,0.24,53,0.09,53,0.09,79,0.14,570,attack,192,299,average,1300.0,5,highly_specialized,0.76,upper_mid_tier,0.83,top_tier,4,5,0,-1.5,exposed,bulky_attacker,exposed-bulky_attacker,2.4,333.6,57.92,very_heavy,1,0.0,normal,257.0,65,45,0,120,no-eggs,slow,tentacles,red,Swollen Pokémon,"This Ultra Beast appeared from another world. It shows off its body, but whether that display is a boast or a threat remains unclear.",buzzwole,1,0,0,1.0,2.0,1.0,1.0,0.5,1.0,0.5,1.0,0.5,4.0,2.0,0.5,1.0,1.0,1.0,0.5,1.0,2.0
795,pheromosa,pheromosa,7,bug,fighting,2,beast-boost,,71,0.12,137,0.24,37,0.06,137,0.24,37,0.06,151,0.26,570,speed,274,145,fast,2328.0,5,extreme,0.76,upper_mid_tier,0.83,top_tier,4,5,0,-1.5,exposed,sweeper,exposed-sweeper,1.8,25.0,7.72,very_light,1,0.0,normal,257.0,66,45,0,120,no-eggs,slow,humanoid,white,Lissome Pokémon,"One of the dangerous Ultra Beasts, it has been spotted running across the land at terrific speeds.",pheromosa,1,0,0,1.0,2.0,1.0,1.0,0.5,1.0,0.5,1.0,0.5,4.0,2.0,0.5,1.0,1.0,1.0,0.5,1.0,2.0
796,xurkitree,xurkitree,7,electric,,1,beast-boost,,83,0.15,89,0.16,71,0.12,173,0.3,71,0.12,83,0.15,570,sp_attack,262,225,average,1260.0,5,highly_specialized,0.76,upper_mid_tier,0.83,top_tier,1,3,0,0.5,solid,attacker,solid-attacker,3.8,100.0,6.93,very_light,1,0.0,normal,257.0,58,45,0,120,no-eggs,slow,upright,black,Glowing Pokémon,"One of the mysterious life-forms known as Ultra Beasts. Astonishing electric shocks emanate from its entire body, according to witnesses.",xurkitree,1,0,0,1.0,1.0,1.0,0.5,1.0,1.0,1.0,1.0,2.0,0.5,1.0,1.0,1.0,1.0,1.0,1.0,0.5,1.0
797,celesteela,celesteela,7,steel,flying,2,beast-boost,,97,0.17,101,0.18,103,0.18,107,0.19,101,0.18,61,0.11,570,sp_attack,208,301,average,240.0,2,slightly_specialized,0.76,upper_mid_tier,0.83,top_tier,2,8,2,5.0,iron,bulky_attacker,iron-bulky_attacker,9.2,999.9,11.81,very_light,1,0.0,normal,257.0,65,45,0,120,no-eggs,slow,humanoid,green,Launch Pokémon,It appeared from the Ultra Wormhole. Witnesses observed it flying across the sky at high speed.,celesteela,1,0,0,0.5,2.0,1.0,2.0,0.25,1.0,1.0,0.0,0.0,0.5,0.5,0.25,1.0,1.0,0.5,1.0,0.5,0.5
798,kartana,kartana,7,grass,steel,2,beast-boost,,59,0.1,181,0.32,131,0.23,59,0.1,31,0.05,109,0.19,570,attack,240,221,fast,2596.0,5,extreme,0.76,upper_mid_tier,0.83,top_tier,2,9,1,4.0,iron,sweeper,iron-sweeper,0.3,0.1,1.11,very_light,1,0.0,normal,257.0,45,45,0,120,no-eggs,slow,humanoid,white,Drawn Sword Pokémon,"This Ultra Beast came from the Ultra Wormhole. It seems not to attack enemies on its own, but its sharp body is a dangerous weapon in itself.",kartana,1,0,0,0.5,4.0,0.5,0.5,0.25,1.0,2.0,0.0,1.0,1.0,0.5,1.0,0.5,1.0,0.5,1.0,0.5,0.5
799,guzzlord,guzzlord,7,dark,dragon,2,beast-boost,,223,0.39,101,0.18,53,0.09,97,0.17,53,0.09,43,0.08,570,hp,198,329,slow,3776.0,5,extreme,0.76,upper_mid_tier,0.83,top_tier,5,6,1,-0.5,exposed,bulky_attacker,exposed-bulky_attacker,5.5,888.0,29.36,average,1,0.0,normal,257.0,76,45,0,120,no-eggs,slow,upright,black,Junkivore Pokémon,"It has gobbled mountains and swallowed whole buildings, according to reports. It’s one of the Ultra Beasts.",guzzlord,1,0,0,1.0,0.5,0.5,0.5,0.5,2.0,2.0,1.0,1.0,1.0,0.0,2.0,1.0,0.5,2.0,0.5,1.0,4.0
800,necrozma,necrozma,7,psychic,,1,prism-armor,,97,0.16,107,0.18,101,0.17,127,0.21,89,0.15,79,0.13,600,sp_attack,234,287,average,225.0,2,slightly_specialized,0.91,top_tier,0.9,top_tier,3,2,0,-2.0,frail,bulky_attacker,frail-bulky_attacker,2.4,230.0,39.93,heavy,1,0.0,legendary,270.0,90,255,0,120,no-eggs,slow,arms,black,Prism Pokémon,"Reminiscent of the Ultra Beasts, this life-form, apparently asleep underground, is thought to have come from another world in ancient times.",necrozma,1,0,0,1.0,1.0,1.0,1.0,1.0,1.0,0.5,1.0,1.0,1.0,0.5,2.0,1.0,2.0,1.0,2.0,1.0,1.0
800,necrozma,necrozma-dusk,7,psychic,steel,2,prism-armor,,97,0.14,157,0.23,127,0.19,113,0.17,109,0.16,77,0.11,680,attack,270,333,average,616.56,4,specialized,0.96,top_tier,0.96,top_tier,4,9,1,2.0,iron,bulky_attacker,iron-bulky_attacker,3.8,460.0,31.86,heavy,1,0.0,legendary,340.0,90,255,0,120,no-eggs,slow,arms,black,Prism Pokémon,"Reminiscent of the Ultra Beasts, this life-form, apparently asleep underground, is thought to have come from another world in ancient times.",necrozma,1,0,0,0.5,2.0,1.0,1.0,0.5,0.5,1.0,0.0,2.0,0.5,0.25,1.0,0.5,2.0,0.5,2.0,0.5,0.5
800,necrozma,necrozma-dawn,7,psychic,ghost,2,prism-armor,,97,0.14,113,0.17,109,0.16,157,0.23,127,0.19,77,0.11,680,sp_attack,270,333,average,616.56,4,specialized,0.96,top_tier,0.96,top_tier,2,2,2,2.0,iron,bulky_attacker,iron-bulky_attacker,4.2,350.0,19.84,light,1,0.0,legendary,340.0,90,255,0,120,no-eggs,slow,arms,black,Prism Pokémon,"Reminiscent of the Ultra Beasts, this life-form, apparently asleep underground, is thought to have come from another world in ancient times.",necrozma,1,0,0,0.0,1.0,1.0,1.0,1.0,1.0,0.0,0.5,1.0,1.0,0.5,1.0,1.0,4.0,1.0,4.0,1.0,1.0
800,necrozma,necrozma-ultra,7,psychic,dragon,2,neuroforce,,97,0.13,167,0.22,97,0.13,167,0.22,97,0.13,129,0.17,754,attack,334,291,fast,982.22,5,highly_specialized,1.0,top_tier,1.0,top_tier,6,6,0,-3.0,frail,juggernaut,frail-juggernaut,7.5,230.0,4.09,very_light,1,0.0,legendary,339.0,75,255,0,120,no-eggs,slow,arms,black,Prism Pokémon,"Reminiscent of the Ultra Beasts, this life-form, apparently asleep underground, is thought to have come from another world in ancient times.",necrozma,1,0,0,1.0,0.5,0.5,0.5,0.5,2.0,0.5,1.0,1.0,1.0,0.5,2.0,1.0,2.0,2.0,2.0,1.0,2.0
801,magearna,magearna,7,steel,fairy,2,soul-heart,,80,0.13,95,0.16,115,0.19,130,0.22,115,0.19,65,0.11,600,sp_attack,225,310,average,500.0,4,specialized,0.91,top_tier,0.9,top_tier,2,9,2,5.5,iron,bulky_attacker,iron-bulky_attacker,1.0,80.5,80.5,very_heavy,1,0.0,mythical,270.0,104,3,0,120,no-eggs,slow,humanoid,gray,Artificial Pokémon,"This artificial Pokémon, constructed more than 500 years ago, can understand human speech but cannot itself speak.",magearna,1,0,0,0.5,2.0,1.0,1.0,0.5,0.5,1.0,0.0,2.0,0.5,0.5,0.25,0.5,1.0,0.0,0.5,1.0,0.5
801,magearna,magearna-original,7,steel,fairy,2,soul-heart,,80,0.13,95,0.16,115,0.19,130,0.22,115,0.19,65,0.11,600,sp_attack,225,310,average,500.0,4,specialized,0.91,top_tier,0.9,top_tier,2,9,2,5.5,iron,bulky_attacker,iron-bulky_attacker,1.0,80.5,80.5,very_heavy,1,0.0,mythical,300.0,102,3,0,120,no-eggs,slow,humanoid,gray,Artificial Pokémon,"This artificial Pokémon, constructed more than 500 years ago, can understand human speech but cannot itself speak.",magearna,1,0,0,0.5,2.0,1.0,1.0,0.5,0.5,1.0,0.0,2.0,0.5,0.5,0.25,0.5,1.0,0.0,0.5,1.0,0.5
801,magearna,magearna-mega,7,steel,fairy,2,,,80,0.11,125,0.18,115,0.16,170,0.24,115,0.16,95,0.14,700,sp_attack,295,310,average,788.89,5,specialized,0.99,top_tier,0.98,top_tier,2,9,2,5.5,iron,juggernaut,iron-juggernaut,1.3,248.1,146.8,very_heavy,1,0.0,mythical,,0,3,0,120,no-eggs,slow,humanoid,gray,Artificial Pokémon,"This artificial Pokémon, constructed more than 500 years ago, can understand human speech but cannot itself speak.",magearna,1,0,0,0.5,2.0,1.0,1.0,0.5,0.5,1.0,0.0,2.0,0.5,0.5,0.25,0.5,1.0,0.0,0.5,1.0,0.5
801,magearna,magearna-original-mega,7,steel,fairy,2,,,80,0.11,125,0.18,115,0.16,170,0.24,115,0.16,95,0.14,700,sp_attack,295,310,average,788.89,5,specialized,0.99,top_tier,0.98,top_tier,2,9,2,5.5,iron,juggernaut,iron-juggernaut,1.3,248.1,146.8,very_heavy,1,0.0,mythical,,0,3,0,120,no-eggs,slow,humanoid,gray,Artificial Pokémon,"This artificial Pokémon, constructed more than 500 years ago, can understand human speech but cannot itself speak.",magearna,1,0,0,0.5,2.0,1.0,1.0,0.5,0.5,1.0,0.0,2.0,0.5,0.5,0.25,0.5,1.0,0.0,0.5,1.0,0.5
802,marshadow,marshadow,7,fighting,ghost,2,technician,,90,0.15,125,0.21,80,0.13,90,0.15,90,0.15,125,0.21,600,attack,215,260,fast,325.0,3,slightly_specialized,0.91,top_tier,0.9,top_tier,4,3,2,0.5,solid,juggernaut,solid-juggernaut,0.7,22.2,45.31,heavy,1,0.0,mythical,270.0,84,3,0,120,no-eggs,slow,humanoid,gray,Gloomdweller Pokémon,"Able to conceal itself in shadows, it never appears before humans, so its very existence was the stuff of myth.",marshadow,1,0,0,0.0,1.0,1.0,1.0,1.0,1.0,0.0,0.5,1.0,2.0,2.0,0.25,0.5,2.0,1.0,1.0,1.0,2.0
803,poipole,poipole,7,poison,,1,beast-boost,,67,0.16,73,0.17,67,0.16,73,0.17,67,0.16,73,0.17,420,attack,146,201,average,9.0,1,balanced,0.24,lower_mid_tier,0.39,lower_mid_tier,2,5,0,0.5,solid,balanced,solid-balanced,0.6,1.8,5.0,very_light,1,0.0,normal,189.0,37,45,0,120,no-eggs,slow,upright,purple,Poison Pin Pokémon,This Ultra Beast is well enough liked to be chosen as a first partner in its own world.,poipole --> naganadel,2,1,0,1.0,1.0,1.0,1.0,0.5,1.0,0.5,0.5,2.0,1.0,2.0,0.5,1.0,1.0,1.0,1.0,1.0,0.5
804,naganadel,naganadel,7,poison,dragon,2,beast-boost,,73,0.14,73,0.14,73,0.14,127,0.24,73,0.14,121,0.22,540,sp_attack,200,219,fast,581.0,4,specialized,0.65,upper_mid_tier,0.79,upper_mid_tier,4,7,0,-0.5,exposed,sweeper,exposed-sweeper,3.6,150.0,11.57,very_light,1,0.0,normal,243.0,77,45,0,120,no-eggs,slow,wings,purple,Poison Pin Pokémon,It stores hundreds of liters of poisonous liquid inside its body. It is one of the organisms known as UBs.,poipole --> naganadel,2,2,1,1.0,0.5,0.5,0.5,0.25,2.0,0.5,0.5,2.0,1.0,2.0,0.5,1.0,1.0,2.0,1.0,1.0,1.0
805,stakataka,stakataka,7,rock,steel,2,beast-boost,,61,0.11,131,0.23,211,0.37,53,0.09,101,0.18,13,0.02,570,defense,184,373,slow,4072.0,5,extreme,0.76,upper_mid_tier,0.83,top_tier,3,8,1,2.5,iron,bulky_attacker,iron-bulky_attacker,5.5,820.0,27.11,average,1,0.0,normal,257.0,66,30,0,120,no-eggs,slow,quadruped,gray,Rampart Pokémon,It appeared from an Ultra Wormhole. Each one appears to be made up of many life-forms stacked one on top of each other.,stakataka,1,0,0,0.25,1.0,2.0,1.0,1.0,0.5,4.0,0.0,4.0,0.25,0.5,0.5,0.5,1.0,0.5,1.0,1.0,0.5
806,blacephalon,blacephalon,7,fire,ghost,2,beast-boost,,53,0.09,127,0.22,53,0.09,151,0.26,79,0.14,107,0.19,570,sp_attack,278,185,fast,1348.0,5,highly_specialized,0.76,upper_mid_tier,0.83,top_tier,5,7,2,1.5,iron,sweeper,iron-sweeper,1.8,13.0,4.01,very_light,1,0.0,normal,257.0,66,30,0,120,no-eggs,slow,humanoid,white,Fireworks Pokémon,"It slithers toward people. Then, without warning, it triggers the explosion of its own head. It’s apparently one kind of Ultra Beast.",blacephalon,1,0,0,0.0,0.5,2.0,1.0,0.5,0.5,0.0,0.5,2.0,1.0,1.0,0.25,2.0,2.0,1.0,2.0,0.5,0.5
807,zeraora,zeraora,7,electric,,1,volt-absorb,,88,0.15,112,0.19,75,0.12,102,0.17,80,0.13,143,0.24,600,speed,214,243,fast,527.67,4,specialized,0.91,top_tier,0.9,top_tier,1,3,0,0.5,solid,sweeper,solid-sweeper,1.5,44.5,19.78,light,1,0.0,mythical,270.0,83,3,0,120,no-eggs,slow,humanoid,yellow,Thunderclap Pokémon,"It electrifies its claws and tears its opponents apart with them. Even if they dodge its attack, they’ll be electrocuted by the flying sparks.",zeraora,1,0,0,1.0,1.0,1.0,0.5,1.0,1.0,1.0,1.0,2.0,0.5,1.0,1.0,1.0,1.0,1.0,1.0,0.5,1.0
807,zeraora,zeraora-mega,7,electric,,1,,,88,0.13,157,0.22,75,0.11,147,0.21,80,0.11,153,0.22,700,attack,304,243,fast,1294.89,5,highly_specialized,0.99,top_tier,0.98,top_tier,1,3,0,0.5,solid,sweeper,solid-sweeper,1.5,44.5,19.78,light,1,0.0,mythical,,0,3,0,120,no-eggs,slow,humanoid,yellow,Thunderclap Pokémon,"It electrifies its claws and tears its opponents apart with them. Even if they dodge its attack, they’ll be electrocuted by the flying sparks.",zeraora,1,0,0,1.0,1.0,1.0,0.5,1.0,1.0,1.0,1.0,2.0,0.5,1.0,1.0,1.0,1.0,1.0,1.0,0.5,1.0
808,meltan,meltan,7,steel,,1,magnet-pull,,46,0.15,65,0.22,65,0.22,55,0.18,35,0.12,34,0.11,300,attack,120,146,slow,162.0,2,balanced,0.09,bottom_tier,0.13,bottom_tier,3,10,1,3.5,iron,weak_slow,iron-weak_slow,0.2,8.0,200.0,very_heavy,1,0.0,mythical,135.0,20,3,0,120,no-eggs,slow,ball,gray,Hex Nut Pokémon,"It melts particles of iron and other metals found in the subsoil, so it can absorb them into its body of molten steel.",meltan,1,0,0,0.5,2.0,1.0,1.0,0.5,0.5,2.0,0.0,2.0,0.5,0.5,0.5,0.5,1.0,0.5,1.0,0.5,0.5
809,melmetal,melmetal,7,steel,,1,iron-fist,,135,0.22,143,0.24,143,0.24,80,0.13,65,0.11,34,0.06,600,attack,223,343,slow,1817.33,5,extreme,0.91,top_tier,0.9,top_tier,3,10,1,3.5,iron,bulky_attacker,iron-bulky_attacker,2.5,800.0,128.0,very_heavy,1,0.0,mythical,270.0,47,3,0,120,no-eggs,slow,humanoid,gray,Hex Nut Pokémon,"Revered long ago for its capacity to create iron from nothing, for some reason it has come back to life after 3,000 years.",melmetal,1,0,0,0.5,2.0,1.0,1.0,0.5,0.5,2.0,0.0,2.0,0.5,0.5,0.5,0.5,1.0,0.5,1.0,0.5,0.5
809,melmetal,melmetal-gmax,7,steel,,1,iron-fist,,135,0.22,143,0.24,143,0.24,80,0.13,65,0.11,34,0.06,600,attack,223,343,slow,1817.33,5,extreme,0.91,top_tier,0.9,top_tier,3,10,1,3.5,iron,bulky_attacker,iron-bulky_attacker,25.0,1000.0,1.6,very_light,1,0.0,mythical,270.0,0,3,0,120,no-eggs,slow,humanoid,gray,Hex Nut Pokémon,"Revered long ago for its capacity to create iron from nothing, for some reason it has come back to life after 3,000 years.",melmetal,1,0,0,0.5,2.0,1.0,1.0,0.5,0.5,2.0,0.0,2.0,0.5,0.5,0.5,0.5,1.0,0.5,1.0,0.5,0.5
810,grookey,grookey,8,grass,,1,overgrow,grassy-surge,50,0.16,65,0.21,50,0.16,40,0.13,40,0.13,65,0.21,310,attack,105,140,average,105.56,1,balanced,0.11,bottom_tier,0.17,bottom_tier,5,4,0,-3.0,frail,fragile,frail-fragile,0.3,5.0,55.56,very_heavy,0,0.125,normal,62.0,58,45,50,20,"ground, plant",medium-slow,upright,green,Chimp Pokémon,"When it uses its special stick to strike up a beat, the sound waves produced carry revitalizing energy to the plants and flowers in the area.",grookey --> thwackey --> rillaboom,3,1,0,1.0,2.0,0.5,0.5,0.5,2.0,1.0,2.0,0.5,2.0,1.0,2.0,1.0,1.0,1.0,1.0,1.0,1.0
811,thwackey,thwackey,8,grass,,1,overgrow,grassy-surge,70,0.17,85,0.2,70,0.17,55,0.13,60,0.14,80,0.19,420,attack,140,200,average,108.33,1,balanced,0.18,bottom_tier,0.39,lower_mid_tier,5,4,0,-3.0,frail,balanced,frail-balanced,0.7,14.0,28.57,average,0,0.125,normal,147.0,60,45,50,20,"ground, plant",medium-slow,upright,green,Beat Pokémon,"The faster a Thwackey can beat out a rhythm with its two sticks, the more respect it wins from its peers.",grookey --> thwackey --> rillaboom,3,2,0,1.0,2.0,0.5,0.5,0.5,2.0,1.0,2.0,0.5,2.0,1.0,2.0,1.0,1.0,1.0,1.0,1.0,1.0
812,rillaboom,rillaboom,8,grass,,1,overgrow,grassy-surge,100,0.19,125,0.24,90,0.17,60,0.11,70,0.13,85,0.16,530,attack,185,260,average,438.89,4,slightly_specialized,0.85,top_tier,0.76,upper_mid_tier,5,4,0,-3.0,frail,juggernaut,frail-juggernaut,2.1,90.0,20.41,light,0,0.125,normal,265.0,83,45,50,20,"ground, plant",medium-slow,humanoid,green,Drummer Pokémon,"By drumming, it taps into the power of its special tree stump. The roots of the stump follow its direction in battle.",grookey --> thwackey --> rillaboom,3,3,1,1.0,2.0,0.5,0.5,0.5,2.0,1.0,2.0,0.5,2.0,1.0,2.0,1.0,1.0,1.0,1.0,1.0,1.0
812,rillaboom,rillaboom-gmax,8,grass,,1,overgrow,grassy-surge,100,0.19,125,0.24,90,0.17,60,0.11,70,0.13,85,0.16,530,attack,185,260,average,438.89,4,slightly_specialized,0.85,top_tier,0.76,upper_mid_tier,5,4,0,-3.0,frail,juggernaut,frail-juggernaut,28.0,1000.0,1.28,very_light,0,0.125,normal,265.0,0,45,50,20,"ground, plant",medium-slow,humanoid,green,Drummer Pokémon,"By drumming, it taps into the power of its special tree stump. The roots of the stump follow its direction in battle.",grookey --> thwackey --> rillaboom,3,3,1,1.0,2.0,0.5,0.5,0.5,2.0,1.0,2.0,0.5,2.0,1.0,2.0,1.0,1.0,1.0,1.0,1.0,1.0
813,scorbunny,scorbunny,8,fire,,1,blaze,libero,50,0.16,71,0.23,40,0.13,40,0.13,40,0.13,69,0.22,310,attack,111,130,average,180.89,2,balanced,0.11,bottom_tier,0.17,bottom_tier,3,6,0,0.0,neutral,fragile,neutral-fragile,0.3,4.5,50.0,very_heavy,0,0.125,normal,62.0,56,45,50,20,"ground, humanshape",medium-slow,upright,white,Rabbit Pokémon,"A warm-up of running around gets fire energy coursing through this Pokémon’s body. Once that happens, it’s ready to fight at full power.",scorbunny --> raboot --> cinderace,3,1,0,1.0,0.5,2.0,1.0,0.5,0.5,1.0,1.0,2.0,1.0,1.0,0.5,2.0,1.0,1.0,1.0,0.5,0.5
814,raboot,raboot,8,fire,,1,blaze,libero,65,0.15,86,0.2,60,0.14,55,0.13,60,0.14,94,0.22,420,speed,141,185,average,213.67,2,slightly_specialized,0.18,bottom_tier,0.39,lower_mid_tier,3,6,0,0.0,neutral,midrange,neutral-midrange,0.6,9.0,25.0,average,0,0.125,normal,147.0,59,45,50,20,"ground, humanshape",medium-slow,upright,gray,Rabbit Pokémon,Its thick and fluffy fur protects it from the cold and enables it to use hotter fire moves.,scorbunny --> raboot --> cinderace,3,2,0,1.0,0.5,2.0,1.0,0.5,0.5,1.0,1.0,2.0,1.0,1.0,0.5,2.0,1.0,1.0,1.0,0.5,0.5
815,cinderace,cinderace,8,fire,,1,blaze,libero,80,0.15,116,0.22,75,0.14,65,0.12,75,0.14,119,0.22,530,speed,181,230,fast,445.89,4,slightly_specialized,0.85,top_tier,0.76,upper_mid_tier,3,6,0,0.0,neutral,sweeper,neutral-sweeper,1.4,33.0,16.84,light,0,0.125,normal,265.0,78,45,50,20,"ground, humanshape",medium-slow,upright,white,Striker Pokémon,"It juggles a pebble with its feet, turning it into a burning soccer ball. Its shots strike opponents hard and leave them scorched.",scorbunny --> raboot --> cinderace,3,3,1,1.0,0.5,2.0,1.0,0.5,0.5,1.0,1.0,2.0,1.0,1.0,0.5,2.0,1.0,1.0,1.0,0.5,0.5
815,cinderace,cinderace-gmax,8,fire,,1,blaze,libero,80,0.15,116,0.22,75,0.14,65,0.12,75,0.14,119,0.22,530,speed,181,230,fast,445.89,4,slightly_specialized,0.85,top_tier,0.76,upper_mid_tier,3,6,0,0.0,neutral,sweeper,neutral-sweeper,27.0,1000.0,1.37,very_light,0,0.125,normal,265.0,0,45,50,20,"ground, humanshape",medium-slow,upright,white,Striker Pokémon,"It juggles a pebble with its feet, turning it into a burning soccer ball. Its shots strike opponents hard and leave them scorched.",scorbunny --> raboot --> cinderace,3,3,1,1.0,0.5,2.0,1.0,0.5,0.5,1.0,1.0,2.0,1.0,1.0,0.5,2.0,1.0,1.0,1.0,0.5,0.5
816,sobble,sobble,8,water,,1,torrent,sniper,50,0.16,40,0.13,40,0.13,70,0.23,40,0.13,70,0.23,310,sp_attack,110,130,average,180.56,2,balanced,0.11,bottom_tier,0.17,bottom_tier,2,4,0,0.0,neutral,fragile,neutral-fragile,0.3,4.0,44.44,heavy,0,0.125,normal,62.0,46,45,50,20,"water1, ground",medium-slow,quadruped,blue,Water Lizard Pokémon,"When scared, this Pokémon cries. Its tears pack the chemical punch of 100 onions, and attackers won’t be able to resist weeping.",sobble --> drizzile --> inteleon,3,1,0,1.0,0.5,0.5,2.0,2.0,0.5,1.0,1.0,1.0,1.0,1.0,1.0,1.0,1.0,1.0,1.0,0.5,1.0
817,drizzile,drizzile,8,water,,1,torrent,sniper,65,0.15,60,0.14,55,0.13,95,0.23,55,0.13,90,0.21,420,sp_attack,155,175,average,266.67,2,slightly_specialized,0.18,bottom_tier,0.39,lower_mid_tier,2,4,0,0.0,neutral,midrange,neutral-midrange,0.7,11.5,23.47,average,0,0.125,normal,147.0,47,45,50,20,"water1, ground",medium-slow,upright,blue,Water Lizard Pokémon,"A clever combatant, this Pokémon battles using water balloons created with moisture secreted from its palms.",sobble --> drizzile --> inteleon,3,2,0,1.0,0.5,0.5,2.0,2.0,0.5,1.0,1.0,1.0,1.0,1.0,1.0,1.0,1.0,1.0,1.0,0.5,1.0
818,inteleon,inteleon,8,water,,1,torrent,sniper,70,0.13,85,0.16,65,0.12,125,0.24,65,0.12,120,0.23,530,sp_attack,210,200,fast,630.56,4,specialized,0.85,top_tier,0.76,upper_mid_tier,2,4,0,0.0,neutral,sweeper,neutral-sweeper,1.9,45.2,12.52,very_light,0,0.125,normal,265.0,74,45,50,20,"water1, ground",medium-slow,upright,blue,Secret Agent Pokémon,"It has many hidden capabilities, such as fingertips that can shoot water and a membrane on its back that it can use to glide through the air.",sobble --> drizzile --> inteleon,3,3,1,1.0,0.5,0.5,2.0,2.0,0.5,1.0,1.0,1.0,1.0,1.0,1.0,1.0,1.0,1.0,1.0,0.5,1.0
818,inteleon,inteleon-gmax,8,water,,1,torrent,sniper,70,0.13,85,0.16,65,0.12,125,0.24,65,0.12,120,0.23,530,sp_attack,210,200,fast,630.56,4,specialized,0.85,top_tier,0.76,upper_mid_tier,2,4,0,0.0,neutral,sweeper,neutral-sweeper,40.0,1000.0,0.62,very_light,0,0.125,normal,265.0,0,45,50,20,"water1, ground",medium-slow,upright,blue,Secret Agent Pokémon,"It has many hidden capabilities, such as fingertips that can shoot water and a membrane on its back that it can use to glide through the air.",sobble --> drizzile --> inteleon,3,3,1,1.0,0.5,0.5,2.0,2.0,0.5,1.0,1.0,1.0,1.0,1.0,1.0,1.0,1.0,1.0,1.0,0.5,1.0
819,skwovet,skwovet,8,normal,,1,cheek-pouch,gluttony,70,0.25,55,0.2,55,0.2,35,0.13,35,0.13,25,0.09,275,hp,90,160,slow,236.81,2,slightly_specialized,0.08,bottom_tier,0.09,bottom_tier,1,0,1,0.5,solid,weak_slow,solid-weak_slow,0.3,2.5,27.78,average,0,0.5,normal,55.0,47,255,50,20,ground,medium,upright,brown,Cheeky Pokémon,"Found throughout the Galar region, this Pokémon becomes uneasy if its cheeks are ever completely empty of berries.",skwovet --> greedent,2,1,0,1.0,1.0,1.0,1.0,1.0,1.0,2.0,1.0,1.0,1.0,1.0,1.0,1.0,0.0,1.0,1.0,1.0,1.0
820,greedent,greedent,8,normal,,1,cheek-pouch,gluttony,120,0.26,95,0.21,95,0.21,55,0.12,75,0.16,20,0.04,460,hp,150,290,slow,1038.89,5,highly_specialized,0.22,lower_mid_tier,0.46,mid_tier,1,0,1,0.5,solid,tank,solid-tank,0.6,6.0,16.67,light,0,0.5,normal,161.0,60,90,50,20,ground,medium,upright,brown,Greedy Pokémon,"It stashes berries in its tail—so many berries that they fall out constantly. But this Pokémon is a bit slow-witted, so it doesn’t notice the loss.",skwovet --> greedent,2,2,1,1.0,1.0,1.0,1.0,1.0,1.0,2.0,1.0,1.0,1.0,1.0,1.0,1.0,0.0,1.0,1.0,1.0,1.0
821,rookidee,rookidee,8,flying,,1,"keen-eye, unnerve",big-pecks,38,0.16,47,0.19,35,0.14,33,0.13,35,0.14,57,0.23,245,speed,80,108,slow,72.81,1,balanced,0.03,bottom_tier,0.06,bottom_tier,3,3,1,0.0,neutral,fragile,neutral-fragile,0.2,1.8,45.0,heavy,0,0.5,normal,49.0,47,255,50,15,flying,medium-slow,wings,blue,Tiny Bird Pokémon,"It will bravely challenge any opponent, no matter how powerful. This Pokémon benefits from every battle—even a defeat increases its strength a bit.",rookidee --> corvisquire --> corviknight,3,1,0,1.0,1.0,1.0,2.0,0.5,2.0,0.5,1.0,0.0,1.0,1.0,0.5,2.0,1.0,1.0,1.0,1.0,1.0
822,corvisquire,corvisquire,8,flying,,1,"keen-eye, unnerve",big-pecks,68,0.19,67,0.18,55,0.15,43,0.12,55,0.15,77,0.21,365,speed,110,178,average,122.81,1,balanced,0.14,bottom_tier,0.29,lower_mid_tier,3,3,1,0.0,neutral,fragile,neutral-fragile,0.8,16.0,25.0,average,0,0.5,normal,128.0,44,120,50,15,flying,medium-slow,wings,blue,Raven Pokémon,"Smart enough to use tools in battle, these Pokémon have been seen picking up rocks and flinging them or using ropes to wrap up enemies.",rookidee --> corvisquire --> corviknight,3,2,0,1.0,1.0,1.0,2.0,0.5,2.0,0.5,1.0,0.0,1.0,1.0,0.5,2.0,1.0,1.0,1.0,1.0,1.0
823,corviknight,corviknight,8,flying,steel,2,"pressure, unnerve",mirror-armor,98,0.2,87,0.18,105,0.21,53,0.11,85,0.17,67,0.14,495,defense,140,288,average,313.92,3,slightly_specialized,0.49,mid_tier,0.62,upper_mid_tier,2,8,2,5.0,iron,bulky,iron-bulky,2.2,75.0,15.5,light,0,0.5,normal,248.0,68,45,50,15,flying,medium-slow,wings,purple,Raven Pokémon,This Pokémon reigns supreme in the skies of the Galar region. The black luster of its steel body could drive terror into the heart of any foe.,rookidee --> corvisquire --> corviknight,3,3,1,0.5,2.0,1.0,2.0,0.25,1.0,1.0,0.0,0.0,0.5,0.5,0.25,1.0,1.0,0.5,1.0,0.5,0.5
823,corviknight,corviknight-gmax,8,flying,steel,2,"pressure, unnerve",mirror-armor,98,0.2,87,0.18,105,0.21,53,0.11,85,0.17,67,0.14,495,defense,140,288,average,313.92,3,slightly_specialized,0.49,mid_tier,0.62,upper_mid_tier,2,8,2,5.0,iron,bulky,iron-bulky,14.0,1000.0,5.1,very_light,0,0.5,normal,248.0,0,45,50,15,flying,medium-slow,wings,purple,Raven Pokémon,This Pokémon reigns supreme in the skies of the Galar region. The black luster of its steel body could drive terror into the heart of any foe.,rookidee --> corvisquire --> corviknight,3,3,1,0.5,2.0,1.0,2.0,0.25,1.0,1.0,0.0,0.0,0.5,0.5,0.25,1.0,1.0,0.5,1.0,0.5,0.5
824,blipbug,blipbug,8,bug,,1,"swarm, compound-eyes",telepathy,25,0.14,20,0.11,20,0.11,25,0.14,45,0.25,45,0.25,180,sp_defense,45,90,slow,116.67,1,balanced,0.01,bottom_tier,0.0,bottom_tier,3,3,0,-1.5,exposed,weak_slow,exposed-weak_slow,0.4,8.0,50.0,very_heavy,0,0.5,normal,36.0,5,255,50,15,bug,medium,armor,blue,Larva Pokémon,"A constant collector of information, this Pokémon is very smart. Very strong is what it isn’t.",blipbug --> dottler --> orbeetle,3,1,0,1.0,2.0,1.0,1.0,0.5,1.0,0.5,1.0,0.5,2.0,1.0,1.0,2.0,1.0,1.0,1.0,1.0,1.0
825,dottler,dottler,8,bug,psychic,2,"swarm, compound-eyes",telepathy,50,0.15,35,0.1,80,0.24,50,0.15,90,0.27,30,0.09,335,sp_defense,85,220,slow,486.81,4,slightly_specialized,0.14,bottom_tier,0.24,lower_mid_tier,6,4,0,-4.0,frail,slow_attacker,frail-slow_attacker,0.4,19.5,121.87,very_heavy,0,0.5,normal,117.0,40,120,50,15,bug,medium,armor,yellow,Radome Pokémon,"It barely moves, but it’s still alive. Hiding in its shell without food or water seems to have awakened its psychic powers.",blipbug --> dottler --> orbeetle,3,2,0,1.0,2.0,1.0,1.0,0.5,1.0,0.25,1.0,0.5,2.0,0.5,2.0,2.0,2.0,1.0,2.0,1.0,1.0
826,orbeetle,orbeetle,8,bug,psychic,2,"swarm, frisk",telepathy,60,0.12,45,0.09,110,0.22,80,0.16,120,0.24,90,0.18,505,sp_defense,125,290,average,686.81,5,specialized,0.72,upper_mid_tier,0.68,upper_mid_tier,6,4,0,-4.0,frail,bulky_speedster,frail-bulky_speedster,0.4,40.8,255.0,very_heavy,0,0.5,normal,253.0,53,45,50,15,bug,medium,wings,red,Seven Spot Pokémon,"It’s famous for its high level of intelligence, and the large size of its brain is proof that it also possesses immense psychic power.",blipbug --> dottler --> orbeetle,3,3,1,1.0,2.0,1.0,1.0,0.5,1.0,0.25,1.0,0.5,2.0,0.5,2.0,2.0,2.0,1.0,2.0,1.0,1.0
826,orbeetle,orbeetle-gmax,8,bug,psychic,2,"swarm, frisk",telepathy,60,0.12,45,0.09,110,0.22,80,0.16,120,0.24,90,0.18,505,sp_defense,125,290,average,686.81,5,specialized,0.72,upper_mid_tier,0.68,upper_mid_tier,6,4,0,-4.0,frail,bulky_speedster,frail-bulky_speedster,14.0,1000.0,5.1,very_light,0,0.5,normal,253.0,0,45,50,15,bug,medium,wings,red,Seven Spot Pokémon,"It’s famous for its high level of intelligence, and the large size of its brain is proof that it also possesses immense psychic power.",blipbug --> dottler --> orbeetle,3,3,1,1.0,2.0,1.0,1.0,0.5,1.0,0.25,1.0,0.5,2.0,0.5,2.0,2.0,2.0,1.0,2.0,1.0,1.0
827,nickit,nickit,8,dark,,1,"run-away, unburden",stakeout,40,0.16,28,0.11,28,0.11,47,0.19,52,0.21,50,0.2,245,sp_defense,75,120,slow,96.14,1,balanced,0.03,bottom_tier,0.06,bottom_tier,3,2,1,-0.5,exposed,weak_slow,exposed-weak_slow,0.6,8.9,24.72,average,0,0.5,normal,49.0,35,255,50,15,ground,fast,quadruped,brown,Fox Pokémon,"Aided by the soft pads on its feet, it silently raids the food stores of other Pokémon. It survives off its ill-gotten gains.",nickit --> thievul,2,1,0,1.0,1.0,1.0,1.0,1.0,1.0,2.0,1.0,1.0,1.0,0.0,2.0,1.0,0.5,1.0,0.5,1.0,2.0
828,thievul,thievul,8,dark,,1,"run-away, unburden",stakeout,70,0.15,58,0.13,58,0.13,87,0.19,92,0.2,90,0.2,455,sp_defense,145,220,average,209.47,2,slightly_specialized,0.21,lower_mid_tier,0.45,mid_tier,3,2,1,-0.5,exposed,midrange,exposed-midrange,1.2,19.9,13.82,light,0,0.5,normal,159.0,46,127,50,15,ground,fast,quadruped,brown,Fox Pokémon,"It secretly marks potential targets with a scent. By following the scent, it stalks its targets and steals from them when they least expect it.",nickit --> thievul,2,2,1,1.0,1.0,1.0,1.0,1.0,1.0,2.0,1.0,1.0,1.0,0.0,2.0,1.0,0.5,1.0,0.5,1.0,2.0
829,gossifleur,gossifleur,8,grass,,1,"cotton-down, regenerator",effect-spore,40,0.16,40,0.16,60,0.24,40,0.16,60,0.24,10,0.04,250,defense,80,160,slow,280.56,3,slightly_specialized,0.04,bottom_tier,0.06,bottom_tier,5,4,0,-3.0,frail,weak_slow,frail-weak_slow,0.4,2.2,13.75,light,0,0.5,normal,50.0,38,190,50,20,plant,medium,blob,green,Flowering Pokémon,"It anchors itself in the ground with its single leg, then basks in the sun. After absorbing enough sunlight, its petals spread as it blooms brilliantly.",gossifleur --> eldegoss,2,1,0,1.0,2.0,0.5,0.5,0.5,2.0,1.0,2.0,0.5,2.0,1.0,2.0,1.0,1.0,1.0,1.0,1.0,1.0
830,eldegoss,eldegoss,8,grass,,1,"cotton-down, regenerator",effect-spore,60,0.13,50,0.11,90,0.2,80,0.17,120,0.26,60,0.13,460,sp_defense,130,270,average,555.56,4,specialized,0.22,lower_mid_tier,0.46,mid_tier,5,4,0,-3.0,frail,support,frail-support,0.5,2.5,10.0,very_light,0,0.5,normal,161.0,38,75,50,20,plant,medium,blob,green,Cotton Bloom Pokémon,The seeds attached to its cotton fluff are full of nutrients. It spreads them on the wind so that plants and other Pokémon can benefit from them.,gossifleur --> eldegoss,2,2,1,1.0,2.0,0.5,0.5,0.5,2.0,1.0,2.0,0.5,2.0,1.0,2.0,1.0,1.0,1.0,1.0,1.0,1.0
831,wooloo,wooloo,8,normal,,1,"fluffy, run-away",bulletproof,42,0.16,40,0.15,55,0.2,40,0.15,45,0.17,48,0.18,270,defense,80,142,slow,28.0,1,balanced,0.06,bottom_tier,0.08,bottom_tier,1,0,1,0.5,solid,weak_slow,solid-weak_slow,0.6,6.0,16.67,light,0,0.5,normal,122.0,30,255,50,15,ground,medium,quadruped,white,Sheep Pokémon,"Its curly fleece is such an effective cushion that this Pokémon could fall off a cliff and stand right back up at the bottom, unharmed.",wooloo --> dubwool,2,1,0,1.0,1.0,1.0,1.0,1.0,1.0,2.0,1.0,1.0,1.0,1.0,1.0,1.0,0.0,1.0,1.0,1.0,1.0
832,dubwool,dubwool,8,normal,,1,"fluffy, steadfast",bulletproof,72,0.15,80,0.16,100,0.2,60,0.12,90,0.18,88,0.18,490,defense,140,262,average,168.56,2,balanced,0.32,lower_mid_tier,0.58,mid_tier,1,0,1,0.5,solid,bulky_speedster,solid-bulky_speedster,1.3,43.0,25.44,average,0,0.5,normal,172.0,38,127,50,15,ground,medium,quadruped,white,Sheep Pokémon,"Weave a carpet from its springy wool, and you end up with something closer to a trampoline. You’ll start to bounce the moment you set foot on it.",wooloo --> dubwool,2,2,1,1.0,1.0,1.0,1.0,1.0,1.0,2.0,1.0,1.0,1.0,1.0,1.0,1.0,0.0,1.0,1.0,1.0,1.0
833,chewtle,chewtle,8,water,,1,"strong-jaw, shell-armor",swift-swim,50,0.18,64,0.23,50,0.18,38,0.13,38,0.13,44,0.15,284,attack,102,138,slow,79.56,1,balanced,0.09,bottom_tier,0.1,bottom_tier,2,4,0,0.0,neutral,weak_slow,neutral-weak_slow,0.3,8.5,94.44,very_heavy,0,0.5,normal,57.0,43,255,50,20,"monster, water1",medium,quadruped,green,Snapping Pokémon,Apparently the itch of its teething impels it to snap its jaws at anything in front of it.,chewtle --> drednaw,2,1,0,1.0,0.5,0.5,2.0,2.0,0.5,1.0,1.0,1.0,1.0,1.0,1.0,1.0,1.0,1.0,1.0,0.5,1.0
834,drednaw,drednaw,8,water,rock,2,"strong-jaw, shell-armor",swift-swim,90,0.19,115,0.24,90,0.19,48,0.1,68,0.14,74,0.15,485,attack,163,248,average,437.47,4,slightly_specialized,0.3,lower_mid_tier,0.55,mid_tier,4,5,0,-1.5,exposed,balanced,exposed-balanced,1.0,115.5,115.5,very_heavy,0,0.5,normal,170.0,72,75,50,20,"monster, water1",medium,quadruped,green,Bite Pokémon,"With jaws that can shear through steel rods, this highly aggressive Pokémon chomps down on its unfortunate prey.",chewtle --> drednaw,2,2,1,0.5,0.25,1.0,2.0,4.0,0.5,2.0,0.5,2.0,0.5,1.0,1.0,1.0,1.0,1.0,1.0,1.0,1.0
834,drednaw,drednaw-gmax,8,water,rock,2,"strong-jaw, shell-armor",swift-swim,90,0.19,115,0.24,90,0.19,48,0.1,68,0.14,74,0.15,485,attack,163,248,average,437.47,4,slightly_specialized,0.3,lower_mid_tier,0.55,mid_tier,4,5,0,-1.5,exposed,balanced,exposed-balanced,24.0,1000.0,1.74,very_light,0,0.5,normal,170.0,0,75,50,20,"monster, water1",medium,quadruped,green,Bite Pokémon,"With jaws that can shear through steel rods, this highly aggressive Pokémon chomps down on its unfortunate prey.",chewtle --> drednaw,2,2,1,0.5,0.25,1.0,2.0,4.0,0.5,2.0,0.5,2.0,0.5,1.0,1.0,1.0,1.0,1.0,1.0,1.0,1.0
835,yamper,yamper,8,electric,,1,ball-fetch,rattled,59,0.22,45,0.17,50,0.19,40,0.15,50,0.19,26,0.1,270,hp,85,159,slow,105.33,1,balanced,0.06,bottom_tier,0.08,bottom_tier,1,3,0,0.5,solid,weak_slow,solid-weak_slow,0.3,13.5,150.0,very_heavy,0,0.5,normal,54.0,38,255,50,20,ground,fast,quadruped,yellow,Puppy Pokémon,"This Pokémon is very popular as a herding dog in the Galar region. As it runs, it generates electricity from the base of its tail.",yamper --> boltund,2,1,0,1.0,1.0,1.0,0.5,1.0,1.0,1.0,1.0,2.0,0.5,1.0,1.0,1.0,1.0,1.0,1.0,0.5,1.0
836,boltund,boltund,8,electric,,1,strong-jaw,competitive,69,0.14,90,0.18,60,0.12,90,0.18,60,0.12,121,0.25,490,speed,180,189,fast,464.22,4,slightly_specialized,0.32,lower_mid_tier,0.58,mid_tier,1,3,0,0.5,solid,sweeper,solid-sweeper,1.0,34.0,34.0,heavy,0,0.5,normal,172.0,43,45,50,20,ground,fast,quadruped,yellow,Dog Pokémon,This Pokémon generates electricity and channels it into its legs to keep them going strong. Boltund can run nonstop for three full days.,yamper --> boltund,2,2,1,1.0,1.0,1.0,0.5,1.0,1.0,1.0,1.0,2.0,0.5,1.0,1.0,1.0,1.0,1.0,1.0,0.5,1.0
837,rolycoly,rolycoly,8,rock,,1,"steam-engine, heatproof",flash-fire,30,0.12,40,0.17,50,0.21,40,0.17,50,0.21,30,0.12,240,defense,80,130,slow,66.67,1,balanced,0.02,bottom_tier,0.05,bottom_tier,5,4,0,-3.0,frail,weak_slow,frail-weak_slow,0.3,12.0,133.33,very_heavy,0,0.5,normal,48.0,43,255,50,15,mineral,medium-slow,ball,black,Coal Pokémon,"Most of its body has the same composition as coal. Fittingly, this Pokémon was first discovered in coal mines about 400 years ago.",rolycoly --> carkol --> coalossal,3,1,0,0.5,0.5,2.0,1.0,2.0,1.0,2.0,0.5,2.0,0.5,1.0,1.0,1.0,1.0,1.0,1.0,2.0,1.0
838,carkol,carkol,8,rock,fire,2,"steam-engine, flame-body",flash-fire,80,0.2,60,0.15,90,0.22,60,0.15,70,0.17,50,0.12,410,defense,120,240,slow,180.56,2,balanced,0.16,bottom_tier,0.35,lower_mid_tier,4,7,0,-0.5,exposed,slow_attacker,exposed-slow_attacker,1.1,78.0,64.46,very_heavy,0,0.5,normal,144.0,55,120,50,15,mineral,medium-slow,legs,black,Coal Pokémon,It forms coal inside its body. Coal dropped by this Pokémon once helped fuel the lives of people in the Galar region.,rolycoly --> carkol --> coalossal,3,2,0,0.5,0.25,4.0,1.0,1.0,0.5,2.0,0.5,4.0,0.5,1.0,0.5,2.0,1.0,1.0,1.0,1.0,0.5
839,coalossal,coalossal,8,rock,fire,2,"steam-engine, flame-body",flash-fire,110,0.22,80,0.16,120,0.24,80,0.16,90,0.18,30,0.06,510,defense,160,320,slow,825.0,5,specialized,0.78,upper_mid_tier,0.7,upper_mid_tier,4,7,0,-0.5,exposed,tank,exposed-tank,2.8,310.5,39.6,heavy,0,0.5,normal,255.0,63,45,50,15,mineral,medium-slow,humanoid,black,Coal Pokémon,"It’s usually peaceful, but the vandalism of mines enrages it. Offenders will be incinerated with flames that reach 2,700 degrees Fahrenheit.",rolycoly --> carkol --> coalossal,3,3,1,0.5,0.25,4.0,1.0,1.0,0.5,2.0,0.5,4.0,0.5,1.0,0.5,2.0,1.0,1.0,1.0,1.0,0.5
839,coalossal,coalossal-gmax,8,rock,fire,2,"steam-engine, flame-body",flash-fire,110,0.22,80,0.16,120,0.24,80,0.16,90,0.18,30,0.06,510,defense,160,320,slow,825.0,5,specialized,0.78,upper_mid_tier,0.7,upper_mid_tier,4,7,0,-0.5,exposed,tank,exposed-tank,42.0,1000.0,0.57,very_light,0,0.5,normal,255.0,0,45,50,15,mineral,medium-slow,humanoid,black,Coal Pokémon,"It’s usually peaceful, but the vandalism of mines enrages it. Offenders will be incinerated with flames that reach 2,700 degrees Fahrenheit.",rolycoly --> carkol --> coalossal,3,3,1,0.5,0.25,4.0,1.0,1.0,0.5,2.0,0.5,4.0,0.5,1.0,0.5,2.0,1.0,1.0,1.0,1.0,0.5
840,applin,applin,8,grass,dragon,2,"ripen, gluttony",bulletproof,40,0.15,40,0.15,80,0.31,40,0.15,40,0.15,20,0.08,260,defense,80,160,slow,322.22,3,slightly_specialized,0.04,bottom_tier,0.07,bottom_tier,6,4,0,-4.0,frail,weak_slow,frail-weak_slow,0.2,0.5,12.5,very_light,0,0.5,normal,52.0,11,255,50,20,"plant, dragon",slow-then-very-fast,squiggle,green,Apple Core Pokémon,"It spends its entire life inside an apple. It hides from its natural enemies, bird Pokémon, by pretending it’s just an apple and nothing more.",applin --> flapple,3,1,0,1.0,1.0,0.25,0.25,0.25,4.0,1.0,2.0,0.5,2.0,1.0,2.0,1.0,1.0,2.0,1.0,1.0,2.0
841,flapple,flapple,8,grass,dragon,2,"ripen, gluttony",hustle,70,0.14,110,0.23,80,0.16,95,0.2,60,0.12,70,0.14,485,attack,205,210,average,286.81,3,slightly_specialized,0.3,lower_mid_tier,0.55,mid_tier,6,4,0,-4.0,frail,attacker,frail-attacker,0.3,1.0,11.11,very_light,0,0.5,normal,170.0,52,45,50,20,"plant, dragon",slow-then-very-fast,wings,green,Apple Wing Pokémon,"It ate a sour apple, and that induced its evolution. In its cheeks, it stores an acid capable of causing chemical burns.",applin --> flapple,3,2,0,1.0,1.0,0.25,0.25,0.25,4.0,1.0,2.0,0.5,2.0,1.0,2.0,1.0,1.0,2.0,1.0,1.0,2.0
841,flapple,flapple-gmax,8,grass,dragon,2,"ripen, gluttony",hustle,70,0.14,110,0.23,80,0.16,95,0.2,60,0.12,70,0.14,485,attack,205,210,average,286.81,3,slightly_specialized,0.3,lower_mid_tier,0.55,mid_tier,6,4,0,-4.0,frail,attacker,frail-attacker,24.0,1000.0,1.74,very_light,0,0.5,normal,170.0,0,45,50,20,"plant, dragon",slow-then-very-fast,wings,green,Apple Wing Pokémon,"It ate a sour apple, and that induced its evolution. In its cheeks, it stores an acid capable of causing chemical burns.",applin --> flapple,3,2,0,1.0,1.0,0.25,0.25,0.25,4.0,1.0,2.0,0.5,2.0,1.0,2.0,1.0,1.0,2.0,1.0,1.0,2.0
842,appletun,appletun,8,grass,dragon,2,"ripen, gluttony",thick-fat,110,0.23,85,0.18,80,0.16,100,0.21,80,0.16,30,0.06,485,hp,185,270,slow,636.81,4,specialized,0.3,lower_mid_tier,0.55,mid_tier,6,4,0,-4.0,frail,bulky_attacker,frail-bulky_attacker,0.4,13.0,81.25,very_heavy,0,0.5,normal,170.0,60,45,50,20,"plant, dragon",slow-then-very-fast,quadruped,green,Apple Nectar Pokémon,"Eating a sweet apple caused its evolution. A nectarous scent wafts from its body, luring in the bug Pokémon it preys on.",applin --> flapple,3,2,0,1.0,1.0,0.25,0.25,0.25,4.0,1.0,2.0,0.5,2.0,1.0,2.0,1.0,1.0,2.0,1.0,1.0,2.0
842,appletun,appletun-gmax,8,grass,dragon,2,"ripen, gluttony",thick-fat,110,0.23,85,0.18,80,0.16,100,0.21,80,0.16,30,0.06,485,hp,185,270,slow,636.81,4,specialized,0.3,lower_mid_tier,0.55,mid_tier,6,4,0,-4.0,frail,bulky_attacker,frail-bulky_attacker,24.0,1000.0,1.74,very_light,0,0.5,normal,170.0,0,45,50,20,"plant, dragon",slow-then-very-fast,quadruped,green,Apple Nectar Pokémon,"Eating a sweet apple caused its evolution. A nectarous scent wafts from its body, luring in the bug Pokémon it preys on.",applin --> flapple,3,2,0,1.0,1.0,0.25,0.25,0.25,4.0,1.0,2.0,0.5,2.0,1.0,2.0,1.0,1.0,2.0,1.0,1.0,2.0
843,silicobra,silicobra,8,ground,,1,"sand-spit, shed-skin",sand-veil,52,0.17,57,0.18,75,0.24,35,0.11,50,0.16,46,0.15,315,defense,92,177,slow,146.92,2,balanced,0.13,bottom_tier,0.19,bottom_tier,3,2,1,-0.5,exposed,weak_slow,exposed-weak_slow,2.2,7.6,1.57,very_light,0,0.5,normal,63.0,43,255,50,20,"ground, dragon",medium,squiggle,green,Sand Snake Pokémon,"As it digs, it swallows sand and stores it in its neck pouch. The pouch can hold more than 17 pounds of sand.",silicobra --> sandaconda,2,1,0,1.0,1.0,2.0,0.0,2.0,2.0,1.0,0.5,1.0,1.0,1.0,1.0,0.5,1.0,1.0,1.0,1.0,1.0
844,sandaconda,sandaconda,8,ground,,1,"sand-spit, shed-skin",sand-veil,72,0.14,107,0.21,125,0.25,65,0.13,70,0.14,71,0.14,510,defense,172,267,average,512.33,4,specialized,0.78,upper_mid_tier,0.7,upper_mid_tier,3,2,1,-0.5,exposed,bulky,exposed-bulky,3.8,65.5,4.54,very_light,0,0.5,normal,179.0,53,120,50,20,"ground, dragon",medium,squiggle,green,Sand Snake Pokémon,"When it contracts its body, over 220 pounds of sand sprays from its nose. If it ever runs out of sand, it becomes disheartened.",silicobra --> sandaconda,2,2,1,1.0,1.0,2.0,0.0,2.0,2.0,1.0,0.5,1.0,1.0,1.0,1.0,0.5,1.0,1.0,1.0,1.0,1.0
844,sandaconda,sandaconda-gmax,8,ground,,1,"sand-spit, shed-skin",sand-veil,72,0.14,107,0.21,125,0.25,65,0.13,70,0.14,71,0.14,510,defense,172,267,average,512.33,4,specialized,0.78,upper_mid_tier,0.7,upper_mid_tier,3,2,1,-0.5,exposed,bulky,exposed-bulky,22.0,1000.0,2.07,very_light,0,0.5,normal,179.0,0,120,50,20,"ground, dragon",medium,squiggle,green,Sand Snake Pokémon,"When it contracts its body, over 220 pounds of sand sprays from its nose. If it ever runs out of sand, it becomes disheartened.",silicobra --> sandaconda,2,2,1,1.0,1.0,2.0,0.0,2.0,2.0,1.0,0.5,1.0,1.0,1.0,1.0,0.5,1.0,1.0,1.0,1.0,1.0
845,cramorant,cramorant,8,flying,water,2,gulp-missile,,70,0.15,85,0.18,55,0.12,85,0.18,95,0.2,85,0.18,475,sp_defense,170,220,average,170.14,2,balanced,0.26,lower_mid_tier,0.5,mid_tier,2,5,1,2.0,iron,midrange,iron-midrange,0.8,18.0,28.12,average,0,0.5,normal,166.0,61,45,50,20,"water1, flying",medium,wings,blue,Gulp Pokémon,"It’s so strong that it can knock out some opponents in a single hit, but it also may forget what it’s battling midfight.",cramorant,1,0,0,1.0,0.5,0.5,4.0,1.0,1.0,0.5,1.0,0.0,1.0,1.0,0.5,2.0,1.0,1.0,1.0,0.5,1.0
845,cramorant,cramorant-gulping,8,flying,water,2,gulp-missile,,70,0.15,85,0.18,55,0.12,85,0.18,95,0.2,85,0.18,475,sp_defense,170,220,average,170.14,2,balanced,0.26,lower_mid_tier,0.5,mid_tier,2,5,1,2.0,iron,midrange,iron-midrange,0.8,18.0,28.12,average,0,0.5,normal,166.0,51,45,50,20,"water1, flying",medium,wings,blue,Gulp Pokémon,"It’s so strong that it can knock out some opponents in a single hit, but it also may forget what it’s battling midfight.",cramorant,1,0,0,1.0,0.5,0.5,4.0,1.0,1.0,0.5,1.0,0.0,1.0,1.0,0.5,2.0,1.0,1.0,1.0,0.5,1.0
845,cramorant,cramorant-gorging,8,flying,water,2,gulp-missile,,70,0.15,85,0.18,55,0.12,85,0.18,95,0.2,85,0.18,475,sp_defense,170,220,average,170.14,2,balanced,0.26,lower_mid_tier,0.5,mid_tier,2,5,1,2.0,iron,midrange,iron-midrange,0.8,18.0,28.12,average,0,0.5,normal,166.0,51,45,50,20,"water1, flying",medium,wings,blue,Gulp Pokémon,"It’s so strong that it can knock out some opponents in a single hit, but it also may forget what it’s battling midfight.",cramorant,1,0,0,1.0,0.5,0.5,4.0,1.0,1.0,0.5,1.0,0.0,1.0,1.0,0.5,2.0,1.0,1.0,1.0,0.5,1.0
846,arrokuda,arrokuda,8,water,,1,swift-swim,propeller-tail,41,0.15,63,0.22,40,0.14,40,0.14,30,0.11,66,0.24,280,speed,103,111,average,173.22,2,balanced,0.08,bottom_tier,0.1,bottom_tier,2,4,0,0.0,neutral,fragile,neutral-fragile,0.5,1.0,4.0,very_light,0,0.5,normal,56.0,46,255,50,20,water2,slow,fish,brown,Rush Pokémon,"If it sees any movement around it, this Pokémon charges for it straightaway, leading with its sharply pointed jaw. It’s very proud of that jaw.",arrokuda --> barraskewda,2,1,0,1.0,0.5,0.5,2.0,2.0,0.5,1.0,1.0,1.0,1.0,1.0,1.0,1.0,1.0,1.0,1.0,0.5,1.0
847,barraskewda,barraskewda,8,water,,1,swift-swim,propeller-tail,61,0.12,123,0.25,60,0.12,60,0.12,50,0.1,136,0.28,490,speed,183,171,fast,1171.56,5,highly_specialized,0.32,lower_mid_tier,0.58,mid_tier,2,4,0,0.0,neutral,sweeper,neutral-sweeper,1.3,30.0,17.75,light,0,0.5,normal,172.0,47,60,50,20,water2,slow,fish,brown,Skewer Pokémon,"This Pokémon has a jaw that’s as sharp as a spear and as strong as steel. Apparently Barraskewda’s flesh is surprisingly tasty, too.",arrokuda --> barraskewda,2,2,1,1.0,0.5,0.5,2.0,2.0,0.5,1.0,1.0,1.0,1.0,1.0,1.0,1.0,1.0,1.0,1.0,0.5,1.0
848,toxel,toxel,8,electric,poison,2,"rattled, static",klutz,40,0.17,38,0.16,35,0.14,54,0.22,35,0.14,40,0.17,242,sp_attack,92,110,slow,41.56,1,balanced,0.02,bottom_tier,0.05,bottom_tier,2,8,0,2.0,iron,weak_slow,iron-weak_slow,0.4,11.0,68.75,very_heavy,0,0.5,normal,48.0,21,75,50,25,no-eggs,medium-slow,upright,purple,Baby Pokémon,"It stores poison in an internal poison sac and secretes that poison through its skin. If you touch this Pokémon, a tingling sensation follows.",toxel --> toxtricity,2,1,0,1.0,1.0,1.0,0.5,0.5,1.0,0.5,0.5,4.0,0.5,2.0,0.5,1.0,1.0,1.0,1.0,0.5,0.5
849,toxtricity,toxtricity-amped,8,electric,poison,2,"punk-rock, plus",technician,75,0.15,98,0.2,70,0.14,114,0.23,70,0.14,75,0.15,502,sp_attack,212,215,average,274.89,3,slightly_specialized,0.69,upper_mid_tier,0.68,upper_mid_tier,2,8,0,2.0,iron,attacker,iron-attacker,1.6,40.0,15.62,light,0,0.5,normal,176.0,80,45,50,25,humanshape,medium-slow,upright,purple,Punk Pokémon,"When this Pokémon sounds as if it’s strumming a guitar, it’s actually clawing at the protrusions on its chest to generate electricity.",toxel --> toxtricity,2,2,1,1.0,1.0,1.0,0.5,0.5,1.0,0.5,0.5,4.0,0.5,2.0,0.5,1.0,1.0,1.0,1.0,0.5,0.5
849,toxtricity,toxtricity-low-key,8,electric,poison,2,"punk-rock, minus",technician,75,0.15,98,0.2,70,0.14,114,0.23,70,0.14,75,0.15,502,sp_attack,212,215,average,274.89,3,slightly_specialized,0.69,upper_mid_tier,0.68,upper_mid_tier,2,8,0,2.0,iron,attacker,iron-attacker,1.6,40.0,15.62,light,0,0.5,normal,176.0,81,45,50,25,humanshape,medium-slow,upright,purple,Punk Pokémon,"When this Pokémon sounds as if it’s strumming a guitar, it’s actually clawing at the protrusions on its chest to generate electricity.",toxel --> toxtricity,2,2,1,1.0,1.0,1.0,0.5,0.5,1.0,0.5,0.5,4.0,0.5,2.0,0.5,1.0,1.0,1.0,1.0,0.5,0.5
849,toxtricity,toxtricity-amped-gmax,8,electric,poison,2,"punk-rock, plus",technician,75,0.15,98,0.2,70,0.14,114,0.23,70,0.14,75,0.15,502,sp_attack,212,215,average,274.89,3,slightly_specialized,0.69,upper_mid_tier,0.68,upper_mid_tier,2,8,0,2.0,iron,attacker,iron-attacker,24.0,1000.0,1.74,very_light,0,0.5,normal,176.0,0,45,50,25,humanshape,medium-slow,upright,purple,Punk Pokémon,"When this Pokémon sounds as if it’s strumming a guitar, it’s actually clawing at the protrusions on its chest to generate electricity.",toxel --> toxtricity,2,2,1,1.0,1.0,1.0,0.5,0.5,1.0,0.5,0.5,4.0,0.5,2.0,0.5,1.0,1.0,1.0,1.0,0.5,0.5
849,toxtricity,toxtricity-low-key-gmax,8,electric,poison,2,"punk-rock, minus",technician,75,0.15,98,0.2,70,0.14,114,0.23,70,0.14,75,0.15,502,sp_attack,212,215,average,274.89,3,slightly_specialized,0.69,upper_mid_tier,0.68,upper_mid_tier,2,8,0,2.0,iron,attacker,iron-attacker,24.0,1000.0,1.74,very_light,0,0.5,normal,176.0,0,45,50,25,humanshape,medium-slow,upright,purple,Punk Pokémon,"When this Pokémon sounds as if it’s strumming a guitar, it’s actually clawing at the protrusions on its chest to generate electricity.",toxel --> toxtricity,2,2,1,1.0,1.0,1.0,0.5,0.5,1.0,0.5,0.5,4.0,0.5,2.0,0.5,1.0,1.0,1.0,1.0,0.5,0.5
850,sizzlipede,sizzlipede,8,fire,bug,2,"flash-fire, white-smoke",flame-body,50,0.16,65,0.21,45,0.15,50,0.16,50,0.16,45,0.15,305,attack,115,145,slow,45.14,1,balanced,0.09,bottom_tier,0.15,bottom_tier,3,6,0,0.0,neutral,weak_slow,neutral-weak_slow,0.7,1.0,2.04,very_light,0,0.5,normal,61.0,37,190,50,20,bug,medium,tentacles,red,Radiator Pokémon,It stores flammable gas in its body and uses it to generate heat. The yellow sections on its belly get particularly hot.,sizzlipede --> centiskorch,2,1,0,1.0,1.0,2.0,1.0,0.25,0.5,0.5,1.0,1.0,2.0,1.0,0.5,4.0,1.0,1.0,1.0,0.5,0.5
851,centiskorch,centiskorch,8,fire,bug,2,"flash-fire, white-smoke",flame-body,100,0.19,115,0.22,65,0.12,90,0.17,90,0.17,65,0.12,525,attack,205,255,average,322.92,3,slightly_specialized,0.82,top_tier,0.74,upper_mid_tier,3,6,0,0.0,neutral,attacker,neutral-attacker,3.0,120.0,13.33,very_light,0,0.5,normal,184.0,46,75,50,20,bug,medium,tentacles,red,Radiator Pokémon,"When it heats up, its body temperature reaches about 1,500 degrees Fahrenheit. It lashes its body like a whip and launches itself at enemies.",sizzlipede --> centiskorch,2,2,1,1.0,1.0,2.0,1.0,0.25,0.5,0.5,1.0,1.0,2.0,1.0,0.5,4.0,1.0,1.0,1.0,0.5,0.5
851,centiskorch,centiskorch-gmax,8,fire,bug,2,"flash-fire, white-smoke",flame-body,100,0.19,115,0.22,65,0.12,90,0.17,90,0.17,65,0.12,525,attack,205,255,average,322.92,3,slightly_specialized,0.82,top_tier,0.74,upper_mid_tier,3,6,0,0.0,neutral,attacker,neutral-attacker,75.0,1000.0,0.18,very_light,0,0.5,normal,184.0,0,75,50,20,bug,medium,tentacles,red,Radiator Pokémon,"When it heats up, its body temperature reaches about 1,500 degrees Fahrenheit. It lashes its body like a whip and launches itself at enemies.",sizzlipede --> centiskorch,2,2,1,1.0,1.0,2.0,1.0,0.25,0.5,0.5,1.0,1.0,2.0,1.0,0.5,4.0,1.0,1.0,1.0,0.5,0.5
852,clobbopus,clobbopus,8,fighting,,1,limber,technician,50,0.16,68,0.22,60,0.19,50,0.16,50,0.16,32,0.1,310,attack,118,160,slow,121.89,1,balanced,0.11,bottom_tier,0.17,bottom_tier,3,3,0,-1.5,exposed,weak_slow,exposed-weak_slow,0.6,4.0,11.11,very_light,0,0.5,normal,62.0,42,180,50,25,"water1, humanshape",medium-slow,tentacles,brown,Tantrum Pokémon,"It’s very curious, but its means of investigating things is to try to punch them with its tentacles. The search for food is what brings it onto land.",clobbopus --> grapploct,2,1,0,1.0,1.0,1.0,1.0,1.0,1.0,1.0,1.0,1.0,2.0,2.0,0.5,0.5,1.0,1.0,0.5,1.0,2.0
853,grapploct,grapploct,8,fighting,,1,limber,technician,80,0.17,118,0.25,90,0.19,70,0.15,80,0.17,42,0.09,480,attack,188,250,slow,514.67,4,specialized,0.27,lower_mid_tier,0.53,mid_tier,3,3,0,-1.5,exposed,attacker,exposed-attacker,1.6,39.0,15.23,light,0,0.5,normal,168.0,50,45,50,25,"water1, humanshape",medium-slow,tentacles,blue,Jujitsu Pokémon,A body made up of nothing but muscle makes the grappling moves this Pokémon performs with its tentacles tremendously powerful.,clobbopus --> grapploct,2,2,1,1.0,1.0,1.0,1.0,1.0,1.0,1.0,1.0,1.0,2.0,2.0,0.5,0.5,1.0,1.0,0.5,1.0,2.0
854,sinistea,sinistea-phony,8,ghost,,1,weak-armor,cursed-body,40,0.13,45,0.15,45,0.15,74,0.24,54,0.18,50,0.16,308,sp_attack,119,139,slow,121.89,1,balanced,0.1,bottom_tier,0.16,bottom_tier,2,2,2,2.0,iron,weak_slow,iron-weak_slow,0.1,0.2,20.0,light,1,0.0,normal,62.0,46,120,50,20,"mineral, indeterminate",medium,ball,purple,Black Tea Pokémon,"This Pokémon is said to have been born when a lonely spirit possessed a cold, leftover cup of tea.",sinistea --> polteageist,2,1,0,0.0,1.0,1.0,1.0,1.0,1.0,0.0,0.5,1.0,1.0,1.0,0.5,1.0,2.0,1.0,2.0,1.0,1.0
854,sinistea,sinistea-antique,8,ghost,,1,weak-armor,cursed-body,40,0.13,45,0.15,45,0.15,74,0.24,54,0.18,50,0.16,308,sp_attack,119,139,slow,121.89,1,balanced,0.1,bottom_tier,0.16,bottom_tier,2,2,2,2.0,iron,weak_slow,iron-weak_slow,0.1,0.2,20.0,light,1,0.0,normal,62.0,46,120,50,20,"mineral, indeterminate",medium,ball,purple,Black Tea Pokémon,"This Pokémon is said to have been born when a lonely spirit possessed a cold, leftover cup of tea.",sinistea --> polteageist,2,1,0,0.0,1.0,1.0,1.0,1.0,1.0,0.0,0.5,1.0,1.0,1.0,0.5,1.0,2.0,1.0,2.0,1.0,1.0
855,polteageist,polteageist-phony,8,ghost,,1,weak-armor,cursed-body,60,0.12,65,0.13,65,0.13,134,0.26,114,0.22,70,0.14,508,sp_attack,199,239,average,815.22,5,specialized,0.74,upper_mid_tier,0.69,upper_mid_tier,2,2,2,2.0,iron,attacker,iron-attacker,0.2,0.4,10.0,very_light,1,0.0,normal,178.0,54,60,50,20,"mineral, indeterminate",medium,ball,purple,Black Tea Pokémon,"This species lives in antique teapots. Most pots are forgeries, but on rare occasions, an authentic work is found.",sinistea --> polteageist,2,2,1,0.0,1.0,1.0,1.0,1.0,1.0,0.0,0.5,1.0,1.0,1.0,0.5,1.0,2.0,1.0,2.0,1.0,1.0
855,polteageist,polteageist-antique,8,ghost,,1,weak-armor,cursed-body,60,0.12,65,0.13,65,0.13,134,0.26,114,0.22,70,0.14,508,sp_attack,199,239,average,815.22,5,specialized,0.74,upper_mid_tier,0.69,upper_mid_tier,2,2,2,2.0,iron,attacker,iron-attacker,0.2,0.4,10.0,very_light,1,0.0,normal,178.0,54,60,50,20,"mineral, indeterminate",medium,ball,purple,Black Tea Pokémon,"This species lives in antique teapots. Most pots are forgeries, but on rare occasions, an authentic work is found.",sinistea --> polteageist,2,2,1,0.0,1.0,1.0,1.0,1.0,1.0,0.0,0.5,1.0,1.0,1.0,0.5,1.0,2.0,1.0,2.0,1.0,1.0
856,hatenna,hatenna,8,psychic,,1,"healer, anticipation",magic-bounce,42,0.16,30,0.11,45,0.17,56,0.21,53,0.2,39,0.15,265,sp_attack,86,140,slow,75.14,1,balanced,0.05,bottom_tier,0.08,bottom_tier,3,2,0,-2.0,frail,weak_slow,frail-weak_slow,0.4,3.4,21.25,light,0,1.0,normal,53.0,51,235,50,20,fairy,slow,legs,pink,Calm Pokémon,"Via the protrusion on its head, it senses other creatures’ emotions. If you don’t have a calm disposition, it will never warm up to you.",hatenna --> hattrem --> hatterene,3,1,0,1.0,1.0,1.0,1.0,1.0,1.0,0.5,1.0,1.0,1.0,0.5,2.0,1.0,2.0,1.0,2.0,1.0,1.0
857,hattrem,hattrem,8,psychic,,1,"healer, anticipation",magic-bounce,57,0.15,40,0.11,65,0.18,86,0.23,73,0.2,49,0.13,370,sp_attack,126,195,slow,230.56,2,slightly_specialized,0.15,bottom_tier,0.3,lower_mid_tier,3,2,0,-2.0,frail,slow_attacker,frail-slow_attacker,0.6,4.8,13.33,very_light,0,1.0,normal,130.0,49,120,50,20,fairy,slow,humanoid,pink,Serene Pokémon,"No matter who you are, if you bring strong emotions near this Pokémon, it will silence you violently.",hatenna --> hattrem --> hatterene,3,2,0,1.0,1.0,1.0,1.0,1.0,1.0,0.5,1.0,1.0,1.0,0.5,2.0,1.0,2.0,1.0,2.0,1.0,1.0
858,hatterene,hatterene,8,psychic,fairy,2,"healer, anticipation",magic-bounce,57,0.11,90,0.18,95,0.19,136,0.27,103,0.2,29,0.06,510,sp_attack,226,255,slow,1161.67,5,highly_specialized,0.78,upper_mid_tier,0.7,upper_mid_tier,3,2,1,-0.5,exposed,attacker,exposed-attacker,2.1,5.1,1.16,very_light,0,1.0,normal,255.0,66,45,50,20,fairy,slow,blob,pink,Silent Pokémon,It emits psychic power strong enough to cause headaches as a deterrent to the approach of others.,hatenna --> hattrem --> hatterene,3,3,1,1.0,1.0,1.0,1.0,1.0,1.0,0.25,2.0,1.0,1.0,0.5,1.0,1.0,2.0,0.0,1.0,2.0,1.0
858,hatterene,hatterene-gmax,8,psychic,fairy,2,"healer, anticipation",magic-bounce,57,0.11,90,0.18,95,0.19,136,0.27,103,0.2,29,0.06,510,sp_attack,226,255,slow,1161.67,5,highly_specialized,0.78,upper_mid_tier,0.7,upper_mid_tier,3,2,1,-0.5,exposed,attacker,exposed-attacker,26.0,1000.0,1.48,very_light,0,1.0,normal,255.0,0,45,50,20,fairy,slow,blob,pink,Silent Pokémon,It emits psychic power strong enough to cause headaches as a deterrent to the approach of others.,hatenna --> hattrem --> hatterene,3,3,1,1.0,1.0,1.0,1.0,1.0,1.0,0.25,2.0,1.0,1.0,0.5,1.0,1.0,2.0,0.0,1.0,2.0,1.0
859,impidimp,impidimp,8,dark,fairy,2,"prankster, frisk",pickpocket,45,0.17,45,0.17,30,0.11,55,0.21,40,0.15,50,0.19,265,sp_attack,100,115,slow,61.81,1,balanced,0.05,bottom_tier,0.08,bottom_tier,3,2,2,1.0,solid,weak_slow,solid-weak_slow,0.4,5.5,34.37,heavy,0,0.0,normal,53.0,50,255,50,20,"fairy, humanshape",medium,humanoid,pink,Wily Pokémon,"Through its nose, it sucks in the emanations produced by people and Pokémon when they feel annoyed. It thrives off this negative energy.",impidimp --> morgrem --> grimmsnarl,3,1,0,1.0,1.0,1.0,1.0,1.0,1.0,1.0,2.0,1.0,1.0,0.0,1.0,1.0,0.5,0.0,0.25,2.0,2.0
860,morgrem,morgrem,8,dark,fairy,2,"prankster, frisk",pickpocket,65,0.18,60,0.16,45,0.12,75,0.2,55,0.15,70,0.19,370,sp_attack,135,165,average,97.22,1,balanced,0.15,bottom_tier,0.3,lower_mid_tier,3,2,2,1.0,solid,fragile,solid-fragile,0.8,12.5,19.53,light,0,0.0,normal,130.0,52,120,50,20,"fairy, humanshape",medium,humanoid,pink,Devious Pokémon,"When it gets down on all fours as if to beg for forgiveness, it’s trying to lure opponents in so that it can stab them with its spear-like hair.",impidimp --> morgrem --> grimmsnarl,3,2,0,1.0,1.0,1.0,1.0,1.0,1.0,1.0,2.0,1.0,1.0,0.0,1.0,1.0,0.5,0.0,0.25,2.0,2.0
861,grimmsnarl,grimmsnarl,8,dark,fairy,2,"prankster, frisk",pickpocket,95,0.19,120,0.24,65,0.13,95,0.19,75,0.15,60,0.12,510,attack,215,235,average,425.0,3,slightly_specialized,0.78,upper_mid_tier,0.7,upper_mid_tier,3,2,2,1.0,solid,attacker,solid-attacker,1.5,61.0,27.11,average,0,0.0,normal,255.0,75,45,50,20,"fairy, humanshape",medium,humanoid,purple,Bulk Up Pokémon,"With the hair wrapped around its body helping to enhance its muscles, this Pokémon can overwhelm even Machamp.",impidimp --> morgrem --> grimmsnarl,3,3,1,1.0,1.0,1.0,1.0,1.0,1.0,1.0,2.0,1.0,1.0,0.0,1.0,1.0,0.5,0.0,0.25,2.0,2.0
861,grimmsnarl,grimmsnarl-gmax,8,dark,fairy,2,"prankster, frisk",pickpocket,95,0.19,120,0.24,65,0.13,95,0.19,75,0.15,60,0.12,510,attack,215,235,average,425.0,3,slightly_specialized,0.78,upper_mid_tier,0.7,upper_mid_tier,3,2,2,1.0,solid,attacker,solid-attacker,32.0,1000.0,0.98,very_light,0,0.0,normal,255.0,0,45,50,20,"fairy, humanshape",medium,humanoid,purple,Bulk Up Pokémon,"With the hair wrapped around its body helping to enhance its muscles, this Pokémon can overwhelm even Machamp.",impidimp --> morgrem --> grimmsnarl,3,3,1,1.0,1.0,1.0,1.0,1.0,1.0,1.0,2.0,1.0,1.0,0.0,1.0,1.0,0.5,0.0,0.25,2.0,2.0
862,obstagoon,obstagoon,8,dark,normal,2,"reckless, guts",defiant,93,0.18,90,0.17,101,0.19,60,0.12,81,0.16,95,0.18,520,defense,150,275,average,178.22,2,balanced,0.81,top_tier,0.73,upper_mid_tier,3,1,2,0.5,solid,bulky_speedster,solid-bulky_speedster,1.6,46.0,17.97,light,0,0.5,normal,260.0,81,45,50,15,ground,medium,upright,gray,Blocking Pokémon,Its voice is staggering in volume. Obstagoon has a tendency to take on a threatening posture and shout—this move is known as Obstruct.,zigzagoon --> linoone --> obstagoon,3,3,1,1.0,1.0,1.0,1.0,1.0,1.0,4.0,1.0,1.0,1.0,0.0,2.0,1.0,0.0,1.0,0.5,1.0,2.0
863,perrserker,perrserker,8,steel,,1,"battle-armor, tough-claws",steely-spirit,70,0.16,110,0.25,100,0.23,50,0.11,60,0.14,50,0.11,440,attack,160,230,slow,555.56,4,specialized,0.2,bottom_tier,0.42,mid_tier,3,10,1,3.5,iron,slow_attacker,iron-slow_attacker,0.8,28.0,43.75,heavy,0,0.5,normal,154.0,78,90,50,20,ground,medium,upright,brown,Viking Pokémon,What appears to be an iron helmet is actually hardened hair. This Pokémon lives for the thrill of battle.,meowth --> persian,2,2,1,0.5,2.0,1.0,1.0,0.5,0.5,2.0,0.0,2.0,0.5,0.5,0.5,0.5,1.0,0.5,1.0,0.5,0.5
864,cursola,cursola,8,ghost,,1,weak-armor,perish-body,60,0.12,95,0.19,50,0.1,145,0.28,130,0.25,30,0.06,510,sp_attack,240,240,slow,1766.67,5,extreme,0.78,upper_mid_tier,0.7,upper_mid_tier,2,2,2,2.0,iron,attacker,iron-attacker,1.0,0.4,0.4,very_light,0,0.75,normal,179.0,69,30,50,20,"water1, water3",fast,arms,white,Coral Pokémon,Its shell is overflowing with its heightened otherworldly energy. The ectoplasm serves as protection for this Pokémon’s core spirit.,corsola --> cursola,2,2,1,0.0,1.0,1.0,1.0,1.0,1.0,0.0,0.5,1.0,1.0,1.0,0.5,1.0,2.0,1.0,2.0,1.0,1.0
865,sirfetchd,sirfetchd,8,fighting,,1,steadfast,scrappy,62,0.12,135,0.27,95,0.19,68,0.13,82,0.16,65,0.13,507,attack,203,239,average,637.58,4,specialized,0.74,upper_mid_tier,0.69,upper_mid_tier,3,3,0,-1.5,exposed,attacker,exposed-attacker,0.8,117.0,182.81,very_heavy,0,0.5,normal,177.0,44,45,50,20,"flying, ground",medium,wings,white,Wild Duck Pokémon,"Only Farfetch’d that have survived many battles can attain this evolution. When this Pokémon’s leek withers, it will retire from combat.",farfetchd --> sirfetchd,2,2,1,1.0,1.0,1.0,1.0,1.0,1.0,1.0,1.0,1.0,2.0,2.0,0.5,0.5,1.0,1.0,0.5,1.0,2.0
866,mr-rime,mr-rime,8,ice,psychic,2,"tangled-feet, screen-cleaner",ice-body,80,0.15,85,0.16,75,0.14,110,0.21,100,0.19,70,0.13,520,sp_attack,195,255,average,197.22,2,balanced,0.81,top_tier,0.73,upper_mid_tier,6,2,0,-5.0,frail,attacker,frail-attacker,1.5,58.2,25.87,average,0,0.5,normal,182.0,89,45,50,25,humanshape,medium,humanoid,purple,Comedian Pokémon,It’s highly skilled at tap-dancing. It waves its cane of ice in time with its graceful movements.,mime-jr --> mr-mime --> mr-rime,3,3,1,1.0,2.0,1.0,1.0,1.0,0.5,1.0,1.0,1.0,1.0,0.5,2.0,2.0,2.0,1.0,2.0,2.0,1.0
867,runerigus,runerigus,8,ground,ghost,2,wandering-spirit,,58,0.12,95,0.2,145,0.3,50,0.1,105,0.22,30,0.06,483,defense,145,308,slow,1492.92,5,extreme,0.28,lower_mid_tier,0.54,mid_tier,5,3,3,1.0,solid,tank,solid-tank,1.6,66.6,26.02,average,0,0.5,normal,169.0,67,90,50,25,"mineral, indeterminate",medium,blob,gray,Grudge Pokémon,"A powerful curse was woven into an ancient painting. After absorbing the spirit of a Yamask, the painting began to move.",yamask --> cofagrigus,2,2,1,0.0,1.0,2.0,0.0,2.0,2.0,0.0,0.25,1.0,1.0,1.0,0.5,0.5,2.0,1.0,2.0,1.0,1.0
868,milcery,milcery,8,fairy,,1,sweet-veil,aroma-veil,45,0.17,40,0.15,40,0.15,50,0.19,61,0.23,34,0.13,270,sp_defense,90,146,slow,75.33,1,balanced,0.06,bottom_tier,0.08,bottom_tier,2,3,1,1.0,solid,weak_slow,solid-weak_slow,0.2,0.3,7.5,very_light,0,1.0,normal,54.0,27,200,50,20,"fairy, indeterminate",medium,ball,white,Cream Pokémon,This Pokémon was born from sweet-smelling particles in the air. Its body is made of cream.,milcery --> alcremie,2,1,0,1.0,1.0,1.0,1.0,1.0,1.0,0.5,2.0,1.0,1.0,1.0,0.5,1.0,1.0,0.0,0.5,2.0,1.0
869,alcremie,alcremie-vanilla-cream-strawberry-sweet,8,fairy,,1,sweet-veil,aroma-veil,65,0.13,60,0.12,75,0.15,110,0.22,121,0.24,64,0.13,495,sp_defense,170,261,average,574.92,4,specialized,0.49,mid_tier,0.62,upper_mid_tier,2,3,1,1.0,solid,bulky,solid-bulky,0.3,0.5,5.56,very_light,0,1.0,normal,173.0,55,100,50,20,"fairy, indeterminate",medium,blob,white,Cream Pokémon,"When it trusts a Trainer, it will treat them to berries it’s decorated with cream.",milcery --> alcremie,2,2,1,1.0,1.0,1.0,1.0,1.0,1.0,0.5,2.0,1.0,1.0,1.0,0.5,1.0,1.0,0.0,0.5,2.0,1.0
869,alcremie,alcremie-ruby-cream-strawberry-sweet,8,fairy,,1,sweet-veil,aroma-veil,65,0.13,60,0.12,75,0.15,110,0.22,121,0.24,64,0.13,495,sp_defense,170,261,average,574.92,4,specialized,0.49,mid_tier,0.62,upper_mid_tier,2,3,1,1.0,solid,bulky,solid-bulky,0.3,0.5,5.56,very_light,0,1.0,normal,173.0,55,100,50,20,"fairy, indeterminate",medium,blob,white,Cream Pokémon,"When it trusts a Trainer, it will treat them to berries it’s decorated with cream.",milcery --> alcremie,2,2,1,1.0,1.0,1.0,1.0,1.0,1.0,0.5,2.0,1.0,1.0,1.0,0.5,1.0,1.0,0.0,0.5,2.0,1.0
869,alcremie,alcremie-matcha-cream-strawberry-sweet,8,fairy,,1,sweet-veil,aroma-veil,65,0.13,60,0.12,75,0.15,110,0.22,121,0.24,64,0.13,495,sp_defense,170,261,average,574.92,4,specialized,0.49,mid_tier,0.62,upper_mid_tier,2,3,1,1.0,solid,bulky,solid-bulky,0.3,0.5,5.56,very_light,0,1.0,normal,173.0,55,100,50,20,"fairy, indeterminate",medium,blob,white,Cream Pokémon,"When it trusts a Trainer, it will treat them to berries it’s decorated with cream.",milcery --> alcremie,2,2,1,1.0,1.0,1.0,1.0,1.0,1.0,0.5,2.0,1.0,1.0,1.0,0.5,1.0,1.0,0.0,0.5,2.0,1.0
869,alcremie,alcremie-mint-cream-strawberry-sweet,8,fairy,,1,sweet-veil,aroma-veil,65,0.13,60,0.12,75,0.15,110,0.22,121,0.24,64,0.13,495,sp_defense,170,261,average,574.92,4,specialized,0.49,mid_tier,0.62,upper_mid_tier,2,3,1,1.0,solid,bulky,solid-bulky,0.3,0.5,5.56,very_light,0,1.0,normal,173.0,55,100,50,20,"fairy, indeterminate",medium,blob,white,Cream Pokémon,"When it trusts a Trainer, it will treat them to berries it’s decorated with cream.",milcery --> alcremie,2,2,1,1.0,1.0,1.0,1.0,1.0,1.0,0.5,2.0,1.0,1.0,1.0,0.5,1.0,1.0,0.0,0.5,2.0,1.0
869,alcremie,alcremie-lemon-cream-strawberry-sweet,8,fairy,,1,sweet-veil,aroma-veil,65,0.13,60,0.12,75,0.15,110,0.22,121,0.24,64,0.13,495,sp_defense,170,261,average,574.92,4,specialized,0.49,mid_tier,0.62,upper_mid_tier,2,3,1,1.0,solid,bulky,solid-bulky,0.3,0.5,5.56,very_light,0,1.0,normal,173.0,55,100,50,20,"fairy, indeterminate",medium,blob,white,Cream Pokémon,"When it trusts a Trainer, it will treat them to berries it’s decorated with cream.",milcery --> alcremie,2,2,1,1.0,1.0,1.0,1.0,1.0,1.0,0.5,2.0,1.0,1.0,1.0,0.5,1.0,1.0,0.0,0.5,2.0,1.0
869,alcremie,alcremie-salted-cream-strawberry-sweet,8,fairy,,1,sweet-veil,aroma-veil,65,0.13,60,0.12,75,0.15,110,0.22,121,0.24,64,0.13,495,sp_defense,170,261,average,574.92,4,specialized,0.49,mid_tier,0.62,upper_mid_tier,2,3,1,1.0,solid,bulky,solid-bulky,0.3,0.5,5.56,very_light,0,1.0,normal,173.0,55,100,50,20,"fairy, indeterminate",medium,blob,white,Cream Pokémon,"When it trusts a Trainer, it will treat them to berries it’s decorated with cream.",milcery --> alcremie,2,2,1,1.0,1.0,1.0,1.0,1.0,1.0,0.5,2.0,1.0,1.0,1.0,0.5,1.0,1.0,0.0,0.5,2.0,1.0
869,alcremie,alcremie-ruby-swirl-strawberry-sweet,8,fairy,,1,sweet-veil,aroma-veil,65,0.13,60,0.12,75,0.15,110,0.22,121,0.24,64,0.13,495,sp_defense,170,261,average,574.92,4,specialized,0.49,mid_tier,0.62,upper_mid_tier,2,3,1,1.0,solid,bulky,solid-bulky,0.3,0.5,5.56,very_light,0,1.0,normal,173.0,55,100,50,20,"fairy, indeterminate",medium,blob,white,Cream Pokémon,"When it trusts a Trainer, it will treat them to berries it’s decorated with cream.",milcery --> alcremie,2,2,1,1.0,1.0,1.0,1.0,1.0,1.0,0.5,2.0,1.0,1.0,1.0,0.5,1.0,1.0,0.0,0.5,2.0,1.0
869,alcremie,alcremie-caramel-swirl-strawberry-sweet,8,fairy,,1,sweet-veil,aroma-veil,65,0.13,60,0.12,75,0.15,110,0.22,121,0.24,64,0.13,495,sp_defense,170,261,average,574.92,4,specialized,0.49,mid_tier,0.62,upper_mid_tier,2,3,1,1.0,solid,bulky,solid-bulky,0.3,0.5,5.56,very_light,0,1.0,normal,173.0,55,100,50,20,"fairy, indeterminate",medium,blob,white,Cream Pokémon,"When it trusts a Trainer, it will treat them to berries it’s decorated with cream.",milcery --> alcremie,2,2,1,1.0,1.0,1.0,1.0,1.0,1.0,0.5,2.0,1.0,1.0,1.0,0.5,1.0,1.0,0.0,0.5,2.0,1.0
869,alcremie,alcremie-rainbow-swirl-strawberry-sweet,8,fairy,,1,sweet-veil,aroma-veil,65,0.13,60,0.12,75,0.15,110,0.22,121,0.24,64,0.13,495,sp_defense,170,261,average,574.92,4,specialized,0.49,mid_tier,0.62,upper_mid_tier,2,3,1,1.0,solid,bulky,solid-bulky,0.3,0.5,5.56,very_light,0,1.0,normal,173.0,55,100,50,20,"fairy, indeterminate",medium,blob,white,Cream Pokémon,"When it trusts a Trainer, it will treat them to berries it’s decorated with cream.",milcery --> alcremie,2,2,1,1.0,1.0,1.0,1.0,1.0,1.0,0.5,2.0,1.0,1.0,1.0,0.5,1.0,1.0,0.0,0.5,2.0,1.0
869,alcremie,alcremie-vanilla-cream-berry-sweet,8,fairy,,1,sweet-veil,aroma-veil,65,0.13,60,0.12,75,0.15,110,0.22,121,0.24,64,0.13,495,sp_defense,170,261,average,574.92,4,specialized,0.49,mid_tier,0.62,upper_mid_tier,2,3,1,1.0,solid,bulky,solid-bulky,0.3,0.5,5.56,very_light,0,1.0,normal,173.0,55,100,50,20,"fairy, indeterminate",medium,blob,white,Cream Pokémon,"When it trusts a Trainer, it will treat them to berries it’s decorated with cream.",milcery --> alcremie,2,2,1,1.0,1.0,1.0,1.0,1.0,1.0,0.5,2.0,1.0,1.0,1.0,0.5,1.0,1.0,0.0,0.5,2.0,1.0
869,alcremie,alcremie-ruby-cream-berry-sweet,8,fairy,,1,sweet-veil,aroma-veil,65,0.13,60,0.12,75,0.15,110,0.22,121,0.24,64,0.13,495,sp_defense,170,261,average,574.92,4,specialized,0.49,mid_tier,0.62,upper_mid_tier,2,3,1,1.0,solid,bulky,solid-bulky,0.3,0.5,5.56,very_light,0,1.0,normal,173.0,55,100,50,20,"fairy, indeterminate",medium,blob,white,Cream Pokémon,"When it trusts a Trainer, it will treat them to berries it’s decorated with cream.",milcery --> alcremie,2,2,1,1.0,1.0,1.0,1.0,1.0,1.0,0.5,2.0,1.0,1.0,1.0,0.5,1.0,1.0,0.0,0.5,2.0,1.0
869,alcremie,alcremie-matcha-cream-berry-sweet,8,fairy,,1,sweet-veil,aroma-veil,65,0.13,60,0.12,75,0.15,110,0.22,121,0.24,64,0.13,495,sp_defense,170,261,average,574.92,4,specialized,0.49,mid_tier,0.62,upper_mid_tier,2,3,1,1.0,solid,bulky,solid-bulky,0.3,0.5,5.56,very_light,0,1.0,normal,173.0,55,100,50,20,"fairy, indeterminate",medium,blob,white,Cream Pokémon,"When it trusts a Trainer, it will treat them to berries it’s decorated with cream.",milcery --> alcremie,2,2,1,1.0,1.0,1.0,1.0,1.0,1.0,0.5,2.0,1.0,1.0,1.0,0.5,1.0,1.0,0.0,0.5,2.0,1.0
869,alcremie,alcremie-mint-cream-berry-sweet,8,fairy,,1,sweet-veil,aroma-veil,65,0.13,60,0.12,75,0.15,110,0.22,121,0.24,64,0.13,495,sp_defense,170,261,average,574.92,4,specialized,0.49,mid_tier,0.62,upper_mid_tier,2,3,1,1.0,solid,bulky,solid-bulky,0.3,0.5,5.56,very_light,0,1.0,normal,173.0,55,100,50,20,"fairy, indeterminate",medium,blob,white,Cream Pokémon,"When it trusts a Trainer, it will treat them to berries it’s decorated with cream.",milcery --> alcremie,2,2,1,1.0,1.0,1.0,1.0,1.0,1.0,0.5,2.0,1.0,1.0,1.0,0.5,1.0,1.0,0.0,0.5,2.0,1.0
869,alcremie,alcremie-lemon-cream-berry-sweet,8,fairy,,1,sweet-veil,aroma-veil,65,0.13,60,0.12,75,0.15,110,0.22,121,0.24,64,0.13,495,sp_defense,170,261,average,574.92,4,specialized,0.49,mid_tier,0.62,upper_mid_tier,2,3,1,1.0,solid,bulky,solid-bulky,0.3,0.5,5.56,very_light,0,1.0,normal,173.0,55,100,50,20,"fairy, indeterminate",medium,blob,white,Cream Pokémon,"When it trusts a Trainer, it will treat them to berries it’s decorated with cream.",milcery --> alcremie,2,2,1,1.0,1.0,1.0,1.0,1.0,1.0,0.5,2.0,1.0,1.0,1.0,0.5,1.0,1.0,0.0,0.5,2.0,1.0
869,alcremie,alcremie-salted-cream-berry-sweet,8,fairy,,1,sweet-veil,aroma-veil,65,0.13,60,0.12,75,0.15,110,0.22,121,0.24,64,0.13,495,sp_defense,170,261,average,574.92,4,specialized,0.49,mid_tier,0.62,upper_mid_tier,2,3,1,1.0,solid,bulky,solid-bulky,0.3,0.5,5.56,very_light,0,1.0,normal,173.0,55,100,50,20,"fairy, indeterminate",medium,blob,white,Cream Pokémon,"When it trusts a Trainer, it will treat them to berries it’s decorated with cream.",milcery --> alcremie,2,2,1,1.0,1.0,1.0,1.0,1.0,1.0,0.5,2.0,1.0,1.0,1.0,0.5,1.0,1.0,0.0,0.5,2.0,1.0
869,alcremie,alcremie-ruby-swirl-berry-sweet,8,fairy,,1,sweet-veil,aroma-veil,65,0.13,60,0.12,75,0.15,110,0.22,121,0.24,64,0.13,495,sp_defense,170,261,average,574.92,4,specialized,0.49,mid_tier,0.62,upper_mid_tier,2,3,1,1.0,solid,bulky,solid-bulky,0.3,0.5,5.56,very_light,0,1.0,normal,173.0,55,100,50,20,"fairy, indeterminate",medium,blob,white,Cream Pokémon,"When it trusts a Trainer, it will treat them to berries it’s decorated with cream.",milcery --> alcremie,2,2,1,1.0,1.0,1.0,1.0,1.0,1.0,0.5,2.0,1.0,1.0,1.0,0.5,1.0,1.0,0.0,0.5,2.0,1.0
869,alcremie,alcremie-caramel-swirl-berry-sweet,8,fairy,,1,sweet-veil,aroma-veil,65,0.13,60,0.12,75,0.15,110,0.22,121,0.24,64,0.13,495,sp_defense,170,261,average,574.92,4,specialized,0.49,mid_tier,0.62,upper_mid_tier,2,3,1,1.0,solid,bulky,solid-bulky,0.3,0.5,5.56,very_light,0,1.0,normal,173.0,55,100,50,20,"fairy, indeterminate",medium,blob,white,Cream Pokémon,"When it trusts a Trainer, it will treat them to berries it’s decorated with cream.",milcery --> alcremie,2,2,1,1.0,1.0,1.0,1.0,1.0,1.0,0.5,2.0,1.0,1.0,1.0,0.5,1.0,1.0,0.0,0.5,2.0,1.0
869,alcremie,alcremie-rainbow-swirl-berry-sweet,8,fairy,,1,sweet-veil,aroma-veil,65,0.13,60,0.12,75,0.15,110,0.22,121,0.24,64,0.13,495,sp_defense,170,261,average,574.92,4,specialized,0.49,mid_tier,0.62,upper_mid_tier,2,3,1,1.0,solid,bulky,solid-bulky,0.3,0.5,5.56,very_light,0,1.0,normal,173.0,55,100,50,20,"fairy, indeterminate",medium,blob,white,Cream Pokémon,"When it trusts a Trainer, it will treat them to berries it’s decorated with cream.",milcery --> alcremie,2,2,1,1.0,1.0,1.0,1.0,1.0,1.0,0.5,2.0,1.0,1.0,1.0,0.5,1.0,1.0,0.0,0.5,2.0,1.0
869,alcremie,alcremie-vanilla-cream-love-sweet,8,fairy,,1,sweet-veil,aroma-veil,65,0.13,60,0.12,75,0.15,110,0.22,121,0.24,64,0.13,495,sp_defense,170,261,average,574.92,4,specialized,0.49,mid_tier,0.62,upper_mid_tier,2,3,1,1.0,solid,bulky,solid-bulky,0.3,0.5,5.56,very_light,0,1.0,normal,173.0,55,100,50,20,"fairy, indeterminate",medium,blob,white,Cream Pokémon,"When it trusts a Trainer, it will treat them to berries it’s decorated with cream.",milcery --> alcremie,2,2,1,1.0,1.0,1.0,1.0,1.0,1.0,0.5,2.0,1.0,1.0,1.0,0.5,1.0,1.0,0.0,0.5,2.0,1.0
869,alcremie,alcremie-ruby-cream-love-sweet,8,fairy,,1,sweet-veil,aroma-veil,65,0.13,60,0.12,75,0.15,110,0.22,121,0.24,64,0.13,495,sp_defense,170,261,average,574.92,4,specialized,0.49,mid_tier,0.62,upper_mid_tier,2,3,1,1.0,solid,bulky,solid-bulky,0.3,0.5,5.56,very_light,0,1.0,normal,173.0,55,100,50,20,"fairy, indeterminate",medium,blob,white,Cream Pokémon,"When it trusts a Trainer, it will treat them to berries it’s decorated with cream.",milcery --> alcremie,2,2,1,1.0,1.0,1.0,1.0,1.0,1.0,0.5,2.0,1.0,1.0,1.0,0.5,1.0,1.0,0.0,0.5,2.0,1.0
869,alcremie,alcremie-matcha-cream-love-sweet,8,fairy,,1,sweet-veil,aroma-veil,65,0.13,60,0.12,75,0.15,110,0.22,121,0.24,64,0.13,495,sp_defense,170,261,average,574.92,4,specialized,0.49,mid_tier,0.62,upper_mid_tier,2,3,1,1.0,solid,bulky,solid-bulky,0.3,0.5,5.56,very_light,0,1.0,normal,173.0,55,100,50,20,"fairy, indeterminate",medium,blob,white,Cream Pokémon,"When it trusts a Trainer, it will treat them to berries it’s decorated with cream.",milcery --> alcremie,2,2,1,1.0,1.0,1.0,1.0,1.0,1.0,0.5,2.0,1.0,1.0,1.0,0.5,1.0,1.0,0.0,0.5,2.0,1.0
869,alcremie,alcremie-mint-cream-love-sweet,8,fairy,,1,sweet-veil,aroma-veil,65,0.13,60,0.12,75,0.15,110,0.22,121,0.24,64,0.13,495,sp_defense,170,261,average,574.92,4,specialized,0.49,mid_tier,0.62,upper_mid_tier,2,3,1,1.0,solid,bulky,solid-bulky,0.3,0.5,5.56,very_light,0,1.0,normal,173.0,55,100,50,20,"fairy, indeterminate",medium,blob,white,Cream Pokémon,"When it trusts a Trainer, it will treat them to berries it’s decorated with cream.",milcery --> alcremie,2,2,1,1.0,1.0,1.0,1.0,1.0,1.0,0.5,2.0,1.0,1.0,1.0,0.5,1.0,1.0,0.0,0.5,2.0,1.0
869,alcremie,alcremie-lemon-cream-love-sweet,8,fairy,,1,sweet-veil,aroma-veil,65,0.13,60,0.12,75,0.15,110,0.22,121,0.24,64,0.13,495,sp_defense,170,261,average,574.92,4,specialized,0.49,mid_tier,0.62,upper_mid_tier,2,3,1,1.0,solid,bulky,solid-bulky,0.3,0.5,5.56,very_light,0,1.0,normal,173.0,55,100,50,20,"fairy, indeterminate",medium,blob,white,Cream Pokémon,"When it trusts a Trainer, it will treat them to berries it’s decorated with cream.",milcery --> alcremie,2,2,1,1.0,1.0,1.0,1.0,1.0,1.0,0.5,2.0,1.0,1.0,1.0,0.5,1.0,1.0,0.0,0.5,2.0,1.0
869,alcremie,alcremie-salted-cream-love-sweet,8,fairy,,1,sweet-veil,aroma-veil,65,0.13,60,0.12,75,0.15,110,0.22,121,0.24,64,0.13,495,sp_defense,170,261,average,574.92,4,specialized,0.49,mid_tier,0.62,upper_mid_tier,2,3,1,1.0,solid,bulky,solid-bulky,0.3,0.5,5.56,very_light,0,1.0,normal,173.0,55,100,50,20,"fairy, indeterminate",medium,blob,white,Cream Pokémon,"When it trusts a Trainer, it will treat them to berries it’s decorated with cream.",milcery --> alcremie,2,2,1,1.0,1.0,1.0,1.0,1.0,1.0,0.5,2.0,1.0,1.0,1.0,0.5,1.0,1.0,0.0,0.5,2.0,1.0
869,alcremie,alcremie-ruby-swirl-love-sweet,8,fairy,,1,sweet-veil,aroma-veil,65,0.13,60,0.12,75,0.15,110,0.22,121,0.24,64,0.13,495,sp_defense,170,261,average,574.92,4,specialized,0.49,mid_tier,0.62,upper_mid_tier,2,3,1,1.0,solid,bulky,solid-bulky,0.3,0.5,5.56,very_light,0,1.0,normal,173.0,55,100,50,20,"fairy, indeterminate",medium,blob,white,Cream Pokémon,"When it trusts a Trainer, it will treat them to berries it’s decorated with cream.",milcery --> alcremie,2,2,1,1.0,1.0,1.0,1.0,1.0,1.0,0.5,2.0,1.0,1.0,1.0,0.5,1.0,1.0,0.0,0.5,2.0,1.0
869,alcremie,alcremie-caramel-swirl-love-sweet,8,fairy,,1,sweet-veil,aroma-veil,65,0.13,60,0.12,75,0.15,110,0.22,121,0.24,64,0.13,495,sp_defense,170,261,average,574.92,4,specialized,0.49,mid_tier,0.62,upper_mid_tier,2,3,1,1.0,solid,bulky,solid-bulky,0.3,0.5,5.56,very_light,0,1.0,normal,173.0,55,100,50,20,"fairy, indeterminate",medium,blob,white,Cream Pokémon,"When it trusts a Trainer, it will treat them to berries it’s decorated with cream.",milcery --> alcremie,2,2,1,1.0,1.0,1.0,1.0,1.0,1.0,0.5,2.0,1.0,1.0,1.0,0.5,1.0,1.0,0.0,0.5,2.0,1.0
869,alcremie,alcremie-rainbow-swirl-love-sweet,8,fairy,,1,sweet-veil,aroma-veil,65,0.13,60,0.12,75,0.15,110,0.22,121,0.24,64,0.13,495,sp_defense,170,261,average,574.92,4,specialized,0.49,mid_tier,0.62,upper_mid_tier,2,3,1,1.0,solid,bulky,solid-bulky,0.3,0.5,5.56,very_light,0,1.0,normal,173.0,55,100,50,20,"fairy, indeterminate",medium,blob,white,Cream Pokémon,"When it trusts a Trainer, it will treat them to berries it’s decorated with cream.",milcery --> alcremie,2,2,1,1.0,1.0,1.0,1.0,1.0,1.0,0.5,2.0,1.0,1.0,1.0,0.5,1.0,1.0,0.0,0.5,2.0,1.0
869,alcremie,alcremie-vanilla-cream-star-sweet,8,fairy,,1,sweet-veil,aroma-veil,65,0.13,60,0.12,75,0.15,110,0.22,121,0.24,64,0.13,495,sp_defense,170,261,average,574.92,4,specialized,0.49,mid_tier,0.62,upper_mid_tier,2,3,1,1.0,solid,bulky,solid-bulky,0.3,0.5,5.56,very_light,0,1.0,normal,173.0,55,100,50,20,"fairy, indeterminate",medium,blob,white,Cream Pokémon,"When it trusts a Trainer, it will treat them to berries it’s decorated with cream.",milcery --> alcremie,2,2,1,1.0,1.0,1.0,1.0,1.0,1.0,0.5,2.0,1.0,1.0,1.0,0.5,1.0,1.0,0.0,0.5,2.0,1.0
869,alcremie,alcremie-ruby-cream-star-sweet,8,fairy,,1,sweet-veil,aroma-veil,65,0.13,60,0.12,75,0.15,110,0.22,121,0.24,64,0.13,495,sp_defense,170,261,average,574.92,4,specialized,0.49,mid_tier,0.62,upper_mid_tier,2,3,1,1.0,solid,bulky,solid-bulky,0.3,0.5,5.56,very_light,0,1.0,normal,173.0,55,100,50,20,"fairy, indeterminate",medium,blob,white,Cream Pokémon,"When it trusts a Trainer, it will treat them to berries it’s decorated with cream.",milcery --> alcremie,2,2,1,1.0,1.0,1.0,1.0,1.0,1.0,0.5,2.0,1.0,1.0,1.0,0.5,1.0,1.0,0.0,0.5,2.0,1.0
869,alcremie,alcremie-matcha-cream-star-sweet,8,fairy,,1,sweet-veil,aroma-veil,65,0.13,60,0.12,75,0.15,110,0.22,121,0.24,64,0.13,495,sp_defense,170,261,average,574.92,4,specialized,0.49,mid_tier,0.62,upper_mid_tier,2,3,1,1.0,solid,bulky,solid-bulky,0.3,0.5,5.56,very_light,0,1.0,normal,173.0,55,100,50,20,"fairy, indeterminate",medium,blob,white,Cream Pokémon,"When it trusts a Trainer, it will treat them to berries it’s decorated with cream.",milcery --> alcremie,2,2,1,1.0,1.0,1.0,1.0,1.0,1.0,0.5,2.0,1.0,1.0,1.0,0.5,1.0,1.0,0.0,0.5,2.0,1.0
869,alcremie,alcremie-mint-cream-star-sweet,8,fairy,,1,sweet-veil,aroma-veil,65,0.13,60,0.12,75,0.15,110,0.22,121,0.24,64,0.13,495,sp_defense,170,261,average,574.92,4,specialized,0.49,mid_tier,0.62,upper_mid_tier,2,3,1,1.0,solid,bulky,solid-bulky,0.3,0.5,5.56,very_light,0,1.0,normal,173.0,55,100,50,20,"fairy, indeterminate",medium,blob,white,Cream Pokémon,"When it trusts a Trainer, it will treat them to berries it’s decorated with cream.",milcery --> alcremie,2,2,1,1.0,1.0,1.0,1.0,1.0,1.0,0.5,2.0,1.0,1.0,1.0,0.5,1.0,1.0,0.0,0.5,2.0,1.0
869,alcremie,alcremie-lemon-cream-star-sweet,8,fairy,,1,sweet-veil,aroma-veil,65,0.13,60,0.12,75,0.15,110,0.22,121,0.24,64,0.13,495,sp_defense,170,261,average,574.92,4,specialized,0.49,mid_tier,0.62,upper_mid_tier,2,3,1,1.0,solid,bulky,solid-bulky,0.3,0.5,5.56,very_light,0,1.0,normal,173.0,55,100,50,20,"fairy, indeterminate",medium,blob,white,Cream Pokémon,"When it trusts a Trainer, it will treat them to berries it’s decorated with cream.",milcery --> alcremie,2,2,1,1.0,1.0,1.0,1.0,1.0,1.0,0.5,2.0,1.0,1.0,1.0,0.5,1.0,1.0,0.0,0.5,2.0,1.0
869,alcremie,alcremie-salted-cream-star-sweet,8,fairy,,1,sweet-veil,aroma-veil,65,0.13,60,0.12,75,0.15,110,0.22,121,0.24,64,0.13,495,sp_defense,170,261,average,574.92,4,specialized,0.49,mid_tier,0.62,upper_mid_tier,2,3,1,1.0,solid,bulky,solid-bulky,0.3,0.5,5.56,very_light,0,1.0,normal,173.0,55,100,50,20,"fairy, indeterminate",medium,blob,white,Cream Pokémon,"When it trusts a Trainer, it will treat them to berries it’s decorated with cream.",milcery --> alcremie,2,2,1,1.0,1.0,1.0,1.0,1.0,1.0,0.5,2.0,1.0,1.0,1.0,0.5,1.0,1.0,0.0,0.5,2.0,1.0
869,alcremie,alcremie-ruby-swirl-star-sweet,8,fairy,,1,sweet-veil,aroma-veil,65,0.13,60,0.12,75,0.15,110,0.22,121,0.24,64,0.13,495,sp_defense,170,261,average,574.92,4,specialized,0.49,mid_tier,0.62,upper_mid_tier,2,3,1,1.0,solid,bulky,solid-bulky,0.3,0.5,5.56,very_light,0,1.0,normal,173.0,55,100,50,20,"fairy, indeterminate",medium,blob,white,Cream Pokémon,"When it trusts a Trainer, it will treat them to berries it’s decorated with cream.",milcery --> alcremie,2,2,1,1.0,1.0,1.0,1.0,1.0,1.0,0.5,2.0,1.0,1.0,1.0,0.5,1.0,1.0,0.0,0.5,2.0,1.0
869,alcremie,alcremie-caramel-swirl-star-sweet,8,fairy,,1,sweet-veil,aroma-veil,65,0.13,60,0.12,75,0.15,110,0.22,121,0.24,64,0.13,495,sp_defense,170,261,average,574.92,4,specialized,0.49,mid_tier,0.62,upper_mid_tier,2,3,1,1.0,solid,bulky,solid-bulky,0.3,0.5,5.56,very_light,0,1.0,normal,173.0,55,100,50,20,"fairy, indeterminate",medium,blob,white,Cream Pokémon,"When it trusts a Trainer, it will treat them to berries it’s decorated with cream.",milcery --> alcremie,2,2,1,1.0,1.0,1.0,1.0,1.0,1.0,0.5,2.0,1.0,1.0,1.0,0.5,1.0,1.0,0.0,0.5,2.0,1.0
869,alcremie,alcremie-rainbow-swirl-star-sweet,8,fairy,,1,sweet-veil,aroma-veil,65,0.13,60,0.12,75,0.15,110,0.22,121,0.24,64,0.13,495,sp_defense,170,261,average,574.92,4,specialized,0.49,mid_tier,0.62,upper_mid_tier,2,3,1,1.0,solid,bulky,solid-bulky,0.3,0.5,5.56,very_light,0,1.0,normal,173.0,55,100,50,20,"fairy, indeterminate",medium,blob,white,Cream Pokémon,"When it trusts a Trainer, it will treat them to berries it’s decorated with cream.",milcery --> alcremie,2,2,1,1.0,1.0,1.0,1.0,1.0,1.0,0.5,2.0,1.0,1.0,1.0,0.5,1.0,1.0,0.0,0.5,2.0,1.0
869,alcremie,alcremie-vanilla-cream-clover-sweet,8,fairy,,1,sweet-veil,aroma-veil,65,0.13,60,0.12,75,0.15,110,0.22,121,0.24,64,0.13,495,sp_defense,170,261,average,574.92,4,specialized,0.49,mid_tier,0.62,upper_mid_tier,2,3,1,1.0,solid,bulky,solid-bulky,0.3,0.5,5.56,very_light,0,1.0,normal,173.0,55,100,50,20,"fairy, indeterminate",medium,blob,white,Cream Pokémon,"When it trusts a Trainer, it will treat them to berries it’s decorated with cream.",milcery --> alcremie,2,2,1,1.0,1.0,1.0,1.0,1.0,1.0,0.5,2.0,1.0,1.0,1.0,0.5,1.0,1.0,0.0,0.5,2.0,1.0
869,alcremie,alcremie-ruby-cream-clover-sweet,8,fairy,,1,sweet-veil,aroma-veil,65,0.13,60,0.12,75,0.15,110,0.22,121,0.24,64,0.13,495,sp_defense,170,261,average,574.92,4,specialized,0.49,mid_tier,0.62,upper_mid_tier,2,3,1,1.0,solid,bulky,solid-bulky,0.3,0.5,5.56,very_light,0,1.0,normal,173.0,55,100,50,20,"fairy, indeterminate",medium,blob,white,Cream Pokémon,"When it trusts a Trainer, it will treat them to berries it’s decorated with cream.",milcery --> alcremie,2,2,1,1.0,1.0,1.0,1.0,1.0,1.0,0.5,2.0,1.0,1.0,1.0,0.5,1.0,1.0,0.0,0.5,2.0,1.0
869,alcremie,alcremie-matcha-cream-clover-sweet,8,fairy,,1,sweet-veil,aroma-veil,65,0.13,60,0.12,75,0.15,110,0.22,121,0.24,64,0.13,495,sp_defense,170,261,average,574.92,4,specialized,0.49,mid_tier,0.62,upper_mid_tier,2,3,1,1.0,solid,bulky,solid-bulky,0.3,0.5,5.56,very_light,0,1.0,normal,173.0,55,100,50,20,"fairy, indeterminate",medium,blob,white,Cream Pokémon,"When it trusts a Trainer, it will treat them to berries it’s decorated with cream.",milcery --> alcremie,2,2,1,1.0,1.0,1.0,1.0,1.0,1.0,0.5,2.0,1.0,1.0,1.0,0.5,1.0,1.0,0.0,0.5,2.0,1.0
869,alcremie,alcremie-mint-cream-clover-sweet,8,fairy,,1,sweet-veil,aroma-veil,65,0.13,60,0.12,75,0.15,110,0.22,121,0.24,64,0.13,495,sp_defense,170,261,average,574.92,4,specialized,0.49,mid_tier,0.62,upper_mid_tier,2,3,1,1.0,solid,bulky,solid-bulky,0.3,0.5,5.56,very_light,0,1.0,normal,173.0,55,100,50,20,"fairy, indeterminate",medium,blob,white,Cream Pokémon,"When it trusts a Trainer, it will treat them to berries it’s decorated with cream.",milcery --> alcremie,2,2,1,1.0,1.0,1.0,1.0,1.0,1.0,0.5,2.0,1.0,1.0,1.0,0.5,1.0,1.0,0.0,0.5,2.0,1.0
869,alcremie,alcremie-lemon-cream-clover-sweet,8,fairy,,1,sweet-veil,aroma-veil,65,0.13,60,0.12,75,0.15,110,0.22,121,0.24,64,0.13,495,sp_defense,170,261,average,574.92,4,specialized,0.49,mid_tier,0.62,upper_mid_tier,2,3,1,1.0,solid,bulky,solid-bulky,0.3,0.5,5.56,very_light,0,1.0,normal,173.0,55,100,50,20,"fairy, indeterminate",medium,blob,white,Cream Pokémon,"When it trusts a Trainer, it will treat them to berries it’s decorated with cream.",milcery --> alcremie,2,2,1,1.0,1.0,1.0,1.0,1.0,1.0,0.5,2.0,1.0,1.0,1.0,0.5,1.0,1.0,0.0,0.5,2.0,1.0
869,alcremie,alcremie-salted-cream-clover-sweet,8,fairy,,1,sweet-veil,aroma-veil,65,0.13,60,0.12,75,0.15,110,0.22,121,0.24,64,0.13,495,sp_defense,170,261,average,574.92,4,specialized,0.49,mid_tier,0.62,upper_mid_tier,2,3,1,1.0,solid,bulky,solid-bulky,0.3,0.5,5.56,very_light,0,1.0,normal,173.0,55,100,50,20,"fairy, indeterminate",medium,blob,white,Cream Pokémon,"When it trusts a Trainer, it will treat them to berries it’s decorated with cream.",milcery --> alcremie,2,2,1,1.0,1.0,1.0,1.0,1.0,1.0,0.5,2.0,1.0,1.0,1.0,0.5,1.0,1.0,0.0,0.5,2.0,1.0
869,alcremie,alcremie-ruby-swirl-clover-sweet,8,fairy,,1,sweet-veil,aroma-veil,65,0.13,60,0.12,75,0.15,110,0.22,121,0.24,64,0.13,495,sp_defense,170,261,average,574.92,4,specialized,0.49,mid_tier,0.62,upper_mid_tier,2,3,1,1.0,solid,bulky,solid-bulky,0.3,0.5,5.56,very_light,0,1.0,normal,173.0,55,100,50,20,"fairy, indeterminate",medium,blob,white,Cream Pokémon,"When it trusts a Trainer, it will treat them to berries it’s decorated with cream.",milcery --> alcremie,2,2,1,1.0,1.0,1.0,1.0,1.0,1.0,0.5,2.0,1.0,1.0,1.0,0.5,1.0,1.0,0.0,0.5,2.0,1.0
869,alcremie,alcremie-caramel-swirl-clover-sweet,8,fairy,,1,sweet-veil,aroma-veil,65,0.13,60,0.12,75,0.15,110,0.22,121,0.24,64,0.13,495,sp_defense,170,261,average,574.92,4,specialized,0.49,mid_tier,0.62,upper_mid_tier,2,3,1,1.0,solid,bulky,solid-bulky,0.3,0.5,5.56,very_light,0,1.0,normal,173.0,55,100,50,20,"fairy, indeterminate",medium,blob,white,Cream Pokémon,"When it trusts a Trainer, it will treat them to berries it’s decorated with cream.",milcery --> alcremie,2,2,1,1.0,1.0,1.0,1.0,1.0,1.0,0.5,2.0,1.0,1.0,1.0,0.5,1.0,1.0,0.0,0.5,2.0,1.0
869,alcremie,alcremie-rainbow-swirl-clover-sweet,8,fairy,,1,sweet-veil,aroma-veil,65,0.13,60,0.12,75,0.15,110,0.22,121,0.24,64,0.13,495,sp_defense,170,261,average,574.92,4,specialized,0.49,mid_tier,0.62,upper_mid_tier,2,3,1,1.0,solid,bulky,solid-bulky,0.3,0.5,5.56,very_light,0,1.0,normal,173.0,55,100,50,20,"fairy, indeterminate",medium,blob,white,Cream Pokémon,"When it trusts a Trainer, it will treat them to berries it’s decorated with cream.",milcery --> alcremie,2,2,1,1.0,1.0,1.0,1.0,1.0,1.0,0.5,2.0,1.0,1.0,1.0,0.5,1.0,1.0,0.0,0.5,2.0,1.0
869,alcremie,alcremie-vanilla-cream-flower-sweet,8,fairy,,1,sweet-veil,aroma-veil,65,0.13,60,0.12,75,0.15,110,0.22,121,0.24,64,0.13,495,sp_defense,170,261,average,574.92,4,specialized,0.49,mid_tier,0.62,upper_mid_tier,2,3,1,1.0,solid,bulky,solid-bulky,0.3,0.5,5.56,very_light,0,1.0,normal,173.0,55,100,50,20,"fairy, indeterminate",medium,blob,white,Cream Pokémon,"When it trusts a Trainer, it will treat them to berries it’s decorated with cream.",milcery --> alcremie,2,2,1,1.0,1.0,1.0,1.0,1.0,1.0,0.5,2.0,1.0,1.0,1.0,0.5,1.0,1.0,0.0,0.5,2.0,1.0
869,alcremie,alcremie-ruby-cream-flower-sweet,8,fairy,,1,sweet-veil,aroma-veil,65,0.13,60,0.12,75,0.15,110,0.22,121,0.24,64,0.13,495,sp_defense,170,261,average,574.92,4,specialized,0.49,mid_tier,0.62,upper_mid_tier,2,3,1,1.0,solid,bulky,solid-bulky,0.3,0.5,5.56,very_light,0,1.0,normal,173.0,55,100,50,20,"fairy, indeterminate",medium,blob,white,Cream Pokémon,"When it trusts a Trainer, it will treat them to berries it’s decorated with cream.",milcery --> alcremie,2,2,1,1.0,1.0,1.0,1.0,1.0,1.0,0.5,2.0,1.0,1.0,1.0,0.5,1.0,1.0,0.0,0.5,2.0,1.0
869,alcremie,alcremie-matcha-cream-flower-sweet,8,fairy,,1,sweet-veil,aroma-veil,65,0.13,60,0.12,75,0.15,110,0.22,121,0.24,64,0.13,495,sp_defense,170,261,average,574.92,4,specialized,0.49,mid_tier,0.62,upper_mid_tier,2,3,1,1.0,solid,bulky,solid-bulky,0.3,0.5,5.56,very_light,0,1.0,normal,173.0,55,100,50,20,"fairy, indeterminate",medium,blob,white,Cream Pokémon,"When it trusts a Trainer, it will treat them to berries it’s decorated with cream.",milcery --> alcremie,2,2,1,1.0,1.0,1.0,1.0,1.0,1.0,0.5,2.0,1.0,1.0,1.0,0.5,1.0,1.0,0.0,0.5,2.0,1.0
869,alcremie,alcremie-mint-cream-flower-sweet,8,fairy,,1,sweet-veil,aroma-veil,65,0.13,60,0.12,75,0.15,110,0.22,121,0.24,64,0.13,495,sp_defense,170,261,average,574.92,4,specialized,0.49,mid_tier,0.62,upper_mid_tier,2,3,1,1.0,solid,bulky,solid-bulky,0.3,0.5,5.56,very_light,0,1.0,normal,173.0,55,100,50,20,"fairy, indeterminate",medium,blob,white,Cream Pokémon,"When it trusts a Trainer, it will treat them to berries it’s decorated with cream.",milcery --> alcremie,2,2,1,1.0,1.0,1.0,1.0,1.0,1.0,0.5,2.0,1.0,1.0,1.0,0.5,1.0,1.0,0.0,0.5,2.0,1.0
869,alcremie,alcremie-lemon-cream-flower-sweet,8,fairy,,1,sweet-veil,aroma-veil,65,0.13,60,0.12,75,0.15,110,0.22,121,0.24,64,0.13,495,sp_defense,170,261,average,574.92,4,specialized,0.49,mid_tier,0.62,upper_mid_tier,2,3,1,1.0,solid,bulky,solid-bulky,0.3,0.5,5.56,very_light,0,1.0,normal,173.0,55,100,50,20,"fairy, indeterminate",medium,blob,white,Cream Pokémon,"When it trusts a Trainer, it will treat them to berries it’s decorated with cream.",milcery --> alcremie,2,2,1,1.0,1.0,1.0,1.0,1.0,1.0,0.5,2.0,1.0,1.0,1.0,0.5,1.0,1.0,0.0,0.5,2.0,1.0
869,alcremie,alcremie-salted-cream-flower-sweet,8,fairy,,1,sweet-veil,aroma-veil,65,0.13,60,0.12,75,0.15,110,0.22,121,0.24,64,0.13,495,sp_defense,170,261,average,574.92,4,specialized,0.49,mid_tier,0.62,upper_mid_tier,2,3,1,1.0,solid,bulky,solid-bulky,0.3,0.5,5.56,very_light,0,1.0,normal,173.0,55,100,50,20,"fairy, indeterminate",medium,blob,white,Cream Pokémon,"When it trusts a Trainer, it will treat them to berries it’s decorated with cream.",milcery --> alcremie,2,2,1,1.0,1.0,1.0,1.0,1.0,1.0,0.5,2.0,1.0,1.0,1.0,0.5,1.0,1.0,0.0,0.5,2.0,1.0
869,alcremie,alcremie-ruby-swirl-flower-sweet,8,fairy,,1,sweet-veil,aroma-veil,65,0.13,60,0.12,75,0.15,110,0.22,121,0.24,64,0.13,495,sp_defense,170,261,average,574.92,4,specialized,0.49,mid_tier,0.62,upper_mid_tier,2,3,1,1.0,solid,bulky,solid-bulky,0.3,0.5,5.56,very_light,0,1.0,normal,173.0,55,100,50,20,"fairy, indeterminate",medium,blob,white,Cream Pokémon,"When it trusts a Trainer, it will treat them to berries it’s decorated with cream.",milcery --> alcremie,2,2,1,1.0,1.0,1.0,1.0,1.0,1.0,0.5,2.0,1.0,1.0,1.0,0.5,1.0,1.0,0.0,0.5,2.0,1.0
869,alcremie,alcremie-caramel-swirl-flower-sweet,8,fairy,,1,sweet-veil,aroma-veil,65,0.13,60,0.12,75,0.15,110,0.22,121,0.24,64,0.13,495,sp_defense,170,261,average,574.92,4,specialized,0.49,mid_tier,0.62,upper_mid_tier,2,3,1,1.0,solid,bulky,solid-bulky,0.3,0.5,5.56,very_light,0,1.0,normal,173.0,55,100,50,20,"fairy, indeterminate",medium,blob,white,Cream Pokémon,"When it trusts a Trainer, it will treat them to berries it’s decorated with cream.",milcery --> alcremie,2,2,1,1.0,1.0,1.0,1.0,1.0,1.0,0.5,2.0,1.0,1.0,1.0,0.5,1.0,1.0,0.0,0.5,2.0,1.0
869,alcremie,alcremie-rainbow-swirl-flower-sweet,8,fairy,,1,sweet-veil,aroma-veil,65,0.13,60,0.12,75,0.15,110,0.22,121,0.24,64,0.13,495,sp_defense,170,261,average,574.92,4,specialized,0.49,mid_tier,0.62,upper_mid_tier,2,3,1,1.0,solid,bulky,solid-bulky,0.3,0.5,5.56,very_light,0,1.0,normal,173.0,55,100,50,20,"fairy, indeterminate",medium,blob,white,Cream Pokémon,"When it trusts a Trainer, it will treat them to berries it’s decorated with cream.",milcery --> alcremie,2,2,1,1.0,1.0,1.0,1.0,1.0,1.0,0.5,2.0,1.0,1.0,1.0,0.5,1.0,1.0,0.0,0.5,2.0,1.0
869,alcremie,alcremie-vanilla-cream-ribbon-sweet,8,fairy,,1,sweet-veil,aroma-veil,65,0.13,60,0.12,75,0.15,110,0.22,121,0.24,64,0.13,495,sp_defense,170,261,average,574.92,4,specialized,0.49,mid_tier,0.62,upper_mid_tier,2,3,1,1.0,solid,bulky,solid-bulky,0.3,0.5,5.56,very_light,0,1.0,normal,173.0,55,100,50,20,"fairy, indeterminate",medium,blob,white,Cream Pokémon,"When it trusts a Trainer, it will treat them to berries it’s decorated with cream.",milcery --> alcremie,2,2,1,1.0,1.0,1.0,1.0,1.0,1.0,0.5,2.0,1.0,1.0,1.0,0.5,1.0,1.0,0.0,0.5,2.0,1.0
869,alcremie,alcremie-ruby-cream-ribbon-sweet,8,fairy,,1,sweet-veil,aroma-veil,65,0.13,60,0.12,75,0.15,110,0.22,121,0.24,64,0.13,495,sp_defense,170,261,average,574.92,4,specialized,0.49,mid_tier,0.62,upper_mid_tier,2,3,1,1.0,solid,bulky,solid-bulky,0.3,0.5,5.56,very_light,0,1.0,normal,173.0,55,100,50,20,"fairy, indeterminate",medium,blob,white,Cream Pokémon,"When it trusts a Trainer, it will treat them to berries it’s decorated with cream.",milcery --> alcremie,2,2,1,1.0,1.0,1.0,1.0,1.0,1.0,0.5,2.0,1.0,1.0,1.0,0.5,1.0,1.0,0.0,0.5,2.0,1.0
869,alcremie,alcremie-matcha-cream-ribbon-sweet,8,fairy,,1,sweet-veil,aroma-veil,65,0.13,60,0.12,75,0.15,110,0.22,121,0.24,64,0.13,495,sp_defense,170,261,average,574.92,4,specialized,0.49,mid_tier,0.62,upper_mid_tier,2,3,1,1.0,solid,bulky,solid-bulky,0.3,0.5,5.56,very_light,0,1.0,normal,173.0,55,100,50,20,"fairy, indeterminate",medium,blob,white,Cream Pokémon,"When it trusts a Trainer, it will treat them to berries it’s decorated with cream.",milcery --> alcremie,2,2,1,1.0,1.0,1.0,1.0,1.0,1.0,0.5,2.0,1.0,1.0,1.0,0.5,1.0,1.0,0.0,0.5,2.0,1.0
869,alcremie,alcremie-mint-cream-ribbon-sweet,8,fairy,,1,sweet-veil,aroma-veil,65,0.13,60,0.12,75,0.15,110,0.22,121,0.24,64,0.13,495,sp_defense,170,261,average,574.92,4,specialized,0.49,mid_tier,0.62,upper_mid_tier,2,3,1,1.0,solid,bulky,solid-bulky,0.3,0.5,5.56,very_light,0,1.0,normal,173.0,55,100,50,20,"fairy, indeterminate",medium,blob,white,Cream Pokémon,"When it trusts a Trainer, it will treat them to berries it’s decorated with cream.",milcery --> alcremie,2,2,1,1.0,1.0,1.0,1.0,1.0,1.0,0.5,2.0,1.0,1.0,1.0,0.5,1.0,1.0,0.0,0.5,2.0,1.0
869,alcremie,alcremie-lemon-cream-ribbon-sweet,8,fairy,,1,sweet-veil,aroma-veil,65,0.13,60,0.12,75,0.15,110,0.22,121,0.24,64,0.13,495,sp_defense,170,261,average,574.92,4,specialized,0.49,mid_tier,0.62,upper_mid_tier,2,3,1,1.0,solid,bulky,solid-bulky,0.3,0.5,5.56,very_light,0,1.0,normal,173.0,55,100,50,20,"fairy, indeterminate",medium,blob,white,Cream Pokémon,"When it trusts a Trainer, it will treat them to berries it’s decorated with cream.",milcery --> alcremie,2,2,1,1.0,1.0,1.0,1.0,1.0,1.0,0.5,2.0,1.0,1.0,1.0,0.5,1.0,1.0,0.0,0.5,2.0,1.0
869,alcremie,alcremie-salted-cream-ribbon-sweet,8,fairy,,1,sweet-veil,aroma-veil,65,0.13,60,0.12,75,0.15,110,0.22,121,0.24,64,0.13,495,sp_defense,170,261,average,574.92,4,specialized,0.49,mid_tier,0.62,upper_mid_tier,2,3,1,1.0,solid,bulky,solid-bulky,0.3,0.5,5.56,very_light,0,1.0,normal,173.0,55,100,50,20,"fairy, indeterminate",medium,blob,white,Cream Pokémon,"When it trusts a Trainer, it will treat them to berries it’s decorated with cream.",milcery --> alcremie,2,2,1,1.0,1.0,1.0,1.0,1.0,1.0,0.5,2.0,1.0,1.0,1.0,0.5,1.0,1.0,0.0,0.5,2.0,1.0
869,alcremie,alcremie-ruby-swirl-ribbon-sweet,8,fairy,,1,sweet-veil,aroma-veil,65,0.13,60,0.12,75,0.15,110,0.22,121,0.24,64,0.13,495,sp_defense,170,261,average,574.92,4,specialized,0.49,mid_tier,0.62,upper_mid_tier,2,3,1,1.0,solid,bulky,solid-bulky,0.3,0.5,5.56,very_light,0,1.0,normal,173.0,55,100,50,20,"fairy, indeterminate",medium,blob,white,Cream Pokémon,"When it trusts a Trainer, it will treat them to berries it’s decorated with cream.",milcery --> alcremie,2,2,1,1.0,1.0,1.0,1.0,1.0,1.0,0.5,2.0,1.0,1.0,1.0,0.5,1.0,1.0,0.0,0.5,2.0,1.0
869,alcremie,alcremie-caramel-swirl-ribbon-sweet,8,fairy,,1,sweet-veil,aroma-veil,65,0.13,60,0.12,75,0.15,110,0.22,121,0.24,64,0.13,495,sp_defense,170,261,average,574.92,4,specialized,0.49,mid_tier,0.62,upper_mid_tier,2,3,1,1.0,solid,bulky,solid-bulky,0.3,0.5,5.56,very_light,0,1.0,normal,173.0,55,100,50,20,"fairy, indeterminate",medium,blob,white,Cream Pokémon,"When it trusts a Trainer, it will treat them to berries it’s decorated with cream.",milcery --> alcremie,2,2,1,1.0,1.0,1.0,1.0,1.0,1.0,0.5,2.0,1.0,1.0,1.0,0.5,1.0,1.0,0.0,0.5,2.0,1.0
869,alcremie,alcremie-rainbow-swirl-ribbon-sweet,8,fairy,,1,sweet-veil,aroma-veil,65,0.13,60,0.12,75,0.15,110,0.22,121,0.24,64,0.13,495,sp_defense,170,261,average,574.92,4,specialized,0.49,mid_tier,0.62,upper_mid_tier,2,3,1,1.0,solid,bulky,solid-bulky,0.3,0.5,5.56,very_light,0,1.0,normal,173.0,55,100,50,20,"fairy, indeterminate",medium,blob,white,Cream Pokémon,"When it trusts a Trainer, it will treat them to berries it’s decorated with cream.",milcery --> alcremie,2,2,1,1.0,1.0,1.0,1.0,1.0,1.0,0.5,2.0,1.0,1.0,1.0,0.5,1.0,1.0,0.0,0.5,2.0,1.0
869,alcremie,alcremie-gmax,8,fairy,,1,sweet-veil,aroma-veil,65,0.13,60,0.12,75,0.15,110,0.22,121,0.24,64,0.13,495,sp_defense,170,261,average,574.92,4,specialized,0.49,mid_tier,0.62,upper_mid_tier,2,3,1,1.0,solid,bulky,solid-bulky,30.0,1000.0,1.11,very_light,0,1.0,normal,173.0,0,100,50,20,"fairy, indeterminate",medium,blob,white,Cream Pokémon,"When it trusts a Trainer, it will treat them to berries it’s decorated with cream.",milcery --> alcremie,2,2,1,1.0,1.0,1.0,1.0,1.0,1.0,0.5,2.0,1.0,1.0,1.0,0.5,1.0,1.0,0.0,0.5,2.0,1.0
870,falinks,falinks,8,fighting,,1,battle-armor,defiant,65,0.14,100,0.21,100,0.21,70,0.15,60,0.13,75,0.16,470,attack,170,225,average,255.56,2,slightly_specialized,0.23,lower_mid_tier,0.48,mid_tier,3,3,0,-1.5,exposed,balanced,exposed-balanced,3.0,62.0,6.89,very_light,1,0.0,normal,165.0,57,45,50,25,"fairy, mineral",medium,heads,yellow,Formation Pokémon,"Five of them are troopers, and one is the brass. The brass’s orders are absolute.",falinks,1,0,0,1.0,1.0,1.0,1.0,1.0,1.0,1.0,1.0,1.0,2.0,2.0,0.5,0.5,1.0,1.0,0.5,1.0,2.0
870,falinks,falinks-mega,8,fighting,,1,,,65,0.11,135,0.24,135,0.24,70,0.12,65,0.11,100,0.18,570,attack,205,265,fast,941.67,5,highly_specialized,0.91,top_tier,0.83,top_tier,3,3,0,-1.5,exposed,juggernaut,exposed-juggernaut,1.6,99.0,38.67,heavy,1,0.0,normal,,0,45,50,25,"fairy, mineral",medium,heads,yellow,Formation Pokémon,"Five of them are troopers, and one is the brass. The brass’s orders are absolute.",falinks,1,0,0,1.0,1.0,1.0,1.0,1.0,1.0,1.0,1.0,1.0,2.0,2.0,0.5,0.5,1.0,1.0,0.5,1.0,2.0
871,pincurchin,pincurchin,8,electric,,1,lightning-rod,electric-surge,48,0.11,101,0.23,95,0.22,91,0.21,85,0.2,15,0.03,435,attack,192,228,slow,953.92,5,highly_specialized,0.19,bottom_tier,0.41,mid_tier,1,3,0,0.5,solid,attacker,solid-attacker,0.3,1.0,11.11,very_light,0,0.5,normal,152.0,60,75,50,20,"water1, indeterminate",medium,tentacles,purple,Sea Urchin Pokémon,"It feeds on seaweed, using its teeth to scrape it off rocks. Electric current flows from the tips of its spines.",pincurchin,1,0,0,1.0,1.0,1.0,0.5,1.0,1.0,1.0,1.0,2.0,0.5,1.0,1.0,1.0,1.0,1.0,1.0,0.5,1.0
872,snom,snom,8,ice,bug,2,shield-dust,ice-scales,30,0.16,25,0.14,35,0.19,45,0.24,30,0.16,20,0.11,185,sp_attack,70,95,slow,61.81,1,balanced,0.01,bottom_tier,0.0,bottom_tier,4,3,0,-2.5,frail,weak_slow,frail-weak_slow,0.3,3.8,42.22,heavy,0,0.5,normal,37.0,21,190,50,20,bug,medium,squiggle,white,Worm Pokémon,"It spits out thread imbued with a frigid sort of energy and uses it to tie its body to branches, disguising itself as an icicle while it sleeps.",snom --> frosmoth,2,1,0,1.0,4.0,1.0,1.0,0.5,0.5,1.0,1.0,0.5,2.0,1.0,1.0,4.0,1.0,1.0,1.0,2.0,1.0
873,frosmoth,frosmoth,8,ice,bug,2,shield-dust,ice-scales,70,0.15,65,0.14,60,0.13,125,0.26,90,0.19,65,0.14,475,sp_attack,190,220,average,511.81,4,specialized,0.26,lower_mid_tier,0.5,mid_tier,4,3,0,-2.5,frail,attacker,frail-attacker,1.3,42.0,24.85,average,0,0.5,normal,166.0,56,75,50,20,bug,medium,bug-wings,white,Frost Moth Pokémon,Icy scales fall from its wings like snow as it flies over fields and mountains. The temperature of its wings is less than −290 degrees Fahrenheit.,snom --> frosmoth,2,2,1,1.0,4.0,1.0,1.0,0.5,0.5,1.0,1.0,0.5,2.0,1.0,1.0,4.0,1.0,1.0,1.0,2.0,1.0
874,stonjourner,stonjourner,8,rock,,1,power-spot,,100,0.21,125,0.27,135,0.29,20,0.04,20,0.04,70,0.15,470,defense,145,255,average,2122.22,5,extreme,0.23,lower_mid_tier,0.48,mid_tier,5,4,0,-3.0,frail,balanced,frail-balanced,2.5,520.0,83.2,very_heavy,0,0.5,normal,165.0,55,60,50,25,mineral,slow,legs,gray,Big Rock Pokémon,"It stands in grasslands, watching the sun’s descent from zenith to horizon. This Pokémon has a talent for delivering dynamic kicks.",stonjourner,1,0,0,0.5,0.5,2.0,1.0,2.0,1.0,2.0,0.5,2.0,0.5,1.0,1.0,1.0,1.0,1.0,1.0,2.0,1.0
875,eiscue,eiscue-ice,8,ice,,1,ice-face,,75,0.16,80,0.17,110,0.23,65,0.14,90,0.19,50,0.11,470,defense,145,275,slow,355.56,3,slightly_specialized,0.23,lower_mid_tier,0.48,mid_tier,4,1,0,-3.5,frail,tank,frail-tank,1.4,89.0,45.41,heavy,0,0.5,normal,165.0,55,60,50,25,"water1, ground",slow,upright,blue,Penguin Pokémon,It drifted in on the flow of ocean waters from a frigid place. It keeps its head iced constantly to make sure it stays nice and cold.,eiscue,1,0,0,1.0,2.0,1.0,1.0,1.0,0.5,2.0,1.0,1.0,1.0,1.0,1.0,2.0,1.0,1.0,1.0,2.0,1.0
875,eiscue,eiscue-noice,8,ice,,1,ice-face,,75,0.16,80,0.17,70,0.15,65,0.14,50,0.11,130,0.28,470,speed,145,195,fast,622.22,4,specialized,0.23,lower_mid_tier,0.48,mid_tier,4,1,0,-3.5,frail,midrange,frail-midrange,1.4,89.0,45.41,heavy,0,0.5,normal,165.0,55,60,50,25,"water1, ground",slow,upright,blue,Penguin Pokémon,It drifted in on the flow of ocean waters from a frigid place. It keeps its head iced constantly to make sure it stays nice and cold.,eiscue,1,0,0,1.0,2.0,1.0,1.0,1.0,0.5,2.0,1.0,1.0,1.0,1.0,1.0,2.0,1.0,1.0,1.0,2.0,1.0
876,indeedee,indeedee-male,8,psychic,normal,2,"inner-focus, synchronize",psychic-surge,60,0.13,65,0.14,55,0.12,105,0.22,95,0.2,95,0.2,475,sp_attack,170,210,average,386.81,3,slightly_specialized,0.26,lower_mid_tier,0.5,mid_tier,2,1,1,0.0,neutral,midrange,neutral-midrange,0.9,28.0,34.57,heavy,0,0.5,normal,166.0,57,30,140,40,fairy,fast,upright,purple,Emotion Pokémon,"It uses the horns on its head to sense the emotions of others. Males will act as valets for those they serve, looking after their every need.",indeedee,1,0,0,1.0,1.0,1.0,1.0,1.0,1.0,1.0,1.0,1.0,1.0,0.5,2.0,1.0,0.0,1.0,2.0,1.0,1.0
876,indeedee,indeedee-female,8,psychic,normal,2,"own-tempo, synchronize",psychic-surge,70,0.15,55,0.12,65,0.14,95,0.2,105,0.22,85,0.18,475,sp_defense,150,240,average,303.47,3,slightly_specialized,0.26,lower_mid_tier,0.5,mid_tier,2,1,1,0.0,neutral,midrange,neutral-midrange,0.9,28.0,34.57,heavy,0,0.5,normal,166.0,58,30,140,40,fairy,fast,upright,purple,Emotion Pokémon,"It uses the horns on its head to sense the emotions of others. Males will act as valets for those they serve, looking after their every need.",indeedee,1,0,0,1.0,1.0,1.0,1.0,1.0,1.0,1.0,1.0,1.0,1.0,0.5,2.0,1.0,0.0,1.0,2.0,1.0,1.0
877,morpeko,morpeko-full-belly,8,electric,dark,2,hunger-switch,,58,0.13,95,0.22,58,0.13,70,0.16,58,0.13,97,0.22,436,speed,165,174,average,290.56,3,slightly_specialized,0.2,bottom_tier,0.42,mid_tier,4,5,1,0.0,neutral,midrange,neutral-midrange,0.3,3.0,33.33,heavy,0,0.5,normal,153.0,74,180,50,10,"ground, fairy",medium,humanoid,yellow,Two-Sided Pokémon,"As it eats the seeds stored up in its pocket-like pouches, this Pokémon is not just satisfying its constant hunger. It’s also generating electricity.",morpeko,1,0,0,1.0,1.0,1.0,0.5,1.0,1.0,2.0,1.0,2.0,0.5,0.0,2.0,1.0,0.5,1.0,0.5,0.5,2.0
877,morpeko,morpeko-hangry,8,electric,dark,2,hunger-switch,,58,0.13,95,0.22,58,0.13,70,0.16,58,0.13,97,0.22,436,speed,165,174,average,290.56,3,slightly_specialized,0.2,bottom_tier,0.42,mid_tier,4,5,1,0.0,neutral,midrange,neutral-midrange,0.3,3.0,33.33,heavy,0,0.5,normal,153.0,74,180,50,10,"ground, fairy",medium,humanoid,yellow,Two-Sided Pokémon,"As it eats the seeds stored up in its pocket-like pouches, this Pokémon is not just satisfying its constant hunger. It’s also generating electricity.",morpeko,1,0,0,1.0,1.0,1.0,0.5,1.0,1.0,2.0,1.0,2.0,0.5,0.0,2.0,1.0,0.5,1.0,0.5,0.5,2.0
878,cufant,cufant,8,steel,,1,sheer-force,heavy-metal,72,0.22,80,0.24,49,0.15,40,0.12,49,0.15,40,0.12,330,attack,120,170,slow,239.33,2,slightly_specialized,0.13,bottom_tier,0.23,lower_mid_tier,3,10,1,3.5,iron,weak_slow,iron-weak_slow,1.2,100.0,69.44,very_heavy,0,0.5,normal,66.0,57,190,50,25,"ground, mineral",medium,quadruped,yellow,Copperderm Pokémon,"It digs up the ground with its trunk. It’s also very strong, being able to carry loads of over five tons without any problem at all.",cufant --> copperajah,2,1,0,0.5,2.0,1.0,1.0,0.5,0.5,2.0,0.0,2.0,0.5,0.5,0.5,0.5,1.0,0.5,1.0,0.5,0.5
879,copperajah,copperajah,8,steel,,1,sheer-force,heavy-metal,122,0.24,130,0.26,69,0.14,80,0.16,69,0.14,30,0.06,500,attack,210,260,slow,1156.56,5,highly_specialized,0.67,upper_mid_tier,0.66,upper_mid_tier,3,10,1,3.5,iron,bulky_attacker,iron-bulky_attacker,3.0,650.0,72.22,very_heavy,0,0.5,normal,175.0,64,90,50,25,"ground, mineral",medium,quadruped,green,Copperderm Pokémon,They came over from another region long ago and worked together with humans. Their green skin is resistant to water.,cufant --> copperajah,2,2,1,0.5,2.0,1.0,1.0,0.5,0.5,2.0,0.0,2.0,0.5,0.5,0.5,0.5,1.0,0.5,1.0,0.5,0.5
879,copperajah,copperajah-gmax,8,steel,,1,sheer-force,heavy-metal,122,0.24,130,0.26,69,0.14,80,0.16,69,0.14,30,0.06,500,attack,210,260,slow,1156.56,5,highly_specialized,0.67,upper_mid_tier,0.66,upper_mid_tier,3,10,1,3.5,iron,bulky_attacker,iron-bulky_attacker,23.0,1000.0,1.89,very_light,0,0.5,normal,175.0,0,90,50,25,"ground, mineral",medium,quadruped,green,Copperderm Pokémon,They came over from another region long ago and worked together with humans. Their green skin is resistant to water.,cufant --> copperajah,2,2,1,0.5,2.0,1.0,1.0,0.5,0.5,2.0,0.0,2.0,0.5,0.5,0.5,0.5,1.0,0.5,1.0,0.5,0.5
880,dracozolt,dracozolt,8,electric,dragon,2,"volt-absorb, hustle",sand-rush,90,0.18,100,0.2,90,0.18,80,0.16,70,0.14,75,0.15,505,attack,180,250,average,103.47,1,balanced,0.72,upper_mid_tier,0.68,upper_mid_tier,4,6,0,-1.0,exposed,attacker,exposed-attacker,1.8,190.0,58.64,very_heavy,1,0.0,normal,177.0,58,45,50,35,no-eggs,slow,upright,green,Fossil Pokémon,"In ancient times, it was unbeatable thanks to its powerful lower body, but it went extinct anyway after it depleted all its plant-based food sources.",dracozolt,1,0,0,1.0,0.5,0.5,0.25,0.5,2.0,1.0,1.0,2.0,0.5,1.0,1.0,1.0,1.0,2.0,1.0,0.5,2.0
881,arctozolt,arctozolt,8,electric,ice,2,"volt-absorb, static",slush-rush,90,0.18,100,0.2,90,0.18,90,0.18,80,0.16,55,0.11,505,attack,190,260,slow,203.47,2,slightly_specialized,0.72,upper_mid_tier,0.68,upper_mid_tier,4,3,0,-2.5,frail,bulky_attacker,frail-bulky_attacker,2.3,150.0,28.36,average,1,0.0,normal,177.0,54,45,50,35,no-eggs,slow,upright,blue,Fossil Pokémon,The shaking of its freezing upper half is what generates its electricity. It has a hard time walking around.,arctozolt,1,0,0,1.0,2.0,1.0,0.5,1.0,0.5,2.0,1.0,2.0,0.5,1.0,1.0,2.0,1.0,1.0,1.0,1.0,1.0
882,dracovish,dracovish,8,water,dragon,2,"water-absorb, strong-jaw",sand-rush,90,0.18,90,0.18,100,0.2,70,0.14,80,0.16,75,0.15,505,defense,160,270,average,103.47,1,balanced,0.72,upper_mid_tier,0.68,upper_mid_tier,2,3,0,-0.5,exposed,bulky,exposed-bulky,2.3,215.0,40.64,heavy,1,0.0,normal,177.0,50,45,50,35,no-eggs,slow,legs,green,Fossil Pokémon,Powerful legs and jaws made it the apex predator of its time. Its own overhunting of its prey was what drove it to extinction.,dracovish,1,0,0,1.0,0.25,0.25,1.0,1.0,1.0,1.0,1.0,1.0,1.0,1.0,1.0,1.0,1.0,2.0,1.0,0.5,2.0
883,arctovish,arctovish,8,water,ice,2,"water-absorb, ice-body",slush-rush,90,0.18,90,0.18,100,0.2,80,0.16,90,0.18,55,0.11,505,defense,170,280,slow,203.47,2,slightly_specialized,0.72,upper_mid_tier,0.68,upper_mid_tier,4,2,0,-3.0,frail,tank,frail-tank,2.0,175.0,43.75,heavy,1,0.0,normal,177.0,45,45,50,35,no-eggs,slow,fish,blue,Fossil Pokémon,"Though it’s able to capture prey by freezing its surroundings, it has trouble eating the prey afterward because its mouth is on top of its head.",arctovish,1,0,0,1.0,1.0,0.5,2.0,2.0,0.25,2.0,1.0,1.0,1.0,1.0,1.0,2.0,1.0,1.0,1.0,1.0,1.0
884,duraludon,duraludon,8,steel,dragon,2,"light-metal, heavy-metal",stalwart,70,0.13,95,0.18,115,0.21,120,0.22,50,0.09,85,0.16,535,sp_attack,215,235,average,595.14,4,specialized,0.88,top_tier,0.78,upper_mid_tier,2,9,1,4.0,iron,sweeper,iron-sweeper,1.8,40.0,12.35,very_light,0,0.5,normal,187.0,60,45,50,30,"mineral, dragon",medium,upright,white,Alloy Pokémon,"Its body resembles polished metal, and it’s both lightweight and strong. The only drawback is that it rusts easily.",duraludon --> archaludon,2,1,0,0.5,1.0,0.5,0.5,0.25,1.0,2.0,0.0,2.0,0.5,0.5,0.5,0.5,1.0,1.0,1.0,0.5,1.0
884,duraludon,duraludon-gmax,8,steel,dragon,2,"light-metal, heavy-metal",stalwart,70,0.13,95,0.18,115,0.21,120,0.22,50,0.09,85,0.16,535,sp_attack,215,235,average,595.14,4,specialized,0.88,top_tier,0.78,upper_mid_tier,2,9,1,4.0,iron,sweeper,iron-sweeper,43.0,1000.0,0.54,very_light,0,0.5,normal,187.0,0,45,50,30,"mineral, dragon",medium,upright,white,Alloy Pokémon,"Its body resembles polished metal, and it’s both lightweight and strong. The only drawback is that it rusts easily.",duraludon --> archaludon,2,1,0,0.5,1.0,0.5,0.5,0.25,1.0,2.0,0.0,2.0,0.5,0.5,0.5,0.5,1.0,1.0,1.0,0.5,1.0
885,dreepy,dreepy,8,dragon,ghost,2,"clear-body, infiltrator",cursed-body,28,0.1,60,0.22,30,0.11,40,0.15,30,0.11,82,0.3,270,speed,100,88,average,393.0,3,slightly_specialized,0.06,bottom_tier,0.08,bottom_tier,5,6,2,1.0,solid,fragile,solid-fragile,0.5,2.0,8.0,very_light,0,0.5,normal,54.0,26,45,50,40,"indeterminate, dragon",slow,squiggle,green,Lingering Pokémon,"After being reborn as a ghost Pokémon, Dreepy wanders the areas it used to inhabit back when it was alive in prehistoric seas.",dreepy --> drakloak --> dragapult,3,1,0,0.0,0.5,0.5,0.5,0.5,2.0,0.0,0.5,1.0,1.0,1.0,0.5,1.0,2.0,2.0,2.0,1.0,2.0
886,drakloak,drakloak,8,dragon,ghost,2,"clear-body, infiltrator",cursed-body,68,0.17,80,0.2,50,0.12,60,0.15,50,0.12,102,0.25,410,speed,140,168,fast,335.22,3,slightly_specialized,0.16,bottom_tier,0.35,lower_mid_tier,5,6,2,1.0,solid,midrange,solid-midrange,1.4,11.0,5.61,very_light,0,0.5,normal,144.0,59,45,50,40,"indeterminate, dragon",slow,arms,green,Caretaker Pokémon,It’s capable of flying faster than 120 mph. It battles alongside Dreepy and dotes on them until they successfully evolve.,dreepy --> drakloak --> dragapult,3,2,0,0.0,0.5,0.5,0.5,0.5,2.0,0.0,0.5,1.0,1.0,1.0,0.5,1.0,2.0,2.0,2.0,1.0,2.0
887,dragapult,dragapult,8,dragon,ghost,2,"clear-body, infiltrator",cursed-body,88,0.15,120,0.2,75,0.12,100,0.17,75,0.12,142,0.24,600,speed,220,238,fast,593.0,4,specialized,0.95,top_tier,0.9,top_tier,5,6,2,1.0,solid,sweeper,solid-sweeper,3.0,50.0,5.56,very_light,0,0.5,normal,300.0,69,45,50,40,"indeterminate, dragon",slow,upright,green,Stealth Pokémon,"When it isn’t battling, it keeps Dreepy in the holes on its horns. Once a fight starts, it launches the Dreepy like supersonic missiles.",dreepy --> drakloak --> dragapult,3,3,1,0.0,0.5,0.5,0.5,0.5,2.0,0.0,0.5,1.0,1.0,1.0,0.5,1.0,2.0,2.0,2.0,1.0,2.0
888,zacian,zacian,8,fairy,,1,intrepid-sword,,92,0.14,120,0.18,115,0.17,80,0.12,115,0.17,138,0.21,660,speed,200,322,fast,359.67,3,slightly_specialized,0.97,top_tier,0.95,top_tier,2,3,1,1.0,solid,juggernaut,solid-juggernaut,2.8,110.0,14.03,light,1,0.0,legendary,335.0,63,10,0,120,no-eggs,slow,quadruped,blue,Warrior Pokémon,"Known as a legendary hero, this Pokémon absorbs metal particles, transforming them into a weapon it uses to battle.",zacian,1,0,0,1.0,1.0,1.0,1.0,1.0,1.0,0.5,2.0,1.0,1.0,1.0,0.5,1.0,1.0,0.0,0.5,2.0,1.0
888,zacian,zacian-crowned,8,fairy,steel,2,intrepid-sword,,92,0.13,150,0.21,115,0.16,80,0.11,115,0.16,148,0.21,700,attack,230,322,fast,675.22,5,specialized,0.99,top_tier,0.98,top_tier,2,9,2,5.5,iron,juggernaut,iron-juggernaut,2.8,355.0,45.28,heavy,1,0.0,legendary,360.0,63,10,0,120,no-eggs,slow,quadruped,blue,Warrior Pokémon,"Known as a legendary hero, this Pokémon absorbs metal particles, transforming them into a weapon it uses to battle.",zacian,1,0,0,0.5,2.0,1.0,1.0,0.5,0.5,1.0,0.0,2.0,0.5,0.5,0.25,0.5,1.0,0.0,0.5,1.0,0.5
889,zamazenta,zamazenta,8,fighting,,1,dauntless-shield,,92,0.14,120,0.18,115,0.17,80,0.12,115,0.17,138,0.21,660,speed,200,322,fast,359.67,3,slightly_specialized,0.97,top_tier,0.95,top_tier,3,3,0,-1.5,exposed,juggernaut,exposed-juggernaut,2.9,210.0,24.97,average,1,0.0,legendary,335.0,68,10,0,120,no-eggs,slow,quadruped,red,Warrior Pokémon,"In times past, it worked together with a king of the people to save the Galar region. It absorbs metal that it then uses in battle.",zamazenta,1,0,0,1.0,1.0,1.0,1.0,1.0,1.0,1.0,1.0,1.0,2.0,2.0,0.5,0.5,1.0,1.0,0.5,1.0,2.0
889,zamazenta,zamazenta-crowned,8,fighting,steel,2,dauntless-shield,,92,0.13,120,0.17,140,0.2,80,0.11,140,0.2,128,0.18,700,defense,200,372,fast,530.22,4,specialized,0.99,top_tier,0.98,top_tier,3,8,1,2.5,iron,juggernaut,iron-juggernaut,2.9,785.0,93.34,very_heavy,1,0.0,legendary,360.0,68,10,0,120,no-eggs,slow,quadruped,red,Warrior Pokémon,"In times past, it worked together with a king of the people to save the Galar region. It absorbs metal that it then uses in battle.",zamazenta,1,0,0,0.5,2.0,1.0,1.0,0.5,0.5,2.0,0.0,2.0,1.0,1.0,0.25,0.25,1.0,0.5,0.5,0.5,1.0
890,eternatus,eternatus,8,poison,dragon,2,pressure,,140,0.2,85,0.12,95,0.14,145,0.21,95,0.14,130,0.19,690,sp_attack,230,330,fast,575.0,4,specialized,0.98,top_tier,0.97,top_tier,4,7,0,-0.5,exposed,juggernaut,exposed-juggernaut,20.0,950.0,2.38,very_light,1,0.0,legendary,345.0,53,255,0,120,no-eggs,slow,wings,purple,Gigantic Pokémon,The core on its chest absorbs energy emanating from the lands of the Galar region. This energy is what allows Eternatus to stay active.,eternatus,1,0,0,1.0,0.5,0.5,0.5,0.25,2.0,0.5,0.5,2.0,1.0,2.0,0.5,1.0,1.0,2.0,1.0,1.0,1.0
890,eternatus,eternatus-eternamax,8,poison,dragon,2,pressure,,255,0.23,115,0.1,250,0.22,125,0.11,250,0.22,130,0.12,1125,hp,240,755,fast,4139.58,5,extreme,1.0,top_tier,1.0,top_tier,4,7,0,-0.5,exposed,juggernaut,exposed-juggernaut,100.0,0.0,0.0,very_light,1,0.0,legendary,563.0,43,255,0,120,no-eggs,slow,wings,purple,Gigantic Pokémon,The core on its chest absorbs energy emanating from the lands of the Galar region. This energy is what allows Eternatus to stay active.,eternatus,1,0,0,1.0,0.5,0.5,0.5,0.25,2.0,0.5,0.5,2.0,1.0,2.0,0.5,1.0,1.0,2.0,1.0,1.0,1.0
891,kubfu,kubfu,8,fighting,,1,inner-focus,,60,0.16,90,0.23,60,0.16,53,0.14,50,0.13,72,0.19,385,attack,143,170,average,181.47,2,balanced,0.16,bottom_tier,0.31,lower_mid_tier,3,3,0,-1.5,exposed,midrange,exposed-midrange,0.6,12.0,33.33,heavy,0,0.125,legendary,77.0,48,3,50,120,no-eggs,slow,upright,gray,Wushu Pokémon,Kubfu trains hard to perfect its moves. The moves it masters will determine which form it takes when it evolves.,kubfu --> urshifu,2,1,0,1.0,1.0,1.0,1.0,1.0,1.0,1.0,1.0,1.0,2.0,2.0,0.5,0.5,1.0,1.0,0.5,1.0,2.0
892,urshifu,urshifu-single-strike,8,fighting,dark,2,unseen-fist,,100,0.18,130,0.24,100,0.18,63,0.11,60,0.11,97,0.18,550,attack,193,260,average,576.89,4,specialized,0.89,top_tier,0.8,upper_mid_tier,3,3,1,0.0,neutral,juggernaut,neutral-juggernaut,1.9,105.0,29.09,average,0,0.125,legendary,275.0,75,3,50,120,no-eggs,slow,humanoid,gray,Wushu Pokémon,This form of Urshifu is a strong believer in the one-hit KO. Its strategy is to leap in close to foes and land a devastating blow with a hardened fist.,kubfu --> urshifu,2,2,1,1.0,1.0,1.0,1.0,1.0,1.0,2.0,1.0,1.0,2.0,0.0,1.0,0.5,0.5,1.0,0.25,1.0,4.0
892,urshifu,urshifu-rapid-strike,8,fighting,water,2,unseen-fist,,100,0.18,130,0.24,100,0.18,63,0.11,60,0.11,97,0.18,550,attack,193,260,average,576.89,4,specialized,0.89,top_tier,0.8,upper_mid_tier,5,7,0,-1.5,exposed,juggernaut,exposed-juggernaut,1.9,105.0,29.09,average,0,0.125,legendary,275.0,72,3,50,120,no-eggs,slow,humanoid,gray,Wushu Pokémon,This form of Urshifu is a strong believer in the one-hit KO. Its strategy is to leap in close to foes and land a devastating blow with a hardened fist.,kubfu --> urshifu,2,2,1,1.0,0.5,0.5,2.0,2.0,0.5,1.0,1.0,1.0,2.0,2.0,0.5,0.5,1.0,1.0,0.5,0.5,2.0
892,urshifu,urshifu-single-strike-gmax,8,fighting,dark,2,unseen-fist,,100,0.18,130,0.24,100,0.18,63,0.11,60,0.11,97,0.18,550,attack,193,260,average,576.89,4,specialized,0.89,top_tier,0.8,upper_mid_tier,3,3,1,0.0,neutral,juggernaut,neutral-juggernaut,29.0,1000.0,1.19,very_light,0,0.125,legendary,275.0,0,3,50,120,no-eggs,slow,humanoid,gray,Wushu Pokémon,This form of Urshifu is a strong believer in the one-hit KO. Its strategy is to leap in close to foes and land a devastating blow with a hardened fist.,kubfu --> urshifu,2,2,1,1.0,1.0,1.0,1.0,1.0,1.0,2.0,1.0,1.0,2.0,0.0,1.0,0.5,0.5,1.0,0.25,1.0,4.0
892,urshifu,urshifu-rapid-strike-gmax,8,fighting,water,2,unseen-fist,,100,0.18,130,0.24,100,0.18,63,0.11,60,0.11,97,0.18,550,attack,193,260,average,576.89,4,specialized,0.89,top_tier,0.8,upper_mid_tier,5,7,0,-1.5,exposed,juggernaut,exposed-juggernaut,26.0,1000.0,1.48,very_light,0,0.125,legendary,275.0,0,3,50,120,no-eggs,slow,humanoid,gray,Wushu Pokémon,This form of Urshifu is a strong believer in the one-hit KO. Its strategy is to leap in close to foes and land a devastating blow with a hardened fist.,kubfu --> urshifu,2,2,1,1.0,0.5,0.5,2.0,2.0,0.5,1.0,1.0,1.0,2.0,2.0,0.5,0.5,1.0,1.0,0.5,0.5,2.0
893,zarude,zarude,8,dark,grass,2,leaf-guard,,105,0.18,120,0.2,105,0.18,70,0.12,95,0.16,105,0.18,600,attack,190,305,fast,233.33,2,slightly_specialized,0.95,top_tier,0.9,top_tier,7,6,1,-2.5,frail,juggernaut,frail-juggernaut,1.8,70.0,21.6,light,1,0.0,mythical,300.0,82,3,0,120,no-eggs,slow,upright,green,Rogue Monkey Pokémon,"Within dense forests, this Pokémon lives in a pack with others of its kind. It’s incredibly aggressive, and the other Pokémon of the forest fear it.",zarude,1,0,0,1.0,2.0,0.5,0.5,0.5,2.0,2.0,2.0,0.5,2.0,0.0,4.0,1.0,0.5,1.0,0.5,1.0,2.0
893,zarude,zarude-dada,8,dark,grass,2,leaf-guard,,105,0.18,120,0.2,105,0.18,70,0.12,95,0.16,105,0.18,600,attack,190,305,fast,233.33,2,slightly_specialized,0.95,top_tier,0.9,top_tier,7,6,1,-2.5,frail,juggernaut,frail-juggernaut,1.8,70.0,21.6,light,1,0.0,mythical,300.0,80,3,0,120,no-eggs,slow,upright,green,Rogue Monkey Pokémon,"Within dense forests, this Pokémon lives in a pack with others of its kind. It’s incredibly aggressive, and the other Pokémon of the forest fear it.",zarude,1,0,0,1.0,2.0,0.5,0.5,0.5,2.0,2.0,2.0,0.5,2.0,0.0,4.0,1.0,0.5,1.0,0.5,1.0,2.0
894,regieleki,regieleki,8,electric,,1,transistor,,80,0.14,100,0.17,50,0.09,100,0.17,50,0.09,200,0.34,580,speed,200,180,fast,2555.56,5,extreme,0.93,top_tier,0.86,top_tier,1,3,0,0.5,solid,sweeper,solid-sweeper,1.2,145.0,100.69,very_heavy,1,0.0,legendary,290.0,47,3,35,120,no-eggs,slow,humanoid,yellow,Electron Pokémon,This Pokémon is a cluster of electrical energy. It’s said that removing the rings on Regieleki’s body will unleash the Pokémon’s latent power.,regieleki,1,0,0,1.0,1.0,1.0,0.5,1.0,1.0,1.0,1.0,2.0,0.5,1.0,1.0,1.0,1.0,1.0,1.0,0.5,1.0
895,regidrago,regidrago,8,dragon,,1,dragons-maw,,200,0.34,100,0.17,50,0.09,100,0.17,50,0.09,80,0.14,580,hp,200,300,average,2555.56,5,extreme,0.93,top_tier,0.86,top_tier,3,4,0,-1.0,exposed,bulky_attacker,exposed-bulky_attacker,2.1,200.0,45.35,heavy,1,0.0,legendary,290.0,43,3,35,120,no-eggs,slow,humanoid,green,Dragon Orb Pokémon,An academic theory proposes that Regidrago’s arms were once the head of an ancient dragon Pokémon. The theory remains unproven.,regidrago,1,0,0,1.0,0.5,0.5,0.5,0.5,2.0,1.0,1.0,1.0,1.0,1.0,1.0,1.0,1.0,2.0,1.0,1.0,2.0
896,glastrier,glastrier,8,ice,,1,chilling-neigh,,100,0.17,145,0.25,130,0.22,65,0.11,110,0.19,30,0.05,580,attack,210,340,slow,1513.89,5,extreme,0.93,top_tier,0.86,top_tier,4,1,0,-3.5,frail,bulky_attacker,frail-bulky_attacker,2.2,800.0,165.29,very_heavy,1,0.0,legendary,290.0,55,3,35,120,no-eggs,slow,quadruped,white,Wild Horse Pokémon,"Glastrier emits intense cold from its hooves. It’s also a belligerent Pokémon—anything it wants, it takes by force.",glastrier,1,0,0,1.0,2.0,1.0,1.0,1.0,0.5,2.0,1.0,1.0,1.0,1.0,1.0,2.0,1.0,1.0,1.0,2.0,1.0
897,spectrier,spectrier,8,ghost,,1,grim-neigh,,100,0.17,65,0.11,60,0.1,145,0.25,80,0.14,130,0.22,580,sp_attack,210,240,fast,1013.89,5,highly_specialized,0.93,top_tier,0.86,top_tier,2,2,2,2.0,iron,sweeper,iron-sweeper,2.0,44.5,11.12,very_light,1,0.0,legendary,290.0,50,3,35,120,no-eggs,slow,quadruped,black,Swift Horse Pokémon,It probes its surroundings with all its senses save one—it doesn’t use its sense of sight. Spectrier’s kicks are said to separate soul from body.,spectrier,1,0,0,0.0,1.0,1.0,1.0,1.0,1.0,0.0,0.5,1.0,1.0,1.0,0.5,1.0,2.0,1.0,2.0,1.0,1.0
898,calyrex,calyrex,8,psychic,grass,2,unnerve,,100,0.2,80,0.16,80,0.16,80,0.16,80,0.16,80,0.16,500,hp,160,260,average,55.56,1,balanced,0.67,upper_mid_tier,0.66,upper_mid_tier,7,6,0,-4.0,frail,bulky,frail-bulky,1.1,7.7,6.36,very_light,1,0.0,legendary,250.0,69,3,100,120,no-eggs,slow,humanoid,green,King Pokémon,"Calyrex is a merciful Pokémon, capable of providing healing and blessings. It reigned over the Galar region in times of yore.",calyrex,1,0,0,1.0,2.0,0.5,0.5,0.5,2.0,0.5,2.0,0.5,2.0,0.5,4.0,1.0,2.0,1.0,2.0,1.0,1.0
898,calyrex,calyrex-ice,8,psychic,ice,2,as-one-glastrier,,100,0.15,165,0.24,150,0.22,85,0.12,130,0.19,50,0.07,680,attack,250,380,slow,1547.22,5,extreme,0.98,top_tier,0.96,top_tier,6,2,0,-5.0,frail,bulky_attacker,frail-bulky_attacker,2.4,809.1,140.47,very_heavy,1,0.0,legendary,340.0,104,3,100,120,no-eggs,slow,humanoid,green,King Pokémon,"Calyrex is a merciful Pokémon, capable of providing healing and blessings. It reigned over the Galar region in times of yore.",calyrex,1,0,0,1.0,2.0,1.0,1.0,1.0,0.5,1.0,1.0,1.0,1.0,0.5,2.0,2.0,2.0,1.0,2.0,2.0,1.0
898,calyrex,calyrex-shadow,8,psychic,ghost,2,as-one-spectrier,,100,0.15,85,0.12,80,0.12,165,0.24,100,0.15,150,0.22,680,sp_attack,250,280,fast,1047.22,5,highly_specialized,0.98,top_tier,0.96,top_tier,2,2,2,2.0,iron,juggernaut,iron-juggernaut,2.4,53.6,9.31,very_light,1,0.0,legendary,340.0,94,3,100,120,no-eggs,slow,humanoid,green,King Pokémon,"Calyrex is a merciful Pokémon, capable of providing healing and blessings. It reigned over the Galar region in times of yore.",calyrex,1,0,0,0.0,1.0,1.0,1.0,1.0,1.0,0.0,0.5,1.0,1.0,0.5,1.0,1.0,4.0,1.0,4.0,1.0,1.0
899,wyrdeer,wyrdeer,8,normal,psychic,2,"intimidate, frisk",sap-sipper,103,0.2,105,0.2,72,0.14,105,0.2,75,0.14,65,0.12,525,attack,210,250,average,292.58,3,slightly_specialized,0.82,top_tier,0.74,upper_mid_tier,2,1,1,0.0,neutral,attacker,neutral-attacker,1.8,95.1,29.35,average,0,0.5,normal,263.0,68,135,50,20,ground,slow,quadruped,gray,Big Horn Pokémon,The black orbs shine with an uncanny light when the Pokémon is erecting invisible barriers. The fur shed from its beard retains heat well and is a highly useful material for winter clothing.,stantler --> wyrdeer,2,2,1,1.0,1.0,1.0,1.0,1.0,1.0,1.0,1.0,1.0,1.0,0.5,2.0,1.0,0.0,1.0,2.0,1.0,1.0
900,kleavor,kleavor,8,bug,rock,2,"swarm, sheer-force",sharpness,70,0.14,135,0.27,95,0.19,45,0.09,70,0.14,85,0.17,500,attack,180,235,average,772.22,5,specialized,0.67,upper_mid_tier,0.66,upper_mid_tier,3,2,0,-2.0,frail,sweeper,frail-sweeper,1.8,89.0,27.47,average,0,0.5,normal,175.0,56,115,50,20,bug,medium,bug-wings,brown,Axe Pokémon,"A violent creature that fells towering trees with its crude axes and shields itself with hard stone. If one should chance upon this Pokémon in the wilds, one's only recourse is to flee.",scyther --> scizor,2,2,1,0.5,1.0,2.0,1.0,1.0,1.0,1.0,0.5,1.0,1.0,1.0,1.0,2.0,1.0,1.0,1.0,2.0,1.0
901,ursaluna,ursaluna,8,ground,normal,2,"guts, bulletproof",unnerve,130,0.24,140,0.25,105,0.19,45,0.08,80,0.15,50,0.09,550,attack,185,315,slow,1338.89,5,highly_specialized,0.89,top_tier,0.8,upper_mid_tier,4,2,2,0.0,neutral,bulky_attacker,neutral-bulky_attacker,2.4,290.0,50.35,very_heavy,0,0.5,normal,275.0,77,75,50,20,ground,medium,quadruped,brown,Peat Pokémon,I believe it was Hisui's swampy terrain that gave Ursaluna its burly physique and newfound capacity to manipulate peat at will.,teddiursa --> ursaring --> ursaluna,3,3,1,1.0,1.0,2.0,0.0,2.0,2.0,2.0,0.5,1.0,1.0,1.0,1.0,0.5,0.0,1.0,1.0,1.0,1.0
901,ursaluna,ursaluna-bloodmoon,8,ground,normal,2,minds-eye,,113,0.2,70,0.13,120,0.22,135,0.24,65,0.12,52,0.09,555,sp_attack,205,298,slow,980.92,5,highly_specialized,0.91,top_tier,0.81,top_tier,4,2,2,0.0,neutral,bulky_attacker,neutral-bulky_attacker,2.4,290.0,50.35,very_heavy,0,0.5,normal,275.0,77,75,50,20,ground,medium,quadruped,brown,Peat Pokémon,I believe it was Hisui's swampy terrain that gave Ursaluna its burly physique and newfound capacity to manipulate peat at will.,teddiursa --> ursaring --> ursaluna,3,3,1,1.0,1.0,2.0,0.0,2.0,2.0,2.0,0.5,1.0,1.0,1.0,1.0,0.5,0.0,1.0,1.0,1.0,1.0
902,basculegion,basculegion-male,8,water,ghost,2,"swift-swim, adaptability",mold-breaker,120,0.23,112,0.21,65,0.12,80,0.15,75,0.14,78,0.15,530,hp,192,260,average,410.22,3,slightly_specialized,0.85,top_tier,0.76,upper_mid_tier,4,6,2,2.0,iron,bulky_attacker,iron-bulky_attacker,3.0,110.0,12.22,very_light,0,0.5,normal,265.0,54,135,50,20,water2,medium,fish,green,Big Fish Pokémon,Clads itself in the souls of comrades that perished before fulfilling their goals of journeying upstream. No other species throughout all Hisui's rivers is Basculegion's equal.,basculin --> basculegion,2,2,1,0.0,0.5,0.5,2.0,2.0,0.5,0.0,0.5,1.0,1.0,1.0,0.5,1.0,2.0,1.0,2.0,0.5,1.0
902,basculegion,basculegion-female,8,water,ghost,2,"swift-swim, adaptability",mold-breaker,120,0.23,92,0.17,65,0.12,100,0.19,75,0.14,78,0.15,530,hp,192,260,average,330.22,3,slightly_specialized,0.85,top_tier,0.76,upper_mid_tier,4,6,2,2.0,iron,bulky_attacker,iron-bulky_attacker,3.0,110.0,12.22,very_light,0,0.5,normal,265.0,53,135,50,20,water2,medium,fish,green,Big Fish Pokémon,Clads itself in the souls of comrades that perished before fulfilling their goals of journeying upstream. No other species throughout all Hisui's rivers is Basculegion's equal.,basculin --> basculegion,2,2,1,0.0,0.5,0.5,2.0,2.0,0.5,0.0,0.5,1.0,1.0,1.0,0.5,1.0,2.0,1.0,2.0,0.5,1.0
903,sneasler,sneasler,8,fighting,poison,2,"pressure, unburden",poison-touch,80,0.16,130,0.25,60,0.12,40,0.08,80,0.16,120,0.24,510,attack,170,220,fast,991.67,5,highly_specialized,0.78,upper_mid_tier,0.7,upper_mid_tier,3,6,0,0.0,neutral,midrange,neutral-midrange,1.3,43.0,25.44,average,0,0.5,normal,102.0,65,135,50,20,ground,medium-slow,upright,gray,Free Climb Pokémon,"Because of Sneasler's virulent poison and daunting physical prowess, no other species could hope to best it on the frozen highlands. Preferring solitude, this species does not form packs.",sneasel --> weavile,2,2,1,1.0,1.0,1.0,1.0,0.5,1.0,0.5,0.5,2.0,2.0,4.0,0.25,0.5,1.0,1.0,0.5,1.0,1.0
904,overqwil,overqwil,8,dark,poison,2,"poison-point, swift-swim",intimidate,85,0.17,115,0.23,95,0.19,65,0.13,65,0.13,85,0.17,510,attack,180,245,average,300.0,3,slightly_specialized,0.78,upper_mid_tier,0.7,upper_mid_tier,1,4,1,2.5,iron,sweeper,iron-sweeper,2.5,60.5,9.68,very_light,0,0.5,normal,179.0,63,135,50,20,water2,medium,fish,black,Pin Cluster Pokémon,Its lancelike spikes and savage temperament have earned it the nickname ”sea fiend.” It slurps up poison to nourish itself.,qwilfish --> overqwil,2,2,1,1.0,1.0,1.0,1.0,0.5,1.0,1.0,0.5,2.0,1.0,0.0,1.0,1.0,0.5,1.0,0.5,1.0,1.0
905,enamorus,enamorus-incarnate,8,fairy,flying,2,cute-charm,contrary,74,0.13,115,0.2,70,0.12,135,0.23,80,0.14,106,0.18,580,sp_attack,250,224,fast,565.89,4,specialized,0.93,top_tier,0.86,top_tier,5,4,2,0.0,neutral,sweeper,neutral-sweeper,1.6,48.0,18.75,light,0,1.0,legendary,116.0,54,3,50,20,no-eggs,slow,arms,pink,Love-Hate Pokémon,"When it flies to this land from across the sea, the bitter winter comes to an end. According to legend, this Pokémon's love gives rise to the budding of fresh life across Hisui.",enamorus,1,0,0,1.0,1.0,1.0,2.0,0.5,2.0,0.25,2.0,0.0,1.0,1.0,0.25,2.0,1.0,0.0,0.5,2.0,1.0
905,enamorus,enamorus-therian,8,fairy,flying,2,overcoat,,74,0.13,115,0.2,110,0.19,135,0.23,100,0.17,46,0.08,580,sp_attack,250,284,slow,845.89,5,specialized,0.93,top_tier,0.86,top_tier,5,4,2,0.0,neutral,bulky_attacker,neutral-bulky_attacker,1.6,48.0,18.75,light,0,1.0,legendary,116.0,51,3,50,20,no-eggs,slow,arms,pink,Love-Hate Pokémon,"When it flies to this land from across the sea, the bitter winter comes to an end. According to legend, this Pokémon's love gives rise to the budding of fresh life across Hisui.",enamorus,1,0,0,1.0,1.0,1.0,2.0,0.5,2.0,0.25,2.0,0.0,1.0,1.0,0.25,2.0,1.0,0.0,0.5,2.0,1.0
906,sprigatito,sprigatito,9,grass,,1,overgrow,protean,40,0.13,61,0.2,54,0.17,45,0.15,45,0.15,65,0.21,310,speed,106,139,average,82.56,1,balanced,0.17,bottom_tier,0.17,bottom_tier,5,4,0,-3.0,frail,fragile,frail-fragile,0.4,4.1,25.62,average,0,0.125,normal,62.0,46,45,50,20,"ground, plant",medium-slow,quadruped,green,Grass Cat Pokémon,Its fluffy fur is similar in composition to plants. This Pokémon frequently washes its face to keep it from drying out.,sprigatito --> floragato --> meowscarada,3,1,0,1.0,2.0,0.5,0.5,0.5,2.0,1.0,2.0,0.5,2.0,1.0,2.0,1.0,1.0,1.0,1.0,1.0,1.0
907,floragato,floragato,9,grass,,1,overgrow,protean,61,0.15,80,0.2,63,0.15,60,0.15,63,0.15,83,0.2,410,speed,140,187,average,88.56,1,balanced,0.26,lower_mid_tier,0.35,lower_mid_tier,5,4,0,-3.0,frail,balanced,frail-balanced,0.9,12.2,15.06,light,0,0.125,normal,144.0,47,45,50,20,"ground, plant",medium-slow,upright,green,Grass Cat Pokémon,"Floragato deftly wields the vine hidden beneath its long fur, slamming the hard flower bud against its opponents.",sprigatito --> floragato --> meowscarada,3,2,0,1.0,2.0,0.5,0.5,0.5,2.0,1.0,2.0,0.5,2.0,1.0,2.0,1.0,1.0,1.0,1.0,1.0,1.0
908,meowscarada,meowscarada,9,grass,dark,2,overgrow,protean,76,0.14,110,0.21,70,0.13,81,0.15,70,0.13,123,0.23,530,speed,191,216,fast,424.89,3,slightly_specialized,0.61,upper_mid_tier,0.76,upper_mid_tier,7,6,1,-2.5,frail,sweeper,frail-sweeper,1.5,31.2,13.87,light,0,0.125,normal,265.0,72,45,50,20,"ground, plant",medium-slow,upright,green,Magician Pokémon,"This Pokémon uses the reflective fur lining its cape to camouflage the stem of its flower, creating the illusion that the flower is floating.",sprigatito --> floragato --> meowscarada,3,3,1,1.0,2.0,0.5,0.5,0.5,2.0,2.0,2.0,0.5,2.0,0.0,4.0,1.0,0.5,1.0,0.5,1.0,2.0
909,fuecoco,fuecoco,9,fire,,1,blaze,unaware,67,0.22,45,0.15,59,0.19,63,0.2,40,0.13,36,0.12,310,hp,108,166,slow,140.56,2,balanced,0.17,bottom_tier,0.17,bottom_tier,3,6,0,0.0,neutral,weak_slow,neutral-weak_slow,0.4,9.8,61.25,very_heavy,0,0.125,normal,62.0,45,45,50,20,ground,medium-slow,upright,red,Fire Croc Pokémon,It lies on warm rocks and uses the heat absorbed by its square-shaped scales to create fire energy.,fuecoco --> crocalor --> skeledirge,3,1,0,1.0,0.5,2.0,1.0,0.5,0.5,1.0,1.0,2.0,1.0,1.0,0.5,2.0,1.0,1.0,1.0,0.5,0.5
910,crocalor,crocalor,9,fire,,1,blaze,unaware,81,0.2,55,0.13,78,0.19,90,0.22,58,0.14,49,0.12,411,sp_attack,145,217,slow,230.25,2,slightly_specialized,0.27,lower_mid_tier,0.36,lower_mid_tier,3,6,0,0.0,neutral,slow_attacker,neutral-slow_attacker,1.0,30.7,30.7,average,0,0.125,normal,144.0,43,45,50,20,ground,medium-slow,upright,red,Fire Croc Pokémon,The combination of Crocalor’s fire energy and overflowing vitality has caused an egg-shaped fireball to appear on the Pokémon’s head.,fuecoco --> crocalor --> skeledirge,3,2,0,1.0,0.5,2.0,1.0,0.5,0.5,1.0,1.0,2.0,1.0,1.0,0.5,2.0,1.0,1.0,1.0,0.5,0.5
911,skeledirge,skeledirge,9,fire,ghost,2,blaze,unaware,104,0.2,75,0.14,100,0.19,110,0.21,75,0.14,66,0.12,530,sp_attack,185,279,average,284.22,3,slightly_specialized,0.61,upper_mid_tier,0.76,upper_mid_tier,5,7,2,1.5,iron,bulky_attacker,iron-bulky_attacker,1.6,326.5,127.54,very_heavy,0,0.125,normal,265.0,61,45,50,20,ground,medium-slow,quadruped,red,Singer Pokémon,The fiery bird changes shape when Skeledirge sings. Rumor has it that the bird was born when the fireball on Skeledirge’s head gained a soul.,fuecoco --> crocalor --> skeledirge,3,3,1,0.0,0.5,2.0,1.0,0.5,0.5,0.0,0.5,2.0,1.0,1.0,0.25,2.0,2.0,1.0,2.0,0.5,0.5
912,quaxly,quaxly,9,water,,1,torrent,moxie,55,0.18,65,0.21,45,0.15,50,0.16,45,0.15,50,0.16,310,attack,115,145,slow,47.22,1,balanced,0.17,bottom_tier,0.17,bottom_tier,2,4,0,0.0,neutral,weak_slow,neutral-weak_slow,0.5,6.1,24.4,average,0,0.125,normal,62.0,39,45,50,20,"flying, water1",medium-slow,upright,white,Duckling Pokémon,"This Pokémon migrated to Paldea from distant lands long ago. The gel secreted by its feathers repels water and grime.""",quaxly --> quaxwell --> quaquaval,3,1,0,1.0,0.5,0.5,2.0,2.0,0.5,1.0,1.0,1.0,1.0,1.0,1.0,1.0,1.0,1.0,1.0,0.5,1.0
913,quaxwell,quaxwell,9,water,,1,torrent,moxie,70,0.17,85,0.21,65,0.16,65,0.16,60,0.15,65,0.16,410,attack,150,195,average,63.89,1,balanced,0.26,lower_mid_tier,0.35,lower_mid_tier,2,4,0,0.0,neutral,balanced,neutral-balanced,1.2,21.5,14.93,light,0,0.125,normal,144.0,40,45,50,20,"flying, water1",medium-slow,upright,blue,Practicing Pokémon,"These Pokémon constantly run through shallow waters to train their legs, then compete with each other to see which of them kicks most gracefully.",quaxly --> quaxwell --> quaquaval,3,2,0,1.0,0.5,0.5,2.0,2.0,0.5,1.0,1.0,1.0,1.0,1.0,1.0,1.0,1.0,1.0,1.0,0.5,1.0
914,quaquaval,quaquaval,9,water,fighting,2,torrent,moxie,85,0.16,120,0.23,80,0.15,85,0.16,75,0.14,85,0.16,530,attack,205,240,average,213.89,2,slightly_specialized,0.61,upper_mid_tier,0.76,upper_mid_tier,5,7,0,-1.5,exposed,sweeper,exposed-sweeper,1.8,61.9,19.1,light,0,0.125,normal,265.0,65,45,50,20,"flying, water1",medium-slow,upright,blue,Dancer Pokémon,A single kick from a Quaquaval can send a truck rolling. This Pokémon uses its powerful legs to perform striking dances from far-off lands.,quaxly --> quaxwell --> quaquaval,3,3,1,1.0,0.5,0.5,2.0,2.0,0.5,1.0,1.0,1.0,2.0,2.0,0.5,0.5,1.0,1.0,0.5,0.5,2.0
915,lechonk,lechonk,9,normal,,1,"aroma-veil, gluttony",thick-fat,54,0.21,45,0.18,40,0.16,35,0.14,45,0.18,35,0.14,254,hp,80,139,slow,43.89,1,balanced,0.03,bottom_tier,0.07,bottom_tier,1,0,1,0.5,solid,weak_slow,solid-weak_slow,0.5,10.2,40.8,heavy,0,0.5,normal,51.0,42,255,50,15,ground,medium,quadruped,gray,Hog Pokémon,It searches for food all day. It possesses a keen sense of smell but doesn’t use it for anything other than foraging.,lechonk --> oinkologne,2,1,0,1.0,1.0,1.0,1.0,1.0,1.0,2.0,1.0,1.0,1.0,1.0,1.0,1.0,0.0,1.0,1.0,1.0,1.0
916,oinkologne,oinkologne-male,9,normal,,1,"lingering-aroma, gluttony",thick-fat,110,0.22,100,0.2,75,0.15,59,0.12,80,0.16,65,0.13,489,hp,159,265,average,329.58,3,slightly_specialized,0.46,mid_tier,0.56,mid_tier,1,0,1,0.5,solid,bulky,solid-bulky,1.0,120.0,120.0,very_heavy,0,0.0,normal,171.0,47,100,50,15,ground,medium,quadruped,gray,Hog Pokémon,"Oinkologne is proud of its fine, glossy skin. It emits a concentrated scent from the tip of its tail.",lechonk --> oinkologne,2,2,1,1.0,1.0,1.0,1.0,1.0,1.0,2.0,1.0,1.0,1.0,1.0,1.0,1.0,0.0,1.0,1.0,1.0,1.0
916,oinkologne,oinkologne-female,9,normal,,1,"aroma-veil, gluttony",thick-fat,115,0.24,90,0.18,70,0.14,59,0.12,90,0.18,65,0.13,489,hp,149,275,average,362.92,3,slightly_specialized,0.46,mid_tier,0.56,mid_tier,1,0,1,0.5,solid,bulky,solid-bulky,1.0,120.0,120.0,very_heavy,0,0.0,normal,171.0,47,100,50,15,ground,medium,quadruped,gray,Hog Pokémon,"Oinkologne is proud of its fine, glossy skin. It emits a concentrated scent from the tip of its tail.",lechonk --> oinkologne,2,2,1,1.0,1.0,1.0,1.0,1.0,1.0,2.0,1.0,1.0,1.0,1.0,1.0,1.0,0.0,1.0,1.0,1.0,1.0
917,tarountula,tarountula,9,bug,,1,insomnia,stakeout,35,0.17,41,0.2,45,0.21,29,0.14,40,0.19,20,0.1,210,defense,70,120,slow,70.33,1,balanced,0.01,bottom_tier,0.03,bottom_tier,3,3,0,-1.5,exposed,weak_slow,exposed-weak_slow,0.3,4.0,44.44,heavy,0,0.5,normal,42.0,44,255,50,15,bug,slow-then-very-fast,armor,white,String Ball Pokémon,"The ball of threads wrapped around its body is elastic enough to deflect the scythes of Scyther, this Pokémon’s natural enemy.",tarountula --> spidops,2,1,0,1.0,2.0,1.0,1.0,0.5,1.0,0.5,1.0,0.5,2.0,1.0,1.0,2.0,1.0,1.0,1.0,1.0,1.0
918,spidops,spidops,9,bug,,1,insomnia,stakeout,60,0.15,79,0.2,92,0.23,52,0.13,86,0.21,35,0.09,404,defense,131,238,slow,404.56,3,slightly_specialized,0.25,lower_mid_tier,0.33,lower_mid_tier,3,3,0,-1.5,exposed,slow_attacker,exposed-slow_attacker,1.0,16.5,16.5,light,0,0.5,normal,141.0,55,120,50,15,bug,slow-then-very-fast,armor,green,Trap Pokémon,It clings to branches and ceilings using its threads and moves without a sound. It takes out its prey before the prey even notices it.,tarountula --> spidops,2,2,1,1.0,2.0,1.0,1.0,0.5,1.0,0.5,1.0,0.5,2.0,1.0,1.0,2.0,1.0,1.0,1.0,1.0,1.0
919,nymble,nymble,9,bug,,1,swarm,tinted-lens,33,0.16,46,0.22,40,0.19,21,0.1,25,0.12,45,0.21,210,attack,67,98,slow,91.0,1,balanced,0.01,bottom_tier,0.03,bottom_tier,3,3,0,-1.5,exposed,weak_slow,exposed-weak_slow,0.2,1.0,25.0,average,0,0.5,normal,42.0,31,190,20,20,bug,medium,armor,gray,Grasshopper Pokémon,"It has its third set of legs folded up. When it’s in a tough spot, this Pokémon jumps over 30 feet using the strength of its legs.",nymble --> lokix,2,1,0,1.0,2.0,1.0,1.0,0.5,1.0,0.5,1.0,0.5,2.0,1.0,1.0,2.0,1.0,1.0,1.0,1.0,1.0
920,lokix,lokix,9,bug,dark,2,swarm,tinted-lens,71,0.16,102,0.23,78,0.17,52,0.12,55,0.12,92,0.2,450,attack,154,204,average,328.67,3,slightly_specialized,0.33,lower_mid_tier,0.43,mid_tier,5,4,1,-1.5,exposed,midrange,exposed-midrange,1.0,17.5,17.5,light,0,0.5,normal,158.0,50,30,0,20,bug,medium,humanoid,gray,Grasshopper Pokémon,"When it decides to fight all out, it stands on its previously folded legs to enter Showdown Mode. It neutralizes its enemies in short order.",nymble --> lokix,2,2,1,1.0,2.0,1.0,1.0,0.5,1.0,1.0,1.0,0.5,2.0,0.0,2.0,2.0,0.5,1.0,0.5,1.0,2.0
921,pawmi,pawmi,9,electric,,1,"static, natural-cure",iron-fist,45,0.19,50,0.21,20,0.08,40,0.17,25,0.1,60,0.25,240,speed,90,90,average,191.67,2,balanced,0.02,bottom_tier,0.05,bottom_tier,1,3,0,0.5,solid,fragile,solid-fragile,0.3,2.5,27.78,average,0,0.5,normal,48.0,49,190,50,15,ground,medium,quadruped,yellow,Mouse Pokémon,It has underdeveloped electric sacs on its cheeks. These sacs can produce electricity only if Pawmi rubs them furiously with the pads on its forepaws.,pawmi --> pawmo --> pawmot,3,1,0,1.0,1.0,1.0,0.5,1.0,1.0,1.0,1.0,2.0,0.5,1.0,1.0,1.0,1.0,1.0,1.0,0.5,1.0
922,pawmo,pawmo,9,electric,fighting,2,"volt-absorb, natural-cure",iron-fist,60,0.17,75,0.21,40,0.11,50,0.14,40,0.11,85,0.24,350,speed,125,140,average,288.89,3,slightly_specialized,0.22,lower_mid_tier,0.28,lower_mid_tier,3,5,0,-0.5,exposed,fragile,exposed-fragile,0.4,6.5,40.62,heavy,0,0.5,normal,123.0,53,80,50,15,ground,medium,upright,yellow,Mouse Pokémon,"When its group is attacked, Pawmo is the first to leap into battle, defeating enemies with a fighting technique that utilizes electric shocks.",pawmi --> pawmo --> pawmot,3,2,0,1.0,1.0,1.0,0.5,1.0,1.0,1.0,1.0,2.0,1.0,2.0,0.5,0.5,1.0,1.0,0.5,0.5,2.0
923,pawmot,pawmot,9,electric,fighting,2,"volt-absorb, natural-cure",iron-fist,70,0.14,115,0.23,70,0.14,70,0.14,60,0.12,105,0.21,490,attack,185,200,fast,422.22,3,slightly_specialized,0.47,mid_tier,0.58,mid_tier,3,5,0,-0.5,exposed,sweeper,exposed-sweeper,0.9,41.0,50.62,very_heavy,0,0.5,normal,245.0,71,45,50,15,ground,medium,upright,yellow,Hands-On Pokémon,"This Pokémon normally is slow to react, but once it enters battle, it will strike down its enemies with lightning-fast movements.",pawmi --> pawmo --> pawmot,3,3,1,1.0,1.0,1.0,0.5,1.0,1.0,1.0,1.0,2.0,1.0,2.0,0.5,0.5,1.0,1.0,0.5,0.5,2.0
924,tandemaus,tandemaus,9,normal,,1,"run-away, pickup",own-tempo,50,0.16,50,0.16,45,0.15,40,0.13,45,0.15,75,0.25,305,speed,90,140,average,128.47,1,balanced,0.14,bottom_tier,0.15,bottom_tier,1,0,1,0.5,solid,fragile,solid-fragile,0.3,1.8,20.0,light,1,0.0,normal,61.0,49,150,50,10,"ground, fairy",fast,heads,white,Couple Pokémon,"Exhibiting great teamwork, they use their incisors to cut pieces out of any material that might be useful for a nest, then make off with them.",tandemaus --> maushold,2,1,0,1.0,1.0,1.0,1.0,1.0,1.0,2.0,1.0,1.0,1.0,1.0,1.0,1.0,0.0,1.0,1.0,1.0,1.0
925,maushold,maushold-family-of-four,9,normal,,1,"friend-guard, cheek-pouch",technician,74,0.16,75,0.16,70,0.15,65,0.14,75,0.16,111,0.24,470,speed,140,219,fast,225.89,2,slightly_specialized,0.36,lower_mid_tier,0.48,mid_tier,1,0,1,0.5,solid,midrange,solid-midrange,0.3,2.3,25.56,average,1,0.0,normal,165.0,49,75,50,10,"ground, fairy",fast,heads,white,Family Pokémon,"The two little ones just appeared one day. The group might be a family of related Pokémon, but nobody knows for sure.",tandemaus --> maushold,2,2,1,1.0,1.0,1.0,1.0,1.0,1.0,2.0,1.0,1.0,1.0,1.0,1.0,1.0,0.0,1.0,1.0,1.0,1.0
925,maushold,maushold-family-of-three,9,normal,,1,"friend-guard, cheek-pouch",technician,74,0.16,75,0.16,70,0.15,65,0.14,75,0.16,111,0.24,470,speed,140,219,fast,225.89,2,slightly_specialized,0.36,lower_mid_tier,0.48,mid_tier,1,0,1,0.5,solid,midrange,solid-midrange,0.3,2.8,31.11,average,1,0.0,normal,165.0,49,75,50,10,"ground, fairy",fast,heads,white,Family Pokémon,"The two little ones just appeared one day. The group might be a family of related Pokémon, but nobody knows for sure.",tandemaus --> maushold,2,2,1,1.0,1.0,1.0,1.0,1.0,1.0,2.0,1.0,1.0,1.0,1.0,1.0,1.0,0.0,1.0,1.0,1.0,1.0
926,fidough,fidough,9,fairy,,1,own-tempo,klutz,37,0.12,55,0.18,70,0.22,30,0.1,55,0.18,65,0.21,312,defense,85,162,average,203.33,2,slightly_specialized,0.18,bottom_tier,0.18,bottom_tier,2,3,1,1.0,solid,fragile,solid-fragile,0.3,10.9,121.11,very_heavy,0,0.5,normal,62.0,48,190,50,20,"ground, mineral",medium-slow,quadruped,yellow,Puppy Pokémon,This Pokémon is smooth and moist to the touch. Yeast in Fidough’s breath induces fermentation in the Pokémon’s vicinity.,fidough --> dachsbun,2,1,0,1.0,1.0,1.0,1.0,1.0,1.0,0.5,2.0,1.0,1.0,1.0,0.5,1.0,1.0,0.0,0.5,2.0,1.0
927,dachsbun,dachsbun,9,fairy,,1,well-baked-body,aroma-veil,57,0.12,80,0.17,115,0.24,50,0.1,80,0.17,95,0.2,477,defense,130,252,average,479.58,4,slightly_specialized,0.39,lower_mid_tier,0.51,mid_tier,2,3,1,1.0,solid,midrange,solid-midrange,0.5,14.9,59.6,very_heavy,0,0.5,normal,167.0,48,90,50,20,"ground, mineral",medium-slow,quadruped,brown,Dog Pokémon,"The pleasant aroma that emanates from this Pokémon’s body helps wheat grow, so Dachsbun has been treasured by farming villages.",fidough --> dachsbun,2,2,1,1.0,1.0,1.0,1.0,1.0,1.0,0.5,2.0,1.0,1.0,1.0,0.5,1.0,1.0,0.0,0.5,2.0,1.0
928,smoliv,smoliv,9,grass,normal,2,early-bird,harvest,41,0.16,35,0.13,45,0.17,58,0.22,51,0.2,30,0.12,260,sp_attack,93,137,slow,88.22,1,balanced,0.05,bottom_tier,0.07,bottom_tier,6,4,1,-2.5,frail,weak_slow,frail-weak_slow,0.3,6.5,72.22,very_heavy,0,0.5,normal,52.0,36,255,50,20,plant,medium-slow,legs,green,Olive Pokémon,It protects itself from enemies by emitting oil from the fruit on its head. This oil is bitter and astringent enough to make someone flinch.,smoliv --> dolliv --> arboliva,3,1,0,1.0,2.0,0.5,0.5,0.5,2.0,2.0,2.0,0.5,2.0,1.0,2.0,1.0,0.0,1.0,1.0,1.0,1.0
929,dolliv,dolliv,9,grass,normal,2,early-bird,harvest,52,0.15,53,0.15,60,0.17,78,0.22,78,0.22,33,0.09,354,sp_attack,131,190,slow,247.33,2,slightly_specialized,0.23,lower_mid_tier,0.28,lower_mid_tier,6,4,1,-2.5,frail,slow_attacker,frail-slow_attacker,0.6,11.9,33.06,heavy,0,0.5,normal,124.0,33,120,50,20,plant,medium-slow,humanoid,green,Olive Pokémon,"Dolliv shares its tasty, fresh-scented oil with others. This species has coexisted with humans since times long gone.",smoliv --> dolliv --> arboliva,3,2,0,1.0,2.0,0.5,0.5,0.5,2.0,2.0,2.0,0.5,2.0,1.0,2.0,1.0,0.0,1.0,1.0,1.0,1.0
930,arboliva,arboliva,9,grass,normal,2,seed-sower,harvest,78,0.15,69,0.14,90,0.18,125,0.25,109,0.21,39,0.08,510,sp_attack,194,277,slow,770.33,5,specialized,0.54,mid_tier,0.7,upper_mid_tier,6,4,1,-2.5,frail,bulky_attacker,frail-bulky_attacker,1.4,48.2,24.59,average,0,0.5,normal,255.0,49,45,50,20,plant,medium-slow,humanoid,green,Olive Pokémon,"This calm Pokémon is very compassionate. It will share its delicious, nutrient-rich oil with weakened Pokémon.",smoliv --> dolliv --> arboliva,3,3,1,1.0,2.0,0.5,0.5,0.5,2.0,2.0,2.0,0.5,2.0,1.0,2.0,1.0,0.0,1.0,1.0,1.0,1.0
931,squawkabilly,squawkabilly-green-plumage,9,normal,flying,2,"intimidate, hustle",guts,82,0.2,96,0.23,51,0.12,45,0.11,51,0.12,92,0.22,417,attack,141,184,average,441.58,4,slightly_specialized,0.29,lower_mid_tier,0.38,lower_mid_tier,3,2,2,1.0,solid,midrange,solid-midrange,0.6,2.4,6.67,very_light,0,0.5,normal,146.0,47,190,50,15,flying,slow-then-very-fast,wings,green,Parrot Pokémon,"These Pokémon prefer to live in cities. They form flocks based on the color of their feathers, and they fight over territory.",squawkabilly,1,0,0,1.0,1.0,1.0,2.0,0.5,2.0,1.0,1.0,0.0,1.0,1.0,0.5,2.0,0.0,1.0,1.0,1.0,1.0
931,squawkabilly,squawkabilly-blue-plumage,9,normal,flying,2,"intimidate, hustle",guts,82,0.2,96,0.23,51,0.12,45,0.11,51,0.12,92,0.22,417,attack,141,184,average,441.58,4,slightly_specialized,0.29,lower_mid_tier,0.38,lower_mid_tier,3,2,2,1.0,solid,midrange,solid-midrange,0.6,2.4,6.67,very_light,0,0.5,normal,146.0,47,190,50,15,flying,slow-then-very-fast,wings,green,Parrot Pokémon,"These Pokémon prefer to live in cities. They form flocks based on the color of their feathers, and they fight over territory.",squawkabilly,1,0,0,1.0,1.0,1.0,2.0,0.5,2.0,1.0,1.0,0.0,1.0,1.0,0.5,2.0,0.0,1.0,1.0,1.0,1.0
931,squawkabilly,squawkabilly-yellow-plumage,9,normal,flying,2,"intimidate, hustle",sheer-force,82,0.2,96,0.23,51,0.12,45,0.11,51,0.12,92,0.22,417,attack,141,184,average,441.58,4,slightly_specialized,0.29,lower_mid_tier,0.38,lower_mid_tier,3,2,2,1.0,solid,midrange,solid-midrange,0.6,2.4,6.67,very_light,0,0.5,normal,146.0,47,190,50,15,flying,slow-then-very-fast,wings,green,Parrot Pokémon,"These Pokémon prefer to live in cities. They form flocks based on the color of their feathers, and they fight over territory.",squawkabilly,1,0,0,1.0,1.0,1.0,2.0,0.5,2.0,1.0,1.0,0.0,1.0,1.0,0.5,2.0,0.0,1.0,1.0,1.0,1.0
931,squawkabilly,squawkabilly-white-plumage,9,normal,flying,2,"intimidate, hustle",sheer-force,82,0.2,96,0.23,51,0.12,45,0.11,51,0.12,92,0.22,417,attack,141,184,average,441.58,4,slightly_specialized,0.29,lower_mid_tier,0.38,lower_mid_tier,3,2,2,1.0,solid,midrange,solid-midrange,0.6,2.4,6.67,very_light,0,0.5,normal,146.0,47,190,50,15,flying,slow-then-very-fast,wings,green,Parrot Pokémon,"These Pokémon prefer to live in cities. They form flocks based on the color of their feathers, and they fight over territory.",squawkabilly,1,0,0,1.0,1.0,1.0,2.0,0.5,2.0,1.0,1.0,0.0,1.0,1.0,0.5,2.0,0.0,1.0,1.0,1.0,1.0
932,nacli,nacli,9,rock,,1,"purifying-salt, sturdy",clear-body,55,0.2,55,0.2,75,0.27,35,0.12,35,0.12,25,0.09,280,defense,90,165,slow,280.56,3,slightly_specialized,0.08,bottom_tier,0.1,bottom_tier,5,4,0,-3.0,frail,weak_slow,frail-weak_slow,0.4,16.0,100.0,very_heavy,0,0.5,normal,56.0,39,255,50,20,mineral,medium-slow,ball,brown,Rock Salt Pokémon,"It was born in a layer of rock salt deep under the earth. This species was particularly treasured in the old days, as they would share precious salt.",nacli --> naclstack --> garganacl,3,1,0,0.5,0.5,2.0,1.0,2.0,1.0,2.0,0.5,2.0,0.5,1.0,1.0,1.0,1.0,1.0,1.0,2.0,1.0
933,naclstack,naclstack,9,rock,,1,"purifying-salt, sturdy",clear-body,60,0.17,60,0.17,100,0.28,35,0.1,65,0.18,35,0.1,355,defense,95,225,slow,478.47,4,slightly_specialized,0.24,lower_mid_tier,0.28,lower_mid_tier,5,4,0,-3.0,frail,slow_attacker,frail-slow_attacker,0.6,105.0,291.67,very_heavy,0,0.5,normal,124.0,42,120,50,20,mineral,medium-slow,quadruped,brown,Rock Salt Pokémon,This Pokémon dry cures its prey by spraying salt over them. The curing process steals away the water in the prey’s body.,nacli --> naclstack --> garganacl,3,2,0,0.5,0.5,2.0,1.0,2.0,1.0,2.0,0.5,2.0,0.5,1.0,1.0,1.0,1.0,1.0,1.0,2.0,1.0
934,garganacl,garganacl,9,rock,,1,"purifying-salt, sturdy",clear-body,100,0.2,100,0.2,130,0.26,45,0.09,90,0.18,35,0.07,500,defense,145,320,slow,1097.22,5,highly_specialized,0.5,mid_tier,0.66,upper_mid_tier,5,4,0,-3.0,frail,tank,frail-tank,2.3,240.0,45.37,heavy,0,0.5,normal,250.0,57,45,50,20,mineral,medium-slow,humanoid,brown,Rock Salt Pokémon,Garganacl will rub its fingertips together and sprinkle injured Pokémon with salt. Even severe wounds will promptly heal afterward.,nacli --> naclstack --> garganacl,3,3,1,0.5,0.5,2.0,1.0,2.0,1.0,2.0,0.5,2.0,0.5,1.0,1.0,1.0,1.0,1.0,1.0,2.0,1.0
935,charcadet,charcadet,9,fire,,1,flash-fire,flame-body,40,0.16,50,0.2,40,0.16,50,0.2,40,0.16,35,0.14,255,attack,100,120,slow,31.25,1,balanced,0.04,bottom_tier,0.07,bottom_tier,3,6,0,0.0,neutral,weak_slow,neutral-weak_slow,0.6,10.5,29.17,average,0,0.5,normal,51.0,28,90,50,35,humanshape,slow,humanoid,red,Fire Child Pokémon,"Burnt charcoal came to life and became a Pokémon. Possessing a fiery fighting spirit, Charcadet will battle even tough opponents.",charcadet --> armarouge,2,1,0,1.0,0.5,2.0,1.0,0.5,0.5,1.0,1.0,2.0,1.0,1.0,0.5,2.0,1.0,1.0,1.0,0.5,0.5
936,armarouge,armarouge,9,fire,psychic,2,flash-fire,weak-armor,85,0.16,60,0.11,100,0.19,125,0.24,80,0.15,75,0.14,525,sp_attack,185,265,average,422.92,3,slightly_specialized,0.59,mid_tier,0.74,upper_mid_tier,5,7,0,-1.5,exposed,bulky_attacker,exposed-bulky_attacker,1.5,85.0,37.78,heavy,0,0.5,normal,263.0,58,25,20,35,humanshape,slow,humanoid,red,Fire Warrior Pokémon,Armarouge evolved through the use of a set of armor that belonged to a distinguished warrior. This Pokémon is incredibly loyal.,charcadet --> armarouge,2,2,1,1.0,0.5,2.0,1.0,0.5,0.5,0.5,1.0,2.0,1.0,0.5,1.0,2.0,2.0,1.0,2.0,0.5,0.5
937,ceruledge,ceruledge,9,fire,ghost,2,flash-fire,weak-armor,75,0.14,125,0.24,80,0.15,60,0.11,100,0.19,85,0.16,525,attack,185,255,average,422.92,3,slightly_specialized,0.59,mid_tier,0.74,upper_mid_tier,5,7,2,1.5,iron,sweeper,iron-sweeper,1.6,62.0,24.22,average,0,0.5,normal,263.0,58,25,20,35,humanshape,slow,humanoid,blue,Fire Blades Pokémon,The fiery blades on its arms burn fiercely with the lingering resentment of a sword wielder who fell before accomplishing their goal.,charcadet --> armarouge,2,2,1,0.0,0.5,2.0,1.0,0.5,0.5,0.0,0.5,2.0,1.0,1.0,0.25,2.0,2.0,1.0,2.0,0.5,0.5
938,tadbulb,tadbulb,9,electric,,1,"own-tempo, static",damp,61,0.22,31,0.11,41,0.15,59,0.22,35,0.13,45,0.17,272,hp,90,137,slow,127.22,1,balanced,0.07,bottom_tier,0.09,bottom_tier,1,3,0,0.5,solid,weak_slow,solid-weak_slow,0.3,0.4,4.44,very_light,0,0.5,normal,54.0,40,190,50,20,water1,medium,ball,yellow,EleTadpole Pokémon,"Tadbulb shakes its tail to generate electricity. If it senses danger, it will make its head blink on and off to alert its allies.",tadbulb --> bellibolt,2,1,0,1.0,1.0,1.0,0.5,1.0,1.0,1.0,1.0,2.0,0.5,1.0,1.0,1.0,1.0,1.0,1.0,0.5,1.0
939,bellibolt,bellibolt,9,electric,,1,"electromorphosis, static",damp,109,0.22,64,0.13,91,0.18,103,0.21,83,0.17,45,0.09,495,hp,167,283,slow,490.58,4,slightly_specialized,0.48,mid_tier,0.62,upper_mid_tier,1,3,0,0.5,solid,tank,solid-tank,1.2,113.0,78.47,very_heavy,0,0.5,normal,173.0,43,50,50,20,water1,medium,humanoid,green,EleFrog Pokémon,"When this Pokémon expands and contracts its wobbly body, the belly-button dynamo in its stomach produces a huge amount of electricity.",tadbulb --> bellibolt,2,2,1,1.0,1.0,1.0,0.5,1.0,1.0,1.0,1.0,2.0,0.5,1.0,1.0,1.0,1.0,1.0,1.0,0.5,1.0
940,wattrel,wattrel,9,electric,flying,2,"wind-power, volt-absorb",competitive,40,0.14,40,0.14,35,0.12,55,0.2,40,0.14,70,0.25,280,speed,95,115,average,147.22,2,balanced,0.08,bottom_tier,0.1,bottom_tier,2,5,1,2.0,iron,fragile,iron-fragile,0.4,3.6,22.5,light,0,0.5,normal,56.0,46,180,50,20,"water1, flying",medium-slow,wings,black,Storm Petrel Pokémon,"When its wings catch the wind, the bones within produce electricity. This Pokémon dives into the ocean, catching prey by electrocuting them.",wattrel --> kilowattrel,2,1,0,1.0,1.0,1.0,1.0,0.5,2.0,0.5,1.0,0.0,0.5,1.0,0.5,2.0,1.0,1.0,1.0,0.5,1.0
941,kilowattrel,kilowattrel,9,electric,flying,2,"wind-power, volt-absorb",competitive,70,0.14,70,0.14,60,0.12,105,0.21,60,0.12,125,0.26,490,speed,175,190,fast,605.56,4,specialized,0.47,mid_tier,0.58,mid_tier,2,5,1,2.0,iron,midrange,iron-midrange,1.4,38.6,19.69,light,0,0.5,normal,172.0,47,90,50,20,"water1, flying",medium-slow,wings,yellow,Frigatebird Pokémon,"Kilowattrel inflates its throat sac to amplify its electricity. By riding the wind, this Pokémon can fly over 430 miles in a day.",wattrel --> kilowattrel,2,2,1,1.0,1.0,1.0,1.0,0.5,2.0,0.5,1.0,0.0,0.5,1.0,0.5,2.0,1.0,1.0,1.0,0.5,1.0
942,maschiff,maschiff,9,dark,,1,"intimidate, run-away",stakeout,60,0.18,78,0.23,60,0.18,40,0.12,51,0.15,51,0.15,340,attack,118,171,slow,136.56,2,balanced,0.21,lower_mid_tier,0.27,lower_mid_tier,3,2,1,-0.5,exposed,weak_slow,exposed-weak_slow,0.5,16.0,64.0,very_heavy,0,0.5,normal,68.0,43,150,50,20,ground,medium-slow,quadruped,brown,Rascal Pokémon,"It always scowls in an attempt to make opponents take it seriously, but even crying children will burst into laughter when they see Maschiff’s face.",maschiff --> mabosstiff,2,1,0,1.0,1.0,1.0,1.0,1.0,1.0,2.0,1.0,1.0,1.0,0.0,2.0,1.0,0.5,1.0,0.5,1.0,2.0
943,mabosstiff,mabosstiff,9,dark,,1,"intimidate, guard-dog",stakeout,80,0.16,120,0.24,90,0.18,60,0.12,70,0.14,85,0.17,505,attack,180,240,average,353.47,3,slightly_specialized,0.52,mid_tier,0.68,upper_mid_tier,3,2,1,-0.5,exposed,sweeper,exposed-sweeper,1.1,61.0,50.41,very_heavy,0,0.5,normal,177.0,50,75,50,20,ground,medium-slow,quadruped,gray,Boss Pokémon,This Pokémon can store energy in its large dewlap. Mabosstiff unleashes this energy all at once to blow away enemies.,maschiff --> mabosstiff,2,2,1,1.0,1.0,1.0,1.0,1.0,1.0,2.0,1.0,1.0,1.0,0.0,2.0,1.0,0.5,1.0,0.5,1.0,2.0
944,shroodle,shroodle,9,poison,normal,2,"unburden, pickpocket",prankster,40,0.14,65,0.22,35,0.12,40,0.14,35,0.12,75,0.26,290,speed,105,110,average,247.22,2,slightly_specialized,0.1,bottom_tier,0.11,bottom_tier,2,4,1,1.5,iron,fragile,iron-fragile,0.2,0.7,17.5,light,0,0.5,normal,58.0,53,190,50,20,ground,medium-slow,quadruped,gray,Toxic Mouse Pokémon,"Though usually a mellow Pokémon, it will sink its sharp, poison-soaked front teeth into any that anger it, causing paralysis in the object of its ire.",shroodle --> grafaiai,2,1,0,1.0,1.0,1.0,1.0,0.5,1.0,1.0,0.5,2.0,1.0,2.0,0.5,1.0,0.0,1.0,1.0,1.0,0.5
945,grafaiai,grafaiai,9,poison,normal,2,"unburden, poison-touch",prankster,63,0.13,95,0.2,65,0.13,80,0.16,72,0.15,110,0.23,485,speed,175,200,fast,283.14,3,slightly_specialized,0.43,mid_tier,0.55,mid_tier,2,4,1,1.5,iron,midrange,iron-midrange,0.7,27.2,55.51,very_heavy,0,0.5,normal,170.0,56,90,50,20,ground,medium-slow,upright,gray,Toxic Monkey Pokémon,The color of the poisonous saliva depends on what the Pokémon eats. Grafaiai covers its fingers in its saliva and draws patterns on trees in forests.,shroodle --> grafaiai,2,2,1,1.0,1.0,1.0,1.0,0.5,1.0,1.0,0.5,2.0,1.0,2.0,0.5,1.0,0.0,1.0,1.0,1.0,0.5
946,bramblin,bramblin,9,grass,ghost,2,wind-rider,infiltrator,40,0.15,65,0.24,30,0.11,45,0.16,35,0.13,60,0.22,275,attack,110,105,average,161.81,2,balanced,0.07,bottom_tier,0.09,bottom_tier,5,4,2,0.0,neutral,fragile,neutral-fragile,0.6,0.6,1.67,very_light,0,0.5,normal,55.0,44,190,50,20,plant,medium,ball,brown,Tumbleweed Pokémon,A soul unable to move on to the afterlife was blown around by the wind until it got tangled up with dried grass and became a Pokémon.,bramblin --> brambleghast,2,1,0,0.0,2.0,0.5,0.5,0.5,2.0,0.0,1.0,0.5,2.0,1.0,1.0,1.0,2.0,1.0,2.0,1.0,1.0
947,brambleghast,brambleghast,9,grass,ghost,2,wind-rider,infiltrator,55,0.11,115,0.24,70,0.15,80,0.17,70,0.15,90,0.19,480,attack,195,195,average,358.33,3,slightly_specialized,0.41,mid_tier,0.53,mid_tier,5,4,2,0.0,neutral,sweeper,neutral-sweeper,1.2,6.0,4.17,very_light,0,0.5,normal,168.0,47,45,50,20,plant,medium,ball,brown,Tumbleweed Pokémon,"It will open the branches of its head to envelop its prey. Once it absorbs all the life energy it needs, it expels the prey and discards it.",bramblin --> brambleghast,2,2,1,0.0,2.0,0.5,0.5,0.5,2.0,0.0,1.0,0.5,2.0,1.0,1.0,1.0,2.0,1.0,2.0,1.0,1.0
948,toedscool,toedscool,9,ground,grass,2,mycelium-might,,40,0.12,40,0.12,35,0.1,50,0.15,100,0.3,70,0.21,335,sp_defense,90,175,average,520.14,4,specialized,0.21,lower_mid_tier,0.24,lower_mid_tier,4,2,1,-1.5,exposed,fragile,exposed-fragile,0.9,33.0,40.74,heavy,0,0.5,normal,67.0,58,190,50,20,plant,medium-slow,legs,yellow,Woodear Pokémon,Toedscool lives in muggy forests. The flaps that fall from its body are chewy and very delicious.,toedscool --> toedscruel,2,1,0,1.0,2.0,1.0,0.0,1.0,4.0,1.0,1.0,0.5,2.0,1.0,2.0,0.5,1.0,1.0,1.0,1.0,1.0
949,toedscruel,toedscruel,9,ground,grass,2,mycelium-might,,80,0.16,70,0.14,65,0.13,80,0.16,120,0.23,100,0.19,515,sp_defense,150,265,fast,353.47,3,slightly_specialized,0.55,mid_tier,0.72,upper_mid_tier,4,2,1,-1.5,exposed,bulky_speedster,exposed-bulky_speedster,1.9,58.0,16.07,light,0,0.5,normal,180.0,56,90,50,20,plant,medium-slow,tentacles,black,Woodear Pokémon,These Pokémon gather into groups and form colonies deep within forests. They absolutely hate it when strangers approach.,toedscool --> toedscruel,2,2,1,1.0,2.0,1.0,0.0,1.0,4.0,1.0,1.0,0.5,2.0,1.0,2.0,0.5,1.0,1.0,1.0,1.0,1.0
950,klawf,klawf,9,rock,,1,"anger-shell, shell-armor",regenerator,70,0.16,100,0.22,115,0.26,35,0.08,55,0.12,75,0.17,450,defense,135,240,average,708.33,5,specialized,0.33,lower_mid_tier,0.43,mid_tier,5,4,0,-3.0,frail,midrange,frail-midrange,1.3,79.0,46.75,very_heavy,0,0.5,normal,158.0,53,120,50,35,water3,medium,armor,red,Ambush Pokémon,"Klawf hangs upside-down from cliffs, waiting for prey. But Klawf can’t remain in this position for long because its blood rushes to its head.",klawf,1,0,0,0.5,0.5,2.0,1.0,2.0,1.0,2.0,0.5,2.0,0.5,1.0,1.0,1.0,1.0,1.0,1.0,2.0,1.0
951,capsakid,capsakid,9,grass,,1,"chlorophyll, insomnia",klutz,50,0.16,62,0.2,40,0.13,62,0.2,40,0.13,50,0.16,304,attack,124,130,slow,80.89,1,balanced,0.13,bottom_tier,0.15,bottom_tier,5,4,0,-3.0,frail,weak_slow,frail-weak_slow,0.3,3.0,33.33,heavy,0,0.5,normal,61.0,39,190,50,20,plant,medium,upright,green,Spicy Pepper Pokémon,"The more sunlight this Pokémon bathes in, the more spicy chemicals are produced by its body, and thus the spicier its moves become.",capsakid --> scovillain,2,1,0,1.0,2.0,0.5,0.5,0.5,2.0,1.0,2.0,0.5,2.0,1.0,2.0,1.0,1.0,1.0,1.0,1.0,1.0
952,scovillain,scovillain,9,grass,fire,2,"chlorophyll, insomnia",moody,65,0.13,108,0.22,65,0.13,108,0.22,65,0.13,75,0.15,486,attack,216,195,average,377.0,3,slightly_specialized,0.44,mid_tier,0.56,mid_tier,3,4,0,-1.0,exposed,attacker,exposed-attacker,0.9,15.0,18.52,light,0,0.5,normal,170.0,47,75,50,20,plant,medium,upright,green,Spicy Pepper Pokémon,The red head converts spicy chemicals into fire energy and blasts the surrounding area with a super spicy stream of flame.,capsakid --> scovillain,2,2,1,1.0,1.0,1.0,0.5,0.25,1.0,1.0,2.0,1.0,2.0,1.0,1.0,2.0,1.0,1.0,1.0,0.5,0.5
952,scovillain,scovillain-mega,9,grass,fire,2,,,65,0.11,138,0.24,85,0.15,138,0.24,85,0.15,75,0.13,586,attack,276,235,average,859.22,5,specialized,0.83,top_tier,0.88,top_tier,3,4,0,-1.0,exposed,attacker,exposed-attacker,1.2,22.0,15.28,light,0,0.5,normal,,0,75,50,20,plant,medium,upright,green,Spicy Pepper Pokémon,The red head converts spicy chemicals into fire energy and blasts the surrounding area with a super spicy stream of flame.,capsakid --> scovillain,2,2,1,1.0,1.0,1.0,0.5,0.25,1.0,1.0,2.0,1.0,2.0,1.0,1.0,2.0,1.0,1.0,1.0,0.5,0.5
953,rellor,rellor,9,bug,,1,compound-eyes,shed-skin,41,0.15,50,0.19,60,0.22,31,0.11,58,0.21,30,0.11,270,defense,81,159,slow,142.67,2,balanced,0.06,bottom_tier,0.08,bottom_tier,3,3,0,-1.5,exposed,weak_slow,exposed-weak_slow,0.2,1.0,25.0,average,0,0.5,normal,54.0,33,190,50,20,bug,fast,armor,brown,Rolling Pokémon,This Pokémon creates a mud ball by mixing sand and dirt with psychic energy. It treasures its mud ball more than its own life.,rellor --> rabsca,2,1,0,1.0,2.0,1.0,1.0,0.5,1.0,0.5,1.0,0.5,2.0,1.0,1.0,2.0,1.0,1.0,1.0,1.0,1.0
954,rabsca,rabsca,9,bug,psychic,2,synchronize,telepathy,75,0.16,50,0.11,85,0.18,115,0.24,100,0.21,45,0.1,470,sp_attack,165,260,slow,630.56,4,specialized,0.36,lower_mid_tier,0.48,mid_tier,6,4,0,-4.0,frail,tank,frail-tank,0.3,3.5,38.89,heavy,0,0.5,normal,165.0,68,45,50,20,bug,fast,armor,green,Rolling Pokémon,"The body that supports the ball barely moves. Therefore, it is thought that the true body of this Pokémon is actually inside the ball.",rellor --> rabsca,2,2,1,1.0,2.0,1.0,1.0,0.5,1.0,0.25,1.0,0.5,2.0,0.5,2.0,2.0,2.0,1.0,2.0,1.0,1.0
955,flittle,flittle,9,psychic,,1,"anticipation, frisk",speed-boost,30,0.12,35,0.14,30,0.12,55,0.22,30,0.12,75,0.29,255,speed,90,90,average,289.58,3,slightly_specialized,0.04,bottom_tier,0.07,bottom_tier,3,2,0,-2.0,frail,fragile,frail-fragile,0.2,1.5,37.5,heavy,0,0.5,normal,51.0,45,120,50,20,flying,medium-slow,legs,yellow,Frill Pokémon,Flittle’s toes levitate about half an inch above the ground because of the psychic power emitted from the frills on the Pokémon’s belly.,flittle --> espathra,2,1,0,1.0,1.0,1.0,1.0,1.0,1.0,0.5,1.0,1.0,1.0,0.5,2.0,1.0,2.0,1.0,2.0,1.0,1.0
956,espathra,espathra,9,psychic,,1,"opportunist, frisk",speed-boost,95,0.2,60,0.12,60,0.12,101,0.21,60,0.12,105,0.22,481,speed,161,215,fast,415.14,3,slightly_specialized,0.42,mid_tier,0.53,mid_tier,3,2,0,-2.0,frail,midrange,frail-midrange,1.9,90.0,24.93,average,0,0.5,normal,168.0,62,60,50,20,flying,medium-slow,upright,yellow,Ostrich Pokémon,"It immobilizes opponents by bathing them in psychic power from its large eyes. Despite its appearance, it has a vicious temperament.",flittle --> espathra,2,2,1,1.0,1.0,1.0,1.0,1.0,1.0,0.5,1.0,1.0,1.0,0.5,2.0,1.0,2.0,1.0,2.0,1.0,1.0
957,tinkatink,tinkatink,9,fairy,steel,2,"mold-breaker, own-tempo",pickpocket,50,0.17,45,0.15,45,0.15,35,0.12,64,0.22,58,0.2,297,sp_defense,80,159,slow,88.92,1,balanced,0.11,bottom_tier,0.12,bottom_tier,2,9,2,5.5,iron,fragile,iron-fragile,0.4,8.9,55.62,very_heavy,0,1.0,normal,59.0,46,190,50,20,fairy,medium-slow,humanoid,pink,Metalsmith Pokémon,"It swings its handmade hammer around to protect itself, but the hammer is often stolen by Pokémon that eat metal.",tinkatink --> tinkatuff --> tinkaton,3,1,0,0.5,2.0,1.0,1.0,0.5,0.5,1.0,0.0,2.0,0.5,0.5,0.25,0.5,1.0,0.0,0.5,1.0,0.5
958,tinkatuff,tinkatuff,9,fairy,steel,2,"mold-breaker, own-tempo",pickpocket,65,0.17,55,0.14,55,0.14,45,0.12,82,0.22,78,0.21,380,sp_defense,100,202,average,173.56,2,balanced,0.25,lower_mid_tier,0.31,lower_mid_tier,2,9,2,5.5,iron,midrange,iron-midrange,0.7,59.1,120.61,very_heavy,0,1.0,normal,133.0,44,90,50,20,fairy,medium-slow,humanoid,pink,Hammer Pokémon,"This Pokémon will attack groups of Pawniard and Bisharp, gathering metal from them in order to create a large and sturdy hammer.",tinkatink --> tinkatuff --> tinkaton,3,2,0,0.5,2.0,1.0,1.0,0.5,0.5,1.0,0.0,2.0,0.5,0.5,0.25,0.5,1.0,0.0,0.5,1.0,0.5
959,tinkaton,tinkaton,9,fairy,steel,2,"mold-breaker, own-tempo",pickpocket,85,0.17,75,0.15,77,0.15,70,0.14,105,0.21,94,0.19,506,sp_defense,145,267,average,144.56,2,balanced,0.52,mid_tier,0.69,upper_mid_tier,2,9,2,5.5,iron,bulky_speedster,iron-bulky_speedster,0.7,112.8,230.2,very_heavy,0,1.0,normal,253.0,49,45,50,20,fairy,medium-slow,humanoid,pink,Hammer Pokémon,"This intelligent Pokémon has a very daring disposition. It knocks rocks into the sky with its hammer, aiming for flying Corviknight.",tinkatink --> tinkatuff --> tinkaton,3,3,1,0.5,2.0,1.0,1.0,0.5,0.5,1.0,0.0,2.0,0.5,0.5,0.25,0.5,1.0,0.0,0.5,1.0,0.5
960,wiglett,wiglett,9,water,,1,"gooey, rattled",sand-veil,10,0.04,55,0.22,25,0.1,35,0.14,25,0.1,95,0.39,245,speed,90,60,average,770.14,5,specialized,0.03,bottom_tier,0.06,bottom_tier,2,4,0,0.0,neutral,fragile,neutral-fragile,1.2,1.8,1.25,very_light,0,0.5,normal,49.0,39,255,50,20,water3,medium,blob,white,Garden Eel Pokémon,This Pokémon can pick up the scent of a Veluza just over 65 feet away and will hide itself in the sand.,wiglett --> wugtrio,2,1,0,1.0,0.5,0.5,2.0,2.0,0.5,1.0,1.0,1.0,1.0,1.0,1.0,1.0,1.0,1.0,1.0,0.5,1.0
961,wugtrio,wugtrio,9,water,,1,"gooey, rattled",sand-veil,35,0.08,100,0.24,50,0.12,50,0.12,70,0.16,120,0.28,425,speed,150,155,fast,903.47,5,highly_specialized,0.31,lower_mid_tier,0.4,lower_mid_tier,2,4,0,0.0,neutral,midrange,neutral-midrange,1.2,5.4,3.75,very_light,0,0.5,normal,149.0,41,50,50,20,water3,medium,blob,red,Garden Eel Pokémon,"It has a vicious temperament, contrary to what its appearance may suggest. It wraps its long bodies around prey, then drags the prey into its den.",wiglett --> wugtrio,2,2,1,1.0,0.5,0.5,2.0,2.0,0.5,1.0,1.0,1.0,1.0,1.0,1.0,1.0,1.0,1.0,1.0,0.5,1.0
962,bombirdier,bombirdier,9,flying,dark,2,"big-pecks, keen-eye",rocky-payload,70,0.14,103,0.21,85,0.18,60,0.12,85,0.18,82,0.17,485,attack,163,240,average,179.81,2,balanced,0.43,mid_tier,0.55,mid_tier,4,3,2,0.5,solid,balanced,solid-balanced,1.5,42.9,19.07,light,0,0.5,normal,243.0,60,25,50,35,flying,slow,wings,white,Item Drop Pokémon,"It gathers things up in an apron made from shed feathers added to the Pokémon’s chest feathers, then drops those things from high places for fun.",bombirdier,1,0,0,1.0,1.0,1.0,2.0,0.5,2.0,1.0,1.0,0.0,1.0,0.0,1.0,2.0,0.5,1.0,0.5,1.0,2.0
963,finizen,finizen,9,water,,1,water-veil,,70,0.22,45,0.14,40,0.13,45,0.14,40,0.13,75,0.24,315,speed,90,150,average,206.25,2,slightly_specialized,0.19,bottom_tier,0.19,bottom_tier,2,4,0,0.0,neutral,fragile,neutral-fragile,1.3,60.2,35.62,heavy,0,0.5,normal,63.0,44,200,50,40,"ground, water2",slow,fish,blue,Dolphin Pokémon,It likes playing with others of its kind using the water ring on its tail. It uses ultrasonic waves to sense the emotions of other living creatures.,finizen --> palafin,2,1,0,1.0,0.5,0.5,2.0,2.0,0.5,1.0,1.0,1.0,1.0,1.0,1.0,1.0,1.0,1.0,1.0,0.5,1.0
964,palafin,palafin-zero,9,water,,1,zero-to-hero,,100,0.22,70,0.15,72,0.16,53,0.12,62,0.14,100,0.22,457,hp,123,234,fast,321.47,3,slightly_specialized,0.34,lower_mid_tier,0.45,mid_tier,2,4,0,0.0,neutral,midrange,neutral-midrange,1.3,60.2,35.62,heavy,0,0.5,normal,160.0,62,45,50,40,"ground, water2",slow,fish,blue,Dolphin Pokémon,This Pokémon changes its appearance if it hears its allies calling for help. Palafin will never show anybody its moment of transformation.,finizen --> palafin,2,2,1,1.0,0.5,0.5,2.0,2.0,0.5,1.0,1.0,1.0,1.0,1.0,1.0,1.0,1.0,1.0,1.0,0.5,1.0
964,palafin,palafin-hero,9,water,,1,zero-to-hero,,100,0.15,160,0.25,97,0.15,106,0.16,87,0.13,100,0.15,650,attack,266,284,fast,566.22,4,specialized,0.92,top_tier,0.94,top_tier,2,4,0,0.0,neutral,juggernaut,neutral-juggernaut,1.8,97.4,30.06,average,0,0.5,normal,160.0,62,45,50,40,"ground, water2",slow,fish,blue,Dolphin Pokémon,This Pokémon changes its appearance if it hears its allies calling for help. Palafin will never show anybody its moment of transformation.,finizen --> palafin,2,2,1,1.0,0.5,0.5,2.0,2.0,0.5,1.0,1.0,1.0,1.0,1.0,1.0,1.0,1.0,1.0,1.0,0.5,1.0
965,varoom,varoom,9,steel,poison,2,overcoat,slow-start,45,0.15,70,0.23,63,0.21,30,0.1,45,0.15,47,0.16,300,attack,100,153,slow,171.33,2,balanced,0.12,bottom_tier,0.13,bottom_tier,2,9,1,4.0,iron,weak_slow,iron-weak_slow,1.0,35.0,35.0,heavy,0,0.5,normal,60.0,46,190,50,20,mineral,medium,legs,gray,Single-Cyl Pokémon,It is said that this Pokémon was born when an unknown poison Pokémon entered and inspirited an engine left at a scrap-processing factory.,varoom --> revavroom,2,1,0,0.5,2.0,1.0,1.0,0.25,0.5,1.0,0.0,4.0,0.5,1.0,0.25,0.5,1.0,0.5,1.0,0.5,0.25
966,revavroom,revavroom,9,steel,poison,2,overcoat,filter,80,0.16,119,0.24,90,0.18,54,0.11,67,0.13,90,0.18,500,attack,173,237,average,416.56,3,slightly_specialized,0.5,mid_tier,0.66,upper_mid_tier,2,9,1,4.0,iron,midrange,iron-midrange,1.8,120.0,37.04,heavy,0,0.5,normal,175.0,55,75,50,20,mineral,medium,legs,gray,Multi-Cyl Pokémon,It creates a gas out of poison and minerals from rocks. It then detonates the gas in its cylinders—now numbering eight—to generate energy.,varoom --> revavroom,2,2,1,0.5,2.0,1.0,1.0,0.25,0.5,1.0,0.0,4.0,0.5,1.0,0.25,0.5,1.0,0.5,1.0,0.5,0.25
967,cyclizar,cyclizar,9,dragon,normal,2,shed-skin,regenerator,70,0.14,95,0.19,65,0.13,85,0.17,65,0.13,121,0.24,501,speed,180,200,fast,401.25,3,slightly_specialized,0.51,mid_tier,0.68,upper_mid_tier,4,4,1,-0.5,exposed,sweeper,exposed-sweeper,1.6,63.0,24.61,average,0,0.5,normal,175.0,56,190,50,30,ground,medium-slow,quadruped,green,Mount Pokémon,"Apparently Cyclizar has been allowing people to ride on its back since ancient times. Depictions of this have been found in 10,000-year-old murals.",cyclizar,1,0,0,1.0,0.5,0.5,0.5,0.5,2.0,2.0,1.0,1.0,1.0,1.0,1.0,1.0,0.0,2.0,1.0,1.0,2.0
968,orthworm,orthworm,9,steel,,1,earth-eater,sand-veil,70,0.15,85,0.18,145,0.3,60,0.12,55,0.11,65,0.14,480,defense,145,270,average,933.33,5,highly_specialized,0.41,mid_tier,0.53,mid_tier,3,10,1,3.5,iron,bulky,iron-bulky,2.5,310.0,49.6,very_heavy,0,0.5,normal,240.0,44,25,50,35,ground,slow,squiggle,pink,Earthworm Pokémon,"When attacked, this Pokémon will wield the tendrils on its body like fists and pelt the opponent with a storm of punches.",orthworm,1,0,0,0.5,2.0,1.0,1.0,0.5,0.5,2.0,0.0,2.0,0.5,0.5,0.5,0.5,1.0,0.5,1.0,0.5,0.5
969,glimmet,glimmet,9,rock,poison,2,toxic-debris,corrosion,48,0.14,35,0.1,42,0.12,105,0.3,60,0.17,60,0.17,350,sp_attack,140,150,average,516.89,4,specialized,0.22,lower_mid_tier,0.28,lower_mid_tier,4,6,0,-1.0,exposed,midrange,exposed-midrange,0.7,8.0,16.33,light,0,0.5,normal,70.0,41,70,50,30,mineral,medium-slow,ball,blue,Ore Pokémon,It absorbs nutrients from cave walls. The petals it wears are made of crystallized poison.,glimmet --> glimmora,2,1,0,0.5,0.5,2.0,1.0,1.0,1.0,1.0,0.25,4.0,0.5,2.0,0.5,1.0,1.0,1.0,1.0,2.0,0.5
970,glimmora,glimmora,9,rock,poison,2,toxic-debris,corrosion,83,0.16,55,0.1,90,0.17,130,0.25,81,0.15,86,0.16,525,sp_attack,185,254,average,488.92,4,slightly_specialized,0.59,mid_tier,0.74,upper_mid_tier,4,6,0,-1.0,exposed,sweeper,exposed-sweeper,1.5,45.0,20.0,light,0,0.5,normal,184.0,47,25,50,30,mineral,medium-slow,ball,blue,Ore Pokémon,"When this Pokémon detects danger, it will open up its crystalline petals and fire beams from its conical body.",glimmet --> glimmora,2,2,1,0.5,0.5,2.0,1.0,1.0,1.0,1.0,0.25,4.0,0.5,2.0,0.5,1.0,1.0,1.0,1.0,2.0,0.5
970,glimmora,glimmora-mega,9,rock,poison,2,,,83,0.13,90,0.14,105,0.17,150,0.24,96,0.15,101,0.16,625,sp_attack,240,284,fast,471.14,4,slightly_specialized,0.91,top_tier,0.93,top_tier,4,6,0,-1.0,exposed,juggernaut,exposed-juggernaut,2.8,77.0,9.82,very_light,0,0.5,normal,,0,25,50,30,mineral,medium-slow,ball,blue,Ore Pokémon,"When this Pokémon detects danger, it will open up its crystalline petals and fire beams from its conical body.",glimmet --> glimmora,2,2,1,0.5,0.5,2.0,1.0,1.0,1.0,1.0,0.25,4.0,0.5,2.0,0.5,1.0,1.0,1.0,1.0,2.0,0.5
971,greavard,greavard,9,ghost,,1,pickup,fluffy,50,0.17,61,0.21,60,0.21,30,0.1,55,0.19,34,0.12,290,attack,91,165,slow,147.56,2,balanced,0.1,bottom_tier,0.11,bottom_tier,2,2,2,2.0,iron,weak_slow,iron-weak_slow,0.6,35.0,97.22,very_heavy,0,0.5,normal,58.0,52,120,50,20,ground,medium-slow,quadruped,white,Ghost Dog Pokémon,It is said that a dog Pokémon that died in the wild without ever interacting with a human was reborn as this Pokémon.,greavard --> houndstone,2,1,0,0.0,1.0,1.0,1.0,1.0,1.0,0.0,0.5,1.0,1.0,1.0,0.5,1.0,2.0,1.0,2.0,1.0,1.0
972,houndstone,houndstone,9,ghost,,1,sand-rush,fluffy,72,0.15,101,0.21,100,0.2,50,0.1,97,0.2,68,0.14,488,attack,151,269,average,371.22,3,slightly_specialized,0.45,mid_tier,0.56,mid_tier,2,2,2,2.0,iron,bulky,iron-bulky,2.0,15.0,3.75,very_light,0,0.5,normal,171.0,50,60,50,20,ground,medium-slow,quadruped,white,Ghost Dog Pokémon,"Houndstone spends most of its time sleeping in graveyards. Among all the dog Pokémon, this one is most loyal to its master.",greavard --> houndstone,2,2,1,0.0,1.0,1.0,1.0,1.0,1.0,0.0,0.5,1.0,1.0,1.0,0.5,1.0,2.0,1.0,2.0,1.0,1.0
973,flamigo,flamigo,9,flying,fighting,2,"scrappy, tangled-feet",costar,82,0.16,115,0.23,74,0.15,75,0.15,64,0.13,90,0.18,500,attack,190,220,average,263.22,2,slightly_specialized,0.5,mid_tier,0.66,upper_mid_tier,5,4,1,-1.5,exposed,sweeper,exposed-sweeper,1.6,37.0,14.45,light,0,0.5,normal,175.0,54,100,50,20,flying,medium-slow,wings,pink,Synchronize Pokémon,This Pokémon apparently ties the base of its neck into a knot so that energy stored in its belly does not escape from its beak.,flamigo,1,0,0,1.0,1.0,1.0,2.0,0.5,2.0,0.5,1.0,0.0,2.0,2.0,0.25,1.0,1.0,1.0,0.5,1.0,2.0
974,cetoddle,cetoddle,9,ice,,1,"thick-fat, snow-cloak",sheer-force,108,0.32,68,0.2,45,0.13,30,0.09,40,0.12,43,0.13,334,hp,98,193,slow,678.22,5,specialized,0.2,bottom_tier,0.23,lower_mid_tier,4,1,0,-3.5,frail,slow_attacker,frail-slow_attacker,1.2,45.0,31.25,heavy,0,0.5,normal,67.0,48,150,50,25,ground,medium-slow,upright,white,Terra Whale Pokémon,This species left the ocean and began living on land a very long time ago. It seems to be closely related to Wailmer.,cetoddle --> cetitan,2,1,0,1.0,2.0,1.0,1.0,1.0,0.5,2.0,1.0,1.0,1.0,1.0,1.0,2.0,1.0,1.0,1.0,2.0,1.0
975,cetitan,cetitan,9,ice,,1,"thick-fat, slush-rush",sheer-force,170,0.33,113,0.22,65,0.12,45,0.09,55,0.11,73,0.14,521,hp,158,290,average,1838.81,5,extreme,0.58,mid_tier,0.73,upper_mid_tier,4,1,0,-3.5,frail,bulky,frail-bulky,4.5,700.0,34.57,heavy,0,0.5,normal,182.0,46,50,50,25,ground,medium-slow,upright,white,Terra Whale Pokémon,"This Pokémon wanders around snowy, icy areas. It protects its body with powerful muscles and a thick layer of fat under its skin.",cetoddle --> cetitan,2,2,1,1.0,2.0,1.0,1.0,1.0,0.5,2.0,1.0,1.0,1.0,1.0,1.0,2.0,1.0,1.0,1.0,2.0,1.0
976,veluza,veluza,9,water,psychic,2,mold-breaker,sharpness,90,0.19,102,0.21,73,0.15,78,0.16,65,0.14,70,0.15,478,attack,180,228,average,160.22,2,balanced,0.4,lower_mid_tier,0.51,mid_tier,5,6,0,-2.0,frail,attacker,frail-attacker,2.5,90.0,14.4,light,0,0.5,normal,167.0,48,100,50,20,water2,fast,fish,gray,Jettison Pokémon,"When Veluza discards unnecessary flesh, its mind becomes honed and its psychic power increases. The spare flesh has a mild but delicious flavor.",veluza,1,0,0,1.0,0.5,0.5,2.0,2.0,0.5,0.5,1.0,1.0,1.0,0.5,2.0,1.0,2.0,1.0,2.0,0.5,1.0
977,dondozo,dondozo,9,water,,1,"unaware, oblivious",water-veil,150,0.28,100,0.19,115,0.22,65,0.12,65,0.12,35,0.07,530,hp,165,330,slow,1430.56,5,extreme,0.61,upper_mid_tier,0.76,upper_mid_tier,2,4,0,0.0,neutral,tank,neutral-tank,12.0,220.0,1.53,very_light,0,0.5,normal,265.0,46,25,50,40,water2,slow,fish,blue,Big Catfish Pokémon,"This Pokémon is a glutton, but it’s bad at getting food. It teams up with a Tatsugiri to catch prey.",dondozo,1,0,0,1.0,0.5,0.5,2.0,2.0,0.5,1.0,1.0,1.0,1.0,1.0,1.0,1.0,1.0,1.0,1.0,0.5,1.0
978,tatsugiri,tatsugiri-curly,9,dragon,water,2,commander,storm-drain,68,0.14,50,0.11,60,0.13,120,0.25,95,0.2,82,0.17,475,sp_attack,170,223,average,544.81,4,specialized,0.38,lower_mid_tier,0.5,mid_tier,2,3,0,-0.5,exposed,balanced,exposed-balanced,0.3,8.0,88.89,very_heavy,0,0.5,normal,166.0,36,100,50,35,water2,medium-slow,fish,pink,Mimicry Pokémon,This is a small dragon Pokémon. It lives inside the mouth of Dondozo to protect itself from enemies on the outside.,tatsugiri,1,0,0,1.0,0.25,0.25,1.0,1.0,1.0,1.0,1.0,1.0,1.0,1.0,1.0,1.0,1.0,2.0,1.0,0.5,2.0
978,tatsugiri,tatsugiri-droopy,9,dragon,water,2,commander,storm-drain,68,0.14,50,0.11,60,0.13,120,0.25,95,0.2,82,0.17,475,sp_attack,170,223,average,544.81,4,specialized,0.38,lower_mid_tier,0.5,mid_tier,2,3,0,-0.5,exposed,balanced,exposed-balanced,0.3,8.0,88.89,very_heavy,0,0.5,normal,166.0,36,100,50,35,water2,medium-slow,fish,pink,Mimicry Pokémon,This is a small dragon Pokémon. It lives inside the mouth of Dondozo to protect itself from enemies on the outside.,tatsugiri,1,0,0,1.0,0.25,0.25,1.0,1.0,1.0,1.0,1.0,1.0,1.0,1.0,1.0,1.0,1.0,2.0,1.0,0.5,2.0
978,tatsugiri,tatsugiri-stretchy,9,dragon,water,2,commander,storm-drain,68,0.14,50,0.11,60,0.13,120,0.25,95,0.2,82,0.17,475,sp_attack,170,223,average,544.81,4,specialized,0.38,lower_mid_tier,0.5,mid_tier,2,3,0,-0.5,exposed,balanced,exposed-balanced,0.3,8.0,88.89,very_heavy,0,0.5,normal,166.0,36,100,50,35,water2,medium-slow,fish,pink,Mimicry Pokémon,This is a small dragon Pokémon. It lives inside the mouth of Dondozo to protect itself from enemies on the outside.,tatsugiri,1,0,0,1.0,0.25,0.25,1.0,1.0,1.0,1.0,1.0,1.0,1.0,1.0,1.0,1.0,1.0,2.0,1.0,0.5,2.0
978,tatsugiri,tatsugiri-curly-mega,9,dragon,water,2,,,68,0.12,65,0.11,90,0.16,135,0.23,125,0.22,92,0.16,575,sp_attack,200,283,average,693.14,5,specialized,0.81,top_tier,0.85,top_tier,2,3,0,-0.5,exposed,juggernaut,exposed-juggernaut,0.6,24.0,66.67,very_heavy,0,0.5,normal,,0,100,50,35,water2,medium-slow,fish,pink,Mimicry Pokémon,This is a small dragon Pokémon. It lives inside the mouth of Dondozo to protect itself from enemies on the outside.,tatsugiri,1,0,0,1.0,0.25,0.25,1.0,1.0,1.0,1.0,1.0,1.0,1.0,1.0,1.0,1.0,1.0,2.0,1.0,0.5,2.0
978,tatsugiri,tatsugiri-droopy-mega,9,dragon,water,2,,,68,0.12,65,0.11,90,0.16,135,0.23,125,0.22,92,0.16,575,sp_attack,200,283,average,693.14,5,specialized,0.81,top_tier,0.85,top_tier,2,3,0,-0.5,exposed,juggernaut,exposed-juggernaut,0.6,24.0,66.67,very_heavy,0,0.5,normal,,0,100,50,35,water2,medium-slow,fish,pink,Mimicry Pokémon,This is a small dragon Pokémon. It lives inside the mouth of Dondozo to protect itself from enemies on the outside.,tatsugiri,1,0,0,1.0,0.25,0.25,1.0,1.0,1.0,1.0,1.0,1.0,1.0,1.0,1.0,1.0,1.0,2.0,1.0,0.5,2.0
978,tatsugiri,tatsugiri-stretchy-mega,9,dragon,water,2,,,68,0.12,65,0.11,90,0.16,135,0.23,125,0.22,92,0.16,575,sp_attack,200,283,average,693.14,5,specialized,0.81,top_tier,0.85,top_tier,2,3,0,-0.5,exposed,juggernaut,exposed-juggernaut,0.6,24.0,66.67,very_heavy,0,0.5,normal,,0,100,50,35,water2,medium-slow,fish,pink,Mimicry Pokémon,This is a small dragon Pokémon. It lives inside the mouth of Dondozo to protect itself from enemies on the outside.,tatsugiri,1,0,0,1.0,0.25,0.25,1.0,1.0,1.0,1.0,1.0,1.0,1.0,1.0,1.0,1.0,1.0,2.0,1.0,0.5,2.0
979,annihilape,annihilape,9,fighting,ghost,2,"vital-spirit, inner-focus",defiant,110,0.21,115,0.21,80,0.15,50,0.09,90,0.17,90,0.17,535,attack,165,280,average,453.47,4,slightly_specialized,0.63,upper_mid_tier,0.78,upper_mid_tier,4,3,2,0.5,solid,bulky_speedster,solid-bulky_speedster,1.2,56.0,38.89,heavy,0,0.5,normal,268.0,77,45,50,20,ground,medium,humanoid,gray,Rage Monkey Pokémon,"When its anger rose beyond a critical point, this Pokémon gained power that is unfettered by the limits of its physical body.",mankey --> primeape --> annihilape,3,3,1,0.0,1.0,1.0,1.0,1.0,1.0,0.0,0.5,1.0,2.0,2.0,0.25,0.5,2.0,1.0,1.0,1.0,2.0
980,clodsire,clodsire,9,poison,ground,2,"poison-point, water-absorb",unaware,130,0.3,75,0.17,60,0.14,45,0.1,100,0.23,20,0.05,430,hp,120,290,slow,1288.89,5,highly_specialized,0.32,lower_mid_tier,0.41,mid_tier,4,5,1,0.0,neutral,tank,neutral-tank,1.8,223.0,68.83,very_heavy,0,0.5,normal,151.0,58,90,50,20,"water1, ground",medium,quadruped,brown,Spiny Fish Pokémon,"When attacked, this Pokémon will retaliate by sticking thick spines out from its body. It’s a risky move that puts everything on the line.",wooper --> quagsire,2,2,1,1.0,1.0,2.0,0.0,1.0,2.0,0.5,0.25,2.0,1.0,2.0,0.5,0.5,1.0,1.0,1.0,1.0,0.5
981,farigiraf,farigiraf,9,normal,psychic,2,"cud-chew, armor-tail",sap-sipper,120,0.23,90,0.17,70,0.13,110,0.21,70,0.13,60,0.12,520,hp,200,260,average,488.89,4,slightly_specialized,0.56,mid_tier,0.73,upper_mid_tier,2,1,1,0.0,neutral,bulky_attacker,neutral-bulky_attacker,3.2,160.0,15.62,light,0,0.5,normal,260.0,74,45,50,20,ground,medium,quadruped,brown,Long Neck Pokémon,"Now that the brain waves from the head and tail are synced up, the psychic power of this Pokémon is 10 times stronger than Girafarig’s.",girafarig --> farigiraf,2,2,1,1.0,1.0,1.0,1.0,1.0,1.0,1.0,1.0,1.0,1.0,0.5,2.0,1.0,0.0,1.0,2.0,1.0,1.0
982,dudunsparce,dudunsparce-two-segment,9,normal,,1,"serene-grace, run-away",rattled,125,0.24,100,0.19,80,0.15,85,0.16,75,0.14,55,0.11,520,hp,185,280,slow,472.22,4,slightly_specialized,0.56,mid_tier,0.73,upper_mid_tier,1,0,1,0.5,solid,bulky_attacker,solid-bulky_attacker,3.6,39.2,3.02,very_light,0,0.5,normal,182.0,86,45,50,20,ground,medium,squiggle,yellow,Land Snake Pokémon,This Pokémon uses its hard tail to make its nest by boring holes into bedrock deep underground. The nest can reach lengths of over six miles.,dunsparce --> dudunsparce,2,2,1,1.0,1.0,1.0,1.0,1.0,1.0,2.0,1.0,1.0,1.0,1.0,1.0,1.0,0.0,1.0,1.0,1.0,1.0
982,dudunsparce,dudunsparce-three-segment,9,normal,,1,"serene-grace, run-away",rattled,125,0.24,100,0.19,80,0.15,85,0.16,75,0.14,55,0.11,520,hp,185,280,slow,472.22,4,slightly_specialized,0.56,mid_tier,0.73,upper_mid_tier,1,0,1,0.5,solid,bulky_attacker,solid-bulky_attacker,4.5,47.4,2.34,very_light,0,0.5,normal,182.0,86,45,50,20,ground,medium,squiggle,yellow,Land Snake Pokémon,This Pokémon uses its hard tail to make its nest by boring holes into bedrock deep underground. The nest can reach lengths of over six miles.,dunsparce --> dudunsparce,2,2,1,1.0,1.0,1.0,1.0,1.0,1.0,2.0,1.0,1.0,1.0,1.0,1.0,1.0,0.0,1.0,1.0,1.0,1.0
983,kingambit,kingambit,9,dark,steel,2,"defiant, supreme-overlord",pressure,100,0.18,135,0.25,120,0.22,60,0.11,85,0.15,50,0.09,550,attack,195,305,slow,922.22,5,highly_specialized,0.66,upper_mid_tier,0.8,upper_mid_tier,3,9,2,4.5,iron,bulky_attacker,iron-bulky_attacker,2.0,120.0,30.0,average,0,0.5,normal,275.0,58,25,50,20,humanshape,medium,humanoid,black,Big Blade Pokémon,Only a Bisharp that stands above all others in its vast army can evolve into Kingambit.,pawniard --> bisharp --> kingambit,3,3,1,0.5,2.0,1.0,1.0,0.5,0.5,4.0,0.0,2.0,0.5,0.0,1.0,0.5,0.5,0.5,0.5,0.5,1.0
984,great-tusk,great-tusk,9,ground,fighting,2,protosynthesis,,115,0.2,131,0.23,131,0.23,53,0.09,53,0.09,87,0.15,570,attack,184,299,average,1097.33,5,highly_specialized,0.75,upper_mid_tier,0.83,top_tier,6,4,1,-2.5,frail,juggernaut,frail-juggernaut,2.2,320.0,66.12,very_heavy,1,0.0,normal,285.0,58,30,0,50,no-eggs,slow,quadruped,purple,Paradox Pokémon,Sightings of this Pokémon have occurred in recent years. The name Great Tusk was taken from a creature listed in a certain book.,great-tusk,1,0,0,1.0,1.0,2.0,0.0,2.0,2.0,1.0,0.5,1.0,2.0,2.0,0.5,0.25,1.0,1.0,0.5,1.0,2.0
985,scream-tail,scream-tail,9,fairy,psychic,2,protosynthesis,,115,0.2,65,0.11,99,0.17,65,0.11,115,0.2,111,0.19,570,hp,130,329,fast,478.67,4,slightly_specialized,0.75,upper_mid_tier,0.83,top_tier,3,2,1,-0.5,exposed,bulky_speedster,exposed-bulky_speedster,1.2,8.0,5.56,very_light,1,0.0,normal,285.0,80,50,0,50,no-eggs,slow,upright,pink,Paradox Pokémon,There has been only one reported sighting of this Pokémon. It resembles a mysterious creature depicted in an old expedition journal.,scream-tail,1,0,0,1.0,1.0,1.0,1.0,1.0,1.0,0.25,2.0,1.0,1.0,0.5,1.0,1.0,2.0,0.0,1.0,2.0,1.0
986,brute-bonnet,brute-bonnet,9,grass,dark,2,protosynthesis,,111,0.19,127,0.22,99,0.17,79,0.14,99,0.17,55,0.1,570,attack,206,309,slow,528.0,4,specialized,0.75,upper_mid_tier,0.83,top_tier,7,6,1,-2.5,frail,bulky_attacker,frail-bulky_attacker,1.2,21.0,14.58,light,1,0.0,normal,285.0,51,50,0,50,no-eggs,slow,quadruped,gray,Paradox Pokémon,It is possible that the creature listed as Brute Bonnet in a certain book could actually be this Pokémon.,brute-bonnet,1,0,0,1.0,2.0,0.5,0.5,0.5,2.0,2.0,2.0,0.5,2.0,0.0,4.0,1.0,0.5,1.0,0.5,1.0,2.0
987,flutter-mane,flutter-mane,9,ghost,fairy,2,protosynthesis,,55,0.1,55,0.1,55,0.1,135,0.24,135,0.24,135,0.24,570,sp_attack,190,245,fast,1600.0,5,extreme,0.75,upper_mid_tier,0.83,top_tier,2,1,3,3.0,iron,sweeper,iron-sweeper,1.4,4.0,2.04,very_light,1,0.0,normal,285.0,49,30,0,50,no-eggs,slow,wings,gray,Paradox Pokémon,"This Pokémon has characteristics similar to those of Flutter Mane, a creature mentioned in a certain book.",flutter-mane,1,0,0,0.0,1.0,1.0,1.0,1.0,1.0,0.0,1.0,1.0,1.0,1.0,0.25,1.0,2.0,0.0,1.0,2.0,1.0
988,slither-wing,slither-wing,9,bug,fighting,2,protosynthesis,,85,0.15,135,0.24,79,0.14,85,0.15,105,0.18,81,0.14,570,attack,220,269,average,392.0,3,slightly_specialized,0.75,upper_mid_tier,0.83,top_tier,4,5,0,-1.5,exposed,bulky_attacker,exposed-bulky_attacker,3.2,92.0,8.98,very_light,1,0.0,normal,285.0,57,30,0,50,no-eggs,slow,quadruped,red,Paradox Pokémon,This mysterious Pokémon has some similarities to a creature that an old book introduced as Slither Wing.,slither-wing,1,0,0,1.0,2.0,1.0,1.0,0.5,1.0,0.5,1.0,0.5,4.0,2.0,0.5,1.0,1.0,1.0,0.5,1.0,2.0
989,sandy-shocks,sandy-shocks,9,electric,ground,2,protosynthesis,,85,0.15,81,0.14,97,0.17,121,0.21,85,0.15,101,0.18,570,sp_attack,202,267,fast,185.33,2,balanced,0.75,upper_mid_tier,0.83,top_tier,4,4,1,-0.5,exposed,juggernaut,exposed-juggernaut,2.3,60.0,11.34,very_light,1,0.0,normal,285.0,54,30,0,50,no-eggs,slow,quadruped,gray,Paradox Pokémon,"No records exist of this Pokémon being caught. Data is lacking, but the Pokémon’s traits match up with a creature shown in an expedition journal.",sandy-shocks,1,0,0,1.0,1.0,2.0,0.0,2.0,2.0,1.0,0.5,2.0,0.5,1.0,1.0,0.5,1.0,1.0,1.0,0.5,1.0
990,iron-treads,iron-treads,9,ground,steel,2,quark-drive,,90,0.16,112,0.2,120,0.21,72,0.13,70,0.12,106,0.19,570,defense,184,280,fast,369.0,3,slightly_specialized,0.75,upper_mid_tier,0.83,top_tier,4,8,2,3.0,iron,juggernaut,iron-juggernaut,0.9,240.0,296.3,very_heavy,1,0.0,normal,285.0,51,30,0,50,no-eggs,slow,quadruped,gray,Paradox Pokémon,This Pokémon closely resembles a scientific weapon that a paranormal magazine claimed was sent to this planet by aliens.,iron-treads,1,0,0,0.5,2.0,2.0,0.0,1.0,1.0,2.0,0.0,2.0,0.5,0.5,0.5,0.25,1.0,0.5,1.0,0.5,0.5
991,iron-bundle,iron-bundle,9,ice,water,2,quark-drive,,56,0.1,80,0.14,114,0.2,124,0.22,60,0.11,136,0.24,570,speed,204,230,fast,975.67,5,highly_specialized,0.75,upper_mid_tier,0.83,top_tier,4,2,0,-3.0,frail,sweeper,frail-sweeper,0.6,11.0,30.56,average,1,0.0,normal,285.0,41,50,0,50,no-eggs,slow,upright,red,Paradox Pokémon,Its shape is similar to a robot featured in a paranormal magazine article. The robot was said to have been created by an ancient civilization.,iron-bundle,1,0,0,1.0,1.0,0.5,2.0,2.0,0.25,2.0,1.0,1.0,1.0,1.0,1.0,2.0,1.0,1.0,1.0,1.0,1.0
992,iron-hands,iron-hands,9,fighting,electric,2,quark-drive,,154,0.27,140,0.25,108,0.19,50,0.09,68,0.12,50,0.09,570,hp,190,330,slow,1742.33,5,extreme,0.75,upper_mid_tier,0.83,top_tier,3,5,0,-0.5,exposed,bulky_attacker,exposed-bulky_attacker,1.8,380.7,117.5,very_heavy,1,0.0,normal,285.0,56,50,0,50,no-eggs,slow,humanoid,gray,Paradox Pokémon,It is very similar to a cyborg covered exclusively by a paranormal magazine. The cyborg was said to be the modified form of a certain athlete.,iron-hands,1,0,0,1.0,1.0,1.0,0.5,1.0,1.0,1.0,1.0,2.0,1.0,2.0,0.5,0.5,1.0,1.0,0.5,0.5,2.0
993,iron-jugulis,iron-jugulis,9,dark,flying,2,quark-drive,,94,0.16,80,0.14,86,0.15,122,0.21,80,0.14,108,0.19,570,sp_attack,202,260,fast,238.33,2,slightly_specialized,0.75,upper_mid_tier,0.83,top_tier,4,3,2,0.5,solid,juggernaut,solid-juggernaut,1.3,111.0,65.68,very_heavy,1,0.0,normal,285.0,56,30,0,50,no-eggs,slow,upright,blue,Paradox Pokémon,"It resembles a certain Pokémon introduced in a paranormal magazine, described as the offspring of a Hydreigon that fell in love with a robot.",iron-jugulis,1,0,0,1.0,1.0,1.0,2.0,0.5,2.0,1.0,1.0,0.0,1.0,0.0,1.0,2.0,0.5,1.0,0.5,1.0,2.0
994,iron-moth,iron-moth,9,fire,poison,2,quark-drive,,80,0.14,70,0.12,60,0.11,140,0.25,110,0.19,110,0.19,570,sp_attack,210,250,fast,758.33,5,specialized,0.75,upper_mid_tier,0.83,top_tier,4,8,0,0.0,neutral,sweeper,neutral-sweeper,1.2,36.0,25.0,average,1,0.0,normal,285.0,52,30,0,50,no-eggs,slow,bug-wings,yellow,Paradox Pokémon,This Pokémon resembles an unknown object described in a paranormal magazine as a UFO sent to observe humanity.,iron-moth,1,0,0,1.0,0.5,2.0,1.0,0.25,0.5,0.5,0.5,4.0,1.0,2.0,0.25,2.0,1.0,1.0,1.0,0.5,0.25
995,iron-thorns,iron-thorns,9,rock,electric,2,quark-drive,,100,0.18,134,0.24,110,0.19,70,0.12,84,0.15,72,0.13,570,attack,204,294,average,507.67,4,specialized,0.75,upper_mid_tier,0.83,top_tier,4,5,0,-1.5,exposed,bulky_attacker,exposed-bulky_attacker,1.6,303.0,118.36,very_heavy,1,0.0,normal,285.0,75,30,0,50,no-eggs,slow,upright,green,Paradox Pokémon,It has some similarities to a Pokémon introduced in a dubious magazine as a Tyranitar from one billion years into the future.,iron-thorns,1,0,0,0.5,0.5,2.0,0.5,2.0,1.0,2.0,0.5,4.0,0.25,1.0,1.0,1.0,1.0,1.0,1.0,1.0,1.0
996,frigibax,frigibax,9,dragon,ice,2,thermal-exchange,ice-body,65,0.2,75,0.23,45,0.14,35,0.11,45,0.14,55,0.17,320,attack,110,155,slow,180.56,2,balanced,0.19,bottom_tier,0.2,bottom_tier,5,3,0,-3.5,frail,weak_slow,frail-weak_slow,0.5,17.0,68.0,very_heavy,0,0.5,normal,64.0,35,45,50,40,"dragon, mineral",slow,upright,gray,Ice Fin Pokémon,"Frigibax absorbs heat through its dorsal fin and converts the heat into ice energy. The higher the temperature, the more energy Frigibax stores.",frigibax --> arctibax --> baxcalibur,3,1,0,1.0,1.0,0.5,0.5,0.5,1.0,2.0,1.0,1.0,1.0,1.0,1.0,2.0,1.0,2.0,1.0,2.0,2.0
997,arctibax,arctibax,9,dragon,ice,2,thermal-exchange,ice-body,90,0.21,95,0.22,66,0.16,45,0.11,65,0.15,62,0.15,423,attack,140,221,average,292.25,3,slightly_specialized,0.3,lower_mid_tier,0.39,lower_mid_tier,5,3,0,-3.5,frail,balanced,frail-balanced,0.8,30.0,46.87,very_heavy,0,0.5,normal,148.0,36,25,50,40,"dragon, mineral",slow,upright,gray,Ice Fin Pokémon,"Arctibax freezes the air around it, protecting its face with an ice mask and turning its dorsal fin into a blade of ice.",frigibax --> arctibax --> baxcalibur,3,2,0,1.0,1.0,0.5,0.5,0.5,1.0,2.0,1.0,1.0,1.0,1.0,1.0,2.0,1.0,2.0,1.0,2.0,2.0
998,baxcalibur,baxcalibur,9,dragon,ice,2,thermal-exchange,ice-body,115,0.19,145,0.24,92,0.15,75,0.12,86,0.14,87,0.14,600,attack,220,293,average,550.67,4,specialized,0.9,top_tier,0.9,top_tier,5,3,0,-3.5,frail,juggernaut,frail-juggernaut,2.1,210.0,47.62,very_heavy,0,0.5,normal,300.0,53,10,50,40,"dragon, mineral",slow,upright,gray,Ice Dragon Pokémon,This Pokémon blasts cryogenic air out from its mouth. This air can instantly freeze even liquid-hot lava.,frigibax --> arctibax --> baxcalibur,3,3,1,1.0,1.0,0.5,0.5,0.5,1.0,2.0,1.0,1.0,1.0,1.0,1.0,2.0,1.0,2.0,1.0,2.0,2.0
998,baxcalibur,baxcalibur-mega,9,dragon,ice,2,,,115,0.16,175,0.25,117,0.17,105,0.15,101,0.14,87,0.12,700,attack,280,333,average,777.89,5,specialized,1.0,top_tier,0.98,top_tier,5,3,0,-3.5,frail,juggernaut,frail-juggernaut,2.1,315.0,71.43,very_heavy,0,0.5,normal,,0,10,50,40,"dragon, mineral",slow,upright,gray,Ice Dragon Pokémon,This Pokémon blasts cryogenic air out from its mouth. This air can instantly freeze even liquid-hot lava.,frigibax --> arctibax --> baxcalibur,3,3,1,1.0,1.0,0.5,0.5,0.5,1.0,2.0,1.0,1.0,1.0,1.0,1.0,2.0,1.0,2.0,1.0,2.0,2.0
999,gimmighoul,gimmighoul-chest,9,ghost,,1,rattled,,45,0.15,30,0.1,70,0.23,75,0.25,70,0.23,10,0.03,300,sp_attack,105,185,slow,575.0,4,specialized,0.12,bottom_tier,0.13,bottom_tier,2,2,2,2.0,iron,weak_slow,iron-weak_slow,0.3,5.0,55.56,very_heavy,1,0.0,normal,60.0,18,45,50,50,no-eggs,slow,blob,brown,Coin Chest Pokémon,"This Pokémon was born inside a treasure chest about 1,500 years ago. It sucks the life-force out of scoundrels who try to steal the treasure.",gimmighoul --> gholdengo,2,1,0,0.0,1.0,1.0,1.0,1.0,1.0,0.0,0.5,1.0,1.0,1.0,0.5,1.0,2.0,1.0,2.0,1.0,1.0
999,gimmighoul,gimmighoul-roaming,9,ghost,,1,run-away,,45,0.15,30,0.1,25,0.08,75,0.25,45,0.15,80,0.27,300,speed,105,115,average,433.33,4,slightly_specialized,0.12,bottom_tier,0.13,bottom_tier,2,2,2,2.0,iron,fragile,iron-fragile,0.1,1.0,100.0,very_heavy,1,0.0,normal,60.0,18,45,50,50,no-eggs,slow,blob,brown,Coin Chest Pokémon,"This Pokémon was born inside a treasure chest about 1,500 years ago. It sucks the life-force out of scoundrels who try to steal the treasure.",gimmighoul --> gholdengo,2,1,0,0.0,1.0,1.0,1.0,1.0,1.0,0.0,0.5,1.0,1.0,1.0,0.5,1.0,2.0,1.0,2.0,1.0,1.0
1000,gholdengo,gholdengo,9,steel,ghost,2,good-as-gold,,87,0.16,60,0.11,95,0.17,133,0.24,91,0.17,84,0.15,550,sp_attack,193,273,average,467.22,4,slightly_specialized,0.66,upper_mid_tier,0.8,upper_mid_tier,4,9,3,5.0,iron,bulky_attacker,iron-bulky_attacker,1.2,30.0,20.83,light,1,0.0,normal,275.0,45,45,50,50,no-eggs,slow,humanoid,yellow,Coin Entity Pokémon,"Its body seems to be made up of 1,000 coins. This Pokémon gets along well with others and is quick to make friends with anybody.",gimmighoul --> gholdengo,2,2,1,0.0,2.0,1.0,1.0,0.5,0.5,0.0,0.0,2.0,0.5,0.5,0.25,0.5,2.0,0.5,2.0,0.5,0.5
1001,wo-chien,wo-chien,9,dark,grass,2,tablets-of-ruin,,85,0.15,85,0.15,100,0.18,95,0.17,135,0.24,70,0.12,570,sp_defense,180,320,average,408.33,3,slightly_specialized,0.75,upper_mid_tier,0.83,top_tier,7,6,1,-2.5,frail,bulky_attacker,frail-bulky_attacker,1.5,74.2,32.98,heavy,1,0.0,legendary,285.0,52,6,0,50,no-eggs,slow,squiggle,brown,Ruinous Pokémon,The grudge of a person punished for writing the king’s evil deeds upon wooden tablets has clad itself in dead leaves to become a Pokémon.,wo-chien,1,0,0,1.0,2.0,0.5,0.5,0.5,2.0,2.0,2.0,0.5,2.0,0.0,4.0,1.0,0.5,1.0,0.5,1.0,2.0
1002,chien-pao,chien-pao,9,dark,ice,2,sword-of-ruin,,80,0.14,120,0.21,80,0.14,90,0.16,65,0.11,135,0.24,570,speed,210,225,fast,600.0,4,specialized,0.75,upper_mid_tier,0.83,top_tier,6,3,1,-3.0,frail,sweeper,frail-sweeper,1.9,152.2,42.16,heavy,1,0.0,legendary,285.0,45,6,0,50,no-eggs,slow,quadruped,white,Ruinous Pokémon,This Pokémon can control 100 tons of fallen snow. It plays around innocently by leaping in and out of avalanches it has caused.,chien-pao,1,0,0,1.0,2.0,1.0,1.0,1.0,0.5,4.0,1.0,1.0,1.0,0.0,2.0,2.0,0.5,1.0,0.5,2.0,2.0
1003,ting-lu,ting-lu,9,dark,ground,2,vessel-of-ruin,,155,0.27,110,0.19,125,0.22,55,0.1,80,0.14,45,0.08,570,hp,165,360,slow,1508.33,5,extreme,0.75,upper_mid_tier,0.83,top_tier,6,4,2,-1.0,exposed,tank,exposed-tank,2.7,699.7,95.98,very_heavy,1,0.0,legendary,285.0,46,6,0,50,no-eggs,slow,quadruped,brown,Ruinous Pokémon,The fear poured into an ancient ritual vessel has clad itself in rocks and dirt to become a Pokémon.,ting-lu,1,0,0,1.0,1.0,2.0,0.0,2.0,2.0,2.0,0.5,1.0,1.0,0.0,2.0,0.5,0.5,1.0,0.5,1.0,2.0
1004,chi-yu,chi-yu,9,dark,fire,2,beads-of-ruin,,55,0.1,80,0.14,80,0.14,135,0.24,120,0.21,100,0.18,570,sp_attack,215,255,fast,716.67,5,specialized,0.75,upper_mid_tier,0.83,top_tier,4,6,1,0.5,solid,sweeper,solid-sweeper,0.4,4.9,30.62,average,1,0.0,legendary,285.0,46,6,0,50,no-eggs,slow,fish,red,Ruinous Pokémon,"It controls flames burning at over 5,400 degrees Fahrenheit. It casually swims through the sea of lava it creates by melting rock and sand.",chi-yu,1,0,0,1.0,0.5,2.0,1.0,0.5,0.5,2.0,1.0,2.0,1.0,0.0,1.0,2.0,0.5,1.0,0.5,0.5,1.0
1005,roaring-moon,roaring-moon,9,dragon,dark,2,protosynthesis,,105,0.18,139,0.24,71,0.12,55,0.09,101,0.17,119,0.2,590,attack,194,277,fast,792.89,5,specialized,0.86,top_tier,0.88,top_tier,5,6,1,-0.5,exposed,juggernaut,exposed-juggernaut,2.0,380.0,95.0,very_heavy,1,0.0,normal,295.0,68,10,0,50,no-eggs,slow,quadruped,green,Paradox Pokémon,It is possible that this is the creature listed as Roaring Moon in an expedition journal that still holds many mysteries.,roaring-moon,1,0,0,1.0,0.5,0.5,0.5,0.5,2.0,2.0,1.0,1.0,1.0,0.0,2.0,1.0,0.5,2.0,0.5,1.0,4.0
1006,iron-valiant,iron-valiant,9,fairy,fighting,2,quark-drive,,74,0.13,130,0.22,90,0.15,120,0.2,60,0.1,116,0.2,590,attack,250,224,fast,652.56,4,specialized,0.86,top_tier,0.88,top_tier,5,4,1,-1.5,exposed,sweeper,exposed-sweeper,1.4,35.0,17.86,light,1,0.0,normal,295.0,80,10,0,50,no-eggs,slow,humanoid,white,Paradox Pokémon,It has some similarities to a mad scientist’s invention covered in a paranormal magazine.,iron-valiant,1,0,0,1.0,1.0,1.0,1.0,1.0,1.0,0.5,2.0,1.0,2.0,2.0,0.25,0.5,1.0,0.0,0.25,2.0,2.0
1007,koraidon,koraidon-apex-build,9,fighting,dragon,2,orichalcum-pulse,,100,0.15,135,0.2,115,0.17,85,0.13,100,0.15,135,0.2,670,attack,220,315,fast,347.22,3,slightly_specialized,0.96,top_tier,0.95,top_tier,5,7,0,-1.5,exposed,juggernaut,exposed-juggernaut,2.5,303.0,48.48,very_heavy,1,0.0,legendary,335.0,72,3,0,50,no-eggs,slow,upright,red,Paradox Pokémon,This seems to be the Winged King mentioned in an old expedition journal. It was said to have split the land with its bare fists.,koraidon,1,0,0,1.0,0.5,0.5,0.5,0.5,2.0,1.0,1.0,1.0,2.0,2.0,0.5,0.5,1.0,2.0,0.5,1.0,4.0
1007,koraidon,koraidon-limited-build,9,fighting,dragon,2,orichalcum-pulse,,100,0.15,135,0.2,115,0.17,85,0.13,100,0.15,135,0.2,670,attack,220,315,fast,347.22,3,slightly_specialized,0.96,top_tier,0.95,top_tier,5,7,0,-1.5,exposed,juggernaut,exposed-juggernaut,3.5,303.0,24.73,average,1,0.0,legendary,335.0,68,3,0,50,no-eggs,slow,upright,red,Paradox Pokémon,This seems to be the Winged King mentioned in an old expedition journal. It was said to have split the land with its bare fists.,koraidon,1,0,0,1.0,0.5,0.5,0.5,0.5,2.0,1.0,1.0,1.0,2.0,2.0,0.5,0.5,1.0,2.0,0.5,1.0,4.0
1007,koraidon,koraidon-sprinting-build,9,fighting,dragon,2,orichalcum-pulse,,100,0.15,135,0.2,115,0.17,85,0.13,100,0.15,135,0.2,670,attack,220,315,fast,347.22,3,slightly_specialized,0.96,top_tier,0.95,top_tier,5,7,0,-1.5,exposed,juggernaut,exposed-juggernaut,3.5,303.0,24.73,average,1,0.0,legendary,335.0,68,3,0,50,no-eggs,slow,upright,red,Paradox Pokémon,This seems to be the Winged King mentioned in an old expedition journal. It was said to have split the land with its bare fists.,koraidon,1,0,0,1.0,0.5,0.5,0.5,0.5,2.0,1.0,1.0,1.0,2.0,2.0,0.5,0.5,1.0,2.0,0.5,1.0,4.0
1007,koraidon,koraidon-swimming-build,9,fighting,dragon,2,orichalcum-pulse,,100,0.15,135,0.2,115,0.17,85,0.13,100,0.15,135,0.2,670,attack,220,315,fast,347.22,3,slightly_specialized,0.96,top_tier,0.95,top_tier,5,7,0,-1.5,exposed,juggernaut,exposed-juggernaut,3.5,303.0,24.73,average,1,0.0,legendary,335.0,68,3,0,50,no-eggs,slow,upright,red,Paradox Pokémon,This seems to be the Winged King mentioned in an old expedition journal. It was said to have split the land with its bare fists.,koraidon,1,0,0,1.0,0.5,0.5,0.5,0.5,2.0,1.0,1.0,1.0,2.0,2.0,0.5,0.5,1.0,2.0,0.5,1.0,4.0
1007,koraidon,koraidon-gliding-build,9,fighting,dragon,2,orichalcum-pulse,,100,0.15,135,0.2,115,0.17,85,0.13,100,0.15,135,0.2,670,attack,220,315,fast,347.22,3,slightly_specialized,0.96,top_tier,0.95,top_tier,5,7,0,-1.5,exposed,juggernaut,exposed-juggernaut,3.5,303.0,24.73,average,1,0.0,legendary,335.0,68,3,0,50,no-eggs,slow,upright,red,Paradox Pokémon,This seems to be the Winged King mentioned in an old expedition journal. It was said to have split the land with its bare fists.,koraidon,1,0,0,1.0,0.5,0.5,0.5,0.5,2.0,1.0,1.0,1.0,2.0,2.0,0.5,0.5,1.0,2.0,0.5,1.0,4.0
1008,miraidon,miraidon-ultimate-mode,9,electric,dragon,2,hadron-engine,,100,0.15,85,0.13,100,0.15,135,0.2,115,0.17,135,0.2,670,sp_attack,220,315,fast,347.22,3,slightly_specialized,0.96,top_tier,0.95,top_tier,4,6,0,-1.0,exposed,juggernaut,exposed-juggernaut,3.5,240.0,19.59,light,1,0.0,legendary,335.0,56,3,0,50,no-eggs,slow,quadruped,blue,Paradox Pokémon,"Much remains unknown about this creature. It resembles Cyclizar, but it is far more ruthless and powerful.",miraidon,1,0,0,1.0,0.5,0.5,0.25,0.5,2.0,1.0,1.0,2.0,0.5,1.0,1.0,1.0,1.0,2.0,1.0,0.5,2.0
1008,miraidon,miraidon-low-power-mode,9,electric,dragon,2,hadron-engine,,100,0.15,85,0.13,100,0.15,135,0.2,115,0.17,135,0.2,670,sp_attack,220,315,fast,347.22,3,slightly_specialized,0.96,top_tier,0.95,top_tier,4,6,0,-1.0,exposed,juggernaut,exposed-juggernaut,2.8,240.0,30.61,average,1,0.0,legendary,335.0,54,3,0,50,no-eggs,slow,quadruped,blue,Paradox Pokémon,"Much remains unknown about this creature. It resembles Cyclizar, but it is far more ruthless and powerful.",miraidon,1,0,0,1.0,0.5,0.5,0.25,0.5,2.0,1.0,1.0,2.0,0.5,1.0,1.0,1.0,1.0,2.0,1.0,0.5,2.0
1008,miraidon,miraidon-drive-mode,9,electric,dragon,2,hadron-engine,,100,0.15,85,0.13,100,0.15,135,0.2,115,0.17,135,0.2,670,sp_attack,220,315,fast,347.22,3,slightly_specialized,0.96,top_tier,0.95,top_tier,4,6,0,-1.0,exposed,juggernaut,exposed-juggernaut,2.8,240.0,30.61,average,1,0.0,legendary,335.0,54,3,0,50,no-eggs,slow,quadruped,blue,Paradox Pokémon,"Much remains unknown about this creature. It resembles Cyclizar, but it is far more ruthless and powerful.",miraidon,1,0,0,1.0,0.5,0.5,0.25,0.5,2.0,1.0,1.0,2.0,0.5,1.0,1.0,1.0,1.0,2.0,1.0,0.5,2.0
1008,miraidon,miraidon-aquatic-mode,9,electric,dragon,2,hadron-engine,,100,0.15,85,0.13,100,0.15,135,0.2,115,0.17,135,0.2,670,sp_attack,220,315,fast,347.22,3,slightly_specialized,0.96,top_tier,0.95,top_tier,4,6,0,-1.0,exposed,juggernaut,exposed-juggernaut,2.8,240.0,30.61,average,1,0.0,legendary,335.0,54,3,0,50,no-eggs,slow,quadruped,blue,Paradox Pokémon,"Much remains unknown about this creature. It resembles Cyclizar, but it is far more ruthless and powerful.",miraidon,1,0,0,1.0,0.5,0.5,0.25,0.5,2.0,1.0,1.0,2.0,0.5,1.0,1.0,1.0,1.0,2.0,1.0,0.5,2.0
1008,miraidon,miraidon-glide-mode,9,electric,dragon,2,hadron-engine,,100,0.15,85,0.13,100,0.15,135,0.2,115,0.17,135,0.2,670,sp_attack,220,315,fast,347.22,3,slightly_specialized,0.96,top_tier,0.95,top_tier,4,6,0,-1.0,exposed,juggernaut,exposed-juggernaut,2.8,240.0,30.61,average,1,0.0,legendary,335.0,54,3,0,50,no-eggs,slow,quadruped,blue,Paradox Pokémon,"Much remains unknown about this creature. It resembles Cyclizar, but it is far more ruthless and powerful.",miraidon,1,0,0,1.0,0.5,0.5,0.25,0.5,2.0,1.0,1.0,2.0,0.5,1.0,1.0,1.0,1.0,2.0,1.0,0.5,2.0
1009,walking-wake,walking-wake,9,water,dragon,2,protosynthesis,,99,0.17,83,0.14,91,0.15,125,0.21,83,0.14,109,0.18,590,sp_attack,208,273,fast,224.89,2,slightly_specialized,0.86,top_tier,0.88,top_tier,2,3,0,-0.5,exposed,juggernaut,exposed-juggernaut,3.5,280.0,22.86,average,1,0.0,normal,295.0,52,5,0,50,no-eggs,slow,upright,blue,Paradox Pokémon,This ferocious creature is shrouded in mystery. It's named after an aquatic monster mentioned in an old expedition journal.,walking-wake,1,0,0,1.0,0.25,0.25,1.0,1.0,1.0,1.0,1.0,1.0,1.0,1.0,1.0,1.0,1.0,2.0,1.0,0.5,2.0
1010,iron-leaves,iron-leaves,9,grass,psychic,2,quark-drive,,90,0.15,130,0.22,88,0.15,70,0.12,108,0.18,104,0.18,590,attack,200,286,fast,351.22,3,slightly_specialized,0.86,top_tier,0.88,top_tier,7,6,0,-4.0,frail,juggernaut,frail-juggernaut,1.5,125.0,55.56,very_heavy,1,0.0,normal,295.0,57,5,0,50,no-eggs,slow,quadruped,green,Paradox Pokémon,Many of its physical characteristics match those of a Virizion from the future that was covered in a paranormal magazine.,iron-leaves,1,0,0,1.0,2.0,0.5,0.5,0.5,2.0,0.5,2.0,0.5,2.0,0.5,4.0,1.0,2.0,1.0,2.0,1.0,1.0
1011,dipplin,dipplin,9,grass,dragon,2,"supersweet-syrup, gluttony",sticky-hold,80,0.16,80,0.16,110,0.23,95,0.2,80,0.16,40,0.08,485,defense,175,270,slow,453.47,4,slightly_specialized,0.43,mid_tier,0.55,mid_tier,6,4,0,-4.0,frail,tank,frail-tank,0.4,9.7,60.62,very_heavy,1,0.0,normal,170.0,44,45,50,20,"plant, dragon",slow,heads,green,Candy Apple Pokémon,Dipplin is two creatures in one Pokémon. Its evolution was triggered by a special apple grown only in one place.,applin --> flapple,3,2,0,1.0,1.0,0.25,0.25,0.25,4.0,1.0,2.0,0.5,2.0,1.0,2.0,1.0,1.0,2.0,1.0,1.0,2.0
1012,poltchageist,poltchageist-counterfeit,9,grass,ghost,2,hospitality,heatproof,40,0.13,45,0.15,45,0.15,74,0.24,54,0.18,50,0.16,308,sp_attack,119,139,slow,121.89,1,balanced,0.15,bottom_tier,0.16,bottom_tier,5,4,2,0.0,neutral,weak_slow,neutral-weak_slow,0.1,1.1,110.0,very_heavy,1,0.0,normal,62.0,38,120,50,50,"mineral, indeterminate",slow,ball,green,Matcha Pokémon,"Supposedly, the regrets of a tea ceremony master who died before perfecting his craft lingered in some matcha and became a Pokémon.",poltchageist --> sinistcha,2,1,0,0.0,2.0,0.5,0.5,0.5,2.0,0.0,1.0,0.5,2.0,1.0,1.0,1.0,2.0,1.0,2.0,1.0,1.0
1012,poltchageist,poltchageist-artisan,9,grass,ghost,2,hospitality,heatproof,40,0.13,45,0.15,45,0.15,74,0.24,54,0.18,50,0.16,308,sp_attack,119,139,slow,121.89,1,balanced,0.15,bottom_tier,0.16,bottom_tier,5,4,2,0.0,neutral,weak_slow,neutral-weak_slow,0.1,1.1,110.0,very_heavy,1,0.0,normal,62.0,38,120,50,50,"mineral, indeterminate",slow,ball,green,Matcha Pokémon,"Supposedly, the regrets of a tea ceremony master who died before perfecting his craft lingered in some matcha and became a Pokémon.",poltchageist --> sinistcha,2,1,0,0.0,2.0,0.5,0.5,0.5,2.0,0.0,1.0,0.5,2.0,1.0,1.0,1.0,2.0,1.0,2.0,1.0,1.0
1013,sinistcha,sinistcha-unremarkable,9,grass,ghost,2,hospitality,heatproof,71,0.14,60,0.12,106,0.21,121,0.24,80,0.16,70,0.14,508,sp_attack,181,257,average,467.89,4,slightly_specialized,0.53,mid_tier,0.69,upper_mid_tier,5,4,2,0.0,neutral,attacker,neutral-attacker,0.2,2.2,55.0,very_heavy,1,0.0,normal,178.0,41,60,50,50,"mineral, indeterminate",slow,ball,green,Matcha Pokémon,"It pretends to be tea, trying to fool people into drinking it so it can drain their life-force. Its ruse is generally unsuccessful.",poltchageist --> sinistcha,2,2,1,0.0,2.0,0.5,0.5,0.5,2.0,0.0,1.0,0.5,2.0,1.0,1.0,1.0,2.0,1.0,2.0,1.0,1.0
1013,sinistcha,sinistcha-masterpiece,9,grass,ghost,2,hospitality,heatproof,71,0.14,60,0.12,106,0.21,121,0.24,80,0.16,70,0.14,508,sp_attack,181,257,average,467.89,4,slightly_specialized,0.53,mid_tier,0.69,upper_mid_tier,5,4,2,0.0,neutral,attacker,neutral-attacker,0.2,2.2,55.0,very_heavy,1,0.0,normal,178.0,41,60,50,50,"mineral, indeterminate",slow,ball,green,Matcha Pokémon,"It pretends to be tea, trying to fool people into drinking it so it can drain their life-force. Its ruse is generally unsuccessful.",poltchageist --> sinistcha,2,2,1,0.0,2.0,0.5,0.5,0.5,2.0,0.0,1.0,0.5,2.0,1.0,1.0,1.0,2.0,1.0,2.0,1.0,1.0
1014,okidogi,okidogi,9,poison,fighting,2,toxic-chain,guard-dog,88,0.16,128,0.23,115,0.21,58,0.1,86,0.15,80,0.14,555,attack,186,289,average,529.25,4,specialized,0.69,upper_mid_tier,0.81,top_tier,3,6,0,0.0,neutral,bulky_attacker,neutral-bulky_attacker,1.8,92.2,28.46,average,1,0.0,legendary,278.0,65,3,0,50,no-eggs,slow,upright,black,Retainer Pokémon,"After all its muscles were stimulated by the toxic chain around its neck, Okidogi transformed and gained a powerful physique.",okidogi,1,0,0,1.0,1.0,1.0,1.0,0.5,1.0,0.5,0.5,2.0,2.0,4.0,0.25,0.5,1.0,1.0,0.5,1.0,1.0
1015,munkidori,munkidori,9,poison,psychic,2,toxic-chain,frisk,88,0.16,75,0.14,66,0.12,130,0.23,90,0.16,106,0.19,555,sp_attack,205,244,fast,437.25,4,slightly_specialized,0.69,upper_mid_tier,0.81,top_tier,3,4,0,-1.0,exposed,sweeper,exposed-sweeper,1.0,12.2,12.2,very_light,1,0.0,legendary,278.0,56,3,0,50,no-eggs,slow,humanoid,black,Retainer Pokémon,The chain is made from toxins that enhance capabilities. It stimulated Munkidori's brain and caused the Pokémon's psychic powers to bloom.,munkidori,1,0,0,1.0,1.0,1.0,1.0,0.5,1.0,0.25,0.5,2.0,1.0,1.0,1.0,1.0,2.0,1.0,2.0,1.0,0.5
1016,fezandipiti,fezandipiti,9,poison,fairy,2,toxic-chain,technician,88,0.16,91,0.16,82,0.15,70,0.13,125,0.23,99,0.18,555,sp_defense,161,295,average,289.58,3,slightly_specialized,0.69,upper_mid_tier,0.81,top_tier,3,5,1,1.0,solid,bulky_speedster,solid-bulky_speedster,1.4,30.1,15.36,light,1,0.0,legendary,278.0,63,3,0,50,no-eggs,slow,wings,black,Retainer Pokémon,Fezandipiti owes its beautiful looks and lovely voice to the toxic stimulants emanating from the chain wrapped around its body.,fezandipiti,1,0,0,1.0,1.0,1.0,1.0,0.5,1.0,0.25,1.0,2.0,1.0,2.0,0.25,1.0,1.0,0.0,0.5,2.0,0.5
1017,ogerpon,ogerpon,9,grass,,1,defiant,,80,0.15,120,0.22,84,0.15,60,0.11,96,0.17,110,0.2,550,attack,180,260,fast,392.56,3,slightly_specialized,0.66,upper_mid_tier,0.8,upper_mid_tier,5,4,0,-3.0,frail,juggernaut,frail-juggernaut,1.2,39.8,27.64,average,1,0.0,legendary,275.0,62,5,50,50,no-eggs,slow,humanoid,green,Mask Pokémon,This Pokémon's type changes based on which mask it's wearing. It confounds its enemies with nimble movements and kicks.,ogerpon,1,0,0,1.0,2.0,0.5,0.5,0.5,2.0,1.0,2.0,0.5,2.0,1.0,2.0,1.0,1.0,1.0,1.0,1.0,1.0
1017,ogerpon,ogerpon-wellspring-mask,9,grass,water,2,water-absorb,,80,0.15,120,0.22,84,0.15,60,0.11,96,0.17,110,0.2,550,attack,180,260,fast,392.56,3,slightly_specialized,0.66,upper_mid_tier,0.8,upper_mid_tier,3,3,0,-1.5,exposed,juggernaut,exposed-juggernaut,1.2,39.8,27.64,average,1,0.0,legendary,275.0,62,5,50,50,no-eggs,slow,humanoid,green,Mask Pokémon,This Pokémon's type changes based on which mask it's wearing. It confounds its enemies with nimble movements and kicks.,ogerpon,1,0,0,1.0,1.0,0.25,1.0,1.0,1.0,1.0,2.0,0.5,2.0,1.0,2.0,1.0,1.0,1.0,1.0,0.5,1.0
1017,ogerpon,ogerpon-hearthflame-mask,9,grass,fire,2,mold-breaker,,80,0.15,120,0.22,84,0.15,60,0.11,96,0.17,110,0.2,550,attack,180,260,fast,392.56,3,slightly_specialized,0.66,upper_mid_tier,0.8,upper_mid_tier,3,4,0,-1.0,exposed,juggernaut,exposed-juggernaut,1.2,39.8,27.64,average,1,0.0,legendary,275.0,62,5,50,50,no-eggs,slow,humanoid,green,Mask Pokémon,This Pokémon's type changes based on which mask it's wearing. It confounds its enemies with nimble movements and kicks.,ogerpon,1,0,0,1.0,1.0,1.0,0.5,0.25,1.0,1.0,2.0,1.0,2.0,1.0,1.0,2.0,1.0,1.0,1.0,0.5,0.5
1017,ogerpon,ogerpon-cornerstone-mask,9,grass,rock,2,sturdy,,80,0.15,120,0.22,84,0.15,60,0.11,96,0.17,110,0.2,550,attack,180,260,fast,392.56,3,slightly_specialized,0.66,upper_mid_tier,0.8,upper_mid_tier,4,2,0,-3.0,frail,juggernaut,frail-juggernaut,1.2,39.8,27.64,average,1,0.0,legendary,275.0,62,5,50,50,no-eggs,slow,humanoid,green,Mask Pokémon,This Pokémon's type changes based on which mask it's wearing. It confounds its enemies with nimble movements and kicks.,ogerpon,1,0,0,0.5,1.0,1.0,0.5,1.0,2.0,2.0,1.0,1.0,1.0,1.0,2.0,1.0,1.0,1.0,1.0,2.0,1.0
1018,archaludon,archaludon,9,steel,dragon,2,"stamina, sturdy",stalwart,90,0.15,105,0.18,130,0.22,125,0.21,65,0.11,85,0.14,600,defense,230,285,average,516.67,4,specialized,0.9,top_tier,0.9,top_tier,2,9,1,4.0,iron,juggernaut,iron-juggernaut,2.0,60.0,15.0,light,0,0.5,normal,300.0,59,10,50,30,"mineral, dragon",medium,upright,white,Alloy Pokémon,It gathers static electricity from its surroundings. The beams it launches when down on all fours are tremendously powerful.,duraludon --> archaludon,2,2,1,0.5,1.0,0.5,0.5,0.25,1.0,2.0,0.0,2.0,0.5,0.5,0.5,0.5,1.0,1.0,1.0,0.5,1.0
1019,hydrapple,hydrapple,9,grass,dragon,2,"supersweet-syrup, regenerator",sticky-hold,106,0.2,80,0.15,110,0.2,120,0.22,80,0.15,44,0.08,540,sp_attack,200,296,slow,645.33,4,specialized,0.64,upper_mid_tier,0.79,upper_mid_tier,6,4,0,-4.0,frail,bulky_attacker,frail-bulky_attacker,1.8,93.0,28.7,average,0,0.5,normal,270.0,59,10,50,20,"plant, dragon",slow-then-very-fast,heads,green,Apple Hydra Pokémon,Seven syrpents live inside an apple made of syrup. The syrpent in the center is the commander.,applin --> flapple,3,3,1,1.0,1.0,0.25,0.25,0.25,4.0,1.0,2.0,0.5,2.0,1.0,2.0,1.0,1.0,2.0,1.0,1.0,2.0
1020,gouging-fire,gouging-fire,9,fire,dragon,2,protosynthesis,,105,0.18,115,0.19,121,0.21,65,0.11,93,0.16,91,0.15,590,defense,180,319,average,338.22,3,slightly_specialized,0.86,top_tier,0.88,top_tier,3,5,0,-0.5,exposed,juggernaut,exposed-juggernaut,3.5,590.0,48.16,very_heavy,1,0.0,normal,295.0,61,10,0,50,no-eggs,slow,quadruped,brown,Paradox Pokémon,There are scant few reports of this creature being sighted. One short video shows it rampaging and spouting pillars of flame.,gouging-fire,1,0,0,1.0,0.25,1.0,0.5,0.25,1.0,1.0,1.0,2.0,1.0,1.0,0.5,2.0,1.0,2.0,1.0,0.5,1.0
1021,raging-bolt,raging-bolt,9,electric,dragon,2,protosynthesis,,125,0.21,73,0.12,91,0.15,137,0.23,89,0.15,75,0.13,590,sp_attack,210,305,average,588.89,4,specialized,0.86,top_tier,0.88,top_tier,4,6,0,-1.0,exposed,bulky_attacker,exposed-bulky_attacker,5.2,480.0,17.75,light,1,0.0,normal,295.0,55,10,0,50,no-eggs,slow,quadruped,yellow,Paradox Pokémon,It's said to incinerate everything around it with lightning launched from its fur. Very little is known about this creature.,raging-bolt,1,0,0,1.0,0.5,0.5,0.25,0.5,2.0,1.0,1.0,2.0,0.5,1.0,1.0,1.0,1.0,2.0,1.0,0.5,2.0
1022,iron-boulder,iron-boulder,9,rock,psychic,2,quark-drive,,90,0.15,120,0.2,80,0.14,68,0.12,108,0.18,124,0.21,590,speed,188,278,fast,424.56,3,slightly_specialized,0.86,top_tier,0.88,top_tier,7,5,0,-4.5,frail,juggernaut,frail-juggernaut,1.5,162.5,72.22,very_heavy,1,0.0,normal,295.0,49,10,0,50,no-eggs,slow,quadruped,gray,Paradox Pokémon,It resembles a Pokémon described in a dubious magazine as a Terrakion that had been modified by an evil organization.,iron-boulder,1,0,0,0.5,0.5,2.0,1.0,2.0,1.0,1.0,0.5,2.0,0.5,0.5,2.0,1.0,2.0,1.0,2.0,2.0,1.0
1023,iron-crown,iron-crown,9,steel,psychic,2,quark-drive,,90,0.15,72,0.12,100,0.17,122,0.21,108,0.18,98,0.17,590,sp_attack,194,298,average,236.56,2,slightly_specialized,0.86,top_tier,0.88,top_tier,4,9,1,2.0,iron,juggernaut,iron-juggernaut,1.6,156.0,60.94,very_heavy,1,0.0,normal,295.0,49,10,0,50,no-eggs,slow,quadruped,blue,Paradox Pokémon,It resembles a mysterious object introduced in a paranormal magazine as a cutting-edge weapon shaped like a Cobalion.,iron-crown,1,0,0,0.5,2.0,1.0,1.0,0.5,0.5,1.0,0.0,2.0,0.5,0.25,1.0,0.5,2.0,0.5,2.0,0.5,0.5
1024,terapagos,terapagos,9,normal,,1,tera-shift,,90,0.2,65,0.14,85,0.19,65,0.14,85,0.19,60,0.13,450,hp,130,260,average,141.67,2,balanced,0.33,lower_mid_tier,0.43,mid_tier,1,0,1,0.5,solid,support,solid-support,0.2,6.5,162.5,very_heavy,1,0.0,legendary,90.0,59,255,50,5,no-eggs,slow,quadruped,blue,Tera Pokémon,Terapagos protects itself using its power to transform energy into hard crystals. This Pokémon is the source of the Terastal phenomenon.,terapagos,1,0,0,1.0,1.0,1.0,1.0,1.0,1.0,2.0,1.0,1.0,1.0,1.0,1.0,1.0,0.0,1.0,1.0,1.0,1.0
1024,terapagos,terapagos-terastal,9,normal,,1,tera-shell,,95,0.16,95,0.16,110,0.18,105,0.18,110,0.18,85,0.14,600,defense,200,315,average,83.33,1,balanced,0.9,top_tier,0.9,top_tier,1,0,1,0.5,solid,juggernaut,solid-juggernaut,0.3,16.0,177.78,very_heavy,1,0.0,legendary,90.0,59,255,50,5,no-eggs,slow,quadruped,blue,Tera Pokémon,Terapagos protects itself using its power to transform energy into hard crystals. This Pokémon is the source of the Terastal phenomenon.,terapagos,1,0,0,1.0,1.0,1.0,1.0,1.0,1.0,2.0,1.0,1.0,1.0,1.0,1.0,1.0,0.0,1.0,1.0,1.0,1.0
1024,terapagos,terapagos-stellar,9,normal,,1,teraform-zero,,160,0.23,105,0.15,110,0.16,130,0.19,110,0.16,85,0.12,700,hp,235,380,average,547.22,4,specialized,1.0,top_tier,0.98,top_tier,1,0,1,0.5,solid,juggernaut,solid-juggernaut,1.7,77.0,26.64,average,1,0.0,legendary,90.0,59,255,50,5,no-eggs,slow,quadruped,blue,Tera Pokémon,Terapagos protects itself using its power to transform energy into hard crystals. This Pokémon is the source of the Terastal phenomenon.,terapagos,1,0,0,1.0,1.0,1.0,1.0,1.0,1.0,2.0,1.0,1.0,1.0,1.0,1.0,1.0,0.0,1.0,1.0,1.0,1.0
1025,pecharunt,pecharunt,9,poison,ghost,2,poison-puppeteer,,88,0.15,88,0.15,160,0.27,88,0.15,88,0.15,88,0.15,600,defense,176,336,average,720.0,5,specialized,0.9,top_tier,0.9,top_tier,4,4,2,1.0,solid,bulky_speedster,solid-bulky_speedster,0.3,0.3,3.33,very_light,1,0.0,mythical,300.0,35,3,0,20,no-eggs,slow,ball,purple,Subjugation Pokémon,"It feeds others toxic mochi that draw out desires and capabilities. Those who eat the mochi fall under Pecharunt’s control, chained to its will.",pecharunt,1,0,0,0.0,1.0,1.0,1.0,0.5,1.0,0.0,0.25,2.0,1.0,2.0,0.25,1.0,2.0,1.0,2.0,1.0,0.5
